0,1,2,3,4,5,6,7,8,9,10
111 1 el Main distri50-60kVcabl,"Energy Transport Electricity Main distribution, electricity cables",Energy/technical data,Construction time [years],years,,E,,Lower,2020,1
111 1 el Main distri50-60kVcabl,"Energy Transport Electricity Main distribution, electricity cables",Energy/technical data,Construction time [years],years,,E,,Lower,2050,1
111 1 el Main distri50-60kVcabl,"Energy Transport Electricity Main distribution, electricity cables",Energy/technical data,Construction time [years],years,,E,,Upper,2020,5
111 1 el Main distri50-60kVcabl,"Energy Transport Electricity Main distribution, electricity cables",Energy/technical data,Construction time [years],years,,E,,Upper,2050,5
111 1 el Main distri50-60kVcabl,"Energy Transport Electricity Main distribution, electricity cables",Energy/technical data,Construction time [years],years,,E,,ctrl,2015,1.5
111 1 el Main distri50-60kVcabl,"Energy Transport Electricity Main distribution, electricity cables",Energy/technical data,Construction time [years],years,,E,,ctrl,2020,1.5
111 1 el Main distri50-60kVcabl,"Energy Transport Electricity Main distribution, electricity cables",Energy/technical data,Construction time [years],years,,E,,ctrl,2030,1.5
111 1 el Main distri50-60kVcabl,"Energy Transport Electricity Main distribution, electricity cables",Energy/technical data,Construction time [years],years,,E,,ctrl,2050,1.5
111 1 el Main distri50-60kVcabl,"Energy Transport Electricity Main distribution, electricity cables",Energy/technical data,"Energy losses, lines 1-20 MW [%]",pct.,,"[A, B]","[1, 2, 3, 4]",Lower,2020,0.3
111 1 el Main distri50-60kVcabl,"Energy Transport Electricity Main distribution, electricity cables",Energy/technical data,"Energy losses, lines 1-20 MW [%]",pct.,,"[A, B]","[1, 2, 3, 4]",Lower,2050,0.15
111 1 el Main distri50-60kVcabl,"Energy Transport Electricity Main distribution, electricity cables",Energy/technical data,"Energy losses, lines 1-20 MW [%]",pct.,,"[A, B]","[1, 2, 3, 4]",Upper,2020,0.5
111 1 el Main distri50-60kVcabl,"Energy Transport Electricity Main distribution, electricity cables",Energy/technical data,"Energy losses, lines 1-20 MW [%]",pct.,,"[A, B]","[1, 2, 3, 4]",Upper,2050,0.5
111 1 el Main distri50-60kVcabl,"Energy Transport Electricity Main distribution, electricity cables",Energy/technical data,"Energy losses, lines 1-20 MW [%]",pct.,,"[A, B]","[1, 2, 3, 4]",ctrl,2015,0.3
111 1 el Main distri50-60kVcabl,"Energy Transport Electricity Main distribution, electricity cables",Energy/technical data,"Energy losses, lines 1-20 MW [%]",pct.,,"[A, B]","[1, 2, 3, 4]",ctrl,2020,0.3
111 1 el Main distri50-60kVcabl,"Energy Transport Electricity Main distribution, electricity cables",Energy/technical data,"Energy losses, lines 1-20 MW [%]",pct.,,"[A, B]","[1, 2, 3, 4]",ctrl,2030,0.3
111 1 el Main distri50-60kVcabl,"Energy Transport Electricity Main distribution, electricity cables",Energy/technical data,"Energy losses, lines 1-20 MW [%]",pct.,,"[A, B]","[1, 2, 3, 4]",ctrl,2050,0.3
111 1 el Main distri50-60kVcabl,"Energy Transport Electricity Main distribution, electricity cables",Energy/technical data,"Energy losses, lines 20-100 MW [%]",pct.,,"[A, B]","[1, 2, 3, 4]",Lower,2020,0.3
111 1 el Main distri50-60kVcabl,"Energy Transport Electricity Main distribution, electricity cables",Energy/technical data,"Energy losses, lines 20-100 MW [%]",pct.,,"[A, B]","[1, 2, 3, 4]",Lower,2050,0.15
111 1 el Main distri50-60kVcabl,"Energy Transport Electricity Main distribution, electricity cables",Energy/technical data,"Energy losses, lines 20-100 MW [%]",pct.,,"[A, B]","[1, 2, 3, 4]",Upper,2020,0.5
111 1 el Main distri50-60kVcabl,"Energy Transport Electricity Main distribution, electricity cables",Energy/technical data,"Energy losses, lines 20-100 MW [%]",pct.,,"[A, B]","[1, 2, 3, 4]",Upper,2050,0.5
111 1 el Main distri50-60kVcabl,"Energy Transport Electricity Main distribution, electricity cables",Energy/technical data,"Energy losses, lines 20-100 MW [%]",pct.,,"[A, B]","[1, 2, 3, 4]",ctrl,2015,0.3
111 1 el Main distri50-60kVcabl,"Energy Transport Electricity Main distribution, electricity cables",Energy/technical data,"Energy losses, lines 20-100 MW [%]",pct.,,"[A, B]","[1, 2, 3, 4]",ctrl,2020,0.3
111 1 el Main distri50-60kVcabl,"Energy Transport Electricity Main distribution, electricity cables",Energy/technical data,"Energy losses, lines 20-100 MW [%]",pct.,,"[A, B]","[1, 2, 3, 4]",ctrl,2030,0.3
111 1 el Main distri50-60kVcabl,"Energy Transport Electricity Main distribution, electricity cables",Energy/technical data,"Energy losses, lines 20-100 MW [%]",pct.,,"[A, B]","[1, 2, 3, 4]",ctrl,2050,0.3
111 1 el Main distri50-60kVcabl,"Energy Transport Electricity Main distribution, electricity cables",Energy/technical data,"Energy losses, lines above 100 MW [%]",pct.,,"[A, B]","[1, 2, 3, 4]",Lower,2020,0.6
111 1 el Main distri50-60kVcabl,"Energy Transport Electricity Main distribution, electricity cables",Energy/technical data,"Energy losses, lines above 100 MW [%]",pct.,,"[A, B]","[1, 2, 3, 4]",Lower,2050,0.15
111 1 el Main distri50-60kVcabl,"Energy Transport Electricity Main distribution, electricity cables",Energy/technical data,"Energy losses, lines above 100 MW [%]",pct.,,"[A, B]","[1, 2, 3, 4]",Upper,2020,0.5
111 1 el Main distri50-60kVcabl,"Energy Transport Electricity Main distribution, electricity cables",Energy/technical data,"Energy losses, lines above 100 MW [%]",pct.,,"[A, B]","[1, 2, 3, 4]",Upper,2050,0.5
111 1 el Main distri50-60kVcabl,"Energy Transport Electricity Main distribution, electricity cables",Energy/technical data,"Energy losses, lines above 100 MW [%]",pct.,,"[A, B]","[1, 2, 3, 4]",ctrl,2015,0.3
111 1 el Main distri50-60kVcabl,"Energy Transport Electricity Main distribution, electricity cables",Energy/technical data,"Energy losses, lines above 100 MW [%]",pct.,,"[A, B]","[1, 2, 3, 4]",ctrl,2020,0.3
111 1 el Main distri50-60kVcabl,"Energy Transport Electricity Main distribution, electricity cables",Energy/technical data,"Energy losses, lines above 100 MW [%]",pct.,,"[A, B]","[1, 2, 3, 4]",ctrl,2030,0.3
111 1 el Main distri50-60kVcabl,"Energy Transport Electricity Main distribution, electricity cables",Energy/technical data,"Energy losses, lines above 100 MW [%]",pct.,,"[A, B]","[1, 2, 3, 4]",ctrl,2050,0.3
111 1 el Main distri50-60kVcabl,"Energy Transport Electricity Main distribution, electricity cables",Energy/technical data,"Energy losses, stations type 1 [%]",pct.,,"[A, B]","[1, 2, 3, 4]",Lower,2020,0.2
111 1 el Main distri50-60kVcabl,"Energy Transport Electricity Main distribution, electricity cables",Energy/technical data,"Energy losses, stations type 1 [%]",pct.,,"[A, B]","[1, 2, 3, 4]",Lower,2050,0.1
111 1 el Main distri50-60kVcabl,"Energy Transport Electricity Main distribution, electricity cables",Energy/technical data,"Energy losses, stations type 1 [%]",pct.,,"[A, B]","[1, 2, 3, 4]",Upper,2020,0.25
111 1 el Main distri50-60kVcabl,"Energy Transport Electricity Main distribution, electricity cables",Energy/technical data,"Energy losses, stations type 1 [%]",pct.,,"[A, B]","[1, 2, 3, 4]",Upper,2050,0.25
111 1 el Main distri50-60kVcabl,"Energy Transport Electricity Main distribution, electricity cables",Energy/technical data,"Energy losses, stations type 1 [%]",pct.,,"[A, B]","[1, 2, 3, 4]",ctrl,2015,0.2
111 1 el Main distri50-60kVcabl,"Energy Transport Electricity Main distribution, electricity cables",Energy/technical data,"Energy losses, stations type 1 [%]",pct.,,"[A, B]","[1, 2, 3, 4]",ctrl,2020,0.2
111 1 el Main distri50-60kVcabl,"Energy Transport Electricity Main distribution, electricity cables",Energy/technical data,"Energy losses, stations type 1 [%]",pct.,,"[A, B]","[1, 2, 3, 4]",ctrl,2030,0.2
111 1 el Main distri50-60kVcabl,"Energy Transport Electricity Main distribution, electricity cables",Energy/technical data,"Energy losses, stations type 1 [%]",pct.,,"[A, B]","[1, 2, 3, 4]",ctrl,2050,0.2
111 1 el Main distri50-60kVcabl,"Energy Transport Electricity Main distribution, electricity cables",Energy/technical data,Technical life time [years],years,,C,5,Lower,2020,35
111 1 el Main distri50-60kVcabl,"Energy Transport Electricity Main distribution, electricity cables",Energy/technical data,Technical life time [years],years,,C,5,Lower,2050,40
111 1 el Main distri50-60kVcabl,"Energy Transport Electricity Main distribution, electricity cables",Energy/technical data,Technical life time [years],years,,C,5,Upper,2020,40
111 1 el Main distri50-60kVcabl,"Energy Transport Electricity Main distribution, electricity cables",Energy/technical data,Technical life time [years],years,,C,5,Upper,2050,50
111 1 el Main distri50-60kVcabl,"Energy Transport Electricity Main distribution, electricity cables",Energy/technical data,Technical life time [years],years,,C,5,ctrl,2015,40
111 1 el Main distri50-60kVcabl,"Energy Transport Electricity Main distribution, electricity cables",Energy/technical data,Technical life time [years],years,,C,5,ctrl,2020,40
111 1 el Main distri50-60kVcabl,"Energy Transport Electricity Main distribution, electricity cables",Energy/technical data,Technical life time [years],years,,C,5,ctrl,2030,40
111 1 el Main distri50-60kVcabl,"Energy Transport Electricity Main distribution, electricity cables",Energy/technical data,Technical life time [years],years,,C,5,ctrl,2050,40
111 1 el Main distri50-60kVcabl,"Energy Transport Electricity Main distribution, electricity cables",Energy/technical data,Typical load profile [-],-,,D,,Lower,2020,0.45
111 1 el Main distri50-60kVcabl,"Energy Transport Electricity Main distribution, electricity cables",Energy/technical data,Typical load profile [-],-,,D,,Lower,2050,0.423
111 1 el Main distri50-60kVcabl,"Energy Transport Electricity Main distribution, electricity cables",Energy/technical data,Typical load profile [-],-,,D,,Upper,2020,0.45
111 1 el Main distri50-60kVcabl,"Energy Transport Electricity Main distribution, electricity cables",Energy/technical data,Typical load profile [-],-,,D,,Upper,2050,0.54
111 1 el Main distri50-60kVcabl,"Energy Transport Electricity Main distribution, electricity cables",Energy/technical data,Typical load profile [-],-,,D,,ctrl,2015,0.45
111 1 el Main distri50-60kVcabl,"Energy Transport Electricity Main distribution, electricity cables",Energy/technical data,Typical load profile [-],-,,D,,ctrl,2020,0.45
111 1 el Main distri50-60kVcabl,"Energy Transport Electricity Main distribution, electricity cables",Energy/technical data,Typical load profile [-],-,,D,,ctrl,2030,0.45
111 1 el Main distri50-60kVcabl,"Energy Transport Electricity Main distribution, electricity cables",Energy/technical data,Typical load profile [-],-,,D,,ctrl,2050,0.45
111 1 el Main distri50-60kVcabl,"Energy Transport Electricity Main distribution, electricity cables",Financial data,Fixed O&M [€/MW/km/year],EUR/MW/km/year,2020,Q,9,Lower,2020,26.09518036256327
111 1 el Main distri50-60kVcabl,"Energy Transport Electricity Main distribution, electricity cables",Financial data,Fixed O&M [€/MW/km/year],EUR/MW/km/year,2020,Q,9,Lower,2050,25.16420870794846
111 1 el Main distri50-60kVcabl,"Energy Transport Electricity Main distribution, electricity cables",Financial data,Fixed O&M [€/MW/km/year],EUR/MW/km/year,2020,Q,9,Upper,2020,26.57350342419885
111 1 el Main distri50-60kVcabl,"Energy Transport Electricity Main distribution, electricity cables",Financial data,Fixed O&M [€/MW/km/year],EUR/MW/km/year,2020,Q,9,Upper,2050,26.57350342419885
111 1 el Main distri50-60kVcabl,"Energy Transport Electricity Main distribution, electricity cables",Financial data,Fixed O&M [€/MW/km/year],EUR/MW/km/year,2020,Q,9,ctrl,2015,24.98982997624625
111 1 el Main distri50-60kVcabl,"Energy Transport Electricity Main distribution, electricity cables",Financial data,Fixed O&M [€/MW/km/year],EUR/MW/km/year,2020,Q,9,ctrl,2020,26.20147437626007
111 1 el Main distri50-60kVcabl,"Energy Transport Electricity Main distribution, electricity cables",Financial data,Fixed O&M [€/MW/km/year],EUR/MW/km/year,2020,Q,9,ctrl,2030,27.47186596076775
111 1 el Main distri50-60kVcabl,"Energy Transport Electricity Main distribution, electricity cables",Financial data,Fixed O&M [€/MW/km/year],EUR/MW/km/year,2020,Q,9,ctrl,2050,28.80385311638002
111 1 el Main distri50-60kVcabl,"Energy Transport Electricity Main distribution, electricity cables",Financial data,"Investment costs; single line, 0-50 MW  [€/MW/m]",EUR/MW/m,2020,"[F, G]","[6, 7]",Lower,2020,6.106112301888222
111 1 el Main distri50-60kVcabl,"Energy Transport Electricity Main distribution, electricity cables",Financial data,"Investment costs; single line, 0-50 MW  [€/MW/m]",EUR/MW/m,2020,"[F, G]","[6, 7]",Lower,2050,5.843765911384904
111 1 el Main distri50-60kVcabl,"Energy Transport Electricity Main distribution, electricity cables",Financial data,"Investment costs; single line, 0-50 MW  [€/MW/m]",EUR/MW/m,2020,"[F, G]","[6, 7]",Upper,2020,6.784569224320246
111 1 el Main distri50-60kVcabl,"Energy Transport Electricity Main distribution, electricity cables",Financial data,"Investment costs; single line, 0-50 MW  [€/MW/m]",EUR/MW/m,2020,"[F, G]","[6, 7]",Upper,2050,7.214525816524572
111 1 el Main distri50-60kVcabl,"Energy Transport Electricity Main distribution, electricity cables",Financial data,"Investment costs; single line, 0-50 MW  [€/MW/m]",EUR/MW/m,2020,"[F, G]","[6, 7]",ctrl,2015,6.380236308000001
111 1 el Main distri50-60kVcabl,"Energy Transport Electricity Main distribution, electricity cables",Financial data,"Investment costs; single line, 0-50 MW  [€/MW/m]",EUR/MW/m,2020,"[F, G]","[6, 7]",ctrl,2020,6.380236308000001
111 1 el Main distri50-60kVcabl,"Energy Transport Electricity Main distribution, electricity cables",Financial data,"Investment costs; single line, 0-50 MW  [€/MW/m]",EUR/MW/m,2020,"[F, G]","[6, 7]",ctrl,2030,6.380236308000001
111 1 el Main distri50-60kVcabl,"Energy Transport Electricity Main distribution, electricity cables",Financial data,"Investment costs; single line, 0-50 MW  [€/MW/m]",EUR/MW/m,2020,"[F, G]","[6, 7]",ctrl,2050,6.380236308000001
111 1 el Main distri50-60kVcabl,"Energy Transport Electricity Main distribution, electricity cables",Financial data,"Investment costs; single line, 100-250 MW [€/MW/m]",EUR/MW/m,2020,"[I, G]","[6, 7]",Lower,2020,3.154824689308915
111 1 el Main distri50-60kVcabl,"Energy Transport Electricity Main distribution, electricity cables",Financial data,"Investment costs; single line, 100-250 MW [€/MW/m]",EUR/MW/m,2020,"[I, G]","[6, 7]",Lower,2050,3.019279054215534
111 1 el Main distri50-60kVcabl,"Energy Transport Electricity Main distribution, electricity cables",Financial data,"Investment costs; single line, 100-250 MW [€/MW/m]",EUR/MW/m,2020,"[I, G]","[6, 7]",Upper,2020,3.505360765898794
111 1 el Main distri50-60kVcabl,"Energy Transport Electricity Main distribution, electricity cables",Financial data,"Investment costs; single line, 100-250 MW [€/MW/m]",EUR/MW/m,2020,"[I, G]","[6, 7]",Upper,2050,3.727505005204363
111 1 el Main distri50-60kVcabl,"Energy Transport Electricity Main distribution, electricity cables",Financial data,"Investment costs; single line, 100-250 MW [€/MW/m]",EUR/MW/m,2020,"[I, G]","[6, 7]",ctrl,2015,3.296455425800001
111 1 el Main distri50-60kVcabl,"Energy Transport Electricity Main distribution, electricity cables",Financial data,"Investment costs; single line, 100-250 MW [€/MW/m]",EUR/MW/m,2020,"[I, G]","[6, 7]",ctrl,2020,3.296455425800001
111 1 el Main distri50-60kVcabl,"Energy Transport Electricity Main distribution, electricity cables",Financial data,"Investment costs; single line, 100-250 MW [€/MW/m]",EUR/MW/m,2020,"[I, G]","[6, 7]",ctrl,2030,3.296455425800001
111 1 el Main distri50-60kVcabl,"Energy Transport Electricity Main distribution, electricity cables",Financial data,"Investment costs; single line, 100-250 MW [€/MW/m]",EUR/MW/m,2020,"[I, G]","[6, 7]",ctrl,2050,3.296455425800001
111 1 el Main distri50-60kVcabl,"Energy Transport Electricity Main distribution, electricity cables",Financial data,"Investment costs; single line, 50-100 MW [€/MW/m]",EUR/MW/m,2020,"[H, G]","[6, 7]",Lower,2020,3.968972996227344
111 1 el Main distri50-60kVcabl,"Energy Transport Electricity Main distribution, electricity cables",Financial data,"Investment costs; single line, 50-100 MW [€/MW/m]",EUR/MW/m,2020,"[H, G]","[6, 7]",Lower,2050,3.798447842400188
111 1 el Main distri50-60kVcabl,"Energy Transport Electricity Main distribution, electricity cables",Financial data,"Investment costs; single line, 50-100 MW [€/MW/m]",EUR/MW/m,2020,"[H, G]","[6, 7]",Upper,2020,4.40996999580816
111 1 el Main distri50-60kVcabl,"Energy Transport Electricity Main distribution, electricity cables",Financial data,"Investment costs; single line, 50-100 MW [€/MW/m]",EUR/MW/m,2020,"[H, G]","[6, 7]",Upper,2050,4.689441780740972
111 1 el Main distri50-60kVcabl,"Energy Transport Electricity Main distribution, electricity cables",Financial data,"Investment costs; single line, 50-100 MW [€/MW/m]",EUR/MW/m,2020,"[H, G]","[6, 7]",ctrl,2015,4.1471536002
111 1 el Main distri50-60kVcabl,"Energy Transport Electricity Main distribution, electricity cables",Financial data,"Investment costs; single line, 50-100 MW [€/MW/m]",EUR/MW/m,2020,"[H, G]","[6, 7]",ctrl,2020,4.1471536002
111 1 el Main distri50-60kVcabl,"Energy Transport Electricity Main distribution, electricity cables",Financial data,"Investment costs; single line, 50-100 MW [€/MW/m]",EUR/MW/m,2020,"[H, G]","[6, 7]",ctrl,2030,4.1471536002
111 1 el Main distri50-60kVcabl,"Energy Transport Electricity Main distribution, electricity cables",Financial data,"Investment costs; single line, 50-100 MW [€/MW/m]",EUR/MW/m,2020,"[H, G]","[6, 7]",ctrl,2050,4.1471536002
111 1 el Main distri50-60kVcabl,"Energy Transport Electricity Main distribution, electricity cables",Financial data,Investment costs; type 1 station [€/MW],EUR/MW,2020,"[L, O]",8,Lower,2020,81984.73450668585
111 1 el Main distri50-60kVcabl,"Energy Transport Electricity Main distribution, electricity cables",Financial data,Investment costs; type 1 station [€/MW],EUR/MW,2020,"[L, O]",8,Lower,2050,83170.03478840631
111 1 el Main distri50-60kVcabl,"Energy Transport Electricity Main distribution, electricity cables",Financial data,Investment costs; type 1 station [€/MW],EUR/MW,2020,"[L, O]",8,Upper,2020,85937.87684138978
111 1 el Main distri50-60kVcabl,"Energy Transport Electricity Main distribution, electricity cables",Financial data,Investment costs; type 1 station [€/MW],EUR/MW,2020,"[L, O]",8,Upper,2050,91383.99367597791
111 1 el Main distri50-60kVcabl,"Energy Transport Electricity Main distribution, electricity cables",Financial data,Investment costs; type 1 station [€/MW],EUR/MW,2020,"[L, O]",8,ctrl,2015,80816.326568
111 1 el Main distri50-60kVcabl,"Energy Transport Electricity Main distribution, electricity cables",Financial data,Investment costs; type 1 station [€/MW],EUR/MW,2020,"[L, O]",8,ctrl,2020,80816.326568
111 1 el Main distri50-60kVcabl,"Energy Transport Electricity Main distribution, electricity cables",Financial data,Investment costs; type 1 station [€/MW],EUR/MW,2020,"[L, O]",8,ctrl,2030,80816.326568
111 1 el Main distri50-60kVcabl,"Energy Transport Electricity Main distribution, electricity cables",Financial data,Investment costs; type 1 station [€/MW],EUR/MW,2020,"[L, O]",8,ctrl,2050,80816.326568
111 1 el Main distri50-60kVcabl,"Energy Transport Electricity Main distribution, electricity cables",Financial data,Investment costs; type 2 station [€/MW],EUR/MW,2020,"[M, O]",,Lower,2020,4828.46936384113
111 1 el Main distri50-60kVcabl,"Energy Transport Electricity Main distribution, electricity cables",Financial data,Investment costs; type 2 station [€/MW],EUR/MW,2020,"[M, O]",,Lower,2050,4898.277312011929
111 1 el Main distri50-60kVcabl,"Energy Transport Electricity Main distribution, electricity cables",Financial data,Investment costs; type 2 station [€/MW],EUR/MW,2020,"[M, O]",,Upper,2020,5061.288641342903
111 1 el Main distri50-60kVcabl,"Energy Transport Electricity Main distribution, electricity cables",Financial data,Investment costs; type 2 station [€/MW],EUR/MW,2020,"[M, O]",,Upper,2050,5382.036259127331
111 1 el Main distri50-60kVcabl,"Energy Transport Electricity Main distribution, electricity cables",Financial data,Investment costs; type 2 station [€/MW],EUR/MW,2020,"[M, O]",,ctrl,2015,4759.656285768
111 1 el Main distri50-60kVcabl,"Energy Transport Electricity Main distribution, electricity cables",Financial data,Investment costs; type 2 station [€/MW],EUR/MW,2020,"[M, O]",,ctrl,2020,4759.656285768
111 1 el Main distri50-60kVcabl,"Energy Transport Electricity Main distribution, electricity cables",Financial data,Investment costs; type 2 station [€/MW],EUR/MW,2020,"[M, O]",,ctrl,2030,4759.656285768
111 1 el Main distri50-60kVcabl,"Energy Transport Electricity Main distribution, electricity cables",Financial data,Investment costs; type 2 station [€/MW],EUR/MW,2020,"[M, O]",,ctrl,2050,4759.656285768
111 1 el Main distri50-60kVcabl,"Energy Transport Electricity Main distribution, electricity cables",Financial data,"Investments, percentage installation",,,P,6,Lower,2020,0.3737042156185211
111 1 el Main distri50-60kVcabl,"Energy Transport Electricity Main distribution, electricity cables",Financial data,"Investments, percentage installation",,,P,6,Lower,2050,0.3296114594460242
111 1 el Main distri50-60kVcabl,"Energy Transport Electricity Main distribution, electricity cables",Financial data,"Investments, percentage installation",,,P,6,Upper,2020,0.42
111 1 el Main distri50-60kVcabl,"Energy Transport Electricity Main distribution, electricity cables",Financial data,"Investments, percentage installation",,,P,6,Upper,2050,0.42
111 1 el Main distri50-60kVcabl,"Energy Transport Electricity Main distribution, electricity cables",Financial data,"Investments, percentage installation",,,P,6,ctrl,2015,0.42
111 1 el Main distri50-60kVcabl,"Energy Transport Electricity Main distribution, electricity cables",Financial data,"Investments, percentage installation",,,P,6,ctrl,2020,0.42
111 1 el Main distri50-60kVcabl,"Energy Transport Electricity Main distribution, electricity cables",Financial data,"Investments, percentage installation",,,P,6,ctrl,2030,0.42
111 1 el Main distri50-60kVcabl,"Energy Transport Electricity Main distribution, electricity cables",Financial data,"Investments, percentage installation",,,P,6,ctrl,2050,0.42
111 1 el Main distri50-60kVcabl,"Energy Transport Electricity Main distribution, electricity cables",Financial data,"Investments, percentage materials",,,P,6,Lower,2020,0.58
111 1 el Main distri50-60kVcabl,"Energy Transport Electricity Main distribution, electricity cables",Financial data,"Investments, percentage materials",,,P,6,Lower,2050,0.58
111 1 el Main distri50-60kVcabl,"Energy Transport Electricity Main distribution, electricity cables",Financial data,"Investments, percentage materials",,,P,6,Upper,2020,0.6262957843814789
111 1 el Main distri50-60kVcabl,"Energy Transport Electricity Main distribution, electricity cables",Financial data,"Investments, percentage materials",,,P,6,Upper,2050,0.6703885405539758
111 1 el Main distri50-60kVcabl,"Energy Transport Electricity Main distribution, electricity cables",Financial data,"Investments, percentage materials",,,P,6,ctrl,2015,0.58
111 1 el Main distri50-60kVcabl,"Energy Transport Electricity Main distribution, electricity cables",Financial data,"Investments, percentage materials",,,P,6,ctrl,2020,0.58
111 1 el Main distri50-60kVcabl,"Energy Transport Electricity Main distribution, electricity cables",Financial data,"Investments, percentage materials",,,P,6,ctrl,2030,0.58
111 1 el Main distri50-60kVcabl,"Energy Transport Electricity Main distribution, electricity cables",Financial data,"Investments, percentage materials",,,P,6,ctrl,2050,0.58
111 1 el Main distri50-60kVcabl,"Energy Transport Electricity Main distribution, electricity cables",Financial data,Reinforcement costs [€/MW],EUR/MW,2020,"[K, O]",6,Lower,2020,17044.19480533732
111 1 el Main distri50-60kVcabl,"Energy Transport Electricity Main distribution, electricity cables",Financial data,Reinforcement costs [€/MW],EUR/MW,2020,"[K, O]",6,Lower,2050,17290.61249548447
111 1 el Main distri50-60kVcabl,"Energy Transport Electricity Main distribution, electricity cables",Financial data,Reinforcement costs [€/MW],EUR/MW,2020,"[K, O]",6,Upper,2020,17866.03229070998
111 1 el Main distri50-60kVcabl,"Energy Transport Electricity Main distribution, electricity cables",Financial data,Reinforcement costs [€/MW],EUR/MW,2020,"[K, O]",6,Upper,2050,18998.25131684804
111 1 el Main distri50-60kVcabl,"Energy Transport Electricity Main distribution, electricity cables",Financial data,Reinforcement costs [€/MW],EUR/MW,2020,"[K, O]",6,ctrl,2015,16801.2889444
111 1 el Main distri50-60kVcabl,"Energy Transport Electricity Main distribution, electricity cables",Financial data,Reinforcement costs [€/MW],EUR/MW,2020,"[K, O]",6,ctrl,2020,16801.2889444
111 1 el Main distri50-60kVcabl,"Energy Transport Electricity Main distribution, electricity cables",Financial data,Reinforcement costs [€/MW],EUR/MW,2020,"[K, O]",6,ctrl,2030,16801.2889444
111 1 el Main distri50-60kVcabl,"Energy Transport Electricity Main distribution, electricity cables",Financial data,Reinforcement costs [€/MW],EUR/MW,2020,"[K, O]",6,ctrl,2050,16801.2889444
111 2 el distri Rural,"Energy Transport Electricity Distribution, Rural",Energy/technical data,- Commercial ,,,D,,Lower,2020,0.44
111 2 el distri Rural,"Energy Transport Electricity Distribution, Rural",Energy/technical data,- Commercial ,,,D,,Lower,2050,0.3256
111 2 el distri Rural,"Energy Transport Electricity Distribution, Rural",Energy/technical data,- Commercial ,,,D,,Upper,2020,0.44
111 2 el distri Rural,"Energy Transport Electricity Distribution, Rural",Energy/technical data,- Commercial ,,,D,,Upper,2050,0.4664
111 2 el distri Rural,"Energy Transport Electricity Distribution, Rural",Energy/technical data,- Commercial ,,,D,,ctrl,2015,0.44
111 2 el distri Rural,"Energy Transport Electricity Distribution, Rural",Energy/technical data,- Commercial ,,,D,,ctrl,2020,0.44
111 2 el distri Rural,"Energy Transport Electricity Distribution, Rural",Energy/technical data,- Commercial ,,,D,,ctrl,2030,0.44
111 2 el distri Rural,"Energy Transport Electricity Distribution, Rural",Energy/technical data,- Commercial ,,,D,,ctrl,2050,0.44
111 2 el distri Rural,"Energy Transport Electricity Distribution, Rural",Energy/technical data,- Residential,,,D,,Lower,2020,0.44
111 2 el distri Rural,"Energy Transport Electricity Distribution, Rural",Energy/technical data,- Residential,,,D,,Lower,2050,0.3256
111 2 el distri Rural,"Energy Transport Electricity Distribution, Rural",Energy/technical data,- Residential,,,D,,Upper,2020,0.44
111 2 el distri Rural,"Energy Transport Electricity Distribution, Rural",Energy/technical data,- Residential,,,D,,Upper,2050,0.4664
111 2 el distri Rural,"Energy Transport Electricity Distribution, Rural",Energy/technical data,- Residential,,,D,,ctrl,2015,0.44
111 2 el distri Rural,"Energy Transport Electricity Distribution, Rural",Energy/technical data,- Residential,,,D,,ctrl,2020,0.44
111 2 el distri Rural,"Energy Transport Electricity Distribution, Rural",Energy/technical data,- Residential,,,D,,ctrl,2030,0.44
111 2 el distri Rural,"Energy Transport Electricity Distribution, Rural",Energy/technical data,- Residential,,,D,,ctrl,2050,0.44
111 2 el distri Rural,"Energy Transport Electricity Distribution, Rural",Energy/technical data,Construction time [years],years,,,5,Lower,2020,1
111 2 el distri Rural,"Energy Transport Electricity Distribution, Rural",Energy/technical data,Construction time [years],years,,,5,Lower,2050,1
111 2 el distri Rural,"Energy Transport Electricity Distribution, Rural",Energy/technical data,Construction time [years],years,,,5,Upper,2020,2
111 2 el distri Rural,"Energy Transport Electricity Distribution, Rural",Energy/technical data,Construction time [years],years,,,5,Upper,2050,2
111 2 el distri Rural,"Energy Transport Electricity Distribution, Rural",Energy/technical data,Construction time [years],years,,,5,ctrl,2015,1
111 2 el distri Rural,"Energy Transport Electricity Distribution, Rural",Energy/technical data,Construction time [years],years,,,5,ctrl,2020,1
111 2 el distri Rural,"Energy Transport Electricity Distribution, Rural",Energy/technical data,Construction time [years],years,,,5,ctrl,2030,1
111 2 el distri Rural,"Energy Transport Electricity Distribution, Rural",Energy/technical data,Construction time [years],years,,,5,ctrl,2050,1
111 2 el distri Rural,"Energy Transport Electricity Distribution, Rural",Energy/technical data,"Energy losses, lines [%]",pct.,,A,1,Lower,2020,5.25
111 2 el distri Rural,"Energy Transport Electricity Distribution, Rural",Energy/technical data,"Energy losses, lines [%]",pct.,,A,1,Lower,2050,4.5
111 2 el distri Rural,"Energy Transport Electricity Distribution, Rural",Energy/technical data,"Energy losses, lines [%]",pct.,,A,1,Upper,2020,5.25
111 2 el distri Rural,"Energy Transport Electricity Distribution, Rural",Energy/technical data,"Energy losses, lines [%]",pct.,,A,1,Upper,2050,5.25
111 2 el distri Rural,"Energy Transport Electricity Distribution, Rural",Energy/technical data,"Energy losses, lines [%]",pct.,,A,1,ctrl,2015,5.25
111 2 el distri Rural,"Energy Transport Electricity Distribution, Rural",Energy/technical data,"Energy losses, lines [%]",pct.,,A,1,ctrl,2020,5.25
111 2 el distri Rural,"Energy Transport Electricity Distribution, Rural",Energy/technical data,"Energy losses, lines [%]",pct.,,A,1,ctrl,2030,5.25
111 2 el distri Rural,"Energy Transport Electricity Distribution, Rural",Energy/technical data,"Energy losses, lines [%]",pct.,,A,1,ctrl,2050,5.25
111 2 el distri Rural,"Energy Transport Electricity Distribution, Rural",Energy/technical data,"Energy losses, stations [%]",pct.,,B,2,Lower,2020,0.75
111 2 el distri Rural,"Energy Transport Electricity Distribution, Rural",Energy/technical data,"Energy losses, stations [%]",pct.,,B,2,Lower,2050,0.75
111 2 el distri Rural,"Energy Transport Electricity Distribution, Rural",Energy/technical data,"Energy losses, stations [%]",pct.,,B,2,Upper,2020,1.5
111 2 el distri Rural,"Energy Transport Electricity Distribution, Rural",Energy/technical data,"Energy losses, stations [%]",pct.,,B,2,Upper,2050,1.5
111 2 el distri Rural,"Energy Transport Electricity Distribution, Rural",Energy/technical data,"Energy losses, stations [%]",pct.,,B,2,ctrl,2015,1.125
111 2 el distri Rural,"Energy Transport Electricity Distribution, Rural",Energy/technical data,"Energy losses, stations [%]",pct.,,B,2,ctrl,2020,1.125
111 2 el distri Rural,"Energy Transport Electricity Distribution, Rural",Energy/technical data,"Energy losses, stations [%]",pct.,,B,2,ctrl,2030,1.125
111 2 el distri Rural,"Energy Transport Electricity Distribution, Rural",Energy/technical data,"Energy losses, stations [%]",pct.,,B,2,ctrl,2050,1.125
111 2 el distri Rural,"Energy Transport Electricity Distribution, Rural",Energy/technical data,Technical life time [years],years,,C,"[4, 5]",Lower,2020,35
111 2 el distri Rural,"Energy Transport Electricity Distribution, Rural",Energy/technical data,Technical life time [years],years,,C,"[4, 5]",Lower,2050,35
111 2 el distri Rural,"Energy Transport Electricity Distribution, Rural",Energy/technical data,Technical life time [years],years,,C,"[4, 5]",Upper,2020,40
111 2 el distri Rural,"Energy Transport Electricity Distribution, Rural",Energy/technical data,Technical life time [years],years,,C,"[4, 5]",Upper,2050,50
111 2 el distri Rural,"Energy Transport Electricity Distribution, Rural",Energy/technical data,Technical life time [years],years,,C,"[4, 5]",ctrl,2015,40
111 2 el distri Rural,"Energy Transport Electricity Distribution, Rural",Energy/technical data,Technical life time [years],years,,C,"[4, 5]",ctrl,2020,40
111 2 el distri Rural,"Energy Transport Electricity Distribution, Rural",Energy/technical data,Technical life time [years],years,,C,"[4, 5]",ctrl,2030,40
111 2 el distri Rural,"Energy Transport Electricity Distribution, Rural",Energy/technical data,Technical life time [years],years,,C,"[4, 5]",ctrl,2050,40
111 2 el distri Rural,"Energy Transport Electricity Distribution, Rural",Energy/technical data,Typical load profile [-] ,-,,D,"[1, 5]",Lower,2020,0.44
111 2 el distri Rural,"Energy Transport Electricity Distribution, Rural",Energy/technical data,Typical load profile [-] ,-,,D,"[1, 5]",Lower,2050,0.3256
111 2 el distri Rural,"Energy Transport Electricity Distribution, Rural",Energy/technical data,Typical load profile [-] ,-,,D,"[1, 5]",Upper,2020,0.44
111 2 el distri Rural,"Energy Transport Electricity Distribution, Rural",Energy/technical data,Typical load profile [-] ,-,,D,"[1, 5]",Upper,2050,0.4664
111 2 el distri Rural,"Energy Transport Electricity Distribution, Rural",Energy/technical data,Typical load profile [-] ,-,,D,"[1, 5]",ctrl,2015,0.44
111 2 el distri Rural,"Energy Transport Electricity Distribution, Rural",Energy/technical data,Typical load profile [-] ,-,,D,"[1, 5]",ctrl,2020,0.44
111 2 el distri Rural,"Energy Transport Electricity Distribution, Rural",Energy/technical data,Typical load profile [-] ,-,,D,"[1, 5]",ctrl,2030,0.44
111 2 el distri Rural,"Energy Transport Electricity Distribution, Rural",Energy/technical data,Typical load profile [-] ,-,,D,"[1, 5]",ctrl,2050,0.44
111 2 el distri Rural,"Energy Transport Electricity Distribution, Rural",Financial data,Distribution network costs [€/MWh/year] Rural,EUR/MWh/year,2020,"[E, F]","[1, 6]",Lower,2020,165.5671321926
111 2 el distri Rural,"Energy Transport Electricity Distribution, Rural",Financial data,Distribution network costs [€/MWh/year] Rural,EUR/MWh/year,2020,"[E, F]","[1, 6]",Lower,2050,140.0697938349396
111 2 el distri Rural,"Energy Transport Electricity Distribution, Rural",Financial data,Distribution network costs [€/MWh/year] Rural,EUR/MWh/year,2020,"[E, F]","[1, 6]",Upper,2020,183.963480214
111 2 el distri Rural,"Energy Transport Electricity Distribution, Rural",Financial data,Distribution network costs [€/MWh/year] Rural,EUR/MWh/year,2020,"[E, F]","[1, 6]",Upper,2050,218.91654145466
111 2 el distri Rural,"Energy Transport Electricity Distribution, Rural",Financial data,Distribution network costs [€/MWh/year] Rural,EUR/MWh/year,2020,"[E, F]","[1, 6]",ctrl,2015,183.963480214
111 2 el distri Rural,"Energy Transport Electricity Distribution, Rural",Financial data,Distribution network costs [€/MWh/year] Rural,EUR/MWh/year,2020,"[E, F]","[1, 6]",ctrl,2020,183.963480214
111 2 el distri Rural,"Energy Transport Electricity Distribution, Rural",Financial data,Distribution network costs [€/MWh/year] Rural,EUR/MWh/year,2020,"[E, F]","[1, 6]",ctrl,2030,183.963480214
111 2 el distri Rural,"Energy Transport Electricity Distribution, Rural",Financial data,Distribution network costs [€/MWh/year] Rural,EUR/MWh/year,2020,"[E, F]","[1, 6]",ctrl,2050,183.963480214
111 2 el distri Rural,"Energy Transport Electricity Distribution, Rural",Financial data,Fixed O&M [€/MW/year],EUR/MW/year,2020,L,7,Lower,2020,1699.810578160044
111 2 el distri Rural,"Energy Transport Electricity Distribution, Rural",Financial data,Fixed O&M [€/MW/year],EUR/MW/year,2020,L,7,Lower,2050,1639.168135973606
111 2 el distri Rural,"Energy Transport Electricity Distribution, Rural",Financial data,Fixed O&M [€/MW/year],EUR/MW/year,2020,L,7,Upper,2020,1730.968002199638
111 2 el distri Rural,"Energy Transport Electricity Distribution, Rural",Financial data,Fixed O&M [€/MW/year],EUR/MW/year,2020,L,7,Upper,2050,1730.968002199638
111 2 el distri Rural,"Energy Transport Electricity Distribution, Rural",Financial data,Fixed O&M [€/MW/year],EUR/MW/year,2020,L,7,ctrl,2015,1730.968002199638
111 2 el distri Rural,"Energy Transport Electricity Distribution, Rural",Financial data,Fixed O&M [€/MW/year],EUR/MW/year,2020,L,7,ctrl,2020,1706.734450168843
111 2 el distri Rural,"Energy Transport Electricity Distribution, Rural",Financial data,Fixed O&M [€/MW/year],EUR/MW/year,2020,L,7,ctrl,2030,1682.840167866479
111 2 el distri Rural,"Energy Transport Electricity Distribution, Rural",Financial data,Fixed O&M [€/MW/year],EUR/MW/year,2020,L,7,ctrl,2050,1659.280405516348
111 2 el distri Rural,"Energy Transport Electricity Distribution, Rural",Financial data,"Investment costs; service line, 0-20 kW [€/unit]",EUR/unit,2020,"[G, F]",6,Lower,2020,501.4865738088001
111 2 el distri Rural,"Energy Transport Electricity Distribution, Rural",Financial data,"Investment costs; service line, 0-20 kW [€/unit]",EUR/unit,2020,"[G, F]",6,Lower,2050,451.3379164279201
111 2 el distri Rural,"Energy Transport Electricity Distribution, Rural",Financial data,"Investment costs; service line, 0-20 kW [€/unit]",EUR/unit,2020,"[G, F]",6,Upper,2020,557.2073042320001
111 2 el distri Rural,"Energy Transport Electricity Distribution, Rural",Financial data,"Investment costs; service line, 0-20 kW [€/unit]",EUR/unit,2020,"[G, F]",6,Upper,2050,557.2073042320001
111 2 el distri Rural,"Energy Transport Electricity Distribution, Rural",Financial data,"Investment costs; service line, 0-20 kW [€/unit]",EUR/unit,2020,"[G, F]",6,ctrl,2015,557.2073042320001
111 2 el distri Rural,"Energy Transport Electricity Distribution, Rural",Financial data,"Investment costs; service line, 0-20 kW [€/unit]",EUR/unit,2020,"[G, F]",6,ctrl,2020,557.2073042320001
111 2 el distri Rural,"Energy Transport Electricity Distribution, Rural",Financial data,"Investment costs; service line, 0-20 kW [€/unit]",EUR/unit,2020,"[G, F]",6,ctrl,2030,557.2073042320001
111 2 el distri Rural,"Energy Transport Electricity Distribution, Rural",Financial data,"Investment costs; service line, 0-20 kW [€/unit]",EUR/unit,2020,"[G, F]",6,ctrl,2050,557.2073042320001
111 2 el distri Rural,"Energy Transport Electricity Distribution, Rural",Financial data,"Investment costs; service line, 20-50 kW [€/unit]",EUR/unit,2020,"[G, F]",6,Lower,2020,1351.3340500344
111 2 el distri Rural,"Energy Transport Electricity Distribution, Rural",Financial data,"Investment costs; service line, 20-50 kW [€/unit]",EUR/unit,2020,"[G, F]",6,Lower,2050,1216.20064503096
111 2 el distri Rural,"Energy Transport Electricity Distribution, Rural",Financial data,"Investment costs; service line, 20-50 kW [€/unit]",EUR/unit,2020,"[G, F]",6,Upper,2020,1501.482277816
111 2 el distri Rural,"Energy Transport Electricity Distribution, Rural",Financial data,"Investment costs; service line, 20-50 kW [€/unit]",EUR/unit,2020,"[G, F]",6,Upper,2050,1501.482277816
111 2 el distri Rural,"Energy Transport Electricity Distribution, Rural",Financial data,"Investment costs; service line, 20-50 kW [€/unit]",EUR/unit,2020,"[G, F]",6,ctrl,2015,1501.482277816
111 2 el distri Rural,"Energy Transport Electricity Distribution, Rural",Financial data,"Investment costs; service line, 20-50 kW [€/unit]",EUR/unit,2020,"[G, F]",6,ctrl,2020,1501.482277816
111 2 el distri Rural,"Energy Transport Electricity Distribution, Rural",Financial data,"Investment costs; service line, 20-50 kW [€/unit]",EUR/unit,2020,"[G, F]",6,ctrl,2030,1501.482277816
111 2 el distri Rural,"Energy Transport Electricity Distribution, Rural",Financial data,"Investment costs; service line, 20-50 kW [€/unit]",EUR/unit,2020,"[G, F]",6,ctrl,2050,1501.482277816
111 2 el distri Rural,"Energy Transport Electricity Distribution, Rural",Financial data,"Investment costs; service line, 50-100 kW [€/unit]",EUR/unit,2020,"[G, F]",6,Lower,2020,1514.9871113346
111 2 el distri Rural,"Energy Transport Electricity Distribution, Rural",Financial data,"Investment costs; service line, 50-100 kW [€/unit]",EUR/unit,2020,"[G, F]",6,Lower,2050,1363.48840020114
111 2 el distri Rural,"Energy Transport Electricity Distribution, Rural",Financial data,"Investment costs; service line, 50-100 kW [€/unit]",EUR/unit,2020,"[G, F]",6,Upper,2020,1683.319012594
111 2 el distri Rural,"Energy Transport Electricity Distribution, Rural",Financial data,"Investment costs; service line, 50-100 kW [€/unit]",EUR/unit,2020,"[G, F]",6,Upper,2050,1683.319012594
111 2 el distri Rural,"Energy Transport Electricity Distribution, Rural",Financial data,"Investment costs; service line, 50-100 kW [€/unit]",EUR/unit,2020,"[G, F]",6,ctrl,2015,1683.319012594
111 2 el distri Rural,"Energy Transport Electricity Distribution, Rural",Financial data,"Investment costs; service line, 50-100 kW [€/unit]",EUR/unit,2020,"[G, F]",6,ctrl,2020,1683.319012594
111 2 el distri Rural,"Energy Transport Electricity Distribution, Rural",Financial data,"Investment costs; service line, 50-100 kW [€/unit]",EUR/unit,2020,"[G, F]",6,ctrl,2030,1683.319012594
111 2 el distri Rural,"Energy Transport Electricity Distribution, Rural",Financial data,"Investment costs; service line, 50-100 kW [€/unit]",EUR/unit,2020,"[G, F]",6,ctrl,2050,1683.319012594
111 2 el distri Rural,"Energy Transport Electricity Distribution, Rural",Financial data,"Investment costs; service line, above 100 kW [€/unit]",EUR/unit,2020,"[G, F]",6,Lower,2020,3584.097746019
111 2 el distri Rural,"Energy Transport Electricity Distribution, Rural",Financial data,"Investment costs; service line, above 100 kW [€/unit]",EUR/unit,2020,"[G, F]",6,Lower,2050,3225.6879714171
111 2 el distri Rural,"Energy Transport Electricity Distribution, Rural",Financial data,"Investment costs; service line, above 100 kW [€/unit]",EUR/unit,2020,"[G, F]",6,Upper,2020,3982.33082891
111 2 el distri Rural,"Energy Transport Electricity Distribution, Rural",Financial data,"Investment costs; service line, above 100 kW [€/unit]",EUR/unit,2020,"[G, F]",6,Upper,2050,3982.33082891
111 2 el distri Rural,"Energy Transport Electricity Distribution, Rural",Financial data,"Investment costs; service line, above 100 kW [€/unit]",EUR/unit,2020,"[G, F]",6,ctrl,2015,3982.33082891
111 2 el distri Rural,"Energy Transport Electricity Distribution, Rural",Financial data,"Investment costs; service line, above 100 kW [€/unit]",EUR/unit,2020,"[G, F]",6,ctrl,2020,3982.33082891
111 2 el distri Rural,"Energy Transport Electricity Distribution, Rural",Financial data,"Investment costs; service line, above 100 kW [€/unit]",EUR/unit,2020,"[G, F]",6,ctrl,2030,3982.33082891
111 2 el distri Rural,"Energy Transport Electricity Distribution, Rural",Financial data,"Investment costs; service line, above 100 kW [€/unit]",EUR/unit,2020,"[G, F]",6,ctrl,2050,3982.33082891
111 2 el distri Rural,"Energy Transport Electricity Distribution, Rural",Financial data,"Investment costs; single line, 1 MW-5 MW [€/m]",EUR/m,2020,"[H, F]",6,Lower,2020,39.344790566
111 2 el distri Rural,"Energy Transport Electricity Distribution, Rural",Financial data,"Investment costs; single line, 1 MW-5 MW [€/m]",EUR/m,2020,"[H, F]",6,Lower,2050,35.41031150940001
111 2 el distri Rural,"Energy Transport Electricity Distribution, Rural",Financial data,"Investment costs; single line, 1 MW-5 MW [€/m]",EUR/m,2020,"[H, F]",6,Upper,2020,43.598281438
111 2 el distri Rural,"Energy Transport Electricity Distribution, Rural",Financial data,"Investment costs; single line, 1 MW-5 MW [€/m]",EUR/m,2020,"[H, F]",6,Upper,2050,43.598281438
111 2 el distri Rural,"Energy Transport Electricity Distribution, Rural",Financial data,"Investment costs; single line, 1 MW-5 MW [€/m]",EUR/m,2020,"[H, F]",6,ctrl,2015,43.598281438
111 2 el distri Rural,"Energy Transport Electricity Distribution, Rural",Financial data,"Investment costs; single line, 1 MW-5 MW [€/m]",EUR/m,2020,"[H, F]",6,ctrl,2020,43.598281438
111 2 el distri Rural,"Energy Transport Electricity Distribution, Rural",Financial data,"Investment costs; single line, 1 MW-5 MW [€/m]",EUR/m,2020,"[H, F]",6,ctrl,2030,43.598281438
111 2 el distri Rural,"Energy Transport Electricity Distribution, Rural",Financial data,"Investment costs; single line, 1 MW-5 MW [€/m]",EUR/m,2020,"[H, F]",6,ctrl,2050,43.598281438
111 2 el distri Rural,"Energy Transport Electricity Distribution, Rural",Financial data,"Investment costs; single line, 100-250 kW  [€/m]",EUR/m,2020,"[H, F]",6,Lower,2020,34.027926976
111 2 el distri Rural,"Energy Transport Electricity Distribution, Rural",Financial data,"Investment costs; single line, 100-250 kW  [€/m]",EUR/m,2020,"[H, F]",6,Lower,2050,30.6251342784
111 2 el distri Rural,"Energy Transport Electricity Distribution, Rural",Financial data,"Investment costs; single line, 100-250 kW  [€/m]",EUR/m,2020,"[H, F]",6,Upper,2020,38.281417848
111 2 el distri Rural,"Energy Transport Electricity Distribution, Rural",Financial data,"Investment costs; single line, 100-250 kW  [€/m]",EUR/m,2020,"[H, F]",6,Upper,2050,38.281417848
111 2 el distri Rural,"Energy Transport Electricity Distribution, Rural",Financial data,"Investment costs; single line, 100-250 kW  [€/m]",EUR/m,2020,"[H, F]",6,ctrl,2015,38.281417848
111 2 el distri Rural,"Energy Transport Electricity Distribution, Rural",Financial data,"Investment costs; single line, 100-250 kW  [€/m]",EUR/m,2020,"[H, F]",6,ctrl,2020,38.281417848
111 2 el distri Rural,"Energy Transport Electricity Distribution, Rural",Financial data,"Investment costs; single line, 100-250 kW  [€/m]",EUR/m,2020,"[H, F]",6,ctrl,2030,38.281417848
111 2 el distri Rural,"Energy Transport Electricity Distribution, Rural",Financial data,"Investment costs; single line, 100-250 kW  [€/m]",EUR/m,2020,"[H, F]",6,ctrl,2050,38.281417848
111 2 el distri Rural,"Energy Transport Electricity Distribution, Rural",Financial data,"Investment costs; single line, 250 kW-1 MW [€/m]",EUR/m,2020,"[H, F]",6,Lower,2020,34.027926976
111 2 el distri Rural,"Energy Transport Electricity Distribution, Rural",Financial data,"Investment costs; single line, 250 kW-1 MW [€/m]",EUR/m,2020,"[H, F]",6,Lower,2050,30.6251342784
111 2 el distri Rural,"Energy Transport Electricity Distribution, Rural",Financial data,"Investment costs; single line, 250 kW-1 MW [€/m]",EUR/m,2020,"[H, F]",6,Upper,2020,38.281417848
111 2 el distri Rural,"Energy Transport Electricity Distribution, Rural",Financial data,"Investment costs; single line, 250 kW-1 MW [€/m]",EUR/m,2020,"[H, F]",6,Upper,2050,38.281417848
111 2 el distri Rural,"Energy Transport Electricity Distribution, Rural",Financial data,"Investment costs; single line, 250 kW-1 MW [€/m]",EUR/m,2020,"[H, F]",6,ctrl,2015,38.281417848
111 2 el distri Rural,"Energy Transport Electricity Distribution, Rural",Financial data,"Investment costs; single line, 250 kW-1 MW [€/m]",EUR/m,2020,"[H, F]",6,ctrl,2020,38.281417848
111 2 el distri Rural,"Energy Transport Electricity Distribution, Rural",Financial data,"Investment costs; single line, 250 kW-1 MW [€/m]",EUR/m,2020,"[H, F]",6,ctrl,2030,38.281417848
111 2 el distri Rural,"Energy Transport Electricity Distribution, Rural",Financial data,"Investment costs; single line, 250 kW-1 MW [€/m]",EUR/m,2020,"[H, F]",6,ctrl,2050,38.281417848
111 2 el distri Rural,"Energy Transport Electricity Distribution, Rural",Financial data,"Investment costs; single line, 5 MW-25 MW [€/m]",EUR/m,2020,"[H, F]",6,Lower,2020,90.38668103
111 2 el distri Rural,"Energy Transport Electricity Distribution, Rural",Financial data,"Investment costs; single line, 5 MW-25 MW [€/m]",EUR/m,2020,"[H, F]",6,Lower,2050,81.34801292700001
111 2 el distri Rural,"Energy Transport Electricity Distribution, Rural",Financial data,"Investment costs; single line, 5 MW-25 MW [€/m]",EUR/m,2020,"[H, F]",6,Upper,2020,93.57679918400001
111 2 el distri Rural,"Energy Transport Electricity Distribution, Rural",Financial data,"Investment costs; single line, 5 MW-25 MW [€/m]",EUR/m,2020,"[H, F]",6,Upper,2050,93.57679918400001
111 2 el distri Rural,"Energy Transport Electricity Distribution, Rural",Financial data,"Investment costs; single line, 5 MW-25 MW [€/m]",EUR/m,2020,"[H, F]",6,ctrl,2015,93.57679918400001
111 2 el distri Rural,"Energy Transport Electricity Distribution, Rural",Financial data,"Investment costs; single line, 5 MW-25 MW [€/m]",EUR/m,2020,"[H, F]",6,ctrl,2020,93.57679918400001
111 2 el distri Rural,"Energy Transport Electricity Distribution, Rural",Financial data,"Investment costs; single line, 5 MW-25 MW [€/m]",EUR/m,2020,"[H, F]",6,ctrl,2030,93.57679918400001
111 2 el distri Rural,"Energy Transport Electricity Distribution, Rural",Financial data,"Investment costs; single line, 5 MW-25 MW [€/m]",EUR/m,2020,"[H, F]",6,ctrl,2050,93.57679918400001
111 2 el distri Rural,"Energy Transport Electricity Distribution, Rural",Financial data,Investment costs; type 1 station [€/MW],EUR/MW,2020,J,6,Lower,2020,68619.44149254
111 2 el distri Rural,"Energy Transport Electricity Distribution, Rural",Financial data,Investment costs; type 1 station [€/MW],EUR/MW,2020,J,6,Lower,2050,65600.18606686825
111 2 el distri Rural,"Energy Transport Electricity Distribution, Rural",Financial data,Investment costs; type 1 station [€/MW],EUR/MW,2020,J,6,Upper,2020,71777.658465
111 2 el distri Rural,"Energy Transport Electricity Distribution, Rural",Financial data,Investment costs; type 1 station [€/MW],EUR/MW,2020,J,6,Upper,2050,71777.658465
111 2 el distri Rural,"Energy Transport Electricity Distribution, Rural",Financial data,Investment costs; type 1 station [€/MW],EUR/MW,2020,J,6,ctrl,2015,71777.658465
111 2 el distri Rural,"Energy Transport Electricity Distribution, Rural",Financial data,Investment costs; type 1 station [€/MW],EUR/MW,2020,J,6,ctrl,2020,71777.658465
111 2 el distri Rural,"Energy Transport Electricity Distribution, Rural",Financial data,Investment costs; type 1 station [€/MW],EUR/MW,2020,J,6,ctrl,2030,71777.658465
111 2 el distri Rural,"Energy Transport Electricity Distribution, Rural",Financial data,Investment costs; type 1 station [€/MW],EUR/MW,2020,J,6,ctrl,2050,71777.658465
111 2 el distri Rural,"Energy Transport Electricity Distribution, Rural",Financial data,"Investments, percentage installation [cables]",cables,,K,6,Lower,2020,0.5734554597701149
111 2 el distri Rural,"Energy Transport Electricity Distribution, Rural",Financial data,"Investments, percentage installation [cables]",cables,,K,6,Lower,2050,0.5255723495175421
111 2 el distri Rural,"Energy Transport Electricity Distribution, Rural",Financial data,"Investments, percentage installation [cables]",cables,,K,6,Upper,2020,0.62
111 2 el distri Rural,"Energy Transport Electricity Distribution, Rural",Financial data,"Investments, percentage installation [cables]",cables,,K,6,Upper,2050,0.62
111 2 el distri Rural,"Energy Transport Electricity Distribution, Rural",Financial data,"Investments, percentage installation [cables]",cables,,K,6,ctrl,2015,0.62
111 2 el distri Rural,"Energy Transport Electricity Distribution, Rural",Financial data,"Investments, percentage installation [cables]",cables,,K,6,ctrl,2020,0.62
111 2 el distri Rural,"Energy Transport Electricity Distribution, Rural",Financial data,"Investments, percentage installation [cables]",cables,,K,6,ctrl,2030,0.62
111 2 el distri Rural,"Energy Transport Electricity Distribution, Rural",Financial data,"Investments, percentage installation [cables]",cables,,K,6,ctrl,2050,0.62
111 2 el distri Rural,"Energy Transport Electricity Distribution, Rural",Financial data,"Investments, percentage installation [stations]",stations,,K,6,Lower,2020,0.1885818908122504
111 2 el distri Rural,"Energy Transport Electricity Distribution, Rural",Financial data,"Investments, percentage installation [stations]",stations,,K,6,Lower,2050,0.1661245389541894
111 2 el distri Rural,"Energy Transport Electricity Distribution, Rural",Financial data,"Investments, percentage installation [stations]",stations,,K,6,Upper,2020,0.22
111 2 el distri Rural,"Energy Transport Electricity Distribution, Rural",Financial data,"Investments, percentage installation [stations]",stations,,K,6,Upper,2050,0.19
111 2 el distri Rural,"Energy Transport Electricity Distribution, Rural",Financial data,"Investments, percentage installation [stations]",stations,,K,6,ctrl,2015,0.22
111 2 el distri Rural,"Energy Transport Electricity Distribution, Rural",Financial data,"Investments, percentage installation [stations]",stations,,K,6,ctrl,2020,0.22
111 2 el distri Rural,"Energy Transport Electricity Distribution, Rural",Financial data,"Investments, percentage installation [stations]",stations,,K,6,ctrl,2030,0.22
111 2 el distri Rural,"Energy Transport Electricity Distribution, Rural",Financial data,"Investments, percentage installation [stations]",stations,,K,6,ctrl,2050,0.22
111 2 el distri Rural,"Energy Transport Electricity Distribution, Rural",Financial data,"Investments, percentage materials [cables]",cables,,K,6,Lower,2020,0.38
111 2 el distri Rural,"Energy Transport Electricity Distribution, Rural",Financial data,"Investments, percentage materials [cables]",cables,,K,6,Lower,2050,0.42
111 2 el distri Rural,"Energy Transport Electricity Distribution, Rural",Financial data,"Investments, percentage materials [cables]",cables,,K,6,Upper,2020,0.4265445402298851
111 2 el distri Rural,"Energy Transport Electricity Distribution, Rural",Financial data,"Investments, percentage materials [cables]",cables,,K,6,Upper,2050,0.38
111 2 el distri Rural,"Energy Transport Electricity Distribution, Rural",Financial data,"Investments, percentage materials [cables]",cables,,K,6,ctrl,2015,0.38
111 2 el distri Rural,"Energy Transport Electricity Distribution, Rural",Financial data,"Investments, percentage materials [cables]",cables,,K,6,ctrl,2020,0.38
111 2 el distri Rural,"Energy Transport Electricity Distribution, Rural",Financial data,"Investments, percentage materials [cables]",cables,,K,6,ctrl,2030,0.38
111 2 el distri Rural,"Energy Transport Electricity Distribution, Rural",Financial data,"Investments, percentage materials [cables]",cables,,K,6,ctrl,2050,0.38
111 2 el distri Rural,"Energy Transport Electricity Distribution, Rural",Financial data,"Investments, percentage materials [stations]",stations,,K,6,Lower,2020,0.78
111 2 el distri Rural,"Energy Transport Electricity Distribution, Rural",Financial data,"Investments, percentage materials [stations]",stations,,K,6,Lower,2050,0.78
111 2 el distri Rural,"Energy Transport Electricity Distribution, Rural",Financial data,"Investments, percentage materials [stations]",stations,,K,6,Upper,2020,0.81
111 2 el distri Rural,"Energy Transport Electricity Distribution, Rural",Financial data,"Investments, percentage materials [stations]",stations,,K,6,Upper,2050,0.81
111 2 el distri Rural,"Energy Transport Electricity Distribution, Rural",Financial data,"Investments, percentage materials [stations]",stations,,K,6,ctrl,2015,0.78
111 2 el distri Rural,"Energy Transport Electricity Distribution, Rural",Financial data,"Investments, percentage materials [stations]",stations,,K,6,ctrl,2020,0.78
111 2 el distri Rural,"Energy Transport Electricity Distribution, Rural",Financial data,"Investments, percentage materials [stations]",stations,,K,6,ctrl,2030,0.78
111 2 el distri Rural,"Energy Transport Electricity Distribution, Rural",Financial data,"Investments, percentage materials [stations]",stations,,K,6,ctrl,2050,0.78
111 2 el distri Rural,"Energy Transport Electricity Distribution, Rural",Financial data,Reinforcement costs [€/MW] (Station),EUR/MW,2020,"[I, F, J]",6,Lower,2020,11690.719661692
111 2 el distri Rural,"Energy Transport Electricity Distribution, Rural",Financial data,Reinforcement costs [€/MW] (Station),EUR/MW,2020,"[I, F, J]",6,Lower,2050,11176.32799657755
111 2 el distri Rural,"Energy Transport Electricity Distribution, Rural",Financial data,Reinforcement costs [€/MW] (Station),EUR/MW,2020,"[I, F, J]",6,Upper,2020,12228.786257
111 2 el distri Rural,"Energy Transport Electricity Distribution, Rural",Financial data,Reinforcement costs [€/MW] (Station),EUR/MW,2020,"[I, F, J]",6,Upper,2050,12228.786257
111 2 el distri Rural,"Energy Transport Electricity Distribution, Rural",Financial data,Reinforcement costs [€/MW] (Station),EUR/MW,2020,"[I, F, J]",6,ctrl,2015,12228.786257
111 2 el distri Rural,"Energy Transport Electricity Distribution, Rural",Financial data,Reinforcement costs [€/MW] (Station),EUR/MW,2020,"[I, F, J]",6,ctrl,2020,12228.786257
111 2 el distri Rural,"Energy Transport Electricity Distribution, Rural",Financial data,Reinforcement costs [€/MW] (Station),EUR/MW,2020,"[I, F, J]",6,ctrl,2030,12228.786257
111 2 el distri Rural,"Energy Transport Electricity Distribution, Rural",Financial data,Reinforcement costs [€/MW] (Station),EUR/MW,2020,"[I, F, J]",6,ctrl,2050,12228.786257
111 3 el distri suburban,"Energy Transport Electricity Distribution, Suburban",Energy/technical data,- Commercial,,,D,,Lower,2020,0.48
111 3 el distri suburban,"Energy Transport Electricity Distribution, Suburban",Energy/technical data,- Commercial,,,D,,Lower,2050,0.432
111 3 el distri suburban,"Energy Transport Electricity Distribution, Suburban",Energy/technical data,- Commercial,,,D,,Upper,2020,0.48
111 3 el distri suburban,"Energy Transport Electricity Distribution, Suburban",Energy/technical data,- Commercial,,,D,,Upper,2050,0.5519999999999999
111 3 el distri suburban,"Energy Transport Electricity Distribution, Suburban",Energy/technical data,- Commercial,,,D,,ctrl,2015,0.48
111 3 el distri suburban,"Energy Transport Electricity Distribution, Suburban",Energy/technical data,- Commercial,,,D,,ctrl,2020,0.48
111 3 el distri suburban,"Energy Transport Electricity Distribution, Suburban",Energy/technical data,- Commercial,,,D,,ctrl,2030,0.48
111 3 el distri suburban,"Energy Transport Electricity Distribution, Suburban",Energy/technical data,- Commercial,,,D,,ctrl,2050,0.48
111 3 el distri suburban,"Energy Transport Electricity Distribution, Suburban",Energy/technical data,- Residential,,,D,,Lower,2020,0.48
111 3 el distri suburban,"Energy Transport Electricity Distribution, Suburban",Energy/technical data,- Residential,,,D,,Lower,2050,0.432
111 3 el distri suburban,"Energy Transport Electricity Distribution, Suburban",Energy/technical data,- Residential,,,D,,Upper,2020,0.48
111 3 el distri suburban,"Energy Transport Electricity Distribution, Suburban",Energy/technical data,- Residential,,,D,,Upper,2050,0.5519999999999999
111 3 el distri suburban,"Energy Transport Electricity Distribution, Suburban",Energy/technical data,- Residential,,,D,,ctrl,2015,0.48
111 3 el distri suburban,"Energy Transport Electricity Distribution, Suburban",Energy/technical data,- Residential,,,D,,ctrl,2020,0.48
111 3 el distri suburban,"Energy Transport Electricity Distribution, Suburban",Energy/technical data,- Residential,,,D,,ctrl,2030,0.48
111 3 el distri suburban,"Energy Transport Electricity Distribution, Suburban",Energy/technical data,- Residential,,,D,,ctrl,2050,0.48
111 3 el distri suburban,"Energy Transport Electricity Distribution, Suburban",Energy/technical data,Construction time [years],years,,,5,Lower,2020,1
111 3 el distri suburban,"Energy Transport Electricity Distribution, Suburban",Energy/technical data,Construction time [years],years,,,5,Lower,2050,1
111 3 el distri suburban,"Energy Transport Electricity Distribution, Suburban",Energy/technical data,Construction time [years],years,,,5,Upper,2020,2
111 3 el distri suburban,"Energy Transport Electricity Distribution, Suburban",Energy/technical data,Construction time [years],years,,,5,Upper,2050,2
111 3 el distri suburban,"Energy Transport Electricity Distribution, Suburban",Energy/technical data,Construction time [years],years,,,5,ctrl,2015,1
111 3 el distri suburban,"Energy Transport Electricity Distribution, Suburban",Energy/technical data,Construction time [years],years,,,5,ctrl,2020,1
111 3 el distri suburban,"Energy Transport Electricity Distribution, Suburban",Energy/technical data,Construction time [years],years,,,5,ctrl,2030,1
111 3 el distri suburban,"Energy Transport Electricity Distribution, Suburban",Energy/technical data,Construction time [years],years,,,5,ctrl,2050,1
111 3 el distri suburban,"Energy Transport Electricity Distribution, Suburban",Energy/technical data,"Energy losses, lines [%]",pct.,,A,1,Lower,2020,3
111 3 el distri suburban,"Energy Transport Electricity Distribution, Suburban",Energy/technical data,"Energy losses, lines [%]",pct.,,A,1,Lower,2050,2.25
111 3 el distri suburban,"Energy Transport Electricity Distribution, Suburban",Energy/technical data,"Energy losses, lines [%]",pct.,,A,1,Upper,2020,3
111 3 el distri suburban,"Energy Transport Electricity Distribution, Suburban",Energy/technical data,"Energy losses, lines [%]",pct.,,A,1,Upper,2050,3
111 3 el distri suburban,"Energy Transport Electricity Distribution, Suburban",Energy/technical data,"Energy losses, lines [%]",pct.,,A,1,ctrl,2015,3
111 3 el distri suburban,"Energy Transport Electricity Distribution, Suburban",Energy/technical data,"Energy losses, lines [%]",pct.,,A,1,ctrl,2020,3
111 3 el distri suburban,"Energy Transport Electricity Distribution, Suburban",Energy/technical data,"Energy losses, lines [%]",pct.,,A,1,ctrl,2030,3
111 3 el distri suburban,"Energy Transport Electricity Distribution, Suburban",Energy/technical data,"Energy losses, lines [%]",pct.,,A,1,ctrl,2050,3
111 3 el distri suburban,"Energy Transport Electricity Distribution, Suburban",Energy/technical data,"Energy losses, stations [%]",pct.,,B,2,Lower,2020,0.75
111 3 el distri suburban,"Energy Transport Electricity Distribution, Suburban",Energy/technical data,"Energy losses, stations [%]",pct.,,B,2,Lower,2050,0.75
111 3 el distri suburban,"Energy Transport Electricity Distribution, Suburban",Energy/technical data,"Energy losses, stations [%]",pct.,,B,2,Upper,2020,1.5
111 3 el distri suburban,"Energy Transport Electricity Distribution, Suburban",Energy/technical data,"Energy losses, stations [%]",pct.,,B,2,Upper,2050,1.5
111 3 el distri suburban,"Energy Transport Electricity Distribution, Suburban",Energy/technical data,"Energy losses, stations [%]",pct.,,B,2,ctrl,2015,1.125
111 3 el distri suburban,"Energy Transport Electricity Distribution, Suburban",Energy/technical data,"Energy losses, stations [%]",pct.,,B,2,ctrl,2020,1.125
111 3 el distri suburban,"Energy Transport Electricity Distribution, Suburban",Energy/technical data,"Energy losses, stations [%]",pct.,,B,2,ctrl,2030,1.125
111 3 el distri suburban,"Energy Transport Electricity Distribution, Suburban",Energy/technical data,"Energy losses, stations [%]",pct.,,B,2,ctrl,2050,1.125
111 3 el distri suburban,"Energy Transport Electricity Distribution, Suburban",Energy/technical data,Technical life time [years],years,,C,"[4, 5]",Lower,2020,35
111 3 el distri suburban,"Energy Transport Electricity Distribution, Suburban",Energy/technical data,Technical life time [years],years,,C,"[4, 5]",Lower,2050,35
111 3 el distri suburban,"Energy Transport Electricity Distribution, Suburban",Energy/technical data,Technical life time [years],years,,C,"[4, 5]",Upper,2020,40
111 3 el distri suburban,"Energy Transport Electricity Distribution, Suburban",Energy/technical data,Technical life time [years],years,,C,"[4, 5]",Upper,2050,50
111 3 el distri suburban,"Energy Transport Electricity Distribution, Suburban",Energy/technical data,Technical life time [years],years,,C,"[4, 5]",ctrl,2015,40
111 3 el distri suburban,"Energy Transport Electricity Distribution, Suburban",Energy/technical data,Technical life time [years],years,,C,"[4, 5]",ctrl,2020,40
111 3 el distri suburban,"Energy Transport Electricity Distribution, Suburban",Energy/technical data,Technical life time [years],years,,C,"[4, 5]",ctrl,2030,40
111 3 el distri suburban,"Energy Transport Electricity Distribution, Suburban",Energy/technical data,Technical life time [years],years,,C,"[4, 5]",ctrl,2050,40
111 3 el distri suburban,"Energy Transport Electricity Distribution, Suburban",Energy/technical data,Typical load profile [-],-,,D,"[1, 5]",Lower,2020,0.48
111 3 el distri suburban,"Energy Transport Electricity Distribution, Suburban",Energy/technical data,Typical load profile [-],-,,D,"[1, 5]",Lower,2050,0.432
111 3 el distri suburban,"Energy Transport Electricity Distribution, Suburban",Energy/technical data,Typical load profile [-],-,,D,"[1, 5]",Upper,2020,0.48
111 3 el distri suburban,"Energy Transport Electricity Distribution, Suburban",Energy/technical data,Typical load profile [-],-,,D,"[1, 5]",Upper,2050,0.5519999999999999
111 3 el distri suburban,"Energy Transport Electricity Distribution, Suburban",Energy/technical data,Typical load profile [-],-,,D,"[1, 5]",ctrl,2015,0.48
111 3 el distri suburban,"Energy Transport Electricity Distribution, Suburban",Energy/technical data,Typical load profile [-],-,,D,"[1, 5]",ctrl,2020,0.48
111 3 el distri suburban,"Energy Transport Electricity Distribution, Suburban",Energy/technical data,Typical load profile [-],-,,D,"[1, 5]",ctrl,2030,0.48
111 3 el distri suburban,"Energy Transport Electricity Distribution, Suburban",Energy/technical data,Typical load profile [-],-,,D,"[1, 5]",ctrl,2050,0.48
111 3 el distri suburban,"Energy Transport Electricity Distribution, Suburban",Financial data,Distribution network costs [€/MWh/year] Suburban,EUR/MWh/year,2020,"[E, F]","[1, 6]",Lower,2020,368.458646787
111 3 el distri suburban,"Energy Transport Electricity Distribution, Suburban",Financial data,Distribution network costs [€/MWh/year] Suburban,EUR/MWh/year,2020,"[E, F]","[1, 6]",Lower,2050,331.6127821083001
111 3 el distri suburban,"Energy Transport Electricity Distribution, Suburban",Financial data,Distribution network costs [€/MWh/year] Suburban,EUR/MWh/year,2020,"[E, F]","[1, 6]",Upper,2020,409.39849643
111 3 el distri suburban,"Energy Transport Electricity Distribution, Suburban",Financial data,Distribution network costs [€/MWh/year] Suburban,EUR/MWh/year,2020,"[E, F]","[1, 6]",Upper,2050,517.88909798395
111 3 el distri suburban,"Energy Transport Electricity Distribution, Suburban",Financial data,Distribution network costs [€/MWh/year] Suburban,EUR/MWh/year,2020,"[E, F]","[1, 6]",ctrl,2015,409.39849643
111 3 el distri suburban,"Energy Transport Electricity Distribution, Suburban",Financial data,Distribution network costs [€/MWh/year] Suburban,EUR/MWh/year,2020,"[E, F]","[1, 6]",ctrl,2020,409.39849643
111 3 el distri suburban,"Energy Transport Electricity Distribution, Suburban",Financial data,Distribution network costs [€/MWh/year] Suburban,EUR/MWh/year,2020,"[E, F]","[1, 6]",ctrl,2030,409.39849643
111 3 el distri suburban,"Energy Transport Electricity Distribution, Suburban",Financial data,Distribution network costs [€/MWh/year] Suburban,EUR/MWh/year,2020,"[E, F]","[1, 6]",ctrl,2050,409.39849643
111 3 el distri suburban,"Energy Transport Electricity Distribution, Suburban",Financial data,Fixed O&M [€/MW/year],EUR/MW/year,2020,L,7,Lower,2020,2799.939707819701
111 3 el distri suburban,"Energy Transport Electricity Distribution, Suburban",Financial data,Fixed O&M [€/MW/year],EUR/MW/year,2020,L,7,Lower,2050,2700.049058803525
111 3 el distri suburban,"Energy Transport Electricity Distribution, Suburban",Financial data,Fixed O&M [€/MW/year],EUR/MW/year,2020,L,7,Upper,2020,2851.26243158829
111 3 el distri suburban,"Energy Transport Electricity Distribution, Suburban",Financial data,Fixed O&M [€/MW/year],EUR/MW/year,2020,L,7,Upper,2050,2851.26243158829
111 3 el distri suburban,"Energy Transport Electricity Distribution, Suburban",Financial data,Fixed O&M [€/MW/year],EUR/MW/year,2020,L,7,ctrl,2015,2851.26243158829
111 3 el distri suburban,"Energy Transport Electricity Distribution, Suburban",Financial data,Fixed O&M [€/MW/year],EUR/MW/year,2020,L,7,ctrl,2020,2811.344757546054
111 3 el distri suburban,"Energy Transport Electricity Distribution, Suburban",Financial data,Fixed O&M [€/MW/year],EUR/MW/year,2020,L,7,ctrl,2030,2771.98593094041
111 3 el distri suburban,"Energy Transport Electricity Distribution, Suburban",Financial data,Fixed O&M [€/MW/year],EUR/MW/year,2020,L,7,ctrl,2050,2733.178127907244
111 3 el distri suburban,"Energy Transport Electricity Distribution, Suburban",Financial data,"Investment costs; service line,  above 100 kW [€/unit]",EUR/unit,2020,"[G, F]",6,Lower,2020,8676.483355249202
111 3 el distri suburban,"Energy Transport Electricity Distribution, Suburban",Financial data,"Investment costs; service line,  above 100 kW [€/unit]",EUR/unit,2020,"[G, F]",6,Lower,2050,7808.835019724282
111 3 el distri suburban,"Energy Transport Electricity Distribution, Suburban",Financial data,"Investment costs; service line,  above 100 kW [€/unit]",EUR/unit,2020,"[G, F]",6,Upper,2020,9640.537061388
111 3 el distri suburban,"Energy Transport Electricity Distribution, Suburban",Financial data,"Investment costs; service line,  above 100 kW [€/unit]",EUR/unit,2020,"[G, F]",6,Upper,2050,9640.537061388
111 3 el distri suburban,"Energy Transport Electricity Distribution, Suburban",Financial data,"Investment costs; service line,  above 100 kW [€/unit]",EUR/unit,2020,"[G, F]",6,ctrl,2015,9640.537061388
111 3 el distri suburban,"Energy Transport Electricity Distribution, Suburban",Financial data,"Investment costs; service line,  above 100 kW [€/unit]",EUR/unit,2020,"[G, F]",6,ctrl,2020,9640.537061388
111 3 el distri suburban,"Energy Transport Electricity Distribution, Suburban",Financial data,"Investment costs; service line,  above 100 kW [€/unit]",EUR/unit,2020,"[G, F]",6,ctrl,2030,9640.537061388
111 3 el distri suburban,"Energy Transport Electricity Distribution, Suburban",Financial data,"Investment costs; service line,  above 100 kW [€/unit]",EUR/unit,2020,"[G, F]",6,ctrl,2050,9640.537061388
111 3 el distri suburban,"Energy Transport Electricity Distribution, Suburban",Financial data,"Investment costs; service line, 0-20 kW [€/unit]",EUR/unit,2020,"[G, F]",6,Lower,2020,1374.3029007432
111 3 el distri suburban,"Energy Transport Electricity Distribution, Suburban",Financial data,"Investment costs; service line, 0-20 kW [€/unit]",EUR/unit,2020,"[G, F]",6,Lower,2050,1236.87261066888
111 3 el distri suburban,"Energy Transport Electricity Distribution, Suburban",Financial data,"Investment costs; service line, 0-20 kW [€/unit]",EUR/unit,2020,"[G, F]",6,Upper,2020,1527.003223048
111 3 el distri suburban,"Energy Transport Electricity Distribution, Suburban",Financial data,"Investment costs; service line, 0-20 kW [€/unit]",EUR/unit,2020,"[G, F]",6,Upper,2050,1527.003223048
111 3 el distri suburban,"Energy Transport Electricity Distribution, Suburban",Financial data,"Investment costs; service line, 0-20 kW [€/unit]",EUR/unit,2020,"[G, F]",6,ctrl,2015,1527.003223048
111 3 el distri suburban,"Energy Transport Electricity Distribution, Suburban",Financial data,"Investment costs; service line, 0-20 kW [€/unit]",EUR/unit,2020,"[G, F]",6,ctrl,2020,1527.003223048
111 3 el distri suburban,"Energy Transport Electricity Distribution, Suburban",Financial data,"Investment costs; service line, 0-20 kW [€/unit]",EUR/unit,2020,"[G, F]",6,ctrl,2030,1527.003223048
111 3 el distri suburban,"Energy Transport Electricity Distribution, Suburban",Financial data,"Investment costs; service line, 0-20 kW [€/unit]",EUR/unit,2020,"[G, F]",6,ctrl,2050,1527.003223048
111 3 el distri suburban,"Energy Transport Electricity Distribution, Suburban",Financial data,"Investment costs; service line, 20-50 kW [€/unit]",EUR/unit,2020,"[G, F]",6,Lower,2020,3857.809883632201
111 3 el distri suburban,"Energy Transport Electricity Distribution, Suburban",Financial data,"Investment costs; service line, 20-50 kW [€/unit]",EUR/unit,2020,"[G, F]",6,Lower,2050,3472.028895268981
111 3 el distri suburban,"Energy Transport Electricity Distribution, Suburban",Financial data,"Investment costs; service line, 20-50 kW [€/unit]",EUR/unit,2020,"[G, F]",6,Upper,2020,4286.455426258
111 3 el distri suburban,"Energy Transport Electricity Distribution, Suburban",Financial data,"Investment costs; service line, 20-50 kW [€/unit]",EUR/unit,2020,"[G, F]",6,Upper,2050,4286.455426258
111 3 el distri suburban,"Energy Transport Electricity Distribution, Suburban",Financial data,"Investment costs; service line, 20-50 kW [€/unit]",EUR/unit,2020,"[G, F]",6,ctrl,2015,4286.455426258
111 3 el distri suburban,"Energy Transport Electricity Distribution, Suburban",Financial data,"Investment costs; service line, 20-50 kW [€/unit]",EUR/unit,2020,"[G, F]",6,ctrl,2020,4286.455426258
111 3 el distri suburban,"Energy Transport Electricity Distribution, Suburban",Financial data,"Investment costs; service line, 20-50 kW [€/unit]",EUR/unit,2020,"[G, F]",6,ctrl,2030,4286.455426258
111 3 el distri suburban,"Energy Transport Electricity Distribution, Suburban",Financial data,"Investment costs; service line, 20-50 kW [€/unit]",EUR/unit,2020,"[G, F]",6,ctrl,2050,4286.455426258
111 3 el distri suburban,"Energy Transport Electricity Distribution, Suburban",Financial data,"Investment costs; service line, 50-100 kW [€/unit]",EUR/unit,2020,"[G, F]",6,Lower,2020,4060.701398226601
111 3 el distri suburban,"Energy Transport Electricity Distribution, Suburban",Financial data,"Investment costs; service line, 50-100 kW [€/unit]",EUR/unit,2020,"[G, F]",6,Lower,2050,3654.631258403941
111 3 el distri suburban,"Energy Transport Electricity Distribution, Suburban",Financial data,"Investment costs; service line, 50-100 kW [€/unit]",EUR/unit,2020,"[G, F]",6,Upper,2020,4511.890442474
111 3 el distri suburban,"Energy Transport Electricity Distribution, Suburban",Financial data,"Investment costs; service line, 50-100 kW [€/unit]",EUR/unit,2020,"[G, F]",6,Upper,2050,4511.890442474
111 3 el distri suburban,"Energy Transport Electricity Distribution, Suburban",Financial data,"Investment costs; service line, 50-100 kW [€/unit]",EUR/unit,2020,"[G, F]",6,ctrl,2015,4511.890442474
111 3 el distri suburban,"Energy Transport Electricity Distribution, Suburban",Financial data,"Investment costs; service line, 50-100 kW [€/unit]",EUR/unit,2020,"[G, F]",6,ctrl,2020,4511.890442474
111 3 el distri suburban,"Energy Transport Electricity Distribution, Suburban",Financial data,"Investment costs; service line, 50-100 kW [€/unit]",EUR/unit,2020,"[G, F]",6,ctrl,2030,4511.890442474
111 3 el distri suburban,"Energy Transport Electricity Distribution, Suburban",Financial data,"Investment costs; service line, 50-100 kW [€/unit]",EUR/unit,2020,"[G, F]",6,ctrl,2050,4511.890442474
111 3 el distri suburban,"Energy Transport Electricity Distribution, Suburban",Financial data,"Investment costs; single line, 1 MW-5 MW [€/m]",EUR/m,2020,"[H, F]",6,Lower,2020,74.43609026000001
111 3 el distri suburban,"Energy Transport Electricity Distribution, Suburban",Financial data,"Investment costs; single line, 1 MW-5 MW [€/m]",EUR/m,2020,"[H, F]",6,Lower,2050,66.99248123400001
111 3 el distri suburban,"Energy Transport Electricity Distribution, Suburban",Financial data,"Investment costs; single line, 1 MW-5 MW [€/m]",EUR/m,2020,"[H, F]",6,Upper,2020,85.06981744000001
111 3 el distri suburban,"Energy Transport Electricity Distribution, Suburban",Financial data,"Investment costs; single line, 1 MW-5 MW [€/m]",EUR/m,2020,"[H, F]",6,Upper,2050,85.06981744000001
111 3 el distri suburban,"Energy Transport Electricity Distribution, Suburban",Financial data,"Investment costs; single line, 1 MW-5 MW [€/m]",EUR/m,2020,"[H, F]",6,ctrl,2015,85.06981744000001
111 3 el distri suburban,"Energy Transport Electricity Distribution, Suburban",Financial data,"Investment costs; single line, 1 MW-5 MW [€/m]",EUR/m,2020,"[H, F]",6,ctrl,2020,85.06981744000001
111 3 el distri suburban,"Energy Transport Electricity Distribution, Suburban",Financial data,"Investment costs; single line, 1 MW-5 MW [€/m]",EUR/m,2020,"[H, F]",6,ctrl,2030,85.06981744000001
111 3 el distri suburban,"Energy Transport Electricity Distribution, Suburban",Financial data,"Investment costs; single line, 1 MW-5 MW [€/m]",EUR/m,2020,"[H, F]",6,ctrl,2050,85.06981744000001
111 3 el distri suburban,"Energy Transport Electricity Distribution, Suburban",Financial data,"Investment costs; single line, 250 kW-1 MW [€/m]",EUR/m,2020,"[H, F]",6,Lower,2020,69.11922667
111 3 el distri suburban,"Energy Transport Electricity Distribution, Suburban",Financial data,"Investment costs; single line, 250 kW-1 MW [€/m]",EUR/m,2020,"[H, F]",6,Lower,2050,62.207304003
111 3 el distri suburban,"Energy Transport Electricity Distribution, Suburban",Financial data,"Investment costs; single line, 250 kW-1 MW [€/m]",EUR/m,2020,"[H, F]",6,Upper,2020,79.75295385000001
111 3 el distri suburban,"Energy Transport Electricity Distribution, Suburban",Financial data,"Investment costs; single line, 250 kW-1 MW [€/m]",EUR/m,2020,"[H, F]",6,Upper,2050,79.75295385000001
111 3 el distri suburban,"Energy Transport Electricity Distribution, Suburban",Financial data,"Investment costs; single line, 250 kW-1 MW [€/m]",EUR/m,2020,"[H, F]",6,ctrl,2015,79.75295385000001
111 3 el distri suburban,"Energy Transport Electricity Distribution, Suburban",Financial data,"Investment costs; single line, 250 kW-1 MW [€/m]",EUR/m,2020,"[H, F]",6,ctrl,2020,79.75295385000001
111 3 el distri suburban,"Energy Transport Electricity Distribution, Suburban",Financial data,"Investment costs; single line, 250 kW-1 MW [€/m]",EUR/m,2020,"[H, F]",6,ctrl,2030,79.75295385000001
111 3 el distri suburban,"Energy Transport Electricity Distribution, Suburban",Financial data,"Investment costs; single line, 250 kW-1 MW [€/m]",EUR/m,2020,"[H, F]",6,ctrl,2050,79.75295385000001
111 3 el distri suburban,"Energy Transport Electricity Distribution, Suburban",Financial data,"Investment costs; single line, 5 MW-25 MW [€/m]",EUR/m,2020,"[H, F]",6,Lower,2020,125.477980724
111 3 el distri suburban,"Energy Transport Electricity Distribution, Suburban",Financial data,"Investment costs; single line, 5 MW-25 MW [€/m]",EUR/m,2020,"[H, F]",6,Lower,2050,112.9301826516
111 3 el distri suburban,"Energy Transport Electricity Distribution, Suburban",Financial data,"Investment costs; single line, 5 MW-25 MW [€/m]",EUR/m,2020,"[H, F]",6,Upper,2020,136.111707904
111 3 el distri suburban,"Energy Transport Electricity Distribution, Suburban",Financial data,"Investment costs; single line, 5 MW-25 MW [€/m]",EUR/m,2020,"[H, F]",6,Upper,2050,136.111707904
111 3 el distri suburban,"Energy Transport Electricity Distribution, Suburban",Financial data,"Investment costs; single line, 5 MW-25 MW [€/m]",EUR/m,2020,"[H, F]",6,ctrl,2015,136.111707904
111 3 el distri suburban,"Energy Transport Electricity Distribution, Suburban",Financial data,"Investment costs; single line, 5 MW-25 MW [€/m]",EUR/m,2020,"[H, F]",6,ctrl,2020,136.111707904
111 3 el distri suburban,"Energy Transport Electricity Distribution, Suburban",Financial data,"Investment costs; single line, 5 MW-25 MW [€/m]",EUR/m,2020,"[H, F]",6,ctrl,2030,136.111707904
111 3 el distri suburban,"Energy Transport Electricity Distribution, Suburban",Financial data,"Investment costs; single line, 5 MW-25 MW [€/m]",EUR/m,2020,"[H, F]",6,ctrl,2050,136.111707904
111 3 el distri suburban,"Energy Transport Electricity Distribution, Suburban",Financial data,Investment costs; type 1 station [€/MW],EUR/MW,2020,J,6,Lower,2020,38630.204099504
111 3 el distri suburban,"Energy Transport Electricity Distribution, Suburban",Financial data,Investment costs; type 1 station [€/MW],EUR/MW,2020,J,6,Lower,2050,36930.47511912583
111 3 el distri suburban,"Energy Transport Electricity Distribution, Suburban",Financial data,Investment costs; type 1 station [€/MW],EUR/MW,2020,J,6,Upper,2020,40408.163284
111 3 el distri suburban,"Energy Transport Electricity Distribution, Suburban",Financial data,Investment costs; type 1 station [€/MW],EUR/MW,2020,J,6,Upper,2050,40408.163284
111 3 el distri suburban,"Energy Transport Electricity Distribution, Suburban",Financial data,Investment costs; type 1 station [€/MW],EUR/MW,2020,J,6,ctrl,2015,40408.163284
111 3 el distri suburban,"Energy Transport Electricity Distribution, Suburban",Financial data,Investment costs; type 1 station [€/MW],EUR/MW,2020,J,6,ctrl,2020,40408.163284
111 3 el distri suburban,"Energy Transport Electricity Distribution, Suburban",Financial data,Investment costs; type 1 station [€/MW],EUR/MW,2020,J,6,ctrl,2030,40408.163284
111 3 el distri suburban,"Energy Transport Electricity Distribution, Suburban",Financial data,Investment costs; type 1 station [€/MW],EUR/MW,2020,J,6,ctrl,2050,40408.163284
111 3 el distri suburban,"Energy Transport Electricity Distribution, Suburban",Financial data,"Investments, percentage installation [cables]",cables,,K,6,Lower,2020,0.78
111 3 el distri suburban,"Energy Transport Electricity Distribution, Suburban",Financial data,"Investments, percentage installation [cables]",cables,,K,6,Lower,2050,0.78
111 3 el distri suburban,"Energy Transport Electricity Distribution, Suburban",Financial data,"Investments, percentage installation [cables]",cables,,K,6,Upper,2020,0.8
111 3 el distri suburban,"Energy Transport Electricity Distribution, Suburban",Financial data,"Investments, percentage installation [cables]",cables,,K,6,Upper,2050,0.8
111 3 el distri suburban,"Energy Transport Electricity Distribution, Suburban",Financial data,"Investments, percentage installation [cables]",cables,,K,6,ctrl,2015,0.8
111 3 el distri suburban,"Energy Transport Electricity Distribution, Suburban",Financial data,"Investments, percentage installation [cables]",cables,,K,6,ctrl,2020,0.8
111 3 el distri suburban,"Energy Transport Electricity Distribution, Suburban",Financial data,"Investments, percentage installation [cables]",cables,,K,6,ctrl,2030,0.8
111 3 el distri suburban,"Energy Transport Electricity Distribution, Suburban",Financial data,"Investments, percentage installation [cables]",cables,,K,6,ctrl,2050,0.8
111 3 el distri suburban,"Energy Transport Electricity Distribution, Suburban",Financial data,"Investments, percentage installation [stations]",stations,,K,6,Lower,2020,0.13
111 3 el distri suburban,"Energy Transport Electricity Distribution, Suburban",Financial data,"Investments, percentage installation [stations]",stations,,K,6,Lower,2050,0.13
111 3 el distri suburban,"Energy Transport Electricity Distribution, Suburban",Financial data,"Investments, percentage installation [stations]",stations,,K,6,Upper,2020,0.14
111 3 el distri suburban,"Energy Transport Electricity Distribution, Suburban",Financial data,"Investments, percentage installation [stations]",stations,,K,6,Upper,2050,0.14
111 3 el distri suburban,"Energy Transport Electricity Distribution, Suburban",Financial data,"Investments, percentage installation [stations]",stations,,K,6,ctrl,2015,0.14
111 3 el distri suburban,"Energy Transport Electricity Distribution, Suburban",Financial data,"Investments, percentage installation [stations]",stations,,K,6,ctrl,2020,0.14
111 3 el distri suburban,"Energy Transport Electricity Distribution, Suburban",Financial data,"Investments, percentage installation [stations]",stations,,K,6,ctrl,2030,0.14
111 3 el distri suburban,"Energy Transport Electricity Distribution, Suburban",Financial data,"Investments, percentage installation [stations]",stations,,K,6,ctrl,2050,0.14
111 3 el distri suburban,"Energy Transport Electricity Distribution, Suburban",Financial data,"Investments, percentage materials [cables]",cables,,K,6,Lower,2020,0.22
111 3 el distri suburban,"Energy Transport Electricity Distribution, Suburban",Financial data,"Investments, percentage materials [cables]",cables,,K,6,Lower,2050,0.22
111 3 el distri suburban,"Energy Transport Electricity Distribution, Suburban",Financial data,"Investments, percentage materials [cables]",cables,,K,6,Upper,2020,0.2
111 3 el distri suburban,"Energy Transport Electricity Distribution, Suburban",Financial data,"Investments, percentage materials [cables]",cables,,K,6,Upper,2050,0.2
111 3 el distri suburban,"Energy Transport Electricity Distribution, Suburban",Financial data,"Investments, percentage materials [cables]",cables,,K,6,ctrl,2015,0.2
111 3 el distri suburban,"Energy Transport Electricity Distribution, Suburban",Financial data,"Investments, percentage materials [cables]",cables,,K,6,ctrl,2020,0.2
111 3 el distri suburban,"Energy Transport Electricity Distribution, Suburban",Financial data,"Investments, percentage materials [cables]",cables,,K,6,ctrl,2030,0.2
111 3 el distri suburban,"Energy Transport Electricity Distribution, Suburban",Financial data,"Investments, percentage materials [cables]",cables,,K,6,ctrl,2050,0.2
111 3 el distri suburban,"Energy Transport Electricity Distribution, Suburban",Financial data,"Investments, percentage materials [stations]",stations,,K,6,Lower,2020,0.87
111 3 el distri suburban,"Energy Transport Electricity Distribution, Suburban",Financial data,"Investments, percentage materials [stations]",stations,,K,6,Lower,2050,0.87
111 3 el distri suburban,"Energy Transport Electricity Distribution, Suburban",Financial data,"Investments, percentage materials [stations]",stations,,K,6,Upper,2020,0.86
111 3 el distri suburban,"Energy Transport Electricity Distribution, Suburban",Financial data,"Investments, percentage materials [stations]",stations,,K,6,Upper,2050,0.86
111 3 el distri suburban,"Energy Transport Electricity Distribution, Suburban",Financial data,"Investments, percentage materials [stations]",stations,,K,6,ctrl,2015,0.86
111 3 el distri suburban,"Energy Transport Electricity Distribution, Suburban",Financial data,"Investments, percentage materials [stations]",stations,,K,6,ctrl,2020,0.86
111 3 el distri suburban,"Energy Transport Electricity Distribution, Suburban",Financial data,"Investments, percentage materials [stations]",stations,,K,6,ctrl,2030,0.86
111 3 el distri suburban,"Energy Transport Electricity Distribution, Suburban",Financial data,"Investments, percentage materials [stations]",stations,,K,6,ctrl,2050,0.86
111 3 el distri suburban,"Energy Transport Electricity Distribution, Suburban",Financial data,Reinforcement costs [€/MW] (Station),EUR/MW,2020,"[I, F, J]",6,Lower,2020,11690.719661692
111 3 el distri suburban,"Energy Transport Electricity Distribution, Suburban",Financial data,Reinforcement costs [€/MW] (Station),EUR/MW,2020,"[I, F, J]",6,Lower,2050,11176.32799657755
111 3 el distri suburban,"Energy Transport Electricity Distribution, Suburban",Financial data,Reinforcement costs [€/MW] (Station),EUR/MW,2020,"[I, F, J]",6,Upper,2020,12228.786257
111 3 el distri suburban,"Energy Transport Electricity Distribution, Suburban",Financial data,Reinforcement costs [€/MW] (Station),EUR/MW,2020,"[I, F, J]",6,Upper,2050,12228.786257
111 3 el distri suburban,"Energy Transport Electricity Distribution, Suburban",Financial data,Reinforcement costs [€/MW] (Station),EUR/MW,2020,"[I, F, J]",6,ctrl,2015,12228.786257
111 3 el distri suburban,"Energy Transport Electricity Distribution, Suburban",Financial data,Reinforcement costs [€/MW] (Station),EUR/MW,2020,"[I, F, J]",6,ctrl,2020,12228.786257
111 3 el distri suburban,"Energy Transport Electricity Distribution, Suburban",Financial data,Reinforcement costs [€/MW] (Station),EUR/MW,2020,"[I, F, J]",6,ctrl,2030,12228.786257
111 3 el distri suburban,"Energy Transport Electricity Distribution, Suburban",Financial data,Reinforcement costs [€/MW] (Station),EUR/MW,2020,"[I, F, J]",6,ctrl,2050,12228.786257
111 4 el distri  city,"Energy Transport Electricity Distribution, City",Energy/technical data,- Commercial,,,D,,Lower,2020,0.5
111 4 el distri  city,"Energy Transport Electricity Distribution, City",Energy/technical data,- Commercial,,,D,,Lower,2050,0.45
111 4 el distri  city,"Energy Transport Electricity Distribution, City",Energy/technical data,- Commercial,,,D,,Upper,2020,0.5
111 4 el distri  city,"Energy Transport Electricity Distribution, City",Energy/technical data,- Commercial,,,D,,Upper,2050,0.575
111 4 el distri  city,"Energy Transport Electricity Distribution, City",Energy/technical data,- Commercial,,,D,,ctrl,2015,0.5
111 4 el distri  city,"Energy Transport Electricity Distribution, City",Energy/technical data,- Commercial,,,D,,ctrl,2020,0.5
111 4 el distri  city,"Energy Transport Electricity Distribution, City",Energy/technical data,- Commercial,,,D,,ctrl,2030,0.5
111 4 el distri  city,"Energy Transport Electricity Distribution, City",Energy/technical data,- Commercial,,,D,,ctrl,2050,0.5
111 4 el distri  city,"Energy Transport Electricity Distribution, City",Energy/technical data,- Residential,,,D,,Lower,2020,0.5
111 4 el distri  city,"Energy Transport Electricity Distribution, City",Energy/technical data,- Residential,,,D,,Lower,2050,0.45
111 4 el distri  city,"Energy Transport Electricity Distribution, City",Energy/technical data,- Residential,,,D,,Upper,2020,0.5
111 4 el distri  city,"Energy Transport Electricity Distribution, City",Energy/technical data,- Residential,,,D,,Upper,2050,0.575
111 4 el distri  city,"Energy Transport Electricity Distribution, City",Energy/technical data,- Residential,,,D,,ctrl,2015,0.5
111 4 el distri  city,"Energy Transport Electricity Distribution, City",Energy/technical data,- Residential,,,D,,ctrl,2020,0.5
111 4 el distri  city,"Energy Transport Electricity Distribution, City",Energy/technical data,- Residential,,,D,,ctrl,2030,0.5
111 4 el distri  city,"Energy Transport Electricity Distribution, City",Energy/technical data,- Residential,,,D,,ctrl,2050,0.5
111 4 el distri  city,"Energy Transport Electricity Distribution, City",Energy/technical data,Construction time [years],years,,,5,Lower,2020,1
111 4 el distri  city,"Energy Transport Electricity Distribution, City",Energy/technical data,Construction time [years],years,,,5,Lower,2050,1
111 4 el distri  city,"Energy Transport Electricity Distribution, City",Energy/technical data,Construction time [years],years,,,5,Upper,2020,2
111 4 el distri  city,"Energy Transport Electricity Distribution, City",Energy/technical data,Construction time [years],years,,,5,Upper,2050,2
111 4 el distri  city,"Energy Transport Electricity Distribution, City",Energy/technical data,Construction time [years],years,,,5,ctrl,2015,1
111 4 el distri  city,"Energy Transport Electricity Distribution, City",Energy/technical data,Construction time [years],years,,,5,ctrl,2020,1
111 4 el distri  city,"Energy Transport Electricity Distribution, City",Energy/technical data,Construction time [years],years,,,5,ctrl,2030,1
111 4 el distri  city,"Energy Transport Electricity Distribution, City",Energy/technical data,Construction time [years],years,,,5,ctrl,2050,1
111 4 el distri  city,"Energy Transport Electricity Distribution, City",Energy/technical data,"Energy losses, lines [%]",pct.,,A,1,Lower,2020,2.25
111 4 el distri  city,"Energy Transport Electricity Distribution, City",Energy/technical data,"Energy losses, lines [%]",pct.,,A,1,Lower,2050,1.5
111 4 el distri  city,"Energy Transport Electricity Distribution, City",Energy/technical data,"Energy losses, lines [%]",pct.,,A,1,Upper,2020,2.25
111 4 el distri  city,"Energy Transport Electricity Distribution, City",Energy/technical data,"Energy losses, lines [%]",pct.,,A,1,Upper,2050,2.25
111 4 el distri  city,"Energy Transport Electricity Distribution, City",Energy/technical data,"Energy losses, lines [%]",pct.,,A,1,ctrl,2015,2.25
111 4 el distri  city,"Energy Transport Electricity Distribution, City",Energy/technical data,"Energy losses, lines [%]",pct.,,A,1,ctrl,2020,2.25
111 4 el distri  city,"Energy Transport Electricity Distribution, City",Energy/technical data,"Energy losses, lines [%]",pct.,,A,1,ctrl,2030,2.25
111 4 el distri  city,"Energy Transport Electricity Distribution, City",Energy/technical data,"Energy losses, lines [%]",pct.,,A,1,ctrl,2050,2.25
111 4 el distri  city,"Energy Transport Electricity Distribution, City",Energy/technical data,"Energy losses, stations [%]",pct.,,B,2,Lower,2020,0.75
111 4 el distri  city,"Energy Transport Electricity Distribution, City",Energy/technical data,"Energy losses, stations [%]",pct.,,B,2,Lower,2050,0.75
111 4 el distri  city,"Energy Transport Electricity Distribution, City",Energy/technical data,"Energy losses, stations [%]",pct.,,B,2,Upper,2020,1.5
111 4 el distri  city,"Energy Transport Electricity Distribution, City",Energy/technical data,"Energy losses, stations [%]",pct.,,B,2,Upper,2050,1.5
111 4 el distri  city,"Energy Transport Electricity Distribution, City",Energy/technical data,"Energy losses, stations [%]",pct.,,B,2,ctrl,2015,1.125
111 4 el distri  city,"Energy Transport Electricity Distribution, City",Energy/technical data,"Energy losses, stations [%]",pct.,,B,2,ctrl,2020,1.125
111 4 el distri  city,"Energy Transport Electricity Distribution, City",Energy/technical data,"Energy losses, stations [%]",pct.,,B,2,ctrl,2030,1.125
111 4 el distri  city,"Energy Transport Electricity Distribution, City",Energy/technical data,"Energy losses, stations [%]",pct.,,B,2,ctrl,2050,1.125
111 4 el distri  city,"Energy Transport Electricity Distribution, City",Energy/technical data,Technical life time [years],years,,C,"[4, 5]",Lower,2020,35
111 4 el distri  city,"Energy Transport Electricity Distribution, City",Energy/technical data,Technical life time [years],years,,C,"[4, 5]",Lower,2050,35
111 4 el distri  city,"Energy Transport Electricity Distribution, City",Energy/technical data,Technical life time [years],years,,C,"[4, 5]",Upper,2020,40
111 4 el distri  city,"Energy Transport Electricity Distribution, City",Energy/technical data,Technical life time [years],years,,C,"[4, 5]",Upper,2050,50
111 4 el distri  city,"Energy Transport Electricity Distribution, City",Energy/technical data,Technical life time [years],years,,C,"[4, 5]",ctrl,2015,40
111 4 el distri  city,"Energy Transport Electricity Distribution, City",Energy/technical data,Technical life time [years],years,,C,"[4, 5]",ctrl,2020,40
111 4 el distri  city,"Energy Transport Electricity Distribution, City",Energy/technical data,Technical life time [years],years,,C,"[4, 5]",ctrl,2030,40
111 4 el distri  city,"Energy Transport Electricity Distribution, City",Energy/technical data,Technical life time [years],years,,C,"[4, 5]",ctrl,2050,40
111 4 el distri  city,"Energy Transport Electricity Distribution, City",Energy/technical data,Typical load profile [-],-,,D,"[1, 5]",Lower,2020,0.5
111 4 el distri  city,"Energy Transport Electricity Distribution, City",Energy/technical data,Typical load profile [-],-,,D,"[1, 5]",Lower,2050,0.45
111 4 el distri  city,"Energy Transport Electricity Distribution, City",Energy/technical data,Typical load profile [-],-,,D,"[1, 5]",Upper,2020,0.5
111 4 el distri  city,"Energy Transport Electricity Distribution, City",Energy/technical data,Typical load profile [-],-,,D,"[1, 5]",Upper,2050,0.575
111 4 el distri  city,"Energy Transport Electricity Distribution, City",Energy/technical data,Typical load profile [-],-,,D,"[1, 5]",ctrl,2015,0.5
111 4 el distri  city,"Energy Transport Electricity Distribution, City",Energy/technical data,Typical load profile [-],-,,D,"[1, 5]",ctrl,2020,0.5
111 4 el distri  city,"Energy Transport Electricity Distribution, City",Energy/technical data,Typical load profile [-],-,,D,"[1, 5]",ctrl,2030,0.5
111 4 el distri  city,"Energy Transport Electricity Distribution, City",Energy/technical data,Typical load profile [-],-,,D,"[1, 5]",ctrl,2050,0.5
111 4 el distri  city,"Energy Transport Electricity Distribution, City",Financial data,Distribution network costs [€/MWh/year] City,EUR/MWh/year,2020,"[E, F]","[1, 6]",Lower,2020,371.4551650315335
111 4 el distri  city,"Energy Transport Electricity Distribution, City",Financial data,Distribution network costs [€/MWh/year] City,EUR/MWh/year,2020,"[E, F]","[1, 6]",Lower,2050,334.1660140326935
111 4 el distri  city,"Energy Transport Electricity Distribution, City",Financial data,Distribution network costs [€/MWh/year] City,EUR/MWh/year,2020,"[E, F]","[1, 6]",Upper,2020,412.7279611461483
111 4 el distri  city,"Energy Transport Electricity Distribution, City",Financial data,Distribution network costs [€/MWh/year] City,EUR/MWh/year,2020,"[E, F]","[1, 6]",Upper,2050,531.0492211446796
111 4 el distri  city,"Energy Transport Electricity Distribution, City",Financial data,Distribution network costs [€/MWh/year] City,EUR/MWh/year,2020,"[E, F]","[1, 6]",ctrl,2015,388.13104207
111 4 el distri  city,"Energy Transport Electricity Distribution, City",Financial data,Distribution network costs [€/MWh/year] City,EUR/MWh/year,2020,"[E, F]","[1, 6]",ctrl,2020,388.13104207
111 4 el distri  city,"Energy Transport Electricity Distribution, City",Financial data,Distribution network costs [€/MWh/year] City,EUR/MWh/year,2020,"[E, F]","[1, 6]",ctrl,2030,388.13104207
111 4 el distri  city,"Energy Transport Electricity Distribution, City",Financial data,Distribution network costs [€/MWh/year] City,EUR/MWh/year,2020,"[E, F]","[1, 6]",ctrl,2050,388.13104207
111 4 el distri  city,"Energy Transport Electricity Distribution, City",Financial data,Fixed O&M [€/MW/year],EUR/MW/year,2020,L,7,Lower,2020,3383.789506224487
111 4 el distri  city,"Energy Transport Electricity Distribution, City",Financial data,Fixed O&M [€/MW/year],EUR/MW/year,2020,L,7,Lower,2050,3263.069431800422
111 4 el distri  city,"Energy Transport Electricity Distribution, City",Financial data,Fixed O&M [€/MW/year],EUR/MW/year,2020,L,7,Upper,2020,3445.814161124732
111 4 el distri  city,"Energy Transport Electricity Distribution, City",Financial data,Fixed O&M [€/MW/year],EUR/MW/year,2020,L,7,Upper,2050,3445.814161124732
111 4 el distri  city,"Energy Transport Electricity Distribution, City",Financial data,Fixed O&M [€/MW/year],EUR/MW/year,2020,L,7,ctrl,2015,3240.457558104036
111 4 el distri  city,"Energy Transport Electricity Distribution, City",Financial data,Fixed O&M [€/MW/year],EUR/MW/year,2020,L,7,ctrl,2020,3397.572762868986
111 4 el distri  city,"Energy Transport Electricity Distribution, City",Financial data,Fixed O&M [€/MW/year],EUR/MW/year,2020,L,7,ctrl,2030,3562.305776886396
111 4 el distri  city,"Energy Transport Electricity Distribution, City",Financial data,Fixed O&M [€/MW/year],EUR/MW/year,2020,L,7,ctrl,2050,3735.025953446382
111 4 el distri  city,"Energy Transport Electricity Distribution, City",Financial data,"Investment costs; service line,  above 100 kW [€/unit]",EUR/unit,2020,"[G, F]",6,Lower,2020,12345.54138903434
111 4 el distri  city,"Energy Transport Electricity Distribution, City",Financial data,"Investment costs; service line,  above 100 kW [€/unit]",EUR/unit,2020,"[G, F]",6,Lower,2050,11815.12071183505
111 4 el distri  city,"Energy Transport Electricity Distribution, City",Financial data,"Investment costs; service line,  above 100 kW [€/unit]",EUR/unit,2020,"[G, F]",6,Upper,2020,12899.774442058
111 4 el distri  city,"Energy Transport Electricity Distribution, City",Financial data,"Investment costs; service line,  above 100 kW [€/unit]",EUR/unit,2020,"[G, F]",6,Upper,2050,12899.774442058
111 4 el distri  city,"Energy Transport Electricity Distribution, City",Financial data,"Investment costs; service line,  above 100 kW [€/unit]",EUR/unit,2020,"[G, F]",6,ctrl,2015,12899.774442058
111 4 el distri  city,"Energy Transport Electricity Distribution, City",Financial data,"Investment costs; service line,  above 100 kW [€/unit]",EUR/unit,2020,"[G, F]",6,ctrl,2020,12899.774442058
111 4 el distri  city,"Energy Transport Electricity Distribution, City",Financial data,"Investment costs; service line,  above 100 kW [€/unit]",EUR/unit,2020,"[G, F]",6,ctrl,2030,12899.774442058
111 4 el distri  city,"Energy Transport Electricity Distribution, City",Financial data,"Investment costs; service line,  above 100 kW [€/unit]",EUR/unit,2020,"[G, F]",6,ctrl,2050,12899.774442058
111 4 el distri  city,"Energy Transport Electricity Distribution, City",Financial data,"Investment costs; service line, 0-20 kW [€/unit]",EUR/unit,2020,"[G, F]",6,Lower,2020,2187.005889459631
111 4 el distri  city,"Energy Transport Electricity Distribution, City",Financial data,"Investment costs; service line, 0-20 kW [€/unit]",EUR/unit,2020,"[G, F]",6,Lower,2050,2093.042157261026
111 4 el distri  city,"Energy Transport Electricity Distribution, City",Financial data,"Investment costs; service line, 0-20 kW [€/unit]",EUR/unit,2020,"[G, F]",6,Upper,2020,2285.187970982
111 4 el distri  city,"Energy Transport Electricity Distribution, City",Financial data,"Investment costs; service line, 0-20 kW [€/unit]",EUR/unit,2020,"[G, F]",6,Upper,2050,2285.187970982
111 4 el distri  city,"Energy Transport Electricity Distribution, City",Financial data,"Investment costs; service line, 0-20 kW [€/unit]",EUR/unit,2020,"[G, F]",6,ctrl,2015,2285.187970982
111 4 el distri  city,"Energy Transport Electricity Distribution, City",Financial data,"Investment costs; service line, 0-20 kW [€/unit]",EUR/unit,2020,"[G, F]",6,ctrl,2020,2285.187970982
111 4 el distri  city,"Energy Transport Electricity Distribution, City",Financial data,"Investment costs; service line, 0-20 kW [€/unit]",EUR/unit,2020,"[G, F]",6,ctrl,2030,2285.187970982
111 4 el distri  city,"Energy Transport Electricity Distribution, City",Financial data,"Investment costs; service line, 0-20 kW [€/unit]",EUR/unit,2020,"[G, F]",6,ctrl,2050,2285.187970982
111 4 el distri  city,"Energy Transport Electricity Distribution, City",Financial data,"Investment costs; service line, 20-50 kW [€/unit]",EUR/unit,2020,"[G, F]",6,Lower,2020,5717.356485334672
111 4 el distri  city,"Energy Transport Electricity Distribution, City",Financial data,"Investment costs; service line, 20-50 kW [€/unit]",EUR/unit,2020,"[G, F]",6,Lower,2050,5471.712815026732
111 4 el distri  city,"Energy Transport Electricity Distribution, City",Financial data,"Investment costs; service line, 20-50 kW [€/unit]",EUR/unit,2020,"[G, F]",6,Upper,2020,5974.027929724
111 4 el distri  city,"Energy Transport Electricity Distribution, City",Financial data,"Investment costs; service line, 20-50 kW [€/unit]",EUR/unit,2020,"[G, F]",6,Upper,2050,5974.027929724
111 4 el distri  city,"Energy Transport Electricity Distribution, City",Financial data,"Investment costs; service line, 20-50 kW [€/unit]",EUR/unit,2020,"[G, F]",6,ctrl,2015,5974.027929724
111 4 el distri  city,"Energy Transport Electricity Distribution, City",Financial data,"Investment costs; service line, 20-50 kW [€/unit]",EUR/unit,2020,"[G, F]",6,ctrl,2020,5974.027929724
111 4 el distri  city,"Energy Transport Electricity Distribution, City",Financial data,"Investment costs; service line, 20-50 kW [€/unit]",EUR/unit,2020,"[G, F]",6,ctrl,2030,5974.027929724
111 4 el distri  city,"Energy Transport Electricity Distribution, City",Financial data,"Investment costs; service line, 20-50 kW [€/unit]",EUR/unit,2020,"[G, F]",6,ctrl,2050,5974.027929724
111 4 el distri  city,"Energy Transport Electricity Distribution, City",Financial data,"Investment costs; service line, 50-100 kW [€/unit]",EUR/unit,2020,"[G, F]",6,Lower,2020,5876.115405183766
111 4 el distri  city,"Energy Transport Electricity Distribution, City",Financial data,"Investment costs; service line, 50-100 kW [€/unit]",EUR/unit,2020,"[G, F]",6,Lower,2050,5623.65072872274
111 4 el distri  city,"Energy Transport Electricity Distribution, City",Financial data,"Investment costs; service line, 50-100 kW [€/unit]",EUR/unit,2020,"[G, F]",6,Upper,2020,6139.914073732
111 4 el distri  city,"Energy Transport Electricity Distribution, City",Financial data,"Investment costs; service line, 50-100 kW [€/unit]",EUR/unit,2020,"[G, F]",6,Upper,2050,6139.914073732
111 4 el distri  city,"Energy Transport Electricity Distribution, City",Financial data,"Investment costs; service line, 50-100 kW [€/unit]",EUR/unit,2020,"[G, F]",6,ctrl,2015,6139.914073732
111 4 el distri  city,"Energy Transport Electricity Distribution, City",Financial data,"Investment costs; service line, 50-100 kW [€/unit]",EUR/unit,2020,"[G, F]",6,ctrl,2020,6139.914073732
111 4 el distri  city,"Energy Transport Electricity Distribution, City",Financial data,"Investment costs; service line, 50-100 kW [€/unit]",EUR/unit,2020,"[G, F]",6,ctrl,2030,6139.914073732
111 4 el distri  city,"Energy Transport Electricity Distribution, City",Financial data,"Investment costs; service line, 50-100 kW [€/unit]",EUR/unit,2020,"[G, F]",6,ctrl,2050,6139.914073732
111 4 el distri  city,"Energy Transport Electricity Distribution, City",Financial data,"Investment costs; single line, 1 MW-5 MW [€/m]",EUR/m,2020,"[H, F]",6,Lower,2020,110.590762672
111 4 el distri  city,"Energy Transport Electricity Distribution, City",Financial data,"Investment costs; single line, 1 MW-5 MW [€/m]",EUR/m,2020,"[H, F]",6,Lower,2050,105.8392798993958
111 4 el distri  city,"Energy Transport Electricity Distribution, City",Financial data,"Investment costs; single line, 1 MW-5 MW [€/m]",EUR/m,2020,"[H, F]",6,Upper,2020,127.60472616
111 4 el distri  city,"Energy Transport Electricity Distribution, City",Financial data,"Investment costs; single line, 1 MW-5 MW [€/m]",EUR/m,2020,"[H, F]",6,Upper,2050,127.60472616
111 4 el distri  city,"Energy Transport Electricity Distribution, City",Financial data,"Investment costs; single line, 1 MW-5 MW [€/m]",EUR/m,2020,"[H, F]",6,ctrl,2015,127.60472616
111 4 el distri  city,"Energy Transport Electricity Distribution, City",Financial data,"Investment costs; single line, 1 MW-5 MW [€/m]",EUR/m,2020,"[H, F]",6,ctrl,2020,127.60472616
111 4 el distri  city,"Energy Transport Electricity Distribution, City",Financial data,"Investment costs; single line, 1 MW-5 MW [€/m]",EUR/m,2020,"[H, F]",6,ctrl,2030,127.60472616
111 4 el distri  city,"Energy Transport Electricity Distribution, City",Financial data,"Investment costs; single line, 1 MW-5 MW [€/m]",EUR/m,2020,"[H, F]",6,ctrl,2050,127.60472616
111 4 el distri  city,"Energy Transport Electricity Distribution, City",Financial data,"Investment costs; single line, 250 kW-1 MW [€/m]",EUR/m,2020,"[H, F]",6,Lower,2020,106.3372718
111 4 el distri  city,"Energy Transport Electricity Distribution, City",Financial data,"Investment costs; single line, 250 kW-1 MW [€/m]",EUR/m,2020,"[H, F]",6,Lower,2050,101.7685383648037
111 4 el distri  city,"Energy Transport Electricity Distribution, City",Financial data,"Investment costs; single line, 250 kW-1 MW [€/m]",EUR/m,2020,"[H, F]",6,Upper,2020,122.28786257
111 4 el distri  city,"Energy Transport Electricity Distribution, City",Financial data,"Investment costs; single line, 250 kW-1 MW [€/m]",EUR/m,2020,"[H, F]",6,Upper,2050,122.28786257
111 4 el distri  city,"Energy Transport Electricity Distribution, City",Financial data,"Investment costs; single line, 250 kW-1 MW [€/m]",EUR/m,2020,"[H, F]",6,ctrl,2015,122.28786257
111 4 el distri  city,"Energy Transport Electricity Distribution, City",Financial data,"Investment costs; single line, 250 kW-1 MW [€/m]",EUR/m,2020,"[H, F]",6,ctrl,2020,122.28786257
111 4 el distri  city,"Energy Transport Electricity Distribution, City",Financial data,"Investment costs; single line, 250 kW-1 MW [€/m]",EUR/m,2020,"[H, F]",6,ctrl,2030,122.28786257
111 4 el distri  city,"Energy Transport Electricity Distribution, City",Financial data,"Investment costs; single line, 250 kW-1 MW [€/m]",EUR/m,2020,"[H, F]",6,ctrl,2050,122.28786257
111 4 el distri  city,"Energy Transport Electricity Distribution, City",Financial data,"Investment costs; single line, 5 MW-25 MW [€/m]",EUR/m,2020,"[H, F]",6,Lower,2020,163.759398572
111 4 el distri  city,"Energy Transport Electricity Distribution, City",Financial data,"Investment costs; single line, 5 MW-25 MW [€/m]",EUR/m,2020,"[H, F]",6,Lower,2050,156.7235490817977
111 4 el distri  city,"Energy Transport Electricity Distribution, City",Financial data,"Investment costs; single line, 5 MW-25 MW [€/m]",EUR/m,2020,"[H, F]",6,Upper,2020,179.709989342
111 4 el distri  city,"Energy Transport Electricity Distribution, City",Financial data,"Investment costs; single line, 5 MW-25 MW [€/m]",EUR/m,2020,"[H, F]",6,Upper,2050,179.709989342
111 4 el distri  city,"Energy Transport Electricity Distribution, City",Financial data,"Investment costs; single line, 5 MW-25 MW [€/m]",EUR/m,2020,"[H, F]",6,ctrl,2015,179.709989342
111 4 el distri  city,"Energy Transport Electricity Distribution, City",Financial data,"Investment costs; single line, 5 MW-25 MW [€/m]",EUR/m,2020,"[H, F]",6,ctrl,2020,179.709989342
111 4 el distri  city,"Energy Transport Electricity Distribution, City",Financial data,"Investment costs; single line, 5 MW-25 MW [€/m]",EUR/m,2020,"[H, F]",6,ctrl,2030,179.709989342
111 4 el distri  city,"Energy Transport Electricity Distribution, City",Financial data,"Investment costs; single line, 5 MW-25 MW [€/m]",EUR/m,2020,"[H, F]",6,ctrl,2050,179.709989342
111 4 el distri  city,"Energy Transport Electricity Distribution, City",Financial data,Investment costs; type 1 station [€/MW],EUR/MW,2020,J,6,Lower,2020,41078.30513018432
111 4 el distri  city,"Energy Transport Electricity Distribution, City",Financial data,Investment costs; type 1 station [€/MW],EUR/MW,2020,J,6,Lower,2050,41759.56082212427
111 4 el distri  city,"Energy Transport Electricity Distribution, City",Financial data,Investment costs; type 1 station [€/MW],EUR/MW,2020,J,6,Upper,2020,42968.93842069489
111 4 el distri  city,"Energy Transport Electricity Distribution, City",Financial data,Investment costs; type 1 station [€/MW],EUR/MW,2020,J,6,Upper,2050,45691.99683798895
111 4 el distri  city,"Energy Transport Electricity Distribution, City",Financial data,Investment costs; type 1 station [€/MW],EUR/MW,2020,J,6,ctrl,2015,40408.163284
111 4 el distri  city,"Energy Transport Electricity Distribution, City",Financial data,Investment costs; type 1 station [€/MW],EUR/MW,2020,J,6,ctrl,2020,40408.163284
111 4 el distri  city,"Energy Transport Electricity Distribution, City",Financial data,Investment costs; type 1 station [€/MW],EUR/MW,2020,J,6,ctrl,2030,40408.163284
111 4 el distri  city,"Energy Transport Electricity Distribution, City",Financial data,Investment costs; type 1 station [€/MW],EUR/MW,2020,J,6,ctrl,2050,40408.163284
111 4 el distri  city,"Energy Transport Electricity Distribution, City",Financial data,"Investments, percentage installation [cables]",cables,,K,6,ctrl,2015,0.86
111 4 el distri  city,"Energy Transport Electricity Distribution, City",Financial data,"Investments, percentage installation [cables]",cables,,K,6,ctrl,2020,0.86
111 4 el distri  city,"Energy Transport Electricity Distribution, City",Financial data,"Investments, percentage installation [cables]",cables,,K,6,ctrl,2030,0.86
111 4 el distri  city,"Energy Transport Electricity Distribution, City",Financial data,"Investments, percentage installation [cables]",cables,,K,6,ctrl,2050,0.86
111 4 el distri  city,"Energy Transport Electricity Distribution, City",Financial data,"Investments, percentage installation [stations]",stations,,K,6,Lower,2020,0.04
111 4 el distri  city,"Energy Transport Electricity Distribution, City",Financial data,"Investments, percentage installation [stations]",stations,,K,6,Lower,2050,0.04
111 4 el distri  city,"Energy Transport Electricity Distribution, City",Financial data,"Investments, percentage installation [stations]",stations,,K,6,Upper,2020,0.05
111 4 el distri  city,"Energy Transport Electricity Distribution, City",Financial data,"Investments, percentage installation [stations]",stations,,K,6,Upper,2050,0.05
111 4 el distri  city,"Energy Transport Electricity Distribution, City",Financial data,"Investments, percentage installation [stations]",stations,,K,6,ctrl,2015,0.05
111 4 el distri  city,"Energy Transport Electricity Distribution, City",Financial data,"Investments, percentage installation [stations]",stations,,K,6,ctrl,2020,0.05
111 4 el distri  city,"Energy Transport Electricity Distribution, City",Financial data,"Investments, percentage installation [stations]",stations,,K,6,ctrl,2030,0.05
111 4 el distri  city,"Energy Transport Electricity Distribution, City",Financial data,"Investments, percentage installation [stations]",stations,,K,6,ctrl,2050,0.05
111 4 el distri  city,"Energy Transport Electricity Distribution, City",Financial data,"Investments, percentage materials [cables]",cables,,K,6,ctrl,2015,0.14
111 4 el distri  city,"Energy Transport Electricity Distribution, City",Financial data,"Investments, percentage materials [cables]",cables,,K,6,ctrl,2020,0.14
111 4 el distri  city,"Energy Transport Electricity Distribution, City",Financial data,"Investments, percentage materials [cables]",cables,,K,6,ctrl,2030,0.14
111 4 el distri  city,"Energy Transport Electricity Distribution, City",Financial data,"Investments, percentage materials [cables]",cables,,K,6,ctrl,2050,0.14
111 4 el distri  city,"Energy Transport Electricity Distribution, City",Financial data,"Investments, percentage materials [stations]",stations,,K,6,Lower,2020,0.96
111 4 el distri  city,"Energy Transport Electricity Distribution, City",Financial data,"Investments, percentage materials [stations]",stations,,K,6,Lower,2050,0.96
111 4 el distri  city,"Energy Transport Electricity Distribution, City",Financial data,"Investments, percentage materials [stations]",stations,,K,6,Upper,2020,0.95
111 4 el distri  city,"Energy Transport Electricity Distribution, City",Financial data,"Investments, percentage materials [stations]",stations,,K,6,Upper,2050,0.95
111 4 el distri  city,"Energy Transport Electricity Distribution, City",Financial data,"Investments, percentage materials [stations]",stations,,K,6,ctrl,2015,0.95
111 4 el distri  city,"Energy Transport Electricity Distribution, City",Financial data,"Investments, percentage materials [stations]",stations,,K,6,ctrl,2020,0.95
111 4 el distri  city,"Energy Transport Electricity Distribution, City",Financial data,"Investments, percentage materials [stations]",stations,,K,6,ctrl,2030,0.95
111 4 el distri  city,"Energy Transport Electricity Distribution, City",Financial data,"Investments, percentage materials [stations]",stations,,K,6,ctrl,2050,0.95
111 4 el distri  city,"Energy Transport Electricity Distribution, City",Financial data,Reinforcement costs [€/MW] (Station),EUR/MW,2020,"[I, F, J]",6,Lower,2020,12431.59234202946
111 4 el distri  city,"Energy Transport Electricity Distribution, City",Financial data,Reinforcement costs [€/MW] (Station),EUR/MW,2020,"[I, F, J]",6,Lower,2050,12637.76182774813
111 4 el distri  city,"Energy Transport Electricity Distribution, City",Financial data,Reinforcement costs [€/MW] (Station),EUR/MW,2020,"[I, F, J]",6,Upper,2020,13003.75767994714
111 4 el distri  city,"Energy Transport Electricity Distribution, City",Financial data,Reinforcement costs [€/MW] (Station),EUR/MW,2020,"[I, F, J]",6,Upper,2050,13003.75767994714
111 4 el distri  city,"Energy Transport Electricity Distribution, City",Financial data,Reinforcement costs [€/MW] (Station),EUR/MW,2020,"[I, F, J]",6,ctrl,2015,12228.786257
111 4 el distri  city,"Energy Transport Electricity Distribution, City",Financial data,Reinforcement costs [€/MW] (Station),EUR/MW,2020,"[I, F, J]",6,ctrl,2020,12228.786257
111 4 el distri  city,"Energy Transport Electricity Distribution, City",Financial data,Reinforcement costs [€/MW] (Station),EUR/MW,2020,"[I, F, J]",6,ctrl,2030,12228.786257
111 4 el distri  city,"Energy Transport Electricity Distribution, City",Financial data,Reinforcement costs [€/MW] (Station),EUR/MW,2020,"[I, F, J]",6,ctrl,2050,12228.786257
111 5 el distri new area,"Energy Transport Electricity Distribution, New developed areas",Energy/technical data,- Commercial ,,,D,,Lower,2020,0.48
111 5 el distri new area,"Energy Transport Electricity Distribution, New developed areas",Energy/technical data,- Commercial ,,,D,,Lower,2050,0.432
111 5 el distri new area,"Energy Transport Electricity Distribution, New developed areas",Energy/technical data,- Commercial ,,,D,,Upper,2020,0.48
111 5 el distri new area,"Energy Transport Electricity Distribution, New developed areas",Energy/technical data,- Commercial ,,,D,,Upper,2050,0.5519999999999999
111 5 el distri new area,"Energy Transport Electricity Distribution, New developed areas",Energy/technical data,- Commercial ,,,D,,ctrl,2015,0.48
111 5 el distri new area,"Energy Transport Electricity Distribution, New developed areas",Energy/technical data,- Commercial ,,,D,,ctrl,2020,0.48
111 5 el distri new area,"Energy Transport Electricity Distribution, New developed areas",Energy/technical data,- Commercial ,,,D,,ctrl,2030,0.48
111 5 el distri new area,"Energy Transport Electricity Distribution, New developed areas",Energy/technical data,- Commercial ,,,D,,ctrl,2050,0.48
111 5 el distri new area,"Energy Transport Electricity Distribution, New developed areas",Energy/technical data,- Residential,,,D,,Lower,2020,0.48
111 5 el distri new area,"Energy Transport Electricity Distribution, New developed areas",Energy/technical data,- Residential,,,D,,Lower,2050,0.432
111 5 el distri new area,"Energy Transport Electricity Distribution, New developed areas",Energy/technical data,- Residential,,,D,,Upper,2020,0.48
111 5 el distri new area,"Energy Transport Electricity Distribution, New developed areas",Energy/technical data,- Residential,,,D,,Upper,2050,0.5519999999999999
111 5 el distri new area,"Energy Transport Electricity Distribution, New developed areas",Energy/technical data,- Residential,,,D,,ctrl,2015,0.48
111 5 el distri new area,"Energy Transport Electricity Distribution, New developed areas",Energy/technical data,- Residential,,,D,,ctrl,2020,0.48
111 5 el distri new area,"Energy Transport Electricity Distribution, New developed areas",Energy/technical data,- Residential,,,D,,ctrl,2030,0.48
111 5 el distri new area,"Energy Transport Electricity Distribution, New developed areas",Energy/technical data,- Residential,,,D,,ctrl,2050,0.48
111 5 el distri new area,"Energy Transport Electricity Distribution, New developed areas",Energy/technical data,Construction time [years],years,,,5,Lower,2020,1
111 5 el distri new area,"Energy Transport Electricity Distribution, New developed areas",Energy/technical data,Construction time [years],years,,,5,Lower,2050,1
111 5 el distri new area,"Energy Transport Electricity Distribution, New developed areas",Energy/technical data,Construction time [years],years,,,5,Upper,2020,2
111 5 el distri new area,"Energy Transport Electricity Distribution, New developed areas",Energy/technical data,Construction time [years],years,,,5,Upper,2050,2
111 5 el distri new area,"Energy Transport Electricity Distribution, New developed areas",Energy/technical data,Construction time [years],years,,,5,ctrl,2015,1
111 5 el distri new area,"Energy Transport Electricity Distribution, New developed areas",Energy/technical data,Construction time [years],years,,,5,ctrl,2020,1
111 5 el distri new area,"Energy Transport Electricity Distribution, New developed areas",Energy/technical data,Construction time [years],years,,,5,ctrl,2030,1
111 5 el distri new area,"Energy Transport Electricity Distribution, New developed areas",Energy/technical data,Construction time [years],years,,,5,ctrl,2050,1
111 5 el distri new area,"Energy Transport Electricity Distribution, New developed areas",Energy/technical data,"Energy losses, lines [%]",pct.,,A,1,Lower,2020,2.25
111 5 el distri new area,"Energy Transport Electricity Distribution, New developed areas",Energy/technical data,"Energy losses, lines [%]",pct.,,A,1,Lower,2050,2.25
111 5 el distri new area,"Energy Transport Electricity Distribution, New developed areas",Energy/technical data,"Energy losses, lines [%]",pct.,,A,1,Upper,2020,3
111 5 el distri new area,"Energy Transport Electricity Distribution, New developed areas",Energy/technical data,"Energy losses, lines [%]",pct.,,A,1,Upper,2050,3
111 5 el distri new area,"Energy Transport Electricity Distribution, New developed areas",Energy/technical data,"Energy losses, lines [%]",pct.,,A,1,ctrl,2015,3
111 5 el distri new area,"Energy Transport Electricity Distribution, New developed areas",Energy/technical data,"Energy losses, lines [%]",pct.,,A,1,ctrl,2020,3
111 5 el distri new area,"Energy Transport Electricity Distribution, New developed areas",Energy/technical data,"Energy losses, lines [%]",pct.,,A,1,ctrl,2030,3
111 5 el distri new area,"Energy Transport Electricity Distribution, New developed areas",Energy/technical data,"Energy losses, lines [%]",pct.,,A,1,ctrl,2050,3
111 5 el distri new area,"Energy Transport Electricity Distribution, New developed areas",Energy/technical data,"Energy losses, stations [%]",pct.,,B,2,Lower,2020,0.75
111 5 el distri new area,"Energy Transport Electricity Distribution, New developed areas",Energy/technical data,"Energy losses, stations [%]",pct.,,B,2,Lower,2050,0.75
111 5 el distri new area,"Energy Transport Electricity Distribution, New developed areas",Energy/technical data,"Energy losses, stations [%]",pct.,,B,2,Upper,2020,1.5
111 5 el distri new area,"Energy Transport Electricity Distribution, New developed areas",Energy/technical data,"Energy losses, stations [%]",pct.,,B,2,Upper,2050,1.5
111 5 el distri new area,"Energy Transport Electricity Distribution, New developed areas",Energy/technical data,"Energy losses, stations [%]",pct.,,B,2,ctrl,2015,1.125
111 5 el distri new area,"Energy Transport Electricity Distribution, New developed areas",Energy/technical data,"Energy losses, stations [%]",pct.,,B,2,ctrl,2020,1.125
111 5 el distri new area,"Energy Transport Electricity Distribution, New developed areas",Energy/technical data,"Energy losses, stations [%]",pct.,,B,2,ctrl,2030,1.125
111 5 el distri new area,"Energy Transport Electricity Distribution, New developed areas",Energy/technical data,"Energy losses, stations [%]",pct.,,B,2,ctrl,2050,1.125
111 5 el distri new area,"Energy Transport Electricity Distribution, New developed areas",Energy/technical data,Technical life time [years],years,,C,"[4, 5]",Lower,2020,35
111 5 el distri new area,"Energy Transport Electricity Distribution, New developed areas",Energy/technical data,Technical life time [years],years,,C,"[4, 5]",Lower,2050,35
111 5 el distri new area,"Energy Transport Electricity Distribution, New developed areas",Energy/technical data,Technical life time [years],years,,C,"[4, 5]",Upper,2020,40
111 5 el distri new area,"Energy Transport Electricity Distribution, New developed areas",Energy/technical data,Technical life time [years],years,,C,"[4, 5]",Upper,2050,50
111 5 el distri new area,"Energy Transport Electricity Distribution, New developed areas",Energy/technical data,Technical life time [years],years,,C,"[4, 5]",ctrl,2015,40
111 5 el distri new area,"Energy Transport Electricity Distribution, New developed areas",Energy/technical data,Technical life time [years],years,,C,"[4, 5]",ctrl,2020,40
111 5 el distri new area,"Energy Transport Electricity Distribution, New developed areas",Energy/technical data,Technical life time [years],years,,C,"[4, 5]",ctrl,2030,40
111 5 el distri new area,"Energy Transport Electricity Distribution, New developed areas",Energy/technical data,Technical life time [years],years,,C,"[4, 5]",ctrl,2050,40
111 5 el distri new area,"Energy Transport Electricity Distribution, New developed areas",Energy/technical data,Typical load profile [-] ,-,,D,"[1, 5]",Lower,2020,0.48
111 5 el distri new area,"Energy Transport Electricity Distribution, New developed areas",Energy/technical data,Typical load profile [-] ,-,,D,"[1, 5]",Lower,2050,0.432
111 5 el distri new area,"Energy Transport Electricity Distribution, New developed areas",Energy/technical data,Typical load profile [-] ,-,,D,"[1, 5]",Upper,2020,0.48
111 5 el distri new area,"Energy Transport Electricity Distribution, New developed areas",Energy/technical data,Typical load profile [-] ,-,,D,"[1, 5]",Upper,2050,0.5519999999999999
111 5 el distri new area,"Energy Transport Electricity Distribution, New developed areas",Energy/technical data,Typical load profile [-] ,-,,D,"[1, 5]",ctrl,2015,0.48
111 5 el distri new area,"Energy Transport Electricity Distribution, New developed areas",Energy/technical data,Typical load profile [-] ,-,,D,"[1, 5]",ctrl,2020,0.48
111 5 el distri new area,"Energy Transport Electricity Distribution, New developed areas",Energy/technical data,Typical load profile [-] ,-,,D,"[1, 5]",ctrl,2030,0.48
111 5 el distri new area,"Energy Transport Electricity Distribution, New developed areas",Energy/technical data,Typical load profile [-] ,-,,D,"[1, 5]",ctrl,2050,0.48
111 5 el distri new area,"Energy Transport Electricity Distribution, New developed areas",Financial data,Distribution network costs [€/MWh/year] New developed area,EUR/MWh/year,2020,"[E, F]","[1, 6]",Lower,2020,165.5671321926
111 5 el distri new area,"Energy Transport Electricity Distribution, New developed areas",Financial data,Distribution network costs [€/MWh/year] New developed area,EUR/MWh/year,2020,"[E, F]","[1, 6]",Lower,2050,140.0697938349396
111 5 el distri new area,"Energy Transport Electricity Distribution, New developed areas",Financial data,Distribution network costs [€/MWh/year] New developed area,EUR/MWh/year,2020,"[E, F]","[1, 6]",Upper,2020,183.963480214
111 5 el distri new area,"Energy Transport Electricity Distribution, New developed areas",Financial data,Distribution network costs [€/MWh/year] New developed area,EUR/MWh/year,2020,"[E, F]","[1, 6]",Upper,2050,218.91654145466
111 5 el distri new area,"Energy Transport Electricity Distribution, New developed areas",Financial data,Distribution network costs [€/MWh/year] New developed area,EUR/MWh/year,2020,"[E, F]","[1, 6]",ctrl,2015,183.963480214
111 5 el distri new area,"Energy Transport Electricity Distribution, New developed areas",Financial data,Distribution network costs [€/MWh/year] New developed area,EUR/MWh/year,2020,"[E, F]","[1, 6]",ctrl,2020,183.963480214
111 5 el distri new area,"Energy Transport Electricity Distribution, New developed areas",Financial data,Distribution network costs [€/MWh/year] New developed area,EUR/MWh/year,2020,"[E, F]","[1, 6]",ctrl,2030,183.963480214
111 5 el distri new area,"Energy Transport Electricity Distribution, New developed areas",Financial data,Distribution network costs [€/MWh/year] New developed area,EUR/MWh/year,2020,"[E, F]","[1, 6]",ctrl,2050,183.963480214
111 5 el distri new area,"Energy Transport Electricity Distribution, New developed areas",Financial data,Fixed O&M [€/MW/year],EUR/MW/year,2020,L,7,Lower,2020,1418.356980106676
111 5 el distri new area,"Energy Transport Electricity Distribution, New developed areas",Financial data,Fixed O&M [€/MW/year],EUR/MW/year,2020,L,7,Lower,2050,1367.75567648439
111 5 el distri new area,"Energy Transport Electricity Distribution, New developed areas",Financial data,Fixed O&M [€/MW/year],EUR/MW/year,2020,L,7,Upper,2020,1444.355376890708
111 5 el distri new area,"Energy Transport Electricity Distribution, New developed areas",Financial data,Fixed O&M [€/MW/year],EUR/MW/year,2020,L,7,Upper,2050,1444.355376890708
111 5 el distri new area,"Energy Transport Electricity Distribution, New developed areas",Financial data,Fixed O&M [€/MW/year],EUR/MW/year,2020,L,7,ctrl,2015,1444.355376890708
111 5 el distri new area,"Energy Transport Electricity Distribution, New developed areas",Financial data,Fixed O&M [€/MW/year],EUR/MW/year,2020,L,7,ctrl,2020,1424.134401614238
111 5 el distri new area,"Energy Transport Electricity Distribution, New developed areas",Financial data,Fixed O&M [€/MW/year],EUR/MW/year,2020,L,7,ctrl,2030,1404.196519991639
111 5 el distri new area,"Energy Transport Electricity Distribution, New developed areas",Financial data,Fixed O&M [€/MW/year],EUR/MW/year,2020,L,7,ctrl,2050,1384.537768711756
111 5 el distri new area,"Energy Transport Electricity Distribution, New developed areas",Financial data,"Investment costs; service line,  above 100 kW [€/unit]",EUR/unit,2020,"[G, F]",6,Lower,2020,3584.097746019
111 5 el distri new area,"Energy Transport Electricity Distribution, New developed areas",Financial data,"Investment costs; service line,  above 100 kW [€/unit]",EUR/unit,2020,"[G, F]",6,Lower,2050,3225.6879714171
111 5 el distri new area,"Energy Transport Electricity Distribution, New developed areas",Financial data,"Investment costs; service line,  above 100 kW [€/unit]",EUR/unit,2020,"[G, F]",6,Upper,2020,3982.33082891
111 5 el distri new area,"Energy Transport Electricity Distribution, New developed areas",Financial data,"Investment costs; service line,  above 100 kW [€/unit]",EUR/unit,2020,"[G, F]",6,Upper,2050,3982.33082891
111 5 el distri new area,"Energy Transport Electricity Distribution, New developed areas",Financial data,"Investment costs; service line,  above 100 kW [€/unit]",EUR/unit,2020,"[G, F]",6,ctrl,2015,3982.33082891
111 5 el distri new area,"Energy Transport Electricity Distribution, New developed areas",Financial data,"Investment costs; service line,  above 100 kW [€/unit]",EUR/unit,2020,"[G, F]",6,ctrl,2020,3982.33082891
111 5 el distri new area,"Energy Transport Electricity Distribution, New developed areas",Financial data,"Investment costs; service line,  above 100 kW [€/unit]",EUR/unit,2020,"[G, F]",6,ctrl,2030,3982.33082891
111 5 el distri new area,"Energy Transport Electricity Distribution, New developed areas",Financial data,"Investment costs; service line,  above 100 kW [€/unit]",EUR/unit,2020,"[G, F]",6,ctrl,2050,3982.33082891
111 5 el distri new area,"Energy Transport Electricity Distribution, New developed areas",Financial data,"Investment costs; service line, 0-20 kW [€/unit]",EUR/unit,2020,"[G, F]",6,Lower,2020,501.4865738088001
111 5 el distri new area,"Energy Transport Electricity Distribution, New developed areas",Financial data,"Investment costs; service line, 0-20 kW [€/unit]",EUR/unit,2020,"[G, F]",6,Lower,2050,451.3379164279201
111 5 el distri new area,"Energy Transport Electricity Distribution, New developed areas",Financial data,"Investment costs; service line, 0-20 kW [€/unit]",EUR/unit,2020,"[G, F]",6,Upper,2020,557.2073042320001
111 5 el distri new area,"Energy Transport Electricity Distribution, New developed areas",Financial data,"Investment costs; service line, 0-20 kW [€/unit]",EUR/unit,2020,"[G, F]",6,Upper,2050,557.2073042320001
111 5 el distri new area,"Energy Transport Electricity Distribution, New developed areas",Financial data,"Investment costs; service line, 0-20 kW [€/unit]",EUR/unit,2020,"[G, F]",6,ctrl,2015,557.2073042320001
111 5 el distri new area,"Energy Transport Electricity Distribution, New developed areas",Financial data,"Investment costs; service line, 0-20 kW [€/unit]",EUR/unit,2020,"[G, F]",6,ctrl,2020,557.2073042320001
111 5 el distri new area,"Energy Transport Electricity Distribution, New developed areas",Financial data,"Investment costs; service line, 0-20 kW [€/unit]",EUR/unit,2020,"[G, F]",6,ctrl,2030,557.2073042320001
111 5 el distri new area,"Energy Transport Electricity Distribution, New developed areas",Financial data,"Investment costs; service line, 0-20 kW [€/unit]",EUR/unit,2020,"[G, F]",6,ctrl,2050,557.2073042320001
111 5 el distri new area,"Energy Transport Electricity Distribution, New developed areas",Financial data,"Investment costs; service line, 20-50 kW [€/unit]",EUR/unit,2020,"[G, F]",6,Lower,2020,1351.3340500344
111 5 el distri new area,"Energy Transport Electricity Distribution, New developed areas",Financial data,"Investment costs; service line, 20-50 kW [€/unit]",EUR/unit,2020,"[G, F]",6,Lower,2050,1216.20064503096
111 5 el distri new area,"Energy Transport Electricity Distribution, New developed areas",Financial data,"Investment costs; service line, 20-50 kW [€/unit]",EUR/unit,2020,"[G, F]",6,Upper,2020,1501.482277816
111 5 el distri new area,"Energy Transport Electricity Distribution, New developed areas",Financial data,"Investment costs; service line, 20-50 kW [€/unit]",EUR/unit,2020,"[G, F]",6,Upper,2050,1501.482277816
111 5 el distri new area,"Energy Transport Electricity Distribution, New developed areas",Financial data,"Investment costs; service line, 20-50 kW [€/unit]",EUR/unit,2020,"[G, F]",6,ctrl,2015,1501.482277816
111 5 el distri new area,"Energy Transport Electricity Distribution, New developed areas",Financial data,"Investment costs; service line, 20-50 kW [€/unit]",EUR/unit,2020,"[G, F]",6,ctrl,2020,1501.482277816
111 5 el distri new area,"Energy Transport Electricity Distribution, New developed areas",Financial data,"Investment costs; service line, 20-50 kW [€/unit]",EUR/unit,2020,"[G, F]",6,ctrl,2030,1501.482277816
111 5 el distri new area,"Energy Transport Electricity Distribution, New developed areas",Financial data,"Investment costs; service line, 20-50 kW [€/unit]",EUR/unit,2020,"[G, F]",6,ctrl,2050,1501.482277816
111 5 el distri new area,"Energy Transport Electricity Distribution, New developed areas",Financial data,"Investment costs; service line, 50-100 kW [€/unit]",EUR/unit,2020,"[G, F]",6,Lower,2020,1514.9871113346
111 5 el distri new area,"Energy Transport Electricity Distribution, New developed areas",Financial data,"Investment costs; service line, 50-100 kW [€/unit]",EUR/unit,2020,"[G, F]",6,Lower,2050,1363.48840020114
111 5 el distri new area,"Energy Transport Electricity Distribution, New developed areas",Financial data,"Investment costs; service line, 50-100 kW [€/unit]",EUR/unit,2020,"[G, F]",6,Upper,2020,1683.319012594
111 5 el distri new area,"Energy Transport Electricity Distribution, New developed areas",Financial data,"Investment costs; service line, 50-100 kW [€/unit]",EUR/unit,2020,"[G, F]",6,Upper,2050,1683.319012594
111 5 el distri new area,"Energy Transport Electricity Distribution, New developed areas",Financial data,"Investment costs; service line, 50-100 kW [€/unit]",EUR/unit,2020,"[G, F]",6,ctrl,2015,1683.319012594
111 5 el distri new area,"Energy Transport Electricity Distribution, New developed areas",Financial data,"Investment costs; service line, 50-100 kW [€/unit]",EUR/unit,2020,"[G, F]",6,ctrl,2020,1683.319012594
111 5 el distri new area,"Energy Transport Electricity Distribution, New developed areas",Financial data,"Investment costs; service line, 50-100 kW [€/unit]",EUR/unit,2020,"[G, F]",6,ctrl,2030,1683.319012594
111 5 el distri new area,"Energy Transport Electricity Distribution, New developed areas",Financial data,"Investment costs; service line, 50-100 kW [€/unit]",EUR/unit,2020,"[G, F]",6,ctrl,2050,1683.319012594
111 5 el distri new area,"Energy Transport Electricity Distribution, New developed areas",Financial data,"Investment costs; single line, 1 MW-5 MW [€/m]",EUR/m,2020,"[H, F]",6,Lower,2020,39.344790566
111 5 el distri new area,"Energy Transport Electricity Distribution, New developed areas",Financial data,"Investment costs; single line, 1 MW-5 MW [€/m]",EUR/m,2020,"[H, F]",6,Lower,2050,35.41031150940001
111 5 el distri new area,"Energy Transport Electricity Distribution, New developed areas",Financial data,"Investment costs; single line, 1 MW-5 MW [€/m]",EUR/m,2020,"[H, F]",6,Upper,2020,43.598281438
111 5 el distri new area,"Energy Transport Electricity Distribution, New developed areas",Financial data,"Investment costs; single line, 1 MW-5 MW [€/m]",EUR/m,2020,"[H, F]",6,Upper,2050,43.598281438
111 5 el distri new area,"Energy Transport Electricity Distribution, New developed areas",Financial data,"Investment costs; single line, 1 MW-5 MW [€/m]",EUR/m,2020,"[H, F]",6,ctrl,2015,43.598281438
111 5 el distri new area,"Energy Transport Electricity Distribution, New developed areas",Financial data,"Investment costs; single line, 1 MW-5 MW [€/m]",EUR/m,2020,"[H, F]",6,ctrl,2020,43.598281438
111 5 el distri new area,"Energy Transport Electricity Distribution, New developed areas",Financial data,"Investment costs; single line, 1 MW-5 MW [€/m]",EUR/m,2020,"[H, F]",6,ctrl,2030,43.598281438
111 5 el distri new area,"Energy Transport Electricity Distribution, New developed areas",Financial data,"Investment costs; single line, 1 MW-5 MW [€/m]",EUR/m,2020,"[H, F]",6,ctrl,2050,43.598281438
111 5 el distri new area,"Energy Transport Electricity Distribution, New developed areas",Financial data,"Investment costs; single line, 100-250 kW  [€/m]",EUR/m,2020,"[H, F]",6,Lower,2020,34.027926976
111 5 el distri new area,"Energy Transport Electricity Distribution, New developed areas",Financial data,"Investment costs; single line, 100-250 kW  [€/m]",EUR/m,2020,"[H, F]",6,Lower,2050,30.6251342784
111 5 el distri new area,"Energy Transport Electricity Distribution, New developed areas",Financial data,"Investment costs; single line, 100-250 kW  [€/m]",EUR/m,2020,"[H, F]",6,Upper,2020,38.281417848
111 5 el distri new area,"Energy Transport Electricity Distribution, New developed areas",Financial data,"Investment costs; single line, 100-250 kW  [€/m]",EUR/m,2020,"[H, F]",6,Upper,2050,38.281417848
111 5 el distri new area,"Energy Transport Electricity Distribution, New developed areas",Financial data,"Investment costs; single line, 100-250 kW  [€/m]",EUR/m,2020,"[H, F]",6,ctrl,2015,38.281417848
111 5 el distri new area,"Energy Transport Electricity Distribution, New developed areas",Financial data,"Investment costs; single line, 100-250 kW  [€/m]",EUR/m,2020,"[H, F]",6,ctrl,2020,38.281417848
111 5 el distri new area,"Energy Transport Electricity Distribution, New developed areas",Financial data,"Investment costs; single line, 100-250 kW  [€/m]",EUR/m,2020,"[H, F]",6,ctrl,2030,38.281417848
111 5 el distri new area,"Energy Transport Electricity Distribution, New developed areas",Financial data,"Investment costs; single line, 100-250 kW  [€/m]",EUR/m,2020,"[H, F]",6,ctrl,2050,38.281417848
111 5 el distri new area,"Energy Transport Electricity Distribution, New developed areas",Financial data,"Investment costs; single line, 250 kW-1 MW [€/m]",EUR/m,2020,"[H, F]",6,Lower,2020,34.027926976
111 5 el distri new area,"Energy Transport Electricity Distribution, New developed areas",Financial data,"Investment costs; single line, 250 kW-1 MW [€/m]",EUR/m,2020,"[H, F]",6,Lower,2050,30.6251342784
111 5 el distri new area,"Energy Transport Electricity Distribution, New developed areas",Financial data,"Investment costs; single line, 250 kW-1 MW [€/m]",EUR/m,2020,"[H, F]",6,Upper,2020,38.281417848
111 5 el distri new area,"Energy Transport Electricity Distribution, New developed areas",Financial data,"Investment costs; single line, 250 kW-1 MW [€/m]",EUR/m,2020,"[H, F]",6,Upper,2050,38.281417848
111 5 el distri new area,"Energy Transport Electricity Distribution, New developed areas",Financial data,"Investment costs; single line, 250 kW-1 MW [€/m]",EUR/m,2020,"[H, F]",6,ctrl,2015,38.281417848
111 5 el distri new area,"Energy Transport Electricity Distribution, New developed areas",Financial data,"Investment costs; single line, 250 kW-1 MW [€/m]",EUR/m,2020,"[H, F]",6,ctrl,2020,38.281417848
111 5 el distri new area,"Energy Transport Electricity Distribution, New developed areas",Financial data,"Investment costs; single line, 250 kW-1 MW [€/m]",EUR/m,2020,"[H, F]",6,ctrl,2030,38.281417848
111 5 el distri new area,"Energy Transport Electricity Distribution, New developed areas",Financial data,"Investment costs; single line, 250 kW-1 MW [€/m]",EUR/m,2020,"[H, F]",6,ctrl,2050,38.281417848
111 5 el distri new area,"Energy Transport Electricity Distribution, New developed areas",Financial data,"Investment costs; single line, 5 MW-25 MW [€/m]",EUR/m,2020,"[H, F]",6,Lower,2020,90.38668103
111 5 el distri new area,"Energy Transport Electricity Distribution, New developed areas",Financial data,"Investment costs; single line, 5 MW-25 MW [€/m]",EUR/m,2020,"[H, F]",6,Lower,2050,81.34801292700001
111 5 el distri new area,"Energy Transport Electricity Distribution, New developed areas",Financial data,"Investment costs; single line, 5 MW-25 MW [€/m]",EUR/m,2020,"[H, F]",6,Upper,2020,93.57679918400001
111 5 el distri new area,"Energy Transport Electricity Distribution, New developed areas",Financial data,"Investment costs; single line, 5 MW-25 MW [€/m]",EUR/m,2020,"[H, F]",6,Upper,2050,93.57679918400001
111 5 el distri new area,"Energy Transport Electricity Distribution, New developed areas",Financial data,"Investment costs; single line, 5 MW-25 MW [€/m]",EUR/m,2020,"[H, F]",6,ctrl,2015,93.57679918400001
111 5 el distri new area,"Energy Transport Electricity Distribution, New developed areas",Financial data,"Investment costs; single line, 5 MW-25 MW [€/m]",EUR/m,2020,"[H, F]",6,ctrl,2020,93.57679918400001
111 5 el distri new area,"Energy Transport Electricity Distribution, New developed areas",Financial data,"Investment costs; single line, 5 MW-25 MW [€/m]",EUR/m,2020,"[H, F]",6,ctrl,2030,93.57679918400001
111 5 el distri new area,"Energy Transport Electricity Distribution, New developed areas",Financial data,"Investment costs; single line, 5 MW-25 MW [€/m]",EUR/m,2020,"[H, F]",6,ctrl,2050,93.57679918400001
111 5 el distri new area,"Energy Transport Electricity Distribution, New developed areas",Financial data,Investment costs; type 1 station [€/MW],EUR/MW,2020,J,6,Lower,2020,38630.204099504
111 5 el distri new area,"Energy Transport Electricity Distribution, New developed areas",Financial data,Investment costs; type 1 station [€/MW],EUR/MW,2020,J,6,Lower,2050,36930.47511912583
111 5 el distri new area,"Energy Transport Electricity Distribution, New developed areas",Financial data,Investment costs; type 1 station [€/MW],EUR/MW,2020,J,6,Upper,2020,40408.163284
111 5 el distri new area,"Energy Transport Electricity Distribution, New developed areas",Financial data,Investment costs; type 1 station [€/MW],EUR/MW,2020,J,6,Upper,2050,40408.163284
111 5 el distri new area,"Energy Transport Electricity Distribution, New developed areas",Financial data,Investment costs; type 1 station [€/MW],EUR/MW,2020,J,6,ctrl,2015,40408.163284
111 5 el distri new area,"Energy Transport Electricity Distribution, New developed areas",Financial data,Investment costs; type 1 station [€/MW],EUR/MW,2020,J,6,ctrl,2020,40408.163284
111 5 el distri new area,"Energy Transport Electricity Distribution, New developed areas",Financial data,Investment costs; type 1 station [€/MW],EUR/MW,2020,J,6,ctrl,2030,40408.163284
111 5 el distri new area,"Energy Transport Electricity Distribution, New developed areas",Financial data,Investment costs; type 1 station [€/MW],EUR/MW,2020,J,6,ctrl,2050,40408.163284
111 5 el distri new area,"Energy Transport Electricity Distribution, New developed areas",Financial data,"Investments, percentage installation [cables]",cables,,K,6,Lower,2020,0.78
111 5 el distri new area,"Energy Transport Electricity Distribution, New developed areas",Financial data,"Investments, percentage installation [cables]",cables,,K,6,Lower,2050,0.78
111 5 el distri new area,"Energy Transport Electricity Distribution, New developed areas",Financial data,"Investments, percentage installation [cables]",cables,,K,6,Upper,2020,0.8
111 5 el distri new area,"Energy Transport Electricity Distribution, New developed areas",Financial data,"Investments, percentage installation [cables]",cables,,K,6,Upper,2050,0.8
111 5 el distri new area,"Energy Transport Electricity Distribution, New developed areas",Financial data,"Investments, percentage installation [cables]",cables,,K,6,ctrl,2015,0.8
111 5 el distri new area,"Energy Transport Electricity Distribution, New developed areas",Financial data,"Investments, percentage installation [cables]",cables,,K,6,ctrl,2020,0.8
111 5 el distri new area,"Energy Transport Electricity Distribution, New developed areas",Financial data,"Investments, percentage installation [cables]",cables,,K,6,ctrl,2030,0.8
111 5 el distri new area,"Energy Transport Electricity Distribution, New developed areas",Financial data,"Investments, percentage installation [cables]",cables,,K,6,ctrl,2050,0.8
111 5 el distri new area,"Energy Transport Electricity Distribution, New developed areas",Financial data,"Investments, percentage installation [stations]",stations,,K,6,Lower,2020,0.13
111 5 el distri new area,"Energy Transport Electricity Distribution, New developed areas",Financial data,"Investments, percentage installation [stations]",stations,,K,6,Lower,2050,0.13
111 5 el distri new area,"Energy Transport Electricity Distribution, New developed areas",Financial data,"Investments, percentage installation [stations]",stations,,K,6,Upper,2020,0.14
111 5 el distri new area,"Energy Transport Electricity Distribution, New developed areas",Financial data,"Investments, percentage installation [stations]",stations,,K,6,Upper,2050,0.14
111 5 el distri new area,"Energy Transport Electricity Distribution, New developed areas",Financial data,"Investments, percentage installation [stations]",stations,,K,6,ctrl,2015,0.14
111 5 el distri new area,"Energy Transport Electricity Distribution, New developed areas",Financial data,"Investments, percentage installation [stations]",stations,,K,6,ctrl,2020,0.14
111 5 el distri new area,"Energy Transport Electricity Distribution, New developed areas",Financial data,"Investments, percentage installation [stations]",stations,,K,6,ctrl,2030,0.14
111 5 el distri new area,"Energy Transport Electricity Distribution, New developed areas",Financial data,"Investments, percentage installation [stations]",stations,,K,6,ctrl,2050,0.14
111 5 el distri new area,"Energy Transport Electricity Distribution, New developed areas",Financial data,"Investments, percentage materials [cables]",cables,,K,6,Lower,2020,0.22
111 5 el distri new area,"Energy Transport Electricity Distribution, New developed areas",Financial data,"Investments, percentage materials [cables]",cables,,K,6,Lower,2050,0.22
111 5 el distri new area,"Energy Transport Electricity Distribution, New developed areas",Financial data,"Investments, percentage materials [cables]",cables,,K,6,Upper,2020,0.2
111 5 el distri new area,"Energy Transport Electricity Distribution, New developed areas",Financial data,"Investments, percentage materials [cables]",cables,,K,6,Upper,2050,0.2
111 5 el distri new area,"Energy Transport Electricity Distribution, New developed areas",Financial data,"Investments, percentage materials [cables]",cables,,K,6,ctrl,2015,0.2
111 5 el distri new area,"Energy Transport Electricity Distribution, New developed areas",Financial data,"Investments, percentage materials [cables]",cables,,K,6,ctrl,2020,0.2
111 5 el distri new area,"Energy Transport Electricity Distribution, New developed areas",Financial data,"Investments, percentage materials [cables]",cables,,K,6,ctrl,2030,0.2
111 5 el distri new area,"Energy Transport Electricity Distribution, New developed areas",Financial data,"Investments, percentage materials [cables]",cables,,K,6,ctrl,2050,0.2
111 5 el distri new area,"Energy Transport Electricity Distribution, New developed areas",Financial data,"Investments, percentage materials [stations]",stations,,K,6,Lower,2020,0.87
111 5 el distri new area,"Energy Transport Electricity Distribution, New developed areas",Financial data,"Investments, percentage materials [stations]",stations,,K,6,Lower,2050,0.87
111 5 el distri new area,"Energy Transport Electricity Distribution, New developed areas",Financial data,"Investments, percentage materials [stations]",stations,,K,6,Upper,2020,0.86
111 5 el distri new area,"Energy Transport Electricity Distribution, New developed areas",Financial data,"Investments, percentage materials [stations]",stations,,K,6,Upper,2050,0.86
111 5 el distri new area,"Energy Transport Electricity Distribution, New developed areas",Financial data,"Investments, percentage materials [stations]",stations,,K,6,ctrl,2015,0.86
111 5 el distri new area,"Energy Transport Electricity Distribution, New developed areas",Financial data,"Investments, percentage materials [stations]",stations,,K,6,ctrl,2020,0.86
111 5 el distri new area,"Energy Transport Electricity Distribution, New developed areas",Financial data,"Investments, percentage materials [stations]",stations,,K,6,ctrl,2030,0.86
111 5 el distri new area,"Energy Transport Electricity Distribution, New developed areas",Financial data,"Investments, percentage materials [stations]",stations,,K,6,ctrl,2050,0.86
111 5 el distri new area,"Energy Transport Electricity Distribution, New developed areas",Financial data,Reinforcement costs [€/MW] (Station),EUR/MW,2020,"[I, F, J]",6,Lower,2020,11690.719661692
111 5 el distri new area,"Energy Transport Electricity Distribution, New developed areas",Financial data,Reinforcement costs [€/MW] (Station),EUR/MW,2020,"[I, F, J]",6,Lower,2050,11176.32799657755
111 5 el distri new area,"Energy Transport Electricity Distribution, New developed areas",Financial data,Reinforcement costs [€/MW] (Station),EUR/MW,2020,"[I, F, J]",6,Upper,2020,12228.786257
111 5 el distri new area,"Energy Transport Electricity Distribution, New developed areas",Financial data,Reinforcement costs [€/MW] (Station),EUR/MW,2020,"[I, F, J]",6,Upper,2050,12228.786257
111 5 el distri new area,"Energy Transport Electricity Distribution, New developed areas",Financial data,Reinforcement costs [€/MW] (Station),EUR/MW,2020,"[I, F, J]",6,ctrl,2015,12228.786257
111 5 el distri new area,"Energy Transport Electricity Distribution, New developed areas",Financial data,Reinforcement costs [€/MW] (Station),EUR/MW,2020,"[I, F, J]",6,ctrl,2020,12228.786257
111 5 el distri new area,"Energy Transport Electricity Distribution, New developed areas",Financial data,Reinforcement costs [€/MW] (Station),EUR/MW,2020,"[I, F, J]",6,ctrl,2030,12228.786257
111 5 el distri new area,"Energy Transport Electricity Distribution, New developed areas",Financial data,Reinforcement costs [€/MW] (Station),EUR/MW,2020,"[I, F, J]",6,ctrl,2050,12228.786257
112 6 gas Main distri line,"Energy Transport, Natural Gas Main distribution line",Energy/technical data,Auxiliary electricity consumption [%] of energy transmitted,pct.,,,2,Lower,2020,0.00425
112 6 gas Main distri line,"Energy Transport, Natural Gas Main distribution line",Energy/technical data,Auxiliary electricity consumption [%] of energy transmitted,pct.,,,2,Lower,2050,0.00425
112 6 gas Main distri line,"Energy Transport, Natural Gas Main distribution line",Energy/technical data,Auxiliary electricity consumption [%] of energy transmitted,pct.,,,2,Upper,2020,0.00575
112 6 gas Main distri line,"Energy Transport, Natural Gas Main distribution line",Energy/technical data,Auxiliary electricity consumption [%] of energy transmitted,pct.,,,2,Upper,2050,0.00575
112 6 gas Main distri line,"Energy Transport, Natural Gas Main distribution line",Energy/technical data,Auxiliary electricity consumption [%] of energy transmitted,pct.,,,2,ctrl,2015,0.005
112 6 gas Main distri line,"Energy Transport, Natural Gas Main distribution line",Energy/technical data,Auxiliary electricity consumption [%] of energy transmitted,pct.,,,2,ctrl,2020,0.005
112 6 gas Main distri line,"Energy Transport, Natural Gas Main distribution line",Energy/technical data,Auxiliary electricity consumption [%] of energy transmitted,pct.,,,2,ctrl,2030,0.005
112 6 gas Main distri line,"Energy Transport, Natural Gas Main distribution line",Energy/technical data,Auxiliary electricity consumption [%] of energy transmitted,pct.,,,2,ctrl,2050,0.005
112 6 gas Main distri line,"Energy Transport, Natural Gas Main distribution line",Energy/technical data,Construction time [years],years,,D,2,Lower,2020,0.7
112 6 gas Main distri line,"Energy Transport, Natural Gas Main distribution line",Energy/technical data,Construction time [years],years,,D,2,Lower,2050,0.7
112 6 gas Main distri line,"Energy Transport, Natural Gas Main distribution line",Energy/technical data,Construction time [years],years,,D,2,Upper,2020,1.5
112 6 gas Main distri line,"Energy Transport, Natural Gas Main distribution line",Energy/technical data,Construction time [years],years,,D,2,Upper,2050,1.5
112 6 gas Main distri line,"Energy Transport, Natural Gas Main distribution line",Energy/technical data,Construction time [years],years,,D,2,ctrl,2015,1
112 6 gas Main distri line,"Energy Transport, Natural Gas Main distribution line",Energy/technical data,Construction time [years],years,,D,2,ctrl,2020,1
112 6 gas Main distri line,"Energy Transport, Natural Gas Main distribution line",Energy/technical data,Construction time [years],years,,D,2,ctrl,2030,1
112 6 gas Main distri line,"Energy Transport, Natural Gas Main distribution line",Energy/technical data,Construction time [years],years,,D,2,ctrl,2050,1
112 6 gas Main distri line,"Energy Transport, Natural Gas Main distribution line",Energy/technical data,"Energy losses, lines 1-20 MW [%]",pct.,,A,1,Lower,2020,0.01
112 6 gas Main distri line,"Energy Transport, Natural Gas Main distribution line",Energy/technical data,"Energy losses, lines 1-20 MW [%]",pct.,,A,1,Lower,2050,0.01
112 6 gas Main distri line,"Energy Transport, Natural Gas Main distribution line",Energy/technical data,"Energy losses, lines 1-20 MW [%]",pct.,,A,1,Upper,2020,0.15
112 6 gas Main distri line,"Energy Transport, Natural Gas Main distribution line",Energy/technical data,"Energy losses, lines 1-20 MW [%]",pct.,,A,1,Upper,2050,0.15
112 6 gas Main distri line,"Energy Transport, Natural Gas Main distribution line",Energy/technical data,"Energy losses, lines 1-20 MW [%]",pct.,,A,1,ctrl,2015,0.1
112 6 gas Main distri line,"Energy Transport, Natural Gas Main distribution line",Energy/technical data,"Energy losses, lines 1-20 MW [%]",pct.,,A,1,ctrl,2020,0.1
112 6 gas Main distri line,"Energy Transport, Natural Gas Main distribution line",Energy/technical data,"Energy losses, lines 1-20 MW [%]",pct.,,A,1,ctrl,2030,0.1
112 6 gas Main distri line,"Energy Transport, Natural Gas Main distribution line",Energy/technical data,"Energy losses, lines 1-20 MW [%]",pct.,,A,1,ctrl,2050,0.1
112 6 gas Main distri line,"Energy Transport, Natural Gas Main distribution line",Energy/technical data,"Energy losses, lines 20-100 MW [%]",pct.,,A,,Lower,2020,0.01
112 6 gas Main distri line,"Energy Transport, Natural Gas Main distribution line",Energy/technical data,"Energy losses, lines 20-100 MW [%]",pct.,,A,,Lower,2050,0.01
112 6 gas Main distri line,"Energy Transport, Natural Gas Main distribution line",Energy/technical data,"Energy losses, lines 20-100 MW [%]",pct.,,A,,Upper,2020,0.15
112 6 gas Main distri line,"Energy Transport, Natural Gas Main distribution line",Energy/technical data,"Energy losses, lines 20-100 MW [%]",pct.,,A,,Upper,2050,0.15
112 6 gas Main distri line,"Energy Transport, Natural Gas Main distribution line",Energy/technical data,"Energy losses, lines 20-100 MW [%]",pct.,,A,,ctrl,2015,0.1
112 6 gas Main distri line,"Energy Transport, Natural Gas Main distribution line",Energy/technical data,"Energy losses, lines 20-100 MW [%]",pct.,,A,,ctrl,2020,0.1
112 6 gas Main distri line,"Energy Transport, Natural Gas Main distribution line",Energy/technical data,"Energy losses, lines 20-100 MW [%]",pct.,,A,,ctrl,2030,0.1
112 6 gas Main distri line,"Energy Transport, Natural Gas Main distribution line",Energy/technical data,"Energy losses, lines 20-100 MW [%]",pct.,,A,,ctrl,2050,0.1
112 6 gas Main distri line,"Energy Transport, Natural Gas Main distribution line",Energy/technical data,"Energy losses, lines above 100 MW [%]",pct.,,A,,Lower,2020,0.01
112 6 gas Main distri line,"Energy Transport, Natural Gas Main distribution line",Energy/technical data,"Energy losses, lines above 100 MW [%]",pct.,,A,,Lower,2050,0.01
112 6 gas Main distri line,"Energy Transport, Natural Gas Main distribution line",Energy/technical data,"Energy losses, lines above 100 MW [%]",pct.,,A,,Upper,2020,0.15
112 6 gas Main distri line,"Energy Transport, Natural Gas Main distribution line",Energy/technical data,"Energy losses, lines above 100 MW [%]",pct.,,A,,Upper,2050,0.15
112 6 gas Main distri line,"Energy Transport, Natural Gas Main distribution line",Energy/technical data,"Energy losses, lines above 100 MW [%]",pct.,,A,,ctrl,2015,0.1
112 6 gas Main distri line,"Energy Transport, Natural Gas Main distribution line",Energy/technical data,"Energy losses, lines above 100 MW [%]",pct.,,A,,ctrl,2020,0.1
112 6 gas Main distri line,"Energy Transport, Natural Gas Main distribution line",Energy/technical data,"Energy losses, lines above 100 MW [%]",pct.,,A,,ctrl,2030,0.1
112 6 gas Main distri line,"Energy Transport, Natural Gas Main distribution line",Energy/technical data,"Energy losses, lines above 100 MW [%]",pct.,,A,,ctrl,2050,0.1
112 6 gas Main distri line,"Energy Transport, Natural Gas Main distribution line",Energy/technical data,"Energy losses, stations type 1 [%]",pct.,,B,,Lower,2020,-
112 6 gas Main distri line,"Energy Transport, Natural Gas Main distribution line",Energy/technical data,"Energy losses, stations type 1 [%]",pct.,,B,,Lower,2050,-
112 6 gas Main distri line,"Energy Transport, Natural Gas Main distribution line",Energy/technical data,"Energy losses, stations type 1 [%]",pct.,,B,,Upper,2020,-
112 6 gas Main distri line,"Energy Transport, Natural Gas Main distribution line",Energy/technical data,"Energy losses, stations type 1 [%]",pct.,,B,,Upper,2050,-
112 6 gas Main distri line,"Energy Transport, Natural Gas Main distribution line",Energy/technical data,"Energy losses, stations type 1 [%]",pct.,,B,,ctrl,2015,-
112 6 gas Main distri line,"Energy Transport, Natural Gas Main distribution line",Energy/technical data,"Energy losses, stations type 1 [%]",pct.,,B,,ctrl,2020,-
112 6 gas Main distri line,"Energy Transport, Natural Gas Main distribution line",Energy/technical data,"Energy losses, stations type 1 [%]",pct.,,B,,ctrl,2030,-
112 6 gas Main distri line,"Energy Transport, Natural Gas Main distribution line",Energy/technical data,"Energy losses, stations type 1 [%]",pct.,,B,,ctrl,2050,-
112 6 gas Main distri line,"Energy Transport, Natural Gas Main distribution line",Energy/technical data,"Energy losses, stations type 2 [%]",pct.,,C,2,Lower,2020,0
112 6 gas Main distri line,"Energy Transport, Natural Gas Main distribution line",Energy/technical data,"Energy losses, stations type 2 [%]",pct.,,C,2,Lower,2050,0
112 6 gas Main distri line,"Energy Transport, Natural Gas Main distribution line",Energy/technical data,"Energy losses, stations type 2 [%]",pct.,,C,2,Upper,2020,0.12
112 6 gas Main distri line,"Energy Transport, Natural Gas Main distribution line",Energy/technical data,"Energy losses, stations type 2 [%]",pct.,,C,2,Upper,2050,0.12
112 6 gas Main distri line,"Energy Transport, Natural Gas Main distribution line",Energy/technical data,"Energy losses, stations type 2 [%]",pct.,,C,2,ctrl,2015,0.1
112 6 gas Main distri line,"Energy Transport, Natural Gas Main distribution line",Energy/technical data,"Energy losses, stations type 2 [%]",pct.,,C,2,ctrl,2020,0.1
112 6 gas Main distri line,"Energy Transport, Natural Gas Main distribution line",Energy/technical data,"Energy losses, stations type 2 [%]",pct.,,C,2,ctrl,2030,0.1
112 6 gas Main distri line,"Energy Transport, Natural Gas Main distribution line",Energy/technical data,"Energy losses, stations type 2 [%]",pct.,,C,2,ctrl,2050,0.1
112 6 gas Main distri line,"Energy Transport, Natural Gas Main distribution line",Energy/technical data,Technical life time [years],years,,,2,Lower,2020,50
112 6 gas Main distri line,"Energy Transport, Natural Gas Main distribution line",Energy/technical data,Technical life time [years],years,,,2,Lower,2050,50
112 6 gas Main distri line,"Energy Transport, Natural Gas Main distribution line",Energy/technical data,Technical life time [years],years,,,2,Upper,2020,80
112 6 gas Main distri line,"Energy Transport, Natural Gas Main distribution line",Energy/technical data,Technical life time [years],years,,,2,Upper,2050,80
112 6 gas Main distri line,"Energy Transport, Natural Gas Main distribution line",Energy/technical data,Technical life time [years],years,,,2,ctrl,2015,50
112 6 gas Main distri line,"Energy Transport, Natural Gas Main distribution line",Energy/technical data,Technical life time [years],years,,,2,ctrl,2020,50
112 6 gas Main distri line,"Energy Transport, Natural Gas Main distribution line",Energy/technical data,Technical life time [years],years,,,2,ctrl,2030,50
112 6 gas Main distri line,"Energy Transport, Natural Gas Main distribution line",Energy/technical data,Technical life time [years],years,,,2,ctrl,2050,50
112 6 gas Main distri line,"Energy Transport, Natural Gas Main distribution line",Energy/technical data,Typical load profile [-],-,,,2,Lower,2020,0.05
112 6 gas Main distri line,"Energy Transport, Natural Gas Main distribution line",Energy/technical data,Typical load profile [-],-,,,2,Lower,2050,0.05
112 6 gas Main distri line,"Energy Transport, Natural Gas Main distribution line",Energy/technical data,Typical load profile [-],-,,,2,Upper,2020,0.4
112 6 gas Main distri line,"Energy Transport, Natural Gas Main distribution line",Energy/technical data,Typical load profile [-],-,,,2,Upper,2050,0.4
112 6 gas Main distri line,"Energy Transport, Natural Gas Main distribution line",Energy/technical data,Typical load profile [-],-,,,2,ctrl,2015,0.2
112 6 gas Main distri line,"Energy Transport, Natural Gas Main distribution line",Energy/technical data,Typical load profile [-],-,,,2,ctrl,2020,0.2
112 6 gas Main distri line,"Energy Transport, Natural Gas Main distribution line",Energy/technical data,Typical load profile [-],-,,,2,ctrl,2030,0.2
112 6 gas Main distri line,"Energy Transport, Natural Gas Main distribution line",Energy/technical data,Typical load profile [-],-,,,2,ctrl,2050,0.2
112 6 gas Main distri line,"Energy Transport, Natural Gas Main distribution line",Financial data,Fixed O&M [€/MW/km/year],EUR/MW/km/year,2020,0,2,Lower,2020,0.1029232843987251
112 6 gas Main distri line,"Energy Transport, Natural Gas Main distribution line",Financial data,Fixed O&M [€/MW/km/year],EUR/MW/km/year,2020,0,2,Lower,2050,0.1029232843987251
112 6 gas Main distri line,"Energy Transport, Natural Gas Main distribution line",Financial data,Fixed O&M [€/MW/km/year],EUR/MW/km/year,2020,0,2,Upper,2020,0.1543849265980876
112 6 gas Main distri line,"Energy Transport, Natural Gas Main distribution line",Financial data,Fixed O&M [€/MW/km/year],EUR/MW/km/year,2020,0,2,Upper,2050,0.1543849265980876
112 6 gas Main distri line,"Energy Transport, Natural Gas Main distribution line",Financial data,Fixed O&M [€/MW/km/year],EUR/MW/km/year,2020,0,2,ctrl,2015,0.1286541054984064
112 6 gas Main distri line,"Energy Transport, Natural Gas Main distribution line",Financial data,Fixed O&M [€/MW/km/year],EUR/MW/km/year,2020,0,2,ctrl,2020,0.1286541054984064
112 6 gas Main distri line,"Energy Transport, Natural Gas Main distribution line",Financial data,Fixed O&M [€/MW/km/year],EUR/MW/km/year,2020,0,2,ctrl,2030,0.1286541054984064
112 6 gas Main distri line,"Energy Transport, Natural Gas Main distribution line",Financial data,Fixed O&M [€/MW/km/year],EUR/MW/km/year,2020,0,2,ctrl,2050,0.1286541054984064
112 6 gas Main distri line,"Energy Transport, Natural Gas Main distribution line",Financial data,"Investment costs; single line, 0-50 MW  [€/MW/m]",EUR/MW/m,2020,"[E, F]",2,Lower,2020,9.187540283520002
112 6 gas Main distri line,"Energy Transport, Natural Gas Main distribution line",Financial data,"Investment costs; single line, 0-50 MW  [€/MW/m]",EUR/MW/m,2020,"[E, F]",2,Lower,2050,9.187540283520002
112 6 gas Main distri line,"Energy Transport, Natural Gas Main distribution line",Financial data,"Investment costs; single line, 0-50 MW  [€/MW/m]",EUR/MW/m,2020,"[E, F]",2,Upper,2020,13.78131042528
112 6 gas Main distri line,"Energy Transport, Natural Gas Main distribution line",Financial data,"Investment costs; single line, 0-50 MW  [€/MW/m]",EUR/MW/m,2020,"[E, F]",2,Upper,2050,13.78131042528
112 6 gas Main distri line,"Energy Transport, Natural Gas Main distribution line",Financial data,"Investment costs; single line, 0-50 MW  [€/MW/m]",EUR/MW/m,2020,"[E, F]",2,ctrl,2015,11.4844253544
112 6 gas Main distri line,"Energy Transport, Natural Gas Main distribution line",Financial data,"Investment costs; single line, 0-50 MW  [€/MW/m]",EUR/MW/m,2020,"[E, F]",2,ctrl,2020,11.4844253544
112 6 gas Main distri line,"Energy Transport, Natural Gas Main distribution line",Financial data,"Investment costs; single line, 0-50 MW  [€/MW/m]",EUR/MW/m,2020,"[E, F]",2,ctrl,2030,11.4844253544
112 6 gas Main distri line,"Energy Transport, Natural Gas Main distribution line",Financial data,"Investment costs; single line, 0-50 MW  [€/MW/m]",EUR/MW/m,2020,"[E, F]",2,ctrl,2050,11.4844253544
112 6 gas Main distri line,"Energy Transport, Natural Gas Main distribution line",Financial data,"Investment costs; single line, 100-250 MW [€/MW/m]",EUR/MW/m,2020,"[E, G]",2,Lower,2020,1.905563910656001
112 6 gas Main distri line,"Energy Transport, Natural Gas Main distribution line",Financial data,"Investment costs; single line, 100-250 MW [€/MW/m]",EUR/MW/m,2020,"[E, G]",2,Lower,2050,1.905563910656001
112 6 gas Main distri line,"Energy Transport, Natural Gas Main distribution line",Financial data,"Investment costs; single line, 100-250 MW [€/MW/m]",EUR/MW/m,2020,"[E, G]",2,Upper,2020,2.858345865984
112 6 gas Main distri line,"Energy Transport, Natural Gas Main distribution line",Financial data,"Investment costs; single line, 100-250 MW [€/MW/m]",EUR/MW/m,2020,"[E, G]",2,Upper,2050,2.858345865984
112 6 gas Main distri line,"Energy Transport, Natural Gas Main distribution line",Financial data,"Investment costs; single line, 100-250 MW [€/MW/m]",EUR/MW/m,2020,"[E, G]",2,ctrl,2015,2.381954888320001
112 6 gas Main distri line,"Energy Transport, Natural Gas Main distribution line",Financial data,"Investment costs; single line, 100-250 MW [€/MW/m]",EUR/MW/m,2020,"[E, G]",2,ctrl,2020,2.381954888320001
112 6 gas Main distri line,"Energy Transport, Natural Gas Main distribution line",Financial data,"Investment costs; single line, 100-250 MW [€/MW/m]",EUR/MW/m,2020,"[E, G]",2,ctrl,2030,2.381954888320001
112 6 gas Main distri line,"Energy Transport, Natural Gas Main distribution line",Financial data,"Investment costs; single line, 100-250 MW [€/MW/m]",EUR/MW/m,2020,"[E, G]",2,ctrl,2050,2.381954888320001
112 6 gas Main distri line,"Energy Transport, Natural Gas Main distribution line",Financial data,"Investment costs; single line, 250-500 MW [€/MW/m]",EUR/MW/m,2020,"[E, G]",2,Lower,2020,0.995316864048
112 6 gas Main distri line,"Energy Transport, Natural Gas Main distribution line",Financial data,"Investment costs; single line, 250-500 MW [€/MW/m]",EUR/MW/m,2020,"[E, G]",2,Lower,2050,0.995316864048
112 6 gas Main distri line,"Energy Transport, Natural Gas Main distribution line",Financial data,"Investment costs; single line, 250-500 MW [€/MW/m]",EUR/MW/m,2020,"[E, G]",2,Upper,2020,1.492975296072
112 6 gas Main distri line,"Energy Transport, Natural Gas Main distribution line",Financial data,"Investment costs; single line, 250-500 MW [€/MW/m]",EUR/MW/m,2020,"[E, G]",2,Upper,2050,1.492975296072
112 6 gas Main distri line,"Energy Transport, Natural Gas Main distribution line",Financial data,"Investment costs; single line, 250-500 MW [€/MW/m]",EUR/MW/m,2020,"[E, G]",2,ctrl,2015,1.24414608006
112 6 gas Main distri line,"Energy Transport, Natural Gas Main distribution line",Financial data,"Investment costs; single line, 250-500 MW [€/MW/m]",EUR/MW/m,2020,"[E, G]",2,ctrl,2020,1.24414608006
112 6 gas Main distri line,"Energy Transport, Natural Gas Main distribution line",Financial data,"Investment costs; single line, 250-500 MW [€/MW/m]",EUR/MW/m,2020,"[E, G]",2,ctrl,2030,1.24414608006
112 6 gas Main distri line,"Energy Transport, Natural Gas Main distribution line",Financial data,"Investment costs; single line, 250-500 MW [€/MW/m]",EUR/MW/m,2020,"[E, G]",2,ctrl,2050,1.24414608006
112 6 gas Main distri line,"Energy Transport, Natural Gas Main distribution line",Financial data,"Investment costs; single line, 50-100 MW [€/MW/m]",EUR/MW/m,2020,"[E, G]",2,Lower,2020,3.572932332480001
112 6 gas Main distri line,"Energy Transport, Natural Gas Main distribution line",Financial data,"Investment costs; single line, 50-100 MW [€/MW/m]",EUR/MW/m,2020,"[E, G]",2,Lower,2050,3.572932332480001
112 6 gas Main distri line,"Energy Transport, Natural Gas Main distribution line",Financial data,"Investment costs; single line, 50-100 MW [€/MW/m]",EUR/MW/m,2020,"[E, G]",2,Upper,2020,5.359398498720001
112 6 gas Main distri line,"Energy Transport, Natural Gas Main distribution line",Financial data,"Investment costs; single line, 50-100 MW [€/MW/m]",EUR/MW/m,2020,"[E, G]",2,Upper,2050,5.359398498720001
112 6 gas Main distri line,"Energy Transport, Natural Gas Main distribution line",Financial data,"Investment costs; single line, 50-100 MW [€/MW/m]",EUR/MW/m,2020,"[E, G]",2,ctrl,2015,4.466165415600001
112 6 gas Main distri line,"Energy Transport, Natural Gas Main distribution line",Financial data,"Investment costs; single line, 50-100 MW [€/MW/m]",EUR/MW/m,2020,"[E, G]",2,ctrl,2020,4.466165415600001
112 6 gas Main distri line,"Energy Transport, Natural Gas Main distribution line",Financial data,"Investment costs; single line, 50-100 MW [€/MW/m]",EUR/MW/m,2020,"[E, G]",2,ctrl,2030,4.466165415600001
112 6 gas Main distri line,"Energy Transport, Natural Gas Main distribution line",Financial data,"Investment costs; single line, 50-100 MW [€/MW/m]",EUR/MW/m,2020,"[E, G]",2,ctrl,2050,4.466165415600001
112 6 gas Main distri line,"Energy Transport, Natural Gas Main distribution line",Financial data,"Investment costs; single line, 500-1000 MW [€/MW/m]",EUR/MW/m,2020,"[E, G]",1,Lower,2020,0.5784747585919999
112 6 gas Main distri line,"Energy Transport, Natural Gas Main distribution line",Financial data,"Investment costs; single line, 500-1000 MW [€/MW/m]",EUR/MW/m,2020,"[E, G]",1,Lower,2050,0.5784747585919999
112 6 gas Main distri line,"Energy Transport, Natural Gas Main distribution line",Financial data,"Investment costs; single line, 500-1000 MW [€/MW/m]",EUR/MW/m,2020,"[E, G]",1,Upper,2020,0.8677121378880001
112 6 gas Main distri line,"Energy Transport, Natural Gas Main distribution line",Financial data,"Investment costs; single line, 500-1000 MW [€/MW/m]",EUR/MW/m,2020,"[E, G]",1,Upper,2050,0.8677121378880001
112 6 gas Main distri line,"Energy Transport, Natural Gas Main distribution line",Financial data,"Investment costs; single line, 500-1000 MW [€/MW/m]",EUR/MW/m,2020,"[E, G]",1,ctrl,2015,0.72309344824
112 6 gas Main distri line,"Energy Transport, Natural Gas Main distribution line",Financial data,"Investment costs; single line, 500-1000 MW [€/MW/m]",EUR/MW/m,2020,"[E, G]",1,ctrl,2020,0.72309344824
112 6 gas Main distri line,"Energy Transport, Natural Gas Main distribution line",Financial data,"Investment costs; single line, 500-1000 MW [€/MW/m]",EUR/MW/m,2020,"[E, G]",1,ctrl,2030,0.72309344824
112 6 gas Main distri line,"Energy Transport, Natural Gas Main distribution line",Financial data,"Investment costs; single line, 500-1000 MW [€/MW/m]",EUR/MW/m,2020,"[E, G]",1,ctrl,2050,0.72309344824
112 6 gas Main distri line,"Energy Transport, Natural Gas Main distribution line",Financial data,"Investment costs; single line, above 1000 MW [€/MW/m]",EUR/MW/m,2020,i,,Lower,2020,-
112 6 gas Main distri line,"Energy Transport, Natural Gas Main distribution line",Financial data,"Investment costs; single line, above 1000 MW [€/MW/m]",EUR/MW/m,2020,i,,Lower,2050,-
112 6 gas Main distri line,"Energy Transport, Natural Gas Main distribution line",Financial data,"Investment costs; single line, above 1000 MW [€/MW/m]",EUR/MW/m,2020,i,,Upper,2020,-
112 6 gas Main distri line,"Energy Transport, Natural Gas Main distribution line",Financial data,"Investment costs; single line, above 1000 MW [€/MW/m]",EUR/MW/m,2020,i,,Upper,2050,-
112 6 gas Main distri line,"Energy Transport, Natural Gas Main distribution line",Financial data,"Investment costs; single line, above 1000 MW [€/MW/m]",EUR/MW/m,2020,i,,ctrl,2015,-
112 6 gas Main distri line,"Energy Transport, Natural Gas Main distribution line",Financial data,"Investment costs; single line, above 1000 MW [€/MW/m]",EUR/MW/m,2020,i,,ctrl,2020,-
112 6 gas Main distri line,"Energy Transport, Natural Gas Main distribution line",Financial data,"Investment costs; single line, above 1000 MW [€/MW/m]",EUR/MW/m,2020,i,,ctrl,2030,-
112 6 gas Main distri line,"Energy Transport, Natural Gas Main distribution line",Financial data,"Investment costs; single line, above 1000 MW [€/MW/m]",EUR/MW/m,2020,i,,ctrl,2050,-
112 6 gas Main distri line,"Energy Transport, Natural Gas Main distribution line",Financial data,Investment costs; type 1 station [€/MW],EUR/MW,2020,"[B, J]",,Lower,2020,-
112 6 gas Main distri line,"Energy Transport, Natural Gas Main distribution line",Financial data,Investment costs; type 1 station [€/MW],EUR/MW,2020,"[B, J]",,Lower,2050,-
112 6 gas Main distri line,"Energy Transport, Natural Gas Main distribution line",Financial data,Investment costs; type 1 station [€/MW],EUR/MW,2020,"[B, J]",,Upper,2020,-
112 6 gas Main distri line,"Energy Transport, Natural Gas Main distribution line",Financial data,Investment costs; type 1 station [€/MW],EUR/MW,2020,"[B, J]",,Upper,2050,-
112 6 gas Main distri line,"Energy Transport, Natural Gas Main distribution line",Financial data,Investment costs; type 1 station [€/MW],EUR/MW,2020,"[B, J]",,ctrl,2015,-
112 6 gas Main distri line,"Energy Transport, Natural Gas Main distribution line",Financial data,Investment costs; type 1 station [€/MW],EUR/MW,2020,"[B, J]",,ctrl,2020,-
112 6 gas Main distri line,"Energy Transport, Natural Gas Main distribution line",Financial data,Investment costs; type 1 station [€/MW],EUR/MW,2020,"[B, J]",,ctrl,2030,-
112 6 gas Main distri line,"Energy Transport, Natural Gas Main distribution line",Financial data,Investment costs; type 1 station [€/MW],EUR/MW,2020,"[B, J]",,ctrl,2050,-
112 6 gas Main distri line,"Energy Transport, Natural Gas Main distribution line",Financial data,Investment costs; type 2 station [€/MW],EUR/MW,2020,"[C, K]",2,Lower,2020,7443.609026000001
112 6 gas Main distri line,"Energy Transport, Natural Gas Main distribution line",Financial data,Investment costs; type 2 station [€/MW],EUR/MW,2020,"[C, K]",2,Lower,2050,0
112 6 gas Main distri line,"Energy Transport, Natural Gas Main distribution line",Financial data,Investment costs; type 2 station [€/MW],EUR/MW,2020,"[C, K]",2,Upper,2020,47851.77231000001
112 6 gas Main distri line,"Energy Transport, Natural Gas Main distribution line",Financial data,Investment costs; type 2 station [€/MW],EUR/MW,2020,"[C, K]",2,Upper,2050,0
112 6 gas Main distri line,"Energy Transport, Natural Gas Main distribution line",Financial data,Investment costs; type 2 station [€/MW],EUR/MW,2020,"[C, K]",2,ctrl,2015,28711.063386
112 6 gas Main distri line,"Energy Transport, Natural Gas Main distribution line",Financial data,Investment costs; type 2 station [€/MW],EUR/MW,2020,"[C, K]",2,ctrl,2020,28711.063386
112 6 gas Main distri line,"Energy Transport, Natural Gas Main distribution line",Financial data,Investment costs; type 2 station [€/MW],EUR/MW,2020,"[C, K]",2,ctrl,2030,28711.063386
112 6 gas Main distri line,"Energy Transport, Natural Gas Main distribution line",Financial data,Investment costs; type 2 station [€/MW],EUR/MW,2020,"[C, K]",2,ctrl,2050,28711.063386
112 6 gas Main distri line,"Energy Transport, Natural Gas Main distribution line",Financial data,"Investments, percentage installation",,,0,2,Lower,2020,0.65
112 6 gas Main distri line,"Energy Transport, Natural Gas Main distribution line",Financial data,"Investments, percentage installation",,,0,2,Lower,2050,0.65
112 6 gas Main distri line,"Energy Transport, Natural Gas Main distribution line",Financial data,"Investments, percentage installation",,,0,2,Upper,2020,0.85
112 6 gas Main distri line,"Energy Transport, Natural Gas Main distribution line",Financial data,"Investments, percentage installation",,,0,2,Upper,2050,0.85
112 6 gas Main distri line,"Energy Transport, Natural Gas Main distribution line",Financial data,"Investments, percentage installation",,,0,2,ctrl,2015,0.75
112 6 gas Main distri line,"Energy Transport, Natural Gas Main distribution line",Financial data,"Investments, percentage installation",,,0,2,ctrl,2020,0.75
112 6 gas Main distri line,"Energy Transport, Natural Gas Main distribution line",Financial data,"Investments, percentage installation",,,0,2,ctrl,2030,0.75
112 6 gas Main distri line,"Energy Transport, Natural Gas Main distribution line",Financial data,"Investments, percentage installation",,,0,2,ctrl,2050,0.75
112 6 gas Main distri line,"Energy Transport, Natural Gas Main distribution line",Financial data,"Investments, percentage materials",,,0,2,Lower,2020,0.15
112 6 gas Main distri line,"Energy Transport, Natural Gas Main distribution line",Financial data,"Investments, percentage materials",,,0,2,Lower,2050,0.15
112 6 gas Main distri line,"Energy Transport, Natural Gas Main distribution line",Financial data,"Investments, percentage materials",,,0,2,Upper,2020,0.35
112 6 gas Main distri line,"Energy Transport, Natural Gas Main distribution line",Financial data,"Investments, percentage materials",,,0,2,Upper,2050,0.35
112 6 gas Main distri line,"Energy Transport, Natural Gas Main distribution line",Financial data,"Investments, percentage materials",,,0,2,ctrl,2015,0.25
112 6 gas Main distri line,"Energy Transport, Natural Gas Main distribution line",Financial data,"Investments, percentage materials",,,0,2,ctrl,2020,0.25
112 6 gas Main distri line,"Energy Transport, Natural Gas Main distribution line",Financial data,"Investments, percentage materials",,,0,2,ctrl,2030,0.25
112 6 gas Main distri line,"Energy Transport, Natural Gas Main distribution line",Financial data,"Investments, percentage materials",,,0,2,ctrl,2050,0.25
112 6 gas Main distri line,"Energy Transport, Natural Gas Main distribution line",Financial data,Reinforcement costs [€/MW],EUR/MW,2020,H,,Lower,2020,-
112 6 gas Main distri line,"Energy Transport, Natural Gas Main distribution line",Financial data,Reinforcement costs [€/MW],EUR/MW,2020,H,,Lower,2050,-
112 6 gas Main distri line,"Energy Transport, Natural Gas Main distribution line",Financial data,Reinforcement costs [€/MW],EUR/MW,2020,H,,Upper,2020,-
112 6 gas Main distri line,"Energy Transport, Natural Gas Main distribution line",Financial data,Reinforcement costs [€/MW],EUR/MW,2020,H,,Upper,2050,-
112 6 gas Main distri line,"Energy Transport, Natural Gas Main distribution line",Financial data,Reinforcement costs [€/MW],EUR/MW,2020,H,,ctrl,2015,-
112 6 gas Main distri line,"Energy Transport, Natural Gas Main distribution line",Financial data,Reinforcement costs [€/MW],EUR/MW,2020,H,,ctrl,2020,-
112 6 gas Main distri line,"Energy Transport, Natural Gas Main distribution line",Financial data,Reinforcement costs [€/MW],EUR/MW,2020,H,,ctrl,2030,-
112 6 gas Main distri line,"Energy Transport, Natural Gas Main distribution line",Financial data,Reinforcement costs [€/MW],EUR/MW,2020,H,,ctrl,2050,-
112 6 gas Main distri line,"Energy Transport, Natural Gas Main distribution line",Financial data,Variable O&M [€/MWh/km],EUR/MWh/km,2020,0,2,Lower,2020,9.57432339491991e-06
112 6 gas Main distri line,"Energy Transport, Natural Gas Main distribution line",Financial data,Variable O&M [€/MWh/km],EUR/MWh/km,2020,0,2,Lower,2050,9.57432339491991e-06
112 6 gas Main distri line,"Energy Transport, Natural Gas Main distribution line",Financial data,Variable O&M [€/MWh/km],EUR/MWh/km,2020,0,2,Upper,2020,1.436148509237987e-05
112 6 gas Main distri line,"Energy Transport, Natural Gas Main distribution line",Financial data,Variable O&M [€/MWh/km],EUR/MWh/km,2020,0,2,Upper,2050,1.436148509237987e-05
112 6 gas Main distri line,"Energy Transport, Natural Gas Main distribution line",Financial data,Variable O&M [€/MWh/km],EUR/MWh/km,2020,0,2,ctrl,2015,1.196790424364989e-05
112 6 gas Main distri line,"Energy Transport, Natural Gas Main distribution line",Financial data,Variable O&M [€/MWh/km],EUR/MWh/km,2020,0,2,ctrl,2020,1.196790424364989e-05
112 6 gas Main distri line,"Energy Transport, Natural Gas Main distribution line",Financial data,Variable O&M [€/MWh/km],EUR/MWh/km,2020,0,2,ctrl,2030,1.196790424364989e-05
112 6 gas Main distri line,"Energy Transport, Natural Gas Main distribution line",Financial data,Variable O&M [€/MWh/km],EUR/MWh/km,2020,0,2,ctrl,2050,1.196790424364989e-05
112 7 gas  Rural,"Energy Transport Natural Gas Distribution, New distribution in existing rual areas",Energy/technical data,- Residential,,,D,,Lower,2020,0.15
112 7 gas  Rural,"Energy Transport Natural Gas Distribution, New distribution in existing rual areas",Energy/technical data,- Residential,,,D,,Lower,2050,0.15
112 7 gas  Rural,"Energy Transport Natural Gas Distribution, New distribution in existing rual areas",Energy/technical data,- Residential,,,D,,Upper,2020,0.25
112 7 gas  Rural,"Energy Transport Natural Gas Distribution, New distribution in existing rual areas",Energy/technical data,- Residential,,,D,,Upper,2050,0.25
112 7 gas  Rural,"Energy Transport Natural Gas Distribution, New distribution in existing rual areas",Energy/technical data,- Residential,,,D,,ctrl,2015,0.2
112 7 gas  Rural,"Energy Transport Natural Gas Distribution, New distribution in existing rual areas",Energy/technical data,- Residential,,,D,,ctrl,2020,0.2
112 7 gas  Rural,"Energy Transport Natural Gas Distribution, New distribution in existing rual areas",Energy/technical data,- Residential,,,D,,ctrl,2030,0.2
112 7 gas  Rural,"Energy Transport Natural Gas Distribution, New distribution in existing rual areas",Energy/technical data,- Residential,,,D,,ctrl,2050,0.2
112 7 gas  Rural,"Energy Transport Natural Gas Distribution, New distribution in existing rual areas",Energy/technical data,Auxiliary electricity consumption [%] of energy delivered,pct.,,C,,Lower,2020,0
112 7 gas  Rural,"Energy Transport Natural Gas Distribution, New distribution in existing rual areas",Energy/technical data,Auxiliary electricity consumption [%] of energy delivered,pct.,,C,,Lower,2050,0
112 7 gas  Rural,"Energy Transport Natural Gas Distribution, New distribution in existing rual areas",Energy/technical data,Auxiliary electricity consumption [%] of energy delivered,pct.,,C,,Upper,2020,0
112 7 gas  Rural,"Energy Transport Natural Gas Distribution, New distribution in existing rual areas",Energy/technical data,Auxiliary electricity consumption [%] of energy delivered,pct.,,C,,Upper,2050,0
112 7 gas  Rural,"Energy Transport Natural Gas Distribution, New distribution in existing rual areas",Energy/technical data,Auxiliary electricity consumption [%] of energy delivered,pct.,,C,,ctrl,2015,0
112 7 gas  Rural,"Energy Transport Natural Gas Distribution, New distribution in existing rual areas",Energy/technical data,Auxiliary electricity consumption [%] of energy delivered,pct.,,C,,ctrl,2020,0
112 7 gas  Rural,"Energy Transport Natural Gas Distribution, New distribution in existing rual areas",Energy/technical data,Auxiliary electricity consumption [%] of energy delivered,pct.,,C,,ctrl,2030,0
112 7 gas  Rural,"Energy Transport Natural Gas Distribution, New distribution in existing rual areas",Energy/technical data,Auxiliary electricity consumption [%] of energy delivered,pct.,,C,,ctrl,2050,0
112 7 gas  Rural,"Energy Transport Natural Gas Distribution, New distribution in existing rual areas",Energy/technical data,Construction time [years],years,,,2,Lower,2020,0.3
112 7 gas  Rural,"Energy Transport Natural Gas Distribution, New distribution in existing rual areas",Energy/technical data,Construction time [years],years,,,2,Lower,2050,0.3
112 7 gas  Rural,"Energy Transport Natural Gas Distribution, New distribution in existing rual areas",Energy/technical data,Construction time [years],years,,,2,Upper,2020,0.5
112 7 gas  Rural,"Energy Transport Natural Gas Distribution, New distribution in existing rual areas",Energy/technical data,Construction time [years],years,,,2,Upper,2050,0.5
112 7 gas  Rural,"Energy Transport Natural Gas Distribution, New distribution in existing rual areas",Energy/technical data,Construction time [years],years,,,2,ctrl,2015,0.4
112 7 gas  Rural,"Energy Transport Natural Gas Distribution, New distribution in existing rual areas",Energy/technical data,Construction time [years],years,,,2,ctrl,2020,0.4
112 7 gas  Rural,"Energy Transport Natural Gas Distribution, New distribution in existing rual areas",Energy/technical data,Construction time [years],years,,,2,ctrl,2030,0.4
112 7 gas  Rural,"Energy Transport Natural Gas Distribution, New distribution in existing rual areas",Energy/technical data,Construction time [years],years,,,2,ctrl,2050,0.4
112 7 gas  Rural,"Energy Transport Natural Gas Distribution, New distribution in existing rual areas",Energy/technical data,"Energy losses, lines [%]",pct.,,A,1,Lower,2020,0.05
112 7 gas  Rural,"Energy Transport Natural Gas Distribution, New distribution in existing rual areas",Energy/technical data,"Energy losses, lines [%]",pct.,,A,1,Lower,2050,0.05
112 7 gas  Rural,"Energy Transport Natural Gas Distribution, New distribution in existing rual areas",Energy/technical data,"Energy losses, lines [%]",pct.,,A,1,Upper,2020,0.3
112 7 gas  Rural,"Energy Transport Natural Gas Distribution, New distribution in existing rual areas",Energy/technical data,"Energy losses, lines [%]",pct.,,A,1,Upper,2050,0.3
112 7 gas  Rural,"Energy Transport Natural Gas Distribution, New distribution in existing rual areas",Energy/technical data,"Energy losses, lines [%]",pct.,,A,1,ctrl,2015,0.2630744860326428
112 7 gas  Rural,"Energy Transport Natural Gas Distribution, New distribution in existing rual areas",Energy/technical data,"Energy losses, lines [%]",pct.,,A,1,ctrl,2020,0.2630744860326428
112 7 gas  Rural,"Energy Transport Natural Gas Distribution, New distribution in existing rual areas",Energy/technical data,"Energy losses, lines [%]",pct.,,A,1,ctrl,2030,0.2630744860326428
112 7 gas  Rural,"Energy Transport Natural Gas Distribution, New distribution in existing rual areas",Energy/technical data,"Energy losses, lines [%]",pct.,,A,1,ctrl,2050,0.2630744860326428
112 7 gas  Rural,"Energy Transport Natural Gas Distribution, New distribution in existing rual areas",Energy/technical data,"Energy losses, stations [%]",pct.,,B,,Lower,2020,-
112 7 gas  Rural,"Energy Transport Natural Gas Distribution, New distribution in existing rual areas",Energy/technical data,"Energy losses, stations [%]",pct.,,B,,Lower,2050,-
112 7 gas  Rural,"Energy Transport Natural Gas Distribution, New distribution in existing rual areas",Energy/technical data,"Energy losses, stations [%]",pct.,,B,,Upper,2020,-
112 7 gas  Rural,"Energy Transport Natural Gas Distribution, New distribution in existing rual areas",Energy/technical data,"Energy losses, stations [%]",pct.,,B,,Upper,2050,-
112 7 gas  Rural,"Energy Transport Natural Gas Distribution, New distribution in existing rual areas",Energy/technical data,"Energy losses, stations [%]",pct.,,B,,ctrl,2015,-
112 7 gas  Rural,"Energy Transport Natural Gas Distribution, New distribution in existing rual areas",Energy/technical data,"Energy losses, stations [%]",pct.,,B,,ctrl,2020,-
112 7 gas  Rural,"Energy Transport Natural Gas Distribution, New distribution in existing rual areas",Energy/technical data,"Energy losses, stations [%]",pct.,,B,,ctrl,2030,-
112 7 gas  Rural,"Energy Transport Natural Gas Distribution, New distribution in existing rual areas",Energy/technical data,"Energy losses, stations [%]",pct.,,B,,ctrl,2050,-
112 7 gas  Rural,"Energy Transport Natural Gas Distribution, New distribution in existing rual areas",Energy/technical data,Technical life time [years],years,,,2,Lower,2020,50
112 7 gas  Rural,"Energy Transport Natural Gas Distribution, New distribution in existing rual areas",Energy/technical data,Technical life time [years],years,,,2,Lower,2050,50
112 7 gas  Rural,"Energy Transport Natural Gas Distribution, New distribution in existing rual areas",Energy/technical data,Technical life time [years],years,,,2,Upper,2020,80
112 7 gas  Rural,"Energy Transport Natural Gas Distribution, New distribution in existing rual areas",Energy/technical data,Technical life time [years],years,,,2,Upper,2050,80
112 7 gas  Rural,"Energy Transport Natural Gas Distribution, New distribution in existing rual areas",Energy/technical data,Technical life time [years],years,,,2,ctrl,2015,50
112 7 gas  Rural,"Energy Transport Natural Gas Distribution, New distribution in existing rual areas",Energy/technical data,Technical life time [years],years,,,2,ctrl,2020,50
112 7 gas  Rural,"Energy Transport Natural Gas Distribution, New distribution in existing rual areas",Energy/technical data,Technical life time [years],years,,,2,ctrl,2030,50
112 7 gas  Rural,"Energy Transport Natural Gas Distribution, New distribution in existing rual areas",Energy/technical data,Technical life time [years],years,,,2,ctrl,2050,50
112 7 gas  Rural,"Energy Transport Natural Gas Distribution, New distribution in existing rual areas",Financial data,"Distribution network costs [€/MWh/year], Rural",EUR/MWh/year,2020,0,2,Lower,2020,138.23845334
112 7 gas  Rural,"Energy Transport Natural Gas Distribution, New distribution in existing rual areas",Financial data,"Distribution network costs [€/MWh/year], Rural",EUR/MWh/year,2020,0,2,Lower,2050,138.23845334
112 7 gas  Rural,"Energy Transport Natural Gas Distribution, New distribution in existing rual areas",Financial data,"Distribution network costs [€/MWh/year], Rural",EUR/MWh/year,2020,0,2,Upper,2020,159.5059077
112 7 gas  Rural,"Energy Transport Natural Gas Distribution, New distribution in existing rual areas",Financial data,"Distribution network costs [€/MWh/year], Rural",EUR/MWh/year,2020,0,2,Upper,2050,159.5059077
112 7 gas  Rural,"Energy Transport Natural Gas Distribution, New distribution in existing rual areas",Financial data,"Distribution network costs [€/MWh/year], Rural",EUR/MWh/year,2020,0,2,ctrl,2015,148.87218052
112 7 gas  Rural,"Energy Transport Natural Gas Distribution, New distribution in existing rual areas",Financial data,"Distribution network costs [€/MWh/year], Rural",EUR/MWh/year,2020,0,2,ctrl,2020,148.87218052
112 7 gas  Rural,"Energy Transport Natural Gas Distribution, New distribution in existing rual areas",Financial data,"Distribution network costs [€/MWh/year], Rural",EUR/MWh/year,2020,0,2,ctrl,2030,148.87218052
112 7 gas  Rural,"Energy Transport Natural Gas Distribution, New distribution in existing rual areas",Financial data,"Distribution network costs [€/MWh/year], Rural",EUR/MWh/year,2020,0,2,ctrl,2050,148.87218052
112 7 gas  Rural,"Energy Transport Natural Gas Distribution, New distribution in existing rual areas",Financial data,Fixed O&M [€/MW/year],EUR/MW/year,2020,0,2,Lower,2020,638.0236308000001
112 7 gas  Rural,"Energy Transport Natural Gas Distribution, New distribution in existing rual areas",Financial data,Fixed O&M [€/MW/year],EUR/MW/year,2020,0,2,Lower,2050,638.0236308000001
112 7 gas  Rural,"Energy Transport Natural Gas Distribution, New distribution in existing rual areas",Financial data,Fixed O&M [€/MW/year],EUR/MW/year,2020,0,2,Upper,2020,957.0354462000001
112 7 gas  Rural,"Energy Transport Natural Gas Distribution, New distribution in existing rual areas",Financial data,Fixed O&M [€/MW/year],EUR/MW/year,2020,0,2,Upper,2050,957.0354462000001
112 7 gas  Rural,"Energy Transport Natural Gas Distribution, New distribution in existing rual areas",Financial data,Fixed O&M [€/MW/year],EUR/MW/year,2020,0,2,ctrl,2015,797.5295385000001
112 7 gas  Rural,"Energy Transport Natural Gas Distribution, New distribution in existing rual areas",Financial data,Fixed O&M [€/MW/year],EUR/MW/year,2020,0,2,ctrl,2020,797.5295385000001
112 7 gas  Rural,"Energy Transport Natural Gas Distribution, New distribution in existing rual areas",Financial data,Fixed O&M [€/MW/year],EUR/MW/year,2020,0,2,ctrl,2030,797.5295385000001
112 7 gas  Rural,"Energy Transport Natural Gas Distribution, New distribution in existing rual areas",Financial data,Fixed O&M [€/MW/year],EUR/MW/year,2020,0,2,ctrl,2050,797.5295385000001
112 7 gas  Rural,"Energy Transport Natural Gas Distribution, New distribution in existing rual areas",Financial data,"Investment costs; service line, 0-20 kW [€/unit]",EUR/unit,2020,0,2,Lower,2020,1488.7218052
112 7 gas  Rural,"Energy Transport Natural Gas Distribution, New distribution in existing rual areas",Financial data,"Investment costs; service line, 0-20 kW [€/unit]",EUR/unit,2020,0,2,Lower,2050,1488.7218052
112 7 gas  Rural,"Energy Transport Natural Gas Distribution, New distribution in existing rual areas",Financial data,"Investment costs; service line, 0-20 kW [€/unit]",EUR/unit,2020,0,2,Upper,2020,1914.0708924
112 7 gas  Rural,"Energy Transport Natural Gas Distribution, New distribution in existing rual areas",Financial data,"Investment costs; service line, 0-20 kW [€/unit]",EUR/unit,2020,0,2,Upper,2050,1914.0708924
112 7 gas  Rural,"Energy Transport Natural Gas Distribution, New distribution in existing rual areas",Financial data,"Investment costs; service line, 0-20 kW [€/unit]",EUR/unit,2020,0,2,ctrl,2015,1701.3963488
112 7 gas  Rural,"Energy Transport Natural Gas Distribution, New distribution in existing rual areas",Financial data,"Investment costs; service line, 0-20 kW [€/unit]",EUR/unit,2020,0,2,ctrl,2020,1701.3963488
112 7 gas  Rural,"Energy Transport Natural Gas Distribution, New distribution in existing rual areas",Financial data,"Investment costs; service line, 0-20 kW [€/unit]",EUR/unit,2020,0,2,ctrl,2030,1701.3963488
112 7 gas  Rural,"Energy Transport Natural Gas Distribution, New distribution in existing rual areas",Financial data,"Investment costs; service line, 0-20 kW [€/unit]",EUR/unit,2020,0,2,ctrl,2050,1701.3963488
112 7 gas  Rural,"Energy Transport Natural Gas Distribution, New distribution in existing rual areas",Financial data,"Investment costs; service line, 20-50 kW [€/unit]",EUR/unit,2020,E,,Lower,2020,-
112 7 gas  Rural,"Energy Transport Natural Gas Distribution, New distribution in existing rual areas",Financial data,"Investment costs; service line, 20-50 kW [€/unit]",EUR/unit,2020,E,,Lower,2050,-
112 7 gas  Rural,"Energy Transport Natural Gas Distribution, New distribution in existing rual areas",Financial data,"Investment costs; service line, 20-50 kW [€/unit]",EUR/unit,2020,E,,Upper,2020,-
112 7 gas  Rural,"Energy Transport Natural Gas Distribution, New distribution in existing rual areas",Financial data,"Investment costs; service line, 20-50 kW [€/unit]",EUR/unit,2020,E,,Upper,2050,-
112 7 gas  Rural,"Energy Transport Natural Gas Distribution, New distribution in existing rual areas",Financial data,"Investment costs; service line, 20-50 kW [€/unit]",EUR/unit,2020,E,,ctrl,2015,-
112 7 gas  Rural,"Energy Transport Natural Gas Distribution, New distribution in existing rual areas",Financial data,"Investment costs; service line, 20-50 kW [€/unit]",EUR/unit,2020,E,,ctrl,2020,-
112 7 gas  Rural,"Energy Transport Natural Gas Distribution, New distribution in existing rual areas",Financial data,"Investment costs; service line, 20-50 kW [€/unit]",EUR/unit,2020,E,,ctrl,2030,-
112 7 gas  Rural,"Energy Transport Natural Gas Distribution, New distribution in existing rual areas",Financial data,"Investment costs; service line, 20-50 kW [€/unit]",EUR/unit,2020,E,,ctrl,2050,-
112 7 gas  Rural,"Energy Transport Natural Gas Distribution, New distribution in existing rual areas",Financial data,"Investment costs; service line, 50-100 kW [€/unit]",EUR/unit,2020,E,,Lower,2020,-
112 7 gas  Rural,"Energy Transport Natural Gas Distribution, New distribution in existing rual areas",Financial data,"Investment costs; service line, 50-100 kW [€/unit]",EUR/unit,2020,E,,Lower,2050,-
112 7 gas  Rural,"Energy Transport Natural Gas Distribution, New distribution in existing rual areas",Financial data,"Investment costs; service line, 50-100 kW [€/unit]",EUR/unit,2020,E,,Upper,2020,-
112 7 gas  Rural,"Energy Transport Natural Gas Distribution, New distribution in existing rual areas",Financial data,"Investment costs; service line, 50-100 kW [€/unit]",EUR/unit,2020,E,,Upper,2050,-
112 7 gas  Rural,"Energy Transport Natural Gas Distribution, New distribution in existing rual areas",Financial data,"Investment costs; service line, 50-100 kW [€/unit]",EUR/unit,2020,E,,ctrl,2015,-
112 7 gas  Rural,"Energy Transport Natural Gas Distribution, New distribution in existing rual areas",Financial data,"Investment costs; service line, 50-100 kW [€/unit]",EUR/unit,2020,E,,ctrl,2020,-
112 7 gas  Rural,"Energy Transport Natural Gas Distribution, New distribution in existing rual areas",Financial data,"Investment costs; service line, 50-100 kW [€/unit]",EUR/unit,2020,E,,ctrl,2030,-
112 7 gas  Rural,"Energy Transport Natural Gas Distribution, New distribution in existing rual areas",Financial data,"Investment costs; service line, 50-100 kW [€/unit]",EUR/unit,2020,E,,ctrl,2050,-
112 7 gas  Rural,"Energy Transport Natural Gas Distribution, New distribution in existing rual areas",Financial data,"Investment costs; service line, above 100 kW [€/unit]",EUR/unit,2020,E,,Lower,2020,-
112 7 gas  Rural,"Energy Transport Natural Gas Distribution, New distribution in existing rual areas",Financial data,"Investment costs; service line, above 100 kW [€/unit]",EUR/unit,2020,E,,Lower,2050,-
112 7 gas  Rural,"Energy Transport Natural Gas Distribution, New distribution in existing rual areas",Financial data,"Investment costs; service line, above 100 kW [€/unit]",EUR/unit,2020,E,,Upper,2020,-
112 7 gas  Rural,"Energy Transport Natural Gas Distribution, New distribution in existing rual areas",Financial data,"Investment costs; service line, above 100 kW [€/unit]",EUR/unit,2020,E,,Upper,2050,-
112 7 gas  Rural,"Energy Transport Natural Gas Distribution, New distribution in existing rual areas",Financial data,"Investment costs; service line, above 100 kW [€/unit]",EUR/unit,2020,E,,ctrl,2015,-
112 7 gas  Rural,"Energy Transport Natural Gas Distribution, New distribution in existing rual areas",Financial data,"Investment costs; service line, above 100 kW [€/unit]",EUR/unit,2020,E,,ctrl,2020,-
112 7 gas  Rural,"Energy Transport Natural Gas Distribution, New distribution in existing rual areas",Financial data,"Investment costs; service line, above 100 kW [€/unit]",EUR/unit,2020,E,,ctrl,2030,-
112 7 gas  Rural,"Energy Transport Natural Gas Distribution, New distribution in existing rual areas",Financial data,"Investment costs; service line, above 100 kW [€/unit]",EUR/unit,2020,E,,ctrl,2050,-
112 7 gas  Rural,"Energy Transport Natural Gas Distribution, New distribution in existing rual areas",Financial data,"Investment costs; single line, 0-50 kW [€/m]",EUR/m,2020,F,,Lower,2020,47.85177231
112 7 gas  Rural,"Energy Transport Natural Gas Distribution, New distribution in existing rual areas",Financial data,"Investment costs; single line, 0-50 kW [€/m]",EUR/m,2020,F,,Lower,2050,47.85177231
112 7 gas  Rural,"Energy Transport Natural Gas Distribution, New distribution in existing rual areas",Financial data,"Investment costs; single line, 0-50 kW [€/m]",EUR/m,2020,F,,Upper,2020,58.48549949000002
112 7 gas  Rural,"Energy Transport Natural Gas Distribution, New distribution in existing rual areas",Financial data,"Investment costs; single line, 0-50 kW [€/m]",EUR/m,2020,F,,Upper,2050,58.48549949000002
112 7 gas  Rural,"Energy Transport Natural Gas Distribution, New distribution in existing rual areas",Financial data,"Investment costs; single line, 0-50 kW [€/m]",EUR/m,2020,F,,ctrl,2015,53.16863590000001
112 7 gas  Rural,"Energy Transport Natural Gas Distribution, New distribution in existing rual areas",Financial data,"Investment costs; single line, 0-50 kW [€/m]",EUR/m,2020,F,,ctrl,2020,53.16863590000001
112 7 gas  Rural,"Energy Transport Natural Gas Distribution, New distribution in existing rual areas",Financial data,"Investment costs; single line, 0-50 kW [€/m]",EUR/m,2020,F,,ctrl,2030,53.16863590000001
112 7 gas  Rural,"Energy Transport Natural Gas Distribution, New distribution in existing rual areas",Financial data,"Investment costs; single line, 0-50 kW [€/m]",EUR/m,2020,F,,ctrl,2050,53.16863590000001
112 7 gas  Rural,"Energy Transport Natural Gas Distribution, New distribution in existing rual areas",Financial data,"Investment costs; single line, 1 MW-5 MW [€/m]",EUR/m,2020,G,,Lower,2020,51.04189046400001
112 7 gas  Rural,"Energy Transport Natural Gas Distribution, New distribution in existing rual areas",Financial data,"Investment costs; single line, 1 MW-5 MW [€/m]",EUR/m,2020,G,,Lower,2050,51.04189046400001
112 7 gas  Rural,"Energy Transport Natural Gas Distribution, New distribution in existing rual areas",Financial data,"Investment costs; single line, 1 MW-5 MW [€/m]",EUR/m,2020,G,,Upper,2020,62.38453278933334
112 7 gas  Rural,"Energy Transport Natural Gas Distribution, New distribution in existing rual areas",Financial data,"Investment costs; single line, 1 MW-5 MW [€/m]",EUR/m,2020,G,,Upper,2050,62.38453278933334
112 7 gas  Rural,"Energy Transport Natural Gas Distribution, New distribution in existing rual areas",Financial data,"Investment costs; single line, 1 MW-5 MW [€/m]",EUR/m,2020,G,,ctrl,2015,56.71321162666668
112 7 gas  Rural,"Energy Transport Natural Gas Distribution, New distribution in existing rual areas",Financial data,"Investment costs; single line, 1 MW-5 MW [€/m]",EUR/m,2020,G,,ctrl,2020,56.71321162666668
112 7 gas  Rural,"Energy Transport Natural Gas Distribution, New distribution in existing rual areas",Financial data,"Investment costs; single line, 1 MW-5 MW [€/m]",EUR/m,2020,G,,ctrl,2030,56.71321162666668
112 7 gas  Rural,"Energy Transport Natural Gas Distribution, New distribution in existing rual areas",Financial data,"Investment costs; single line, 1 MW-5 MW [€/m]",EUR/m,2020,G,,ctrl,2050,56.71321162666668
112 7 gas  Rural,"Energy Transport Natural Gas Distribution, New distribution in existing rual areas",Financial data,"Investment costs; single line, 100-250 kW  [€/m]",EUR/m,2020,F,,Lower,2020,47.85177231
112 7 gas  Rural,"Energy Transport Natural Gas Distribution, New distribution in existing rual areas",Financial data,"Investment costs; single line, 100-250 kW  [€/m]",EUR/m,2020,F,,Lower,2050,47.85177231
112 7 gas  Rural,"Energy Transport Natural Gas Distribution, New distribution in existing rual areas",Financial data,"Investment costs; single line, 100-250 kW  [€/m]",EUR/m,2020,F,,Upper,2020,58.48549949000002
112 7 gas  Rural,"Energy Transport Natural Gas Distribution, New distribution in existing rual areas",Financial data,"Investment costs; single line, 100-250 kW  [€/m]",EUR/m,2020,F,,Upper,2050,58.48549949000002
112 7 gas  Rural,"Energy Transport Natural Gas Distribution, New distribution in existing rual areas",Financial data,"Investment costs; single line, 100-250 kW  [€/m]",EUR/m,2020,F,,ctrl,2015,53.16863590000001
112 7 gas  Rural,"Energy Transport Natural Gas Distribution, New distribution in existing rual areas",Financial data,"Investment costs; single line, 100-250 kW  [€/m]",EUR/m,2020,F,,ctrl,2020,53.16863590000001
112 7 gas  Rural,"Energy Transport Natural Gas Distribution, New distribution in existing rual areas",Financial data,"Investment costs; single line, 100-250 kW  [€/m]",EUR/m,2020,F,,ctrl,2030,53.16863590000001
112 7 gas  Rural,"Energy Transport Natural Gas Distribution, New distribution in existing rual areas",Financial data,"Investment costs; single line, 100-250 kW  [€/m]",EUR/m,2020,F,,ctrl,2050,53.16863590000001
112 7 gas  Rural,"Energy Transport Natural Gas Distribution, New distribution in existing rual areas",Financial data,"Investment costs; single line, 25 MW-100 MW [€/m]",EUR/m,2020,0,,Lower,2020,-
112 7 gas  Rural,"Energy Transport Natural Gas Distribution, New distribution in existing rual areas",Financial data,"Investment costs; single line, 25 MW-100 MW [€/m]",EUR/m,2020,0,,Lower,2050,-
112 7 gas  Rural,"Energy Transport Natural Gas Distribution, New distribution in existing rual areas",Financial data,"Investment costs; single line, 25 MW-100 MW [€/m]",EUR/m,2020,0,,Upper,2020,-
112 7 gas  Rural,"Energy Transport Natural Gas Distribution, New distribution in existing rual areas",Financial data,"Investment costs; single line, 25 MW-100 MW [€/m]",EUR/m,2020,0,,Upper,2050,-
112 7 gas  Rural,"Energy Transport Natural Gas Distribution, New distribution in existing rual areas",Financial data,"Investment costs; single line, 25 MW-100 MW [€/m]",EUR/m,2020,0,,ctrl,2015,-
112 7 gas  Rural,"Energy Transport Natural Gas Distribution, New distribution in existing rual areas",Financial data,"Investment costs; single line, 25 MW-100 MW [€/m]",EUR/m,2020,0,,ctrl,2020,-
112 7 gas  Rural,"Energy Transport Natural Gas Distribution, New distribution in existing rual areas",Financial data,"Investment costs; single line, 25 MW-100 MW [€/m]",EUR/m,2020,0,,ctrl,2030,-
112 7 gas  Rural,"Energy Transport Natural Gas Distribution, New distribution in existing rual areas",Financial data,"Investment costs; single line, 25 MW-100 MW [€/m]",EUR/m,2020,0,,ctrl,2050,-
112 7 gas  Rural,"Energy Transport Natural Gas Distribution, New distribution in existing rual areas",Financial data,"Investment costs; single line, 250 kW-1 MW [€/m]",EUR/m,2020,F,,Lower,2020,47.85177231
112 7 gas  Rural,"Energy Transport Natural Gas Distribution, New distribution in existing rual areas",Financial data,"Investment costs; single line, 250 kW-1 MW [€/m]",EUR/m,2020,F,,Lower,2050,47.85177231
112 7 gas  Rural,"Energy Transport Natural Gas Distribution, New distribution in existing rual areas",Financial data,"Investment costs; single line, 250 kW-1 MW [€/m]",EUR/m,2020,F,,Upper,2020,58.48549949000002
112 7 gas  Rural,"Energy Transport Natural Gas Distribution, New distribution in existing rual areas",Financial data,"Investment costs; single line, 250 kW-1 MW [€/m]",EUR/m,2020,F,,Upper,2050,58.48549949000002
112 7 gas  Rural,"Energy Transport Natural Gas Distribution, New distribution in existing rual areas",Financial data,"Investment costs; single line, 250 kW-1 MW [€/m]",EUR/m,2020,F,,ctrl,2015,53.16863590000001
112 7 gas  Rural,"Energy Transport Natural Gas Distribution, New distribution in existing rual areas",Financial data,"Investment costs; single line, 250 kW-1 MW [€/m]",EUR/m,2020,F,,ctrl,2020,53.16863590000001
112 7 gas  Rural,"Energy Transport Natural Gas Distribution, New distribution in existing rual areas",Financial data,"Investment costs; single line, 250 kW-1 MW [€/m]",EUR/m,2020,F,,ctrl,2030,53.16863590000001
112 7 gas  Rural,"Energy Transport Natural Gas Distribution, New distribution in existing rual areas",Financial data,"Investment costs; single line, 250 kW-1 MW [€/m]",EUR/m,2020,F,,ctrl,2050,53.16863590000001
112 7 gas  Rural,"Energy Transport Natural Gas Distribution, New distribution in existing rual areas",Financial data,"Investment costs; single line, 5 MW-25 MW [€/m]",EUR/m,2020,G,,Lower,2020,65.39742215700001
112 7 gas  Rural,"Energy Transport Natural Gas Distribution, New distribution in existing rual areas",Financial data,"Investment costs; single line, 5 MW-25 MW [€/m]",EUR/m,2020,G,,Lower,2050,65.39742215700001
112 7 gas  Rural,"Energy Transport Natural Gas Distribution, New distribution in existing rual areas",Financial data,"Investment costs; single line, 5 MW-25 MW [€/m]",EUR/m,2020,G,,Upper,2020,79.93018263633336
112 7 gas  Rural,"Energy Transport Natural Gas Distribution, New distribution in existing rual areas",Financial data,"Investment costs; single line, 5 MW-25 MW [€/m]",EUR/m,2020,G,,Upper,2050,79.93018263633336
112 7 gas  Rural,"Energy Transport Natural Gas Distribution, New distribution in existing rual areas",Financial data,"Investment costs; single line, 5 MW-25 MW [€/m]",EUR/m,2020,G,,ctrl,2015,72.66380239666668
112 7 gas  Rural,"Energy Transport Natural Gas Distribution, New distribution in existing rual areas",Financial data,"Investment costs; single line, 5 MW-25 MW [€/m]",EUR/m,2020,G,,ctrl,2020,72.66380239666668
112 7 gas  Rural,"Energy Transport Natural Gas Distribution, New distribution in existing rual areas",Financial data,"Investment costs; single line, 5 MW-25 MW [€/m]",EUR/m,2020,G,,ctrl,2030,72.66380239666668
112 7 gas  Rural,"Energy Transport Natural Gas Distribution, New distribution in existing rual areas",Financial data,"Investment costs; single line, 5 MW-25 MW [€/m]",EUR/m,2020,G,,ctrl,2050,72.66380239666668
112 7 gas  Rural,"Energy Transport Natural Gas Distribution, New distribution in existing rual areas",Financial data,"Investment costs; single line, 50-250 kW  [€/m]",EUR/m,2020,F,,Lower,2020,47.85177231
112 7 gas  Rural,"Energy Transport Natural Gas Distribution, New distribution in existing rual areas",Financial data,"Investment costs; single line, 50-250 kW  [€/m]",EUR/m,2020,F,,Lower,2050,47.85177231
112 7 gas  Rural,"Energy Transport Natural Gas Distribution, New distribution in existing rual areas",Financial data,"Investment costs; single line, 50-250 kW  [€/m]",EUR/m,2020,F,,Upper,2020,58.48549949000002
112 7 gas  Rural,"Energy Transport Natural Gas Distribution, New distribution in existing rual areas",Financial data,"Investment costs; single line, 50-250 kW  [€/m]",EUR/m,2020,F,,Upper,2050,58.48549949000002
112 7 gas  Rural,"Energy Transport Natural Gas Distribution, New distribution in existing rual areas",Financial data,"Investment costs; single line, 50-250 kW  [€/m]",EUR/m,2020,F,,ctrl,2015,53.16863590000001
112 7 gas  Rural,"Energy Transport Natural Gas Distribution, New distribution in existing rual areas",Financial data,"Investment costs; single line, 50-250 kW  [€/m]",EUR/m,2020,F,,ctrl,2020,53.16863590000001
112 7 gas  Rural,"Energy Transport Natural Gas Distribution, New distribution in existing rual areas",Financial data,"Investment costs; single line, 50-250 kW  [€/m]",EUR/m,2020,F,,ctrl,2030,53.16863590000001
112 7 gas  Rural,"Energy Transport Natural Gas Distribution, New distribution in existing rual areas",Financial data,"Investment costs; single line, 50-250 kW  [€/m]",EUR/m,2020,F,,ctrl,2050,53.16863590000001
112 7 gas  Rural,"Energy Transport Natural Gas Distribution, New distribution in existing rual areas",Financial data,"Investments, percentage installation",,,0,2,Lower,2020,0.7
112 7 gas  Rural,"Energy Transport Natural Gas Distribution, New distribution in existing rual areas",Financial data,"Investments, percentage installation",,,0,2,Lower,2050,0.7
112 7 gas  Rural,"Energy Transport Natural Gas Distribution, New distribution in existing rual areas",Financial data,"Investments, percentage installation",,,0,2,Upper,2020,0.9
112 7 gas  Rural,"Energy Transport Natural Gas Distribution, New distribution in existing rual areas",Financial data,"Investments, percentage installation",,,0,2,Upper,2050,0.9
112 7 gas  Rural,"Energy Transport Natural Gas Distribution, New distribution in existing rual areas",Financial data,"Investments, percentage installation",,,0,2,ctrl,2015,0.8
112 7 gas  Rural,"Energy Transport Natural Gas Distribution, New distribution in existing rual areas",Financial data,"Investments, percentage installation",,,0,2,ctrl,2020,0.8
112 7 gas  Rural,"Energy Transport Natural Gas Distribution, New distribution in existing rual areas",Financial data,"Investments, percentage installation",,,0,2,ctrl,2030,0.8
112 7 gas  Rural,"Energy Transport Natural Gas Distribution, New distribution in existing rual areas",Financial data,"Investments, percentage installation",,,0,2,ctrl,2050,0.8
112 7 gas  Rural,"Energy Transport Natural Gas Distribution, New distribution in existing rual areas",Financial data,"Investments, percentage materials",,,0,2,Lower,2020,0.1
112 7 gas  Rural,"Energy Transport Natural Gas Distribution, New distribution in existing rual areas",Financial data,"Investments, percentage materials",,,0,2,Lower,2050,0.1
112 7 gas  Rural,"Energy Transport Natural Gas Distribution, New distribution in existing rual areas",Financial data,"Investments, percentage materials",,,0,2,Upper,2020,0.3
112 7 gas  Rural,"Energy Transport Natural Gas Distribution, New distribution in existing rual areas",Financial data,"Investments, percentage materials",,,0,2,Upper,2050,0.3
112 7 gas  Rural,"Energy Transport Natural Gas Distribution, New distribution in existing rual areas",Financial data,"Investments, percentage materials",,,0,2,ctrl,2015,0.2
112 7 gas  Rural,"Energy Transport Natural Gas Distribution, New distribution in existing rual areas",Financial data,"Investments, percentage materials",,,0,2,ctrl,2020,0.2
112 7 gas  Rural,"Energy Transport Natural Gas Distribution, New distribution in existing rual areas",Financial data,"Investments, percentage materials",,,0,2,ctrl,2030,0.2
112 7 gas  Rural,"Energy Transport Natural Gas Distribution, New distribution in existing rual areas",Financial data,"Investments, percentage materials",,,0,2,ctrl,2050,0.2
112 7 gas  Rural,"Energy Transport Natural Gas Distribution, New distribution in existing rual areas",Financial data,Reinforcement costs [€/MW],EUR/MW,2020,H,,Lower,2020,-
112 7 gas  Rural,"Energy Transport Natural Gas Distribution, New distribution in existing rual areas",Financial data,Reinforcement costs [€/MW],EUR/MW,2020,H,,Lower,2050,-
112 7 gas  Rural,"Energy Transport Natural Gas Distribution, New distribution in existing rual areas",Financial data,Reinforcement costs [€/MW],EUR/MW,2020,H,,Upper,2020,-
112 7 gas  Rural,"Energy Transport Natural Gas Distribution, New distribution in existing rual areas",Financial data,Reinforcement costs [€/MW],EUR/MW,2020,H,,Upper,2050,-
112 7 gas  Rural,"Energy Transport Natural Gas Distribution, New distribution in existing rual areas",Financial data,Reinforcement costs [€/MW],EUR/MW,2020,H,,ctrl,2015,-
112 7 gas  Rural,"Energy Transport Natural Gas Distribution, New distribution in existing rual areas",Financial data,Reinforcement costs [€/MW],EUR/MW,2020,H,,ctrl,2020,-
112 7 gas  Rural,"Energy Transport Natural Gas Distribution, New distribution in existing rual areas",Financial data,Reinforcement costs [€/MW],EUR/MW,2020,H,,ctrl,2030,-
112 7 gas  Rural,"Energy Transport Natural Gas Distribution, New distribution in existing rual areas",Financial data,Reinforcement costs [€/MW],EUR/MW,2020,H,,ctrl,2050,-
112 7 gas  Rural,"Energy Transport Natural Gas Distribution, New distribution in existing rual areas",Financial data,Type 1 station [€/MW],EUR/MW,2020,I,,Lower,2020,-
112 7 gas  Rural,"Energy Transport Natural Gas Distribution, New distribution in existing rual areas",Financial data,Type 1 station [€/MW],EUR/MW,2020,I,,Lower,2050,-
112 7 gas  Rural,"Energy Transport Natural Gas Distribution, New distribution in existing rual areas",Financial data,Type 1 station [€/MW],EUR/MW,2020,I,,Upper,2020,-
112 7 gas  Rural,"Energy Transport Natural Gas Distribution, New distribution in existing rual areas",Financial data,Type 1 station [€/MW],EUR/MW,2020,I,,Upper,2050,-
112 7 gas  Rural,"Energy Transport Natural Gas Distribution, New distribution in existing rual areas",Financial data,Type 1 station [€/MW],EUR/MW,2020,I,,ctrl,2015,-
112 7 gas  Rural,"Energy Transport Natural Gas Distribution, New distribution in existing rual areas",Financial data,Type 1 station [€/MW],EUR/MW,2020,I,,ctrl,2020,-
112 7 gas  Rural,"Energy Transport Natural Gas Distribution, New distribution in existing rual areas",Financial data,Type 1 station [€/MW],EUR/MW,2020,I,,ctrl,2030,-
112 7 gas  Rural,"Energy Transport Natural Gas Distribution, New distribution in existing rual areas",Financial data,Type 1 station [€/MW],EUR/MW,2020,I,,ctrl,2050,-
112 7 gas  Rural,"Energy Transport Natural Gas Distribution, New distribution in existing rual areas",Financial data,Type 2 station [€/MW],EUR/MW,2020,I,,Lower,2020,-
112 7 gas  Rural,"Energy Transport Natural Gas Distribution, New distribution in existing rual areas",Financial data,Type 2 station [€/MW],EUR/MW,2020,I,,Lower,2050,-
112 7 gas  Rural,"Energy Transport Natural Gas Distribution, New distribution in existing rual areas",Financial data,Type 2 station [€/MW],EUR/MW,2020,I,,Upper,2020,-
112 7 gas  Rural,"Energy Transport Natural Gas Distribution, New distribution in existing rual areas",Financial data,Type 2 station [€/MW],EUR/MW,2020,I,,Upper,2050,-
112 7 gas  Rural,"Energy Transport Natural Gas Distribution, New distribution in existing rual areas",Financial data,Type 2 station [€/MW],EUR/MW,2020,I,,ctrl,2015,-
112 7 gas  Rural,"Energy Transport Natural Gas Distribution, New distribution in existing rual areas",Financial data,Type 2 station [€/MW],EUR/MW,2020,I,,ctrl,2020,-
112 7 gas  Rural,"Energy Transport Natural Gas Distribution, New distribution in existing rual areas",Financial data,Type 2 station [€/MW],EUR/MW,2020,I,,ctrl,2030,-
112 7 gas  Rural,"Energy Transport Natural Gas Distribution, New distribution in existing rual areas",Financial data,Type 2 station [€/MW],EUR/MW,2020,I,,ctrl,2050,-
112 7 gas  Rural,"Energy Transport Natural Gas Distribution, New distribution in existing rual areas",Financial data,Variable O&M [€/MWh],EUR/MWh,2020,0,2,Lower,2020,0
112 7 gas  Rural,"Energy Transport Natural Gas Distribution, New distribution in existing rual areas",Financial data,Variable O&M [€/MWh],EUR/MWh,2020,0,2,Lower,2050,0
112 7 gas  Rural,"Energy Transport Natural Gas Distribution, New distribution in existing rual areas",Financial data,Variable O&M [€/MWh],EUR/MWh,2020,0,2,Upper,2020,0
112 7 gas  Rural,"Energy Transport Natural Gas Distribution, New distribution in existing rual areas",Financial data,Variable O&M [€/MWh],EUR/MWh,2020,0,2,Upper,2050,0
112 7 gas  Rural,"Energy Transport Natural Gas Distribution, New distribution in existing rual areas",Financial data,Variable O&M [€/MWh],EUR/MWh,2020,0,2,ctrl,2015,0
112 7 gas  Rural,"Energy Transport Natural Gas Distribution, New distribution in existing rual areas",Financial data,Variable O&M [€/MWh],EUR/MWh,2020,0,2,ctrl,2020,0
112 7 gas  Rural,"Energy Transport Natural Gas Distribution, New distribution in existing rual areas",Financial data,Variable O&M [€/MWh],EUR/MWh,2020,0,2,ctrl,2030,0
112 7 gas  Rural,"Energy Transport Natural Gas Distribution, New distribution in existing rual areas",Financial data,Variable O&M [€/MWh],EUR/MWh,2020,0,2,ctrl,2050,0
112 8 gas  Suburban,"Energy Transport, Natural Gas Distribution, New distribution in existing suburban areas",Energy/technical data,- Residential,,,D,,Lower,2020,0.15
112 8 gas  Suburban,"Energy Transport, Natural Gas Distribution, New distribution in existing suburban areas",Energy/technical data,- Residential,,,D,,Lower,2050,0.15
112 8 gas  Suburban,"Energy Transport, Natural Gas Distribution, New distribution in existing suburban areas",Energy/technical data,- Residential,,,D,,Upper,2020,0.25
112 8 gas  Suburban,"Energy Transport, Natural Gas Distribution, New distribution in existing suburban areas",Energy/technical data,- Residential,,,D,,Upper,2050,0.25
112 8 gas  Suburban,"Energy Transport, Natural Gas Distribution, New distribution in existing suburban areas",Energy/technical data,- Residential,,,D,,ctrl,2015,0.2
112 8 gas  Suburban,"Energy Transport, Natural Gas Distribution, New distribution in existing suburban areas",Energy/technical data,- Residential,,,D,,ctrl,2020,0.2
112 8 gas  Suburban,"Energy Transport, Natural Gas Distribution, New distribution in existing suburban areas",Energy/technical data,- Residential,,,D,,ctrl,2030,0.2
112 8 gas  Suburban,"Energy Transport, Natural Gas Distribution, New distribution in existing suburban areas",Energy/technical data,- Residential,,,D,,ctrl,2050,0.2
112 8 gas  Suburban,"Energy Transport, Natural Gas Distribution, New distribution in existing suburban areas",Energy/technical data,Auxiliary electricity consumption [%] of energy delivered,pct.,,C,,Lower,2020,0
112 8 gas  Suburban,"Energy Transport, Natural Gas Distribution, New distribution in existing suburban areas",Energy/technical data,Auxiliary electricity consumption [%] of energy delivered,pct.,,C,,Lower,2050,0
112 8 gas  Suburban,"Energy Transport, Natural Gas Distribution, New distribution in existing suburban areas",Energy/technical data,Auxiliary electricity consumption [%] of energy delivered,pct.,,C,,Upper,2020,0
112 8 gas  Suburban,"Energy Transport, Natural Gas Distribution, New distribution in existing suburban areas",Energy/technical data,Auxiliary electricity consumption [%] of energy delivered,pct.,,C,,Upper,2050,0
112 8 gas  Suburban,"Energy Transport, Natural Gas Distribution, New distribution in existing suburban areas",Energy/technical data,Auxiliary electricity consumption [%] of energy delivered,pct.,,C,,ctrl,2015,0
112 8 gas  Suburban,"Energy Transport, Natural Gas Distribution, New distribution in existing suburban areas",Energy/technical data,Auxiliary electricity consumption [%] of energy delivered,pct.,,C,,ctrl,2020,0
112 8 gas  Suburban,"Energy Transport, Natural Gas Distribution, New distribution in existing suburban areas",Energy/technical data,Auxiliary electricity consumption [%] of energy delivered,pct.,,C,,ctrl,2030,0
112 8 gas  Suburban,"Energy Transport, Natural Gas Distribution, New distribution in existing suburban areas",Energy/technical data,Auxiliary electricity consumption [%] of energy delivered,pct.,,C,,ctrl,2050,0
112 8 gas  Suburban,"Energy Transport, Natural Gas Distribution, New distribution in existing suburban areas",Energy/technical data,Construction time [years],years,,,2,Lower,2020,0.3
112 8 gas  Suburban,"Energy Transport, Natural Gas Distribution, New distribution in existing suburban areas",Energy/technical data,Construction time [years],years,,,2,Lower,2050,0.3
112 8 gas  Suburban,"Energy Transport, Natural Gas Distribution, New distribution in existing suburban areas",Energy/technical data,Construction time [years],years,,,2,Upper,2020,0.5
112 8 gas  Suburban,"Energy Transport, Natural Gas Distribution, New distribution in existing suburban areas",Energy/technical data,Construction time [years],years,,,2,Upper,2050,0.5
112 8 gas  Suburban,"Energy Transport, Natural Gas Distribution, New distribution in existing suburban areas",Energy/technical data,Construction time [years],years,,,2,ctrl,2015,0.4
112 8 gas  Suburban,"Energy Transport, Natural Gas Distribution, New distribution in existing suburban areas",Energy/technical data,Construction time [years],years,,,2,ctrl,2020,0.4
112 8 gas  Suburban,"Energy Transport, Natural Gas Distribution, New distribution in existing suburban areas",Energy/technical data,Construction time [years],years,,,2,ctrl,2030,0.4
112 8 gas  Suburban,"Energy Transport, Natural Gas Distribution, New distribution in existing suburban areas",Energy/technical data,Construction time [years],years,,,2,ctrl,2050,0.4
112 8 gas  Suburban,"Energy Transport, Natural Gas Distribution, New distribution in existing suburban areas",Energy/technical data,"Energy losses, lines [%]",pct.,,A,1,Lower,2020,0.05
112 8 gas  Suburban,"Energy Transport, Natural Gas Distribution, New distribution in existing suburban areas",Energy/technical data,"Energy losses, lines [%]",pct.,,A,1,Lower,2050,0.05
112 8 gas  Suburban,"Energy Transport, Natural Gas Distribution, New distribution in existing suburban areas",Energy/technical data,"Energy losses, lines [%]",pct.,,A,1,Upper,2020,0.3
112 8 gas  Suburban,"Energy Transport, Natural Gas Distribution, New distribution in existing suburban areas",Energy/technical data,"Energy losses, lines [%]",pct.,,A,1,Upper,2050,0.3
112 8 gas  Suburban,"Energy Transport, Natural Gas Distribution, New distribution in existing suburban areas",Energy/technical data,"Energy losses, lines [%]",pct.,,A,1,ctrl,2015,0.2630744860326428
112 8 gas  Suburban,"Energy Transport, Natural Gas Distribution, New distribution in existing suburban areas",Energy/technical data,"Energy losses, lines [%]",pct.,,A,1,ctrl,2020,0.2630744860326428
112 8 gas  Suburban,"Energy Transport, Natural Gas Distribution, New distribution in existing suburban areas",Energy/technical data,"Energy losses, lines [%]",pct.,,A,1,ctrl,2030,0.2630744860326428
112 8 gas  Suburban,"Energy Transport, Natural Gas Distribution, New distribution in existing suburban areas",Energy/technical data,"Energy losses, lines [%]",pct.,,A,1,ctrl,2050,0.2630744860326428
112 8 gas  Suburban,"Energy Transport, Natural Gas Distribution, New distribution in existing suburban areas",Energy/technical data,"Energy losses, stations [%]",pct.,,B,,Lower,2020,-
112 8 gas  Suburban,"Energy Transport, Natural Gas Distribution, New distribution in existing suburban areas",Energy/technical data,"Energy losses, stations [%]",pct.,,B,,Lower,2050,-
112 8 gas  Suburban,"Energy Transport, Natural Gas Distribution, New distribution in existing suburban areas",Energy/technical data,"Energy losses, stations [%]",pct.,,B,,Upper,2020,-
112 8 gas  Suburban,"Energy Transport, Natural Gas Distribution, New distribution in existing suburban areas",Energy/technical data,"Energy losses, stations [%]",pct.,,B,,Upper,2050,-
112 8 gas  Suburban,"Energy Transport, Natural Gas Distribution, New distribution in existing suburban areas",Energy/technical data,"Energy losses, stations [%]",pct.,,B,,ctrl,2015,-
112 8 gas  Suburban,"Energy Transport, Natural Gas Distribution, New distribution in existing suburban areas",Energy/technical data,"Energy losses, stations [%]",pct.,,B,,ctrl,2020,-
112 8 gas  Suburban,"Energy Transport, Natural Gas Distribution, New distribution in existing suburban areas",Energy/technical data,"Energy losses, stations [%]",pct.,,B,,ctrl,2030,-
112 8 gas  Suburban,"Energy Transport, Natural Gas Distribution, New distribution in existing suburban areas",Energy/technical data,"Energy losses, stations [%]",pct.,,B,,ctrl,2050,-
112 8 gas  Suburban,"Energy Transport, Natural Gas Distribution, New distribution in existing suburban areas",Energy/technical data,Technical life time [years],years,,,2,Lower,2020,50
112 8 gas  Suburban,"Energy Transport, Natural Gas Distribution, New distribution in existing suburban areas",Energy/technical data,Technical life time [years],years,,,2,Lower,2050,50
112 8 gas  Suburban,"Energy Transport, Natural Gas Distribution, New distribution in existing suburban areas",Energy/technical data,Technical life time [years],years,,,2,Upper,2020,80
112 8 gas  Suburban,"Energy Transport, Natural Gas Distribution, New distribution in existing suburban areas",Energy/technical data,Technical life time [years],years,,,2,Upper,2050,80
112 8 gas  Suburban,"Energy Transport, Natural Gas Distribution, New distribution in existing suburban areas",Energy/technical data,Technical life time [years],years,,,2,ctrl,2015,50
112 8 gas  Suburban,"Energy Transport, Natural Gas Distribution, New distribution in existing suburban areas",Energy/technical data,Technical life time [years],years,,,2,ctrl,2020,50
112 8 gas  Suburban,"Energy Transport, Natural Gas Distribution, New distribution in existing suburban areas",Energy/technical data,Technical life time [years],years,,,2,ctrl,2030,50
112 8 gas  Suburban,"Energy Transport, Natural Gas Distribution, New distribution in existing suburban areas",Energy/technical data,Technical life time [years],years,,,2,ctrl,2050,50
112 8 gas  Suburban,"Energy Transport, Natural Gas Distribution, New distribution in existing suburban areas",Energy/technical data,Typical load profile [-],-,,,,Lower,2020,-
112 8 gas  Suburban,"Energy Transport, Natural Gas Distribution, New distribution in existing suburban areas",Energy/technical data,Typical load profile [-],-,,,,Lower,2050,-
112 8 gas  Suburban,"Energy Transport, Natural Gas Distribution, New distribution in existing suburban areas",Energy/technical data,Typical load profile [-],-,,,,Upper,2020,-
112 8 gas  Suburban,"Energy Transport, Natural Gas Distribution, New distribution in existing suburban areas",Energy/technical data,Typical load profile [-],-,,,,Upper,2050,-
112 8 gas  Suburban,"Energy Transport, Natural Gas Distribution, New distribution in existing suburban areas",Energy/technical data,Typical load profile [-],-,,,,ctrl,2015,-
112 8 gas  Suburban,"Energy Transport, Natural Gas Distribution, New distribution in existing suburban areas",Energy/technical data,Typical load profile [-],-,,,,ctrl,2020,-
112 8 gas  Suburban,"Energy Transport, Natural Gas Distribution, New distribution in existing suburban areas",Energy/technical data,Typical load profile [-],-,,,,ctrl,2030,-
112 8 gas  Suburban,"Energy Transport, Natural Gas Distribution, New distribution in existing suburban areas",Energy/technical data,Typical load profile [-],-,,,,ctrl,2050,-
112 8 gas  Suburban,"Energy Transport, Natural Gas Distribution, New distribution in existing suburban areas",Financial data,Distribution network costs [€/MWh/year] Suburban,EUR/MWh/year,2020,0,2,Lower,2020,148.87218052
112 8 gas  Suburban,"Energy Transport, Natural Gas Distribution, New distribution in existing suburban areas",Financial data,Distribution network costs [€/MWh/year] Suburban,EUR/MWh/year,2020,0,2,Lower,2050,148.87218052
112 8 gas  Suburban,"Energy Transport, Natural Gas Distribution, New distribution in existing suburban areas",Financial data,Distribution network costs [€/MWh/year] Suburban,EUR/MWh/year,2020,0,2,Upper,2020,180.77336206
112 8 gas  Suburban,"Energy Transport, Natural Gas Distribution, New distribution in existing suburban areas",Financial data,Distribution network costs [€/MWh/year] Suburban,EUR/MWh/year,2020,0,2,Upper,2050,180.77336206
112 8 gas  Suburban,"Energy Transport, Natural Gas Distribution, New distribution in existing suburban areas",Financial data,Distribution network costs [€/MWh/year] Suburban,EUR/MWh/year,2020,0,2,ctrl,2015,159.5059077
112 8 gas  Suburban,"Energy Transport, Natural Gas Distribution, New distribution in existing suburban areas",Financial data,Distribution network costs [€/MWh/year] Suburban,EUR/MWh/year,2020,0,2,ctrl,2020,159.5059077
112 8 gas  Suburban,"Energy Transport, Natural Gas Distribution, New distribution in existing suburban areas",Financial data,Distribution network costs [€/MWh/year] Suburban,EUR/MWh/year,2020,0,2,ctrl,2030,159.5059077
112 8 gas  Suburban,"Energy Transport, Natural Gas Distribution, New distribution in existing suburban areas",Financial data,Distribution network costs [€/MWh/year] Suburban,EUR/MWh/year,2020,0,2,ctrl,2050,159.5059077
112 8 gas  Suburban,"Energy Transport, Natural Gas Distribution, New distribution in existing suburban areas",Financial data,Fixed O&M [€/MW/year],EUR/MW/year,2020,0,2,Lower,2020,265.8431795
112 8 gas  Suburban,"Energy Transport, Natural Gas Distribution, New distribution in existing suburban areas",Financial data,Fixed O&M [€/MW/year],EUR/MW/year,2020,0,2,Lower,2050,265.8431795
112 8 gas  Suburban,"Energy Transport, Natural Gas Distribution, New distribution in existing suburban areas",Financial data,Fixed O&M [€/MW/year],EUR/MW/year,2020,0,2,Upper,2020,393.4479056600001
112 8 gas  Suburban,"Energy Transport, Natural Gas Distribution, New distribution in existing suburban areas",Financial data,Fixed O&M [€/MW/year],EUR/MW/year,2020,0,2,Upper,2050,393.4479056600001
112 8 gas  Suburban,"Energy Transport, Natural Gas Distribution, New distribution in existing suburban areas",Financial data,Fixed O&M [€/MW/year],EUR/MW/year,2020,0,2,ctrl,2015,329.64554258
112 8 gas  Suburban,"Energy Transport, Natural Gas Distribution, New distribution in existing suburban areas",Financial data,Fixed O&M [€/MW/year],EUR/MW/year,2020,0,2,ctrl,2020,329.64554258
112 8 gas  Suburban,"Energy Transport, Natural Gas Distribution, New distribution in existing suburban areas",Financial data,Fixed O&M [€/MW/year],EUR/MW/year,2020,0,2,ctrl,2030,329.64554258
112 8 gas  Suburban,"Energy Transport, Natural Gas Distribution, New distribution in existing suburban areas",Financial data,Fixed O&M [€/MW/year],EUR/MW/year,2020,0,2,ctrl,2050,329.64554258
112 8 gas  Suburban,"Energy Transport, Natural Gas Distribution, New distribution in existing suburban areas",Financial data,"Investment costs; service line, 0-20 kW [€/unit]",EUR/unit,2020,0,2,Lower,2020,1488.7218052
112 8 gas  Suburban,"Energy Transport, Natural Gas Distribution, New distribution in existing suburban areas",Financial data,"Investment costs; service line, 0-20 kW [€/unit]",EUR/unit,2020,0,2,Lower,2050,1488.7218052
112 8 gas  Suburban,"Energy Transport, Natural Gas Distribution, New distribution in existing suburban areas",Financial data,"Investment costs; service line, 0-20 kW [€/unit]",EUR/unit,2020,0,2,Upper,2020,1914.0708924
112 8 gas  Suburban,"Energy Transport, Natural Gas Distribution, New distribution in existing suburban areas",Financial data,"Investment costs; service line, 0-20 kW [€/unit]",EUR/unit,2020,0,2,Upper,2050,1914.0708924
112 8 gas  Suburban,"Energy Transport, Natural Gas Distribution, New distribution in existing suburban areas",Financial data,"Investment costs; service line, 0-20 kW [€/unit]",EUR/unit,2020,0,2,ctrl,2015,1701.3963488
112 8 gas  Suburban,"Energy Transport, Natural Gas Distribution, New distribution in existing suburban areas",Financial data,"Investment costs; service line, 0-20 kW [€/unit]",EUR/unit,2020,0,2,ctrl,2020,1701.3963488
112 8 gas  Suburban,"Energy Transport, Natural Gas Distribution, New distribution in existing suburban areas",Financial data,"Investment costs; service line, 0-20 kW [€/unit]",EUR/unit,2020,0,2,ctrl,2030,1701.3963488
112 8 gas  Suburban,"Energy Transport, Natural Gas Distribution, New distribution in existing suburban areas",Financial data,"Investment costs; service line, 0-20 kW [€/unit]",EUR/unit,2020,0,2,ctrl,2050,1701.3963488
112 8 gas  Suburban,"Energy Transport, Natural Gas Distribution, New distribution in existing suburban areas",Financial data,"Investment costs; service line, 20-50 kW [€/unit]",EUR/unit,2020,E,,Lower,2020,-
112 8 gas  Suburban,"Energy Transport, Natural Gas Distribution, New distribution in existing suburban areas",Financial data,"Investment costs; service line, 20-50 kW [€/unit]",EUR/unit,2020,E,,Lower,2050,-
112 8 gas  Suburban,"Energy Transport, Natural Gas Distribution, New distribution in existing suburban areas",Financial data,"Investment costs; service line, 20-50 kW [€/unit]",EUR/unit,2020,E,,Upper,2020,-
112 8 gas  Suburban,"Energy Transport, Natural Gas Distribution, New distribution in existing suburban areas",Financial data,"Investment costs; service line, 20-50 kW [€/unit]",EUR/unit,2020,E,,Upper,2050,-
112 8 gas  Suburban,"Energy Transport, Natural Gas Distribution, New distribution in existing suburban areas",Financial data,"Investment costs; service line, 20-50 kW [€/unit]",EUR/unit,2020,E,,ctrl,2015,-
112 8 gas  Suburban,"Energy Transport, Natural Gas Distribution, New distribution in existing suburban areas",Financial data,"Investment costs; service line, 20-50 kW [€/unit]",EUR/unit,2020,E,,ctrl,2020,-
112 8 gas  Suburban,"Energy Transport, Natural Gas Distribution, New distribution in existing suburban areas",Financial data,"Investment costs; service line, 20-50 kW [€/unit]",EUR/unit,2020,E,,ctrl,2030,-
112 8 gas  Suburban,"Energy Transport, Natural Gas Distribution, New distribution in existing suburban areas",Financial data,"Investment costs; service line, 20-50 kW [€/unit]",EUR/unit,2020,E,,ctrl,2050,-
112 8 gas  Suburban,"Energy Transport, Natural Gas Distribution, New distribution in existing suburban areas",Financial data,"Investment costs; service line, 50-100 kW [€/unit]",EUR/unit,2020,E,,Lower,2020,-
112 8 gas  Suburban,"Energy Transport, Natural Gas Distribution, New distribution in existing suburban areas",Financial data,"Investment costs; service line, 50-100 kW [€/unit]",EUR/unit,2020,E,,Lower,2050,-
112 8 gas  Suburban,"Energy Transport, Natural Gas Distribution, New distribution in existing suburban areas",Financial data,"Investment costs; service line, 50-100 kW [€/unit]",EUR/unit,2020,E,,Upper,2020,-
112 8 gas  Suburban,"Energy Transport, Natural Gas Distribution, New distribution in existing suburban areas",Financial data,"Investment costs; service line, 50-100 kW [€/unit]",EUR/unit,2020,E,,Upper,2050,-
112 8 gas  Suburban,"Energy Transport, Natural Gas Distribution, New distribution in existing suburban areas",Financial data,"Investment costs; service line, 50-100 kW [€/unit]",EUR/unit,2020,E,,ctrl,2015,-
112 8 gas  Suburban,"Energy Transport, Natural Gas Distribution, New distribution in existing suburban areas",Financial data,"Investment costs; service line, 50-100 kW [€/unit]",EUR/unit,2020,E,,ctrl,2020,-
112 8 gas  Suburban,"Energy Transport, Natural Gas Distribution, New distribution in existing suburban areas",Financial data,"Investment costs; service line, 50-100 kW [€/unit]",EUR/unit,2020,E,,ctrl,2030,-
112 8 gas  Suburban,"Energy Transport, Natural Gas Distribution, New distribution in existing suburban areas",Financial data,"Investment costs; service line, 50-100 kW [€/unit]",EUR/unit,2020,E,,ctrl,2050,-
112 8 gas  Suburban,"Energy Transport, Natural Gas Distribution, New distribution in existing suburban areas",Financial data,"Investment costs; service line, above 100 kW [€/unit]",EUR/unit,2020,E,,Lower,2020,-
112 8 gas  Suburban,"Energy Transport, Natural Gas Distribution, New distribution in existing suburban areas",Financial data,"Investment costs; service line, above 100 kW [€/unit]",EUR/unit,2020,E,,Lower,2050,-
112 8 gas  Suburban,"Energy Transport, Natural Gas Distribution, New distribution in existing suburban areas",Financial data,"Investment costs; service line, above 100 kW [€/unit]",EUR/unit,2020,E,,Upper,2020,-
112 8 gas  Suburban,"Energy Transport, Natural Gas Distribution, New distribution in existing suburban areas",Financial data,"Investment costs; service line, above 100 kW [€/unit]",EUR/unit,2020,E,,Upper,2050,-
112 8 gas  Suburban,"Energy Transport, Natural Gas Distribution, New distribution in existing suburban areas",Financial data,"Investment costs; service line, above 100 kW [€/unit]",EUR/unit,2020,E,,ctrl,2015,-
112 8 gas  Suburban,"Energy Transport, Natural Gas Distribution, New distribution in existing suburban areas",Financial data,"Investment costs; service line, above 100 kW [€/unit]",EUR/unit,2020,E,,ctrl,2020,-
112 8 gas  Suburban,"Energy Transport, Natural Gas Distribution, New distribution in existing suburban areas",Financial data,"Investment costs; service line, above 100 kW [€/unit]",EUR/unit,2020,E,,ctrl,2030,-
112 8 gas  Suburban,"Energy Transport, Natural Gas Distribution, New distribution in existing suburban areas",Financial data,"Investment costs; service line, above 100 kW [€/unit]",EUR/unit,2020,E,,ctrl,2050,-
112 8 gas  Suburban,"Energy Transport, Natural Gas Distribution, New distribution in existing suburban areas",Financial data,"Investment costs; single line, 0-50 kW [€/m]",EUR/m,2020,F,,Lower,2020,51.04189046400001
112 8 gas  Suburban,"Energy Transport, Natural Gas Distribution, New distribution in existing suburban areas",Financial data,"Investment costs; single line, 0-50 kW [€/m]",EUR/m,2020,F,,Lower,2050,51.04189046400001
112 8 gas  Suburban,"Energy Transport, Natural Gas Distribution, New distribution in existing suburban areas",Financial data,"Investment costs; single line, 0-50 kW [€/m]",EUR/m,2020,F,,Upper,2020,62.38453278933334
112 8 gas  Suburban,"Energy Transport, Natural Gas Distribution, New distribution in existing suburban areas",Financial data,"Investment costs; single line, 0-50 kW [€/m]",EUR/m,2020,F,,Upper,2050,62.38453278933334
112 8 gas  Suburban,"Energy Transport, Natural Gas Distribution, New distribution in existing suburban areas",Financial data,"Investment costs; single line, 0-50 kW [€/m]",EUR/m,2020,F,,ctrl,2015,56.71321162666668
112 8 gas  Suburban,"Energy Transport, Natural Gas Distribution, New distribution in existing suburban areas",Financial data,"Investment costs; single line, 0-50 kW [€/m]",EUR/m,2020,F,,ctrl,2020,56.71321162666668
112 8 gas  Suburban,"Energy Transport, Natural Gas Distribution, New distribution in existing suburban areas",Financial data,"Investment costs; single line, 0-50 kW [€/m]",EUR/m,2020,F,,ctrl,2030,56.71321162666668
112 8 gas  Suburban,"Energy Transport, Natural Gas Distribution, New distribution in existing suburban areas",Financial data,"Investment costs; single line, 0-50 kW [€/m]",EUR/m,2020,F,,ctrl,2050,56.71321162666668
112 8 gas  Suburban,"Energy Transport, Natural Gas Distribution, New distribution in existing suburban areas",Financial data,"Investment costs; single line, 1 MW-5 MW [€/m]",EUR/m,2020,G,,Lower,2020,57.42212677200001
112 8 gas  Suburban,"Energy Transport, Natural Gas Distribution, New distribution in existing suburban areas",Financial data,"Investment costs; single line, 1 MW-5 MW [€/m]",EUR/m,2020,G,,Lower,2050,57.42212677200001
112 8 gas  Suburban,"Energy Transport, Natural Gas Distribution, New distribution in existing suburban areas",Financial data,"Investment costs; single line, 1 MW-5 MW [€/m]",EUR/m,2020,G,,Upper,2020,70.182599388
112 8 gas  Suburban,"Energy Transport, Natural Gas Distribution, New distribution in existing suburban areas",Financial data,"Investment costs; single line, 1 MW-5 MW [€/m]",EUR/m,2020,G,,Upper,2050,70.182599388
112 8 gas  Suburban,"Energy Transport, Natural Gas Distribution, New distribution in existing suburban areas",Financial data,"Investment costs; single line, 1 MW-5 MW [€/m]",EUR/m,2020,G,,ctrl,2015,63.80236308000001
112 8 gas  Suburban,"Energy Transport, Natural Gas Distribution, New distribution in existing suburban areas",Financial data,"Investment costs; single line, 1 MW-5 MW [€/m]",EUR/m,2020,G,,ctrl,2020,63.80236308000001
112 8 gas  Suburban,"Energy Transport, Natural Gas Distribution, New distribution in existing suburban areas",Financial data,"Investment costs; single line, 1 MW-5 MW [€/m]",EUR/m,2020,G,,ctrl,2030,63.80236308000001
112 8 gas  Suburban,"Energy Transport, Natural Gas Distribution, New distribution in existing suburban areas",Financial data,"Investment costs; single line, 1 MW-5 MW [€/m]",EUR/m,2020,G,,ctrl,2050,63.80236308000001
112 8 gas  Suburban,"Energy Transport, Natural Gas Distribution, New distribution in existing suburban areas",Financial data,"Investment costs; single line, 100-250 kW  [€/m]",EUR/m,2020,F,,Lower,2020,51.04189046400001
112 8 gas  Suburban,"Energy Transport, Natural Gas Distribution, New distribution in existing suburban areas",Financial data,"Investment costs; single line, 100-250 kW  [€/m]",EUR/m,2020,F,,Lower,2050,51.04189046400001
112 8 gas  Suburban,"Energy Transport, Natural Gas Distribution, New distribution in existing suburban areas",Financial data,"Investment costs; single line, 100-250 kW  [€/m]",EUR/m,2020,F,,Upper,2020,62.38453278933334
112 8 gas  Suburban,"Energy Transport, Natural Gas Distribution, New distribution in existing suburban areas",Financial data,"Investment costs; single line, 100-250 kW  [€/m]",EUR/m,2020,F,,Upper,2050,62.38453278933334
112 8 gas  Suburban,"Energy Transport, Natural Gas Distribution, New distribution in existing suburban areas",Financial data,"Investment costs; single line, 100-250 kW  [€/m]",EUR/m,2020,F,,ctrl,2015,56.71321162666668
112 8 gas  Suburban,"Energy Transport, Natural Gas Distribution, New distribution in existing suburban areas",Financial data,"Investment costs; single line, 100-250 kW  [€/m]",EUR/m,2020,F,,ctrl,2020,56.71321162666668
112 8 gas  Suburban,"Energy Transport, Natural Gas Distribution, New distribution in existing suburban areas",Financial data,"Investment costs; single line, 100-250 kW  [€/m]",EUR/m,2020,F,,ctrl,2030,56.71321162666668
112 8 gas  Suburban,"Energy Transport, Natural Gas Distribution, New distribution in existing suburban areas",Financial data,"Investment costs; single line, 100-250 kW  [€/m]",EUR/m,2020,F,,ctrl,2050,56.71321162666668
112 8 gas  Suburban,"Energy Transport, Natural Gas Distribution, New distribution in existing suburban areas",Financial data,"Investment costs; single line, 25 MW-100 MW [€/m]",EUR/m,2020,0,,Lower,2020,-
112 8 gas  Suburban,"Energy Transport, Natural Gas Distribution, New distribution in existing suburban areas",Financial data,"Investment costs; single line, 25 MW-100 MW [€/m]",EUR/m,2020,0,,Lower,2050,-
112 8 gas  Suburban,"Energy Transport, Natural Gas Distribution, New distribution in existing suburban areas",Financial data,"Investment costs; single line, 25 MW-100 MW [€/m]",EUR/m,2020,0,,Upper,2020,-
112 8 gas  Suburban,"Energy Transport, Natural Gas Distribution, New distribution in existing suburban areas",Financial data,"Investment costs; single line, 25 MW-100 MW [€/m]",EUR/m,2020,0,,Upper,2050,-
112 8 gas  Suburban,"Energy Transport, Natural Gas Distribution, New distribution in existing suburban areas",Financial data,"Investment costs; single line, 25 MW-100 MW [€/m]",EUR/m,2020,0,,ctrl,2015,-
112 8 gas  Suburban,"Energy Transport, Natural Gas Distribution, New distribution in existing suburban areas",Financial data,"Investment costs; single line, 25 MW-100 MW [€/m]",EUR/m,2020,0,,ctrl,2020,-
112 8 gas  Suburban,"Energy Transport, Natural Gas Distribution, New distribution in existing suburban areas",Financial data,"Investment costs; single line, 25 MW-100 MW [€/m]",EUR/m,2020,0,,ctrl,2030,-
112 8 gas  Suburban,"Energy Transport, Natural Gas Distribution, New distribution in existing suburban areas",Financial data,"Investment costs; single line, 25 MW-100 MW [€/m]",EUR/m,2020,0,,ctrl,2050,-
112 8 gas  Suburban,"Energy Transport, Natural Gas Distribution, New distribution in existing suburban areas",Financial data,"Investment costs; single line, 250 kW-1 MW [€/m]",EUR/m,2020,F,,Lower,2020,51.04189046400001
112 8 gas  Suburban,"Energy Transport, Natural Gas Distribution, New distribution in existing suburban areas",Financial data,"Investment costs; single line, 250 kW-1 MW [€/m]",EUR/m,2020,F,,Lower,2050,51.04189046400001
112 8 gas  Suburban,"Energy Transport, Natural Gas Distribution, New distribution in existing suburban areas",Financial data,"Investment costs; single line, 250 kW-1 MW [€/m]",EUR/m,2020,F,,Upper,2020,62.38453278933334
112 8 gas  Suburban,"Energy Transport, Natural Gas Distribution, New distribution in existing suburban areas",Financial data,"Investment costs; single line, 250 kW-1 MW [€/m]",EUR/m,2020,F,,Upper,2050,62.38453278933334
112 8 gas  Suburban,"Energy Transport, Natural Gas Distribution, New distribution in existing suburban areas",Financial data,"Investment costs; single line, 250 kW-1 MW [€/m]",EUR/m,2020,F,,ctrl,2015,56.71321162666668
112 8 gas  Suburban,"Energy Transport, Natural Gas Distribution, New distribution in existing suburban areas",Financial data,"Investment costs; single line, 250 kW-1 MW [€/m]",EUR/m,2020,F,,ctrl,2020,56.71321162666668
112 8 gas  Suburban,"Energy Transport, Natural Gas Distribution, New distribution in existing suburban areas",Financial data,"Investment costs; single line, 250 kW-1 MW [€/m]",EUR/m,2020,F,,ctrl,2030,56.71321162666668
112 8 gas  Suburban,"Energy Transport, Natural Gas Distribution, New distribution in existing suburban areas",Financial data,"Investment costs; single line, 250 kW-1 MW [€/m]",EUR/m,2020,F,,ctrl,2050,56.71321162666668
112 8 gas  Suburban,"Energy Transport, Natural Gas Distribution, New distribution in existing suburban areas",Financial data,"Investment costs; single line, 5 MW-25 MW [€/m]",EUR/m,2020,G,,Lower,2020,82.94307200400002
112 8 gas  Suburban,"Energy Transport, Natural Gas Distribution, New distribution in existing suburban areas",Financial data,"Investment costs; single line, 5 MW-25 MW [€/m]",EUR/m,2020,G,,Lower,2050,82.94307200400002
112 8 gas  Suburban,"Energy Transport, Natural Gas Distribution, New distribution in existing suburban areas",Financial data,"Investment costs; single line, 5 MW-25 MW [€/m]",EUR/m,2020,G,,Upper,2020,101.3748657826667
112 8 gas  Suburban,"Energy Transport, Natural Gas Distribution, New distribution in existing suburban areas",Financial data,"Investment costs; single line, 5 MW-25 MW [€/m]",EUR/m,2020,G,,Upper,2050,101.3748657826667
112 8 gas  Suburban,"Energy Transport, Natural Gas Distribution, New distribution in existing suburban areas",Financial data,"Investment costs; single line, 5 MW-25 MW [€/m]",EUR/m,2020,G,,ctrl,2015,92.15896889333335
112 8 gas  Suburban,"Energy Transport, Natural Gas Distribution, New distribution in existing suburban areas",Financial data,"Investment costs; single line, 5 MW-25 MW [€/m]",EUR/m,2020,G,,ctrl,2020,92.15896889333335
112 8 gas  Suburban,"Energy Transport, Natural Gas Distribution, New distribution in existing suburban areas",Financial data,"Investment costs; single line, 5 MW-25 MW [€/m]",EUR/m,2020,G,,ctrl,2030,92.15896889333335
112 8 gas  Suburban,"Energy Transport, Natural Gas Distribution, New distribution in existing suburban areas",Financial data,"Investment costs; single line, 5 MW-25 MW [€/m]",EUR/m,2020,G,,ctrl,2050,92.15896889333335
112 8 gas  Suburban,"Energy Transport, Natural Gas Distribution, New distribution in existing suburban areas",Financial data,"Investment costs; single line, 50-250 kW  [€/m]",EUR/m,2020,F,,Lower,2020,51.04189046400001
112 8 gas  Suburban,"Energy Transport, Natural Gas Distribution, New distribution in existing suburban areas",Financial data,"Investment costs; single line, 50-250 kW  [€/m]",EUR/m,2020,F,,Lower,2050,51.04189046400001
112 8 gas  Suburban,"Energy Transport, Natural Gas Distribution, New distribution in existing suburban areas",Financial data,"Investment costs; single line, 50-250 kW  [€/m]",EUR/m,2020,F,,Upper,2020,62.38453278933334
112 8 gas  Suburban,"Energy Transport, Natural Gas Distribution, New distribution in existing suburban areas",Financial data,"Investment costs; single line, 50-250 kW  [€/m]",EUR/m,2020,F,,Upper,2050,62.38453278933334
112 8 gas  Suburban,"Energy Transport, Natural Gas Distribution, New distribution in existing suburban areas",Financial data,"Investment costs; single line, 50-250 kW  [€/m]",EUR/m,2020,F,,ctrl,2015,56.71321162666668
112 8 gas  Suburban,"Energy Transport, Natural Gas Distribution, New distribution in existing suburban areas",Financial data,"Investment costs; single line, 50-250 kW  [€/m]",EUR/m,2020,F,,ctrl,2020,56.71321162666668
112 8 gas  Suburban,"Energy Transport, Natural Gas Distribution, New distribution in existing suburban areas",Financial data,"Investment costs; single line, 50-250 kW  [€/m]",EUR/m,2020,F,,ctrl,2030,56.71321162666668
112 8 gas  Suburban,"Energy Transport, Natural Gas Distribution, New distribution in existing suburban areas",Financial data,"Investment costs; single line, 50-250 kW  [€/m]",EUR/m,2020,F,,ctrl,2050,56.71321162666668
112 8 gas  Suburban,"Energy Transport, Natural Gas Distribution, New distribution in existing suburban areas",Financial data,"Investments, percentage installation",,,0,2,Lower,2020,0.7
112 8 gas  Suburban,"Energy Transport, Natural Gas Distribution, New distribution in existing suburban areas",Financial data,"Investments, percentage installation",,,0,2,Lower,2050,0.7
112 8 gas  Suburban,"Energy Transport, Natural Gas Distribution, New distribution in existing suburban areas",Financial data,"Investments, percentage installation",,,0,2,Upper,2020,0.9
112 8 gas  Suburban,"Energy Transport, Natural Gas Distribution, New distribution in existing suburban areas",Financial data,"Investments, percentage installation",,,0,2,Upper,2050,0.9
112 8 gas  Suburban,"Energy Transport, Natural Gas Distribution, New distribution in existing suburban areas",Financial data,"Investments, percentage installation",,,0,2,ctrl,2015,0.8
112 8 gas  Suburban,"Energy Transport, Natural Gas Distribution, New distribution in existing suburban areas",Financial data,"Investments, percentage installation",,,0,2,ctrl,2020,0.8
112 8 gas  Suburban,"Energy Transport, Natural Gas Distribution, New distribution in existing suburban areas",Financial data,"Investments, percentage installation",,,0,2,ctrl,2030,0.8
112 8 gas  Suburban,"Energy Transport, Natural Gas Distribution, New distribution in existing suburban areas",Financial data,"Investments, percentage installation",,,0,2,ctrl,2050,0.8
112 8 gas  Suburban,"Energy Transport, Natural Gas Distribution, New distribution in existing suburban areas",Financial data,"Investments, percentage materials",,,0,2,Lower,2020,0.1
112 8 gas  Suburban,"Energy Transport, Natural Gas Distribution, New distribution in existing suburban areas",Financial data,"Investments, percentage materials",,,0,2,Lower,2050,0.1
112 8 gas  Suburban,"Energy Transport, Natural Gas Distribution, New distribution in existing suburban areas",Financial data,"Investments, percentage materials",,,0,2,Upper,2020,0.3
112 8 gas  Suburban,"Energy Transport, Natural Gas Distribution, New distribution in existing suburban areas",Financial data,"Investments, percentage materials",,,0,2,Upper,2050,0.3
112 8 gas  Suburban,"Energy Transport, Natural Gas Distribution, New distribution in existing suburban areas",Financial data,"Investments, percentage materials",,,0,2,ctrl,2015,0.2
112 8 gas  Suburban,"Energy Transport, Natural Gas Distribution, New distribution in existing suburban areas",Financial data,"Investments, percentage materials",,,0,2,ctrl,2020,0.2
112 8 gas  Suburban,"Energy Transport, Natural Gas Distribution, New distribution in existing suburban areas",Financial data,"Investments, percentage materials",,,0,2,ctrl,2030,0.2
112 8 gas  Suburban,"Energy Transport, Natural Gas Distribution, New distribution in existing suburban areas",Financial data,"Investments, percentage materials",,,0,2,ctrl,2050,0.2
112 8 gas  Suburban,"Energy Transport, Natural Gas Distribution, New distribution in existing suburban areas",Financial data,Reinforcement costs [€/MW],EUR/MW,2020,H,,Lower,2020,-
112 8 gas  Suburban,"Energy Transport, Natural Gas Distribution, New distribution in existing suburban areas",Financial data,Reinforcement costs [€/MW],EUR/MW,2020,H,,Lower,2050,-
112 8 gas  Suburban,"Energy Transport, Natural Gas Distribution, New distribution in existing suburban areas",Financial data,Reinforcement costs [€/MW],EUR/MW,2020,H,,Upper,2020,-
112 8 gas  Suburban,"Energy Transport, Natural Gas Distribution, New distribution in existing suburban areas",Financial data,Reinforcement costs [€/MW],EUR/MW,2020,H,,Upper,2050,-
112 8 gas  Suburban,"Energy Transport, Natural Gas Distribution, New distribution in existing suburban areas",Financial data,Reinforcement costs [€/MW],EUR/MW,2020,H,,ctrl,2015,-
112 8 gas  Suburban,"Energy Transport, Natural Gas Distribution, New distribution in existing suburban areas",Financial data,Reinforcement costs [€/MW],EUR/MW,2020,H,,ctrl,2020,-
112 8 gas  Suburban,"Energy Transport, Natural Gas Distribution, New distribution in existing suburban areas",Financial data,Reinforcement costs [€/MW],EUR/MW,2020,H,,ctrl,2030,-
112 8 gas  Suburban,"Energy Transport, Natural Gas Distribution, New distribution in existing suburban areas",Financial data,Reinforcement costs [€/MW],EUR/MW,2020,H,,ctrl,2050,-
112 8 gas  Suburban,"Energy Transport, Natural Gas Distribution, New distribution in existing suburban areas",Financial data,Type 1 station [€/MW],EUR/MW,2020,I,,Lower,2020,-
112 8 gas  Suburban,"Energy Transport, Natural Gas Distribution, New distribution in existing suburban areas",Financial data,Type 1 station [€/MW],EUR/MW,2020,I,,Lower,2050,-
112 8 gas  Suburban,"Energy Transport, Natural Gas Distribution, New distribution in existing suburban areas",Financial data,Type 1 station [€/MW],EUR/MW,2020,I,,Upper,2020,-
112 8 gas  Suburban,"Energy Transport, Natural Gas Distribution, New distribution in existing suburban areas",Financial data,Type 1 station [€/MW],EUR/MW,2020,I,,Upper,2050,-
112 8 gas  Suburban,"Energy Transport, Natural Gas Distribution, New distribution in existing suburban areas",Financial data,Type 1 station [€/MW],EUR/MW,2020,I,,ctrl,2015,-
112 8 gas  Suburban,"Energy Transport, Natural Gas Distribution, New distribution in existing suburban areas",Financial data,Type 1 station [€/MW],EUR/MW,2020,I,,ctrl,2020,-
112 8 gas  Suburban,"Energy Transport, Natural Gas Distribution, New distribution in existing suburban areas",Financial data,Type 1 station [€/MW],EUR/MW,2020,I,,ctrl,2030,-
112 8 gas  Suburban,"Energy Transport, Natural Gas Distribution, New distribution in existing suburban areas",Financial data,Type 1 station [€/MW],EUR/MW,2020,I,,ctrl,2050,-
112 8 gas  Suburban,"Energy Transport, Natural Gas Distribution, New distribution in existing suburban areas",Financial data,Type 2 station [€/MW],EUR/MW,2020,I,,Lower,2020,-
112 8 gas  Suburban,"Energy Transport, Natural Gas Distribution, New distribution in existing suburban areas",Financial data,Type 2 station [€/MW],EUR/MW,2020,I,,Lower,2050,-
112 8 gas  Suburban,"Energy Transport, Natural Gas Distribution, New distribution in existing suburban areas",Financial data,Type 2 station [€/MW],EUR/MW,2020,I,,Upper,2020,-
112 8 gas  Suburban,"Energy Transport, Natural Gas Distribution, New distribution in existing suburban areas",Financial data,Type 2 station [€/MW],EUR/MW,2020,I,,Upper,2050,-
112 8 gas  Suburban,"Energy Transport, Natural Gas Distribution, New distribution in existing suburban areas",Financial data,Type 2 station [€/MW],EUR/MW,2020,I,,ctrl,2015,-
112 8 gas  Suburban,"Energy Transport, Natural Gas Distribution, New distribution in existing suburban areas",Financial data,Type 2 station [€/MW],EUR/MW,2020,I,,ctrl,2020,-
112 8 gas  Suburban,"Energy Transport, Natural Gas Distribution, New distribution in existing suburban areas",Financial data,Type 2 station [€/MW],EUR/MW,2020,I,,ctrl,2030,-
112 8 gas  Suburban,"Energy Transport, Natural Gas Distribution, New distribution in existing suburban areas",Financial data,Type 2 station [€/MW],EUR/MW,2020,I,,ctrl,2050,-
112 8 gas  Suburban,"Energy Transport, Natural Gas Distribution, New distribution in existing suburban areas",Financial data,Variable O&M [€/MWh],EUR/MWh,2020,0,2,Lower,2020,0
112 8 gas  Suburban,"Energy Transport, Natural Gas Distribution, New distribution in existing suburban areas",Financial data,Variable O&M [€/MWh],EUR/MWh,2020,0,2,Lower,2050,0
112 8 gas  Suburban,"Energy Transport, Natural Gas Distribution, New distribution in existing suburban areas",Financial data,Variable O&M [€/MWh],EUR/MWh,2020,0,2,Upper,2020,0
112 8 gas  Suburban,"Energy Transport, Natural Gas Distribution, New distribution in existing suburban areas",Financial data,Variable O&M [€/MWh],EUR/MWh,2020,0,2,Upper,2050,0
112 8 gas  Suburban,"Energy Transport, Natural Gas Distribution, New distribution in existing suburban areas",Financial data,Variable O&M [€/MWh],EUR/MWh,2020,0,2,ctrl,2015,0
112 8 gas  Suburban,"Energy Transport, Natural Gas Distribution, New distribution in existing suburban areas",Financial data,Variable O&M [€/MWh],EUR/MWh,2020,0,2,ctrl,2020,0
112 8 gas  Suburban,"Energy Transport, Natural Gas Distribution, New distribution in existing suburban areas",Financial data,Variable O&M [€/MWh],EUR/MWh,2020,0,2,ctrl,2030,0
112 8 gas  Suburban,"Energy Transport, Natural Gas Distribution, New distribution in existing suburban areas",Financial data,Variable O&M [€/MWh],EUR/MWh,2020,0,2,ctrl,2050,0
112 9 gas City,"Energy Transport Natural Gas Distribution, New distribution in existing city areas",Energy/technical data,- Residential,,,D,,Lower,2020,0.15
112 9 gas City,"Energy Transport Natural Gas Distribution, New distribution in existing city areas",Energy/technical data,- Residential,,,D,,Lower,2050,0.15
112 9 gas City,"Energy Transport Natural Gas Distribution, New distribution in existing city areas",Energy/technical data,- Residential,,,D,,Upper,2020,0.25
112 9 gas City,"Energy Transport Natural Gas Distribution, New distribution in existing city areas",Energy/technical data,- Residential,,,D,,Upper,2050,0.25
112 9 gas City,"Energy Transport Natural Gas Distribution, New distribution in existing city areas",Energy/technical data,- Residential,,,D,,ctrl,2015,0.2
112 9 gas City,"Energy Transport Natural Gas Distribution, New distribution in existing city areas",Energy/technical data,- Residential,,,D,,ctrl,2020,0.2
112 9 gas City,"Energy Transport Natural Gas Distribution, New distribution in existing city areas",Energy/technical data,- Residential,,,D,,ctrl,2030,0.2
112 9 gas City,"Energy Transport Natural Gas Distribution, New distribution in existing city areas",Energy/technical data,- Residential,,,D,,ctrl,2050,0.2
112 9 gas City,"Energy Transport Natural Gas Distribution, New distribution in existing city areas",Energy/technical data,Auxiliary electricity consumption [%] of energy delivered,pct.,,C,1,Lower,2020,0
112 9 gas City,"Energy Transport Natural Gas Distribution, New distribution in existing city areas",Energy/technical data,Auxiliary electricity consumption [%] of energy delivered,pct.,,C,1,Lower,2050,0
112 9 gas City,"Energy Transport Natural Gas Distribution, New distribution in existing city areas",Energy/technical data,Auxiliary electricity consumption [%] of energy delivered,pct.,,C,1,Upper,2020,0
112 9 gas City,"Energy Transport Natural Gas Distribution, New distribution in existing city areas",Energy/technical data,Auxiliary electricity consumption [%] of energy delivered,pct.,,C,1,Upper,2050,0
112 9 gas City,"Energy Transport Natural Gas Distribution, New distribution in existing city areas",Energy/technical data,Auxiliary electricity consumption [%] of energy delivered,pct.,,C,1,ctrl,2015,0
112 9 gas City,"Energy Transport Natural Gas Distribution, New distribution in existing city areas",Energy/technical data,Auxiliary electricity consumption [%] of energy delivered,pct.,,C,1,ctrl,2020,0
112 9 gas City,"Energy Transport Natural Gas Distribution, New distribution in existing city areas",Energy/technical data,Auxiliary electricity consumption [%] of energy delivered,pct.,,C,1,ctrl,2030,0
112 9 gas City,"Energy Transport Natural Gas Distribution, New distribution in existing city areas",Energy/technical data,Auxiliary electricity consumption [%] of energy delivered,pct.,,C,1,ctrl,2050,0
112 9 gas City,"Energy Transport Natural Gas Distribution, New distribution in existing city areas",Energy/technical data,Construction time [years],years,,,1,Lower,2020,0.3
112 9 gas City,"Energy Transport Natural Gas Distribution, New distribution in existing city areas",Energy/technical data,Construction time [years],years,,,1,Lower,2050,0.3
112 9 gas City,"Energy Transport Natural Gas Distribution, New distribution in existing city areas",Energy/technical data,Construction time [years],years,,,1,Upper,2020,0.5
112 9 gas City,"Energy Transport Natural Gas Distribution, New distribution in existing city areas",Energy/technical data,Construction time [years],years,,,1,Upper,2050,0.5
112 9 gas City,"Energy Transport Natural Gas Distribution, New distribution in existing city areas",Energy/technical data,Construction time [years],years,,,1,ctrl,2015,0.4
112 9 gas City,"Energy Transport Natural Gas Distribution, New distribution in existing city areas",Energy/technical data,Construction time [years],years,,,1,ctrl,2020,0.4
112 9 gas City,"Energy Transport Natural Gas Distribution, New distribution in existing city areas",Energy/technical data,Construction time [years],years,,,1,ctrl,2030,0.4
112 9 gas City,"Energy Transport Natural Gas Distribution, New distribution in existing city areas",Energy/technical data,Construction time [years],years,,,1,ctrl,2050,0.4
112 9 gas City,"Energy Transport Natural Gas Distribution, New distribution in existing city areas",Energy/technical data,"Energy losses, lines [%]",pct.,,A,1,Lower,2020,-
112 9 gas City,"Energy Transport Natural Gas Distribution, New distribution in existing city areas",Energy/technical data,"Energy losses, lines [%]",pct.,,A,1,Lower,2050,-
112 9 gas City,"Energy Transport Natural Gas Distribution, New distribution in existing city areas",Energy/technical data,"Energy losses, lines [%]",pct.,,A,1,Upper,2020,-
112 9 gas City,"Energy Transport Natural Gas Distribution, New distribution in existing city areas",Energy/technical data,"Energy losses, lines [%]",pct.,,A,1,Upper,2050,-
112 9 gas City,"Energy Transport Natural Gas Distribution, New distribution in existing city areas",Energy/technical data,"Energy losses, lines [%]",pct.,,A,1,ctrl,2015,-
112 9 gas City,"Energy Transport Natural Gas Distribution, New distribution in existing city areas",Energy/technical data,"Energy losses, lines [%]",pct.,,A,1,ctrl,2020,-
112 9 gas City,"Energy Transport Natural Gas Distribution, New distribution in existing city areas",Energy/technical data,"Energy losses, lines [%]",pct.,,A,1,ctrl,2030,-
112 9 gas City,"Energy Transport Natural Gas Distribution, New distribution in existing city areas",Energy/technical data,"Energy losses, lines [%]",pct.,,A,1,ctrl,2050,-
112 9 gas City,"Energy Transport Natural Gas Distribution, New distribution in existing city areas",Energy/technical data,"Energy losses, stations [%]",pct.,,B,1,Lower,2020,-
112 9 gas City,"Energy Transport Natural Gas Distribution, New distribution in existing city areas",Energy/technical data,"Energy losses, stations [%]",pct.,,B,1,Lower,2050,-
112 9 gas City,"Energy Transport Natural Gas Distribution, New distribution in existing city areas",Energy/technical data,"Energy losses, stations [%]",pct.,,B,1,Upper,2020,-
112 9 gas City,"Energy Transport Natural Gas Distribution, New distribution in existing city areas",Energy/technical data,"Energy losses, stations [%]",pct.,,B,1,Upper,2050,-
112 9 gas City,"Energy Transport Natural Gas Distribution, New distribution in existing city areas",Energy/technical data,"Energy losses, stations [%]",pct.,,B,1,ctrl,2015,-
112 9 gas City,"Energy Transport Natural Gas Distribution, New distribution in existing city areas",Energy/technical data,"Energy losses, stations [%]",pct.,,B,1,ctrl,2020,-
112 9 gas City,"Energy Transport Natural Gas Distribution, New distribution in existing city areas",Energy/technical data,"Energy losses, stations [%]",pct.,,B,1,ctrl,2030,-
112 9 gas City,"Energy Transport Natural Gas Distribution, New distribution in existing city areas",Energy/technical data,"Energy losses, stations [%]",pct.,,B,1,ctrl,2050,-
112 9 gas City,"Energy Transport Natural Gas Distribution, New distribution in existing city areas",Energy/technical data,Technical life time [years],years,,,1,Lower,2020,50
112 9 gas City,"Energy Transport Natural Gas Distribution, New distribution in existing city areas",Energy/technical data,Technical life time [years],years,,,1,Lower,2050,50
112 9 gas City,"Energy Transport Natural Gas Distribution, New distribution in existing city areas",Energy/technical data,Technical life time [years],years,,,1,Upper,2020,80
112 9 gas City,"Energy Transport Natural Gas Distribution, New distribution in existing city areas",Energy/technical data,Technical life time [years],years,,,1,Upper,2050,80
112 9 gas City,"Energy Transport Natural Gas Distribution, New distribution in existing city areas",Energy/technical data,Technical life time [years],years,,,1,ctrl,2015,50
112 9 gas City,"Energy Transport Natural Gas Distribution, New distribution in existing city areas",Energy/technical data,Technical life time [years],years,,,1,ctrl,2020,50
112 9 gas City,"Energy Transport Natural Gas Distribution, New distribution in existing city areas",Energy/technical data,Technical life time [years],years,,,1,ctrl,2030,50
112 9 gas City,"Energy Transport Natural Gas Distribution, New distribution in existing city areas",Energy/technical data,Technical life time [years],years,,,1,ctrl,2050,50
112 9 gas City,"Energy Transport Natural Gas Distribution, New distribution in existing city areas",Financial data,Distribution network costs [€/MWh/year] City,EUR/MWh/year,2020,0,1,Lower,2020,10.63372718
112 9 gas City,"Energy Transport Natural Gas Distribution, New distribution in existing city areas",Financial data,Distribution network costs [€/MWh/year] City,EUR/MWh/year,2020,0,1,Lower,2050,10.63372718
112 9 gas City,"Energy Transport Natural Gas Distribution, New distribution in existing city areas",Financial data,Distribution network costs [€/MWh/year] City,EUR/MWh/year,2020,0,1,Upper,2020,10.63372718
112 9 gas City,"Energy Transport Natural Gas Distribution, New distribution in existing city areas",Financial data,Distribution network costs [€/MWh/year] City,EUR/MWh/year,2020,0,1,Upper,2050,10.63372718
112 9 gas City,"Energy Transport Natural Gas Distribution, New distribution in existing city areas",Financial data,Distribution network costs [€/MWh/year] City,EUR/MWh/year,2020,0,1,ctrl,2015,10.63372718
112 9 gas City,"Energy Transport Natural Gas Distribution, New distribution in existing city areas",Financial data,Distribution network costs [€/MWh/year] City,EUR/MWh/year,2020,0,1,ctrl,2020,10.63372718
112 9 gas City,"Energy Transport Natural Gas Distribution, New distribution in existing city areas",Financial data,Distribution network costs [€/MWh/year] City,EUR/MWh/year,2020,0,1,ctrl,2030,10.63372718
112 9 gas City,"Energy Transport Natural Gas Distribution, New distribution in existing city areas",Financial data,Distribution network costs [€/MWh/year] City,EUR/MWh/year,2020,0,1,ctrl,2050,10.63372718
112 9 gas City,"Energy Transport Natural Gas Distribution, New distribution in existing city areas",Financial data,Fixed O&M [€/MW/year],EUR/MW/year,2020,0,1,Lower,2020,17.013963488
112 9 gas City,"Energy Transport Natural Gas Distribution, New distribution in existing city areas",Financial data,Fixed O&M [€/MW/year],EUR/MW/year,2020,0,1,Lower,2050,17.013963488
112 9 gas City,"Energy Transport Natural Gas Distribution, New distribution in existing city areas",Financial data,Fixed O&M [€/MW/year],EUR/MW/year,2020,0,1,Upper,2020,25.520945232
112 9 gas City,"Energy Transport Natural Gas Distribution, New distribution in existing city areas",Financial data,Fixed O&M [€/MW/year],EUR/MW/year,2020,0,1,Upper,2050,25.520945232
112 9 gas City,"Energy Transport Natural Gas Distribution, New distribution in existing city areas",Financial data,Fixed O&M [€/MW/year],EUR/MW/year,2020,0,1,ctrl,2015,21.26745436
112 9 gas City,"Energy Transport Natural Gas Distribution, New distribution in existing city areas",Financial data,Fixed O&M [€/MW/year],EUR/MW/year,2020,0,1,ctrl,2020,21.26745436
112 9 gas City,"Energy Transport Natural Gas Distribution, New distribution in existing city areas",Financial data,Fixed O&M [€/MW/year],EUR/MW/year,2020,0,1,ctrl,2030,21.26745436
112 9 gas City,"Energy Transport Natural Gas Distribution, New distribution in existing city areas",Financial data,Fixed O&M [€/MW/year],EUR/MW/year,2020,0,1,ctrl,2050,21.26745436
112 9 gas City,"Energy Transport Natural Gas Distribution, New distribution in existing city areas",Financial data,"Investment costs; service line, 0-20 kW [€/unit]",EUR/unit,2020,0,,Lower,2020,-
112 9 gas City,"Energy Transport Natural Gas Distribution, New distribution in existing city areas",Financial data,"Investment costs; service line, 0-20 kW [€/unit]",EUR/unit,2020,0,,Lower,2050,-
112 9 gas City,"Energy Transport Natural Gas Distribution, New distribution in existing city areas",Financial data,"Investment costs; service line, 0-20 kW [€/unit]",EUR/unit,2020,0,,Upper,2020,-
112 9 gas City,"Energy Transport Natural Gas Distribution, New distribution in existing city areas",Financial data,"Investment costs; service line, 0-20 kW [€/unit]",EUR/unit,2020,0,,Upper,2050,-
112 9 gas City,"Energy Transport Natural Gas Distribution, New distribution in existing city areas",Financial data,"Investment costs; service line, 0-20 kW [€/unit]",EUR/unit,2020,0,,ctrl,2015,-
112 9 gas City,"Energy Transport Natural Gas Distribution, New distribution in existing city areas",Financial data,"Investment costs; service line, 0-20 kW [€/unit]",EUR/unit,2020,0,,ctrl,2020,-
112 9 gas City,"Energy Transport Natural Gas Distribution, New distribution in existing city areas",Financial data,"Investment costs; service line, 0-20 kW [€/unit]",EUR/unit,2020,0,,ctrl,2030,-
112 9 gas City,"Energy Transport Natural Gas Distribution, New distribution in existing city areas",Financial data,"Investment costs; service line, 0-20 kW [€/unit]",EUR/unit,2020,0,,ctrl,2050,-
112 9 gas City,"Energy Transport Natural Gas Distribution, New distribution in existing city areas",Financial data,"Investment costs; service line, 20-50 kW [€/unit]",EUR/unit,2020,0,,Lower,2020,-
112 9 gas City,"Energy Transport Natural Gas Distribution, New distribution in existing city areas",Financial data,"Investment costs; service line, 20-50 kW [€/unit]",EUR/unit,2020,0,,Lower,2050,-
112 9 gas City,"Energy Transport Natural Gas Distribution, New distribution in existing city areas",Financial data,"Investment costs; service line, 20-50 kW [€/unit]",EUR/unit,2020,0,,Upper,2020,-
112 9 gas City,"Energy Transport Natural Gas Distribution, New distribution in existing city areas",Financial data,"Investment costs; service line, 20-50 kW [€/unit]",EUR/unit,2020,0,,Upper,2050,-
112 9 gas City,"Energy Transport Natural Gas Distribution, New distribution in existing city areas",Financial data,"Investment costs; service line, 20-50 kW [€/unit]",EUR/unit,2020,0,,ctrl,2015,-
112 9 gas City,"Energy Transport Natural Gas Distribution, New distribution in existing city areas",Financial data,"Investment costs; service line, 20-50 kW [€/unit]",EUR/unit,2020,0,,ctrl,2020,-
112 9 gas City,"Energy Transport Natural Gas Distribution, New distribution in existing city areas",Financial data,"Investment costs; service line, 20-50 kW [€/unit]",EUR/unit,2020,0,,ctrl,2030,-
112 9 gas City,"Energy Transport Natural Gas Distribution, New distribution in existing city areas",Financial data,"Investment costs; service line, 20-50 kW [€/unit]",EUR/unit,2020,0,,ctrl,2050,-
112 9 gas City,"Energy Transport Natural Gas Distribution, New distribution in existing city areas",Financial data,"Investment costs; service line, 50-100 kW [€/unit]",EUR/unit,2020,0,,Lower,2020,-
112 9 gas City,"Energy Transport Natural Gas Distribution, New distribution in existing city areas",Financial data,"Investment costs; service line, 50-100 kW [€/unit]",EUR/unit,2020,0,,Lower,2050,-
112 9 gas City,"Energy Transport Natural Gas Distribution, New distribution in existing city areas",Financial data,"Investment costs; service line, 50-100 kW [€/unit]",EUR/unit,2020,0,,Upper,2020,-
112 9 gas City,"Energy Transport Natural Gas Distribution, New distribution in existing city areas",Financial data,"Investment costs; service line, 50-100 kW [€/unit]",EUR/unit,2020,0,,Upper,2050,-
112 9 gas City,"Energy Transport Natural Gas Distribution, New distribution in existing city areas",Financial data,"Investment costs; service line, 50-100 kW [€/unit]",EUR/unit,2020,0,,ctrl,2015,-
112 9 gas City,"Energy Transport Natural Gas Distribution, New distribution in existing city areas",Financial data,"Investment costs; service line, 50-100 kW [€/unit]",EUR/unit,2020,0,,ctrl,2020,-
112 9 gas City,"Energy Transport Natural Gas Distribution, New distribution in existing city areas",Financial data,"Investment costs; service line, 50-100 kW [€/unit]",EUR/unit,2020,0,,ctrl,2030,-
112 9 gas City,"Energy Transport Natural Gas Distribution, New distribution in existing city areas",Financial data,"Investment costs; service line, 50-100 kW [€/unit]",EUR/unit,2020,0,,ctrl,2050,-
112 9 gas City,"Energy Transport Natural Gas Distribution, New distribution in existing city areas",Financial data,"Investment costs; service line, above 100 kW [€/unit]",EUR/unit,2020,E,1,Lower,2020,12760.472616
112 9 gas City,"Energy Transport Natural Gas Distribution, New distribution in existing city areas",Financial data,"Investment costs; service line, above 100 kW [€/unit]",EUR/unit,2020,E,1,Lower,2050,12760.472616
112 9 gas City,"Energy Transport Natural Gas Distribution, New distribution in existing city areas",Financial data,"Investment costs; service line, above 100 kW [€/unit]",EUR/unit,2020,E,1,Upper,2020,19140.708924
112 9 gas City,"Energy Transport Natural Gas Distribution, New distribution in existing city areas",Financial data,"Investment costs; service line, above 100 kW [€/unit]",EUR/unit,2020,E,1,Upper,2050,19140.708924
112 9 gas City,"Energy Transport Natural Gas Distribution, New distribution in existing city areas",Financial data,"Investment costs; service line, above 100 kW [€/unit]",EUR/unit,2020,E,1,ctrl,2015,15950.59077
112 9 gas City,"Energy Transport Natural Gas Distribution, New distribution in existing city areas",Financial data,"Investment costs; service line, above 100 kW [€/unit]",EUR/unit,2020,E,1,ctrl,2020,15950.59077
112 9 gas City,"Energy Transport Natural Gas Distribution, New distribution in existing city areas",Financial data,"Investment costs; service line, above 100 kW [€/unit]",EUR/unit,2020,E,1,ctrl,2030,15950.59077
112 9 gas City,"Energy Transport Natural Gas Distribution, New distribution in existing city areas",Financial data,"Investment costs; service line, above 100 kW [€/unit]",EUR/unit,2020,E,1,ctrl,2050,15950.59077
112 9 gas City,"Energy Transport Natural Gas Distribution, New distribution in existing city areas",Financial data,"Investment costs; single line, 0-50 kW [€/m]",EUR/m,2020,0,1,Lower,2020,61.2502685568
112 9 gas City,"Energy Transport Natural Gas Distribution, New distribution in existing city areas",Financial data,"Investment costs; single line, 0-50 kW [€/m]",EUR/m,2020,0,1,Lower,2050,61.2502685568
112 9 gas City,"Energy Transport Natural Gas Distribution, New distribution in existing city areas",Financial data,"Investment costs; single line, 0-50 kW [€/m]",EUR/m,2020,0,1,Upper,2020,74.86143934720002
112 9 gas City,"Energy Transport Natural Gas Distribution, New distribution in existing city areas",Financial data,"Investment costs; single line, 0-50 kW [€/m]",EUR/m,2020,0,1,Upper,2050,74.86143934720002
112 9 gas City,"Energy Transport Natural Gas Distribution, New distribution in existing city areas",Financial data,"Investment costs; single line, 0-50 kW [€/m]",EUR/m,2020,0,1,ctrl,2015,68.055853952
112 9 gas City,"Energy Transport Natural Gas Distribution, New distribution in existing city areas",Financial data,"Investment costs; single line, 0-50 kW [€/m]",EUR/m,2020,0,1,ctrl,2020,68.055853952
112 9 gas City,"Energy Transport Natural Gas Distribution, New distribution in existing city areas",Financial data,"Investment costs; single line, 0-50 kW [€/m]",EUR/m,2020,0,1,ctrl,2030,68.055853952
112 9 gas City,"Energy Transport Natural Gas Distribution, New distribution in existing city areas",Financial data,"Investment costs; single line, 0-50 kW [€/m]",EUR/m,2020,0,1,ctrl,2050,68.055853952
112 9 gas City,"Energy Transport Natural Gas Distribution, New distribution in existing city areas",Financial data,"Investment costs; single line, 1 MW-5 MW [€/m]",EUR/m,2020,0,1,Lower,2020,68.9065521264
112 9 gas City,"Energy Transport Natural Gas Distribution, New distribution in existing city areas",Financial data,"Investment costs; single line, 1 MW-5 MW [€/m]",EUR/m,2020,0,1,Lower,2050,68.9065521264
112 9 gas City,"Energy Transport Natural Gas Distribution, New distribution in existing city areas",Financial data,"Investment costs; single line, 1 MW-5 MW [€/m]",EUR/m,2020,0,1,Upper,2020,84.21911926560001
112 9 gas City,"Energy Transport Natural Gas Distribution, New distribution in existing city areas",Financial data,"Investment costs; single line, 1 MW-5 MW [€/m]",EUR/m,2020,0,1,Upper,2050,84.21911926560001
112 9 gas City,"Energy Transport Natural Gas Distribution, New distribution in existing city areas",Financial data,"Investment costs; single line, 1 MW-5 MW [€/m]",EUR/m,2020,0,1,ctrl,2015,76.56283569600001
112 9 gas City,"Energy Transport Natural Gas Distribution, New distribution in existing city areas",Financial data,"Investment costs; single line, 1 MW-5 MW [€/m]",EUR/m,2020,0,1,ctrl,2020,76.56283569600001
112 9 gas City,"Energy Transport Natural Gas Distribution, New distribution in existing city areas",Financial data,"Investment costs; single line, 1 MW-5 MW [€/m]",EUR/m,2020,0,1,ctrl,2030,76.56283569600001
112 9 gas City,"Energy Transport Natural Gas Distribution, New distribution in existing city areas",Financial data,"Investment costs; single line, 1 MW-5 MW [€/m]",EUR/m,2020,0,1,ctrl,2050,76.56283569600001
112 9 gas City,"Energy Transport Natural Gas Distribution, New distribution in existing city areas",Financial data,"Investment costs; single line, 100-250 kW  [€/m]",EUR/m,2020,0,1,Lower,2020,61.2502685568
112 9 gas City,"Energy Transport Natural Gas Distribution, New distribution in existing city areas",Financial data,"Investment costs; single line, 100-250 kW  [€/m]",EUR/m,2020,0,1,Lower,2050,61.2502685568
112 9 gas City,"Energy Transport Natural Gas Distribution, New distribution in existing city areas",Financial data,"Investment costs; single line, 100-250 kW  [€/m]",EUR/m,2020,0,1,Upper,2020,74.86143934720002
112 9 gas City,"Energy Transport Natural Gas Distribution, New distribution in existing city areas",Financial data,"Investment costs; single line, 100-250 kW  [€/m]",EUR/m,2020,0,1,Upper,2050,74.86143934720002
112 9 gas City,"Energy Transport Natural Gas Distribution, New distribution in existing city areas",Financial data,"Investment costs; single line, 100-250 kW  [€/m]",EUR/m,2020,0,1,ctrl,2015,68.055853952
112 9 gas City,"Energy Transport Natural Gas Distribution, New distribution in existing city areas",Financial data,"Investment costs; single line, 100-250 kW  [€/m]",EUR/m,2020,0,1,ctrl,2020,68.055853952
112 9 gas City,"Energy Transport Natural Gas Distribution, New distribution in existing city areas",Financial data,"Investment costs; single line, 100-250 kW  [€/m]",EUR/m,2020,0,1,ctrl,2030,68.055853952
112 9 gas City,"Energy Transport Natural Gas Distribution, New distribution in existing city areas",Financial data,"Investment costs; single line, 100-250 kW  [€/m]",EUR/m,2020,0,1,ctrl,2050,68.055853952
112 9 gas City,"Energy Transport Natural Gas Distribution, New distribution in existing city areas",Financial data,"Investment costs; single line, 25 MW-100 MW [€/m]",EUR/m,2020,F,,Lower,2020,-
112 9 gas City,"Energy Transport Natural Gas Distribution, New distribution in existing city areas",Financial data,"Investment costs; single line, 25 MW-100 MW [€/m]",EUR/m,2020,F,,Lower,2050,-
112 9 gas City,"Energy Transport Natural Gas Distribution, New distribution in existing city areas",Financial data,"Investment costs; single line, 25 MW-100 MW [€/m]",EUR/m,2020,F,,Upper,2020,-
112 9 gas City,"Energy Transport Natural Gas Distribution, New distribution in existing city areas",Financial data,"Investment costs; single line, 25 MW-100 MW [€/m]",EUR/m,2020,F,,Upper,2050,-
112 9 gas City,"Energy Transport Natural Gas Distribution, New distribution in existing city areas",Financial data,"Investment costs; single line, 25 MW-100 MW [€/m]",EUR/m,2020,F,,ctrl,2015,-
112 9 gas City,"Energy Transport Natural Gas Distribution, New distribution in existing city areas",Financial data,"Investment costs; single line, 25 MW-100 MW [€/m]",EUR/m,2020,F,,ctrl,2020,-
112 9 gas City,"Energy Transport Natural Gas Distribution, New distribution in existing city areas",Financial data,"Investment costs; single line, 25 MW-100 MW [€/m]",EUR/m,2020,F,,ctrl,2030,-
112 9 gas City,"Energy Transport Natural Gas Distribution, New distribution in existing city areas",Financial data,"Investment costs; single line, 25 MW-100 MW [€/m]",EUR/m,2020,F,,ctrl,2050,-
112 9 gas City,"Energy Transport Natural Gas Distribution, New distribution in existing city areas",Financial data,"Investment costs; single line, 250 kW-1 MW [€/m]",EUR/m,2020,0,1,Lower,2020,61.2502685568
112 9 gas City,"Energy Transport Natural Gas Distribution, New distribution in existing city areas",Financial data,"Investment costs; single line, 250 kW-1 MW [€/m]",EUR/m,2020,0,1,Lower,2050,61.2502685568
112 9 gas City,"Energy Transport Natural Gas Distribution, New distribution in existing city areas",Financial data,"Investment costs; single line, 250 kW-1 MW [€/m]",EUR/m,2020,0,1,Upper,2020,74.86143934720002
112 9 gas City,"Energy Transport Natural Gas Distribution, New distribution in existing city areas",Financial data,"Investment costs; single line, 250 kW-1 MW [€/m]",EUR/m,2020,0,1,Upper,2050,74.86143934720002
112 9 gas City,"Energy Transport Natural Gas Distribution, New distribution in existing city areas",Financial data,"Investment costs; single line, 250 kW-1 MW [€/m]",EUR/m,2020,0,1,ctrl,2015,68.055853952
112 9 gas City,"Energy Transport Natural Gas Distribution, New distribution in existing city areas",Financial data,"Investment costs; single line, 250 kW-1 MW [€/m]",EUR/m,2020,0,1,ctrl,2020,68.055853952
112 9 gas City,"Energy Transport Natural Gas Distribution, New distribution in existing city areas",Financial data,"Investment costs; single line, 250 kW-1 MW [€/m]",EUR/m,2020,0,1,ctrl,2030,68.055853952
112 9 gas City,"Energy Transport Natural Gas Distribution, New distribution in existing city areas",Financial data,"Investment costs; single line, 250 kW-1 MW [€/m]",EUR/m,2020,0,1,ctrl,2050,68.055853952
112 9 gas City,"Energy Transport Natural Gas Distribution, New distribution in existing city areas",Financial data,"Investment costs; single line, 5 MW-25 MW [€/m]",EUR/m,2020,0,1,Lower,2020,99.5316864048
112 9 gas City,"Energy Transport Natural Gas Distribution, New distribution in existing city areas",Financial data,"Investment costs; single line, 5 MW-25 MW [€/m]",EUR/m,2020,0,1,Lower,2050,99.5316864048
112 9 gas City,"Energy Transport Natural Gas Distribution, New distribution in existing city areas",Financial data,"Investment costs; single line, 5 MW-25 MW [€/m]",EUR/m,2020,0,1,Upper,2020,121.6498389392
112 9 gas City,"Energy Transport Natural Gas Distribution, New distribution in existing city areas",Financial data,"Investment costs; single line, 5 MW-25 MW [€/m]",EUR/m,2020,0,1,Upper,2050,121.6498389392
112 9 gas City,"Energy Transport Natural Gas Distribution, New distribution in existing city areas",Financial data,"Investment costs; single line, 5 MW-25 MW [€/m]",EUR/m,2020,0,1,ctrl,2015,110.590762672
112 9 gas City,"Energy Transport Natural Gas Distribution, New distribution in existing city areas",Financial data,"Investment costs; single line, 5 MW-25 MW [€/m]",EUR/m,2020,0,1,ctrl,2020,110.590762672
112 9 gas City,"Energy Transport Natural Gas Distribution, New distribution in existing city areas",Financial data,"Investment costs; single line, 5 MW-25 MW [€/m]",EUR/m,2020,0,1,ctrl,2030,110.590762672
112 9 gas City,"Energy Transport Natural Gas Distribution, New distribution in existing city areas",Financial data,"Investment costs; single line, 5 MW-25 MW [€/m]",EUR/m,2020,0,1,ctrl,2050,110.590762672
112 9 gas City,"Energy Transport Natural Gas Distribution, New distribution in existing city areas",Financial data,"Investment costs; single line, 50-250 kW  [€/m]",EUR/m,2020,0,1,Lower,2020,61.2502685568
112 9 gas City,"Energy Transport Natural Gas Distribution, New distribution in existing city areas",Financial data,"Investment costs; single line, 50-250 kW  [€/m]",EUR/m,2020,0,1,Lower,2050,61.2502685568
112 9 gas City,"Energy Transport Natural Gas Distribution, New distribution in existing city areas",Financial data,"Investment costs; single line, 50-250 kW  [€/m]",EUR/m,2020,0,1,Upper,2020,74.86143934720002
112 9 gas City,"Energy Transport Natural Gas Distribution, New distribution in existing city areas",Financial data,"Investment costs; single line, 50-250 kW  [€/m]",EUR/m,2020,0,1,Upper,2050,74.86143934720002
112 9 gas City,"Energy Transport Natural Gas Distribution, New distribution in existing city areas",Financial data,"Investment costs; single line, 50-250 kW  [€/m]",EUR/m,2020,0,1,ctrl,2015,68.055853952
112 9 gas City,"Energy Transport Natural Gas Distribution, New distribution in existing city areas",Financial data,"Investment costs; single line, 50-250 kW  [€/m]",EUR/m,2020,0,1,ctrl,2020,68.055853952
112 9 gas City,"Energy Transport Natural Gas Distribution, New distribution in existing city areas",Financial data,"Investment costs; single line, 50-250 kW  [€/m]",EUR/m,2020,0,1,ctrl,2030,68.055853952
112 9 gas City,"Energy Transport Natural Gas Distribution, New distribution in existing city areas",Financial data,"Investment costs; single line, 50-250 kW  [€/m]",EUR/m,2020,0,1,ctrl,2050,68.055853952
112 9 gas City,"Energy Transport Natural Gas Distribution, New distribution in existing city areas",Financial data,"Investments, percentage installation",,,0,1,Lower,2020,0.7
112 9 gas City,"Energy Transport Natural Gas Distribution, New distribution in existing city areas",Financial data,"Investments, percentage installation",,,0,1,Lower,2050,0.7
112 9 gas City,"Energy Transport Natural Gas Distribution, New distribution in existing city areas",Financial data,"Investments, percentage installation",,,0,1,Upper,2020,0.9
112 9 gas City,"Energy Transport Natural Gas Distribution, New distribution in existing city areas",Financial data,"Investments, percentage installation",,,0,1,Upper,2050,0.9
112 9 gas City,"Energy Transport Natural Gas Distribution, New distribution in existing city areas",Financial data,"Investments, percentage installation",,,0,1,ctrl,2015,0.8
112 9 gas City,"Energy Transport Natural Gas Distribution, New distribution in existing city areas",Financial data,"Investments, percentage installation",,,0,1,ctrl,2020,0.8
112 9 gas City,"Energy Transport Natural Gas Distribution, New distribution in existing city areas",Financial data,"Investments, percentage installation",,,0,1,ctrl,2030,0.8
112 9 gas City,"Energy Transport Natural Gas Distribution, New distribution in existing city areas",Financial data,"Investments, percentage installation",,,0,1,ctrl,2050,0.8
112 9 gas City,"Energy Transport Natural Gas Distribution, New distribution in existing city areas",Financial data,"Investments, percentage materials",,,0,1,Lower,2020,0.1
112 9 gas City,"Energy Transport Natural Gas Distribution, New distribution in existing city areas",Financial data,"Investments, percentage materials",,,0,1,Lower,2050,0.1
112 9 gas City,"Energy Transport Natural Gas Distribution, New distribution in existing city areas",Financial data,"Investments, percentage materials",,,0,1,Upper,2020,0.3
112 9 gas City,"Energy Transport Natural Gas Distribution, New distribution in existing city areas",Financial data,"Investments, percentage materials",,,0,1,Upper,2050,0.3
112 9 gas City,"Energy Transport Natural Gas Distribution, New distribution in existing city areas",Financial data,"Investments, percentage materials",,,0,1,ctrl,2015,0.2
112 9 gas City,"Energy Transport Natural Gas Distribution, New distribution in existing city areas",Financial data,"Investments, percentage materials",,,0,1,ctrl,2020,0.2
112 9 gas City,"Energy Transport Natural Gas Distribution, New distribution in existing city areas",Financial data,"Investments, percentage materials",,,0,1,ctrl,2030,0.2
112 9 gas City,"Energy Transport Natural Gas Distribution, New distribution in existing city areas",Financial data,"Investments, percentage materials",,,0,1,ctrl,2050,0.2
112 9 gas City,"Energy Transport Natural Gas Distribution, New distribution in existing city areas",Financial data,Reinforcement costs [€/MW],EUR/MW,2020,F,,Lower,2020,-
112 9 gas City,"Energy Transport Natural Gas Distribution, New distribution in existing city areas",Financial data,Reinforcement costs [€/MW],EUR/MW,2020,F,,Lower,2050,-
112 9 gas City,"Energy Transport Natural Gas Distribution, New distribution in existing city areas",Financial data,Reinforcement costs [€/MW],EUR/MW,2020,F,,Upper,2020,-
112 9 gas City,"Energy Transport Natural Gas Distribution, New distribution in existing city areas",Financial data,Reinforcement costs [€/MW],EUR/MW,2020,F,,Upper,2050,-
112 9 gas City,"Energy Transport Natural Gas Distribution, New distribution in existing city areas",Financial data,Reinforcement costs [€/MW],EUR/MW,2020,F,,ctrl,2015,-
112 9 gas City,"Energy Transport Natural Gas Distribution, New distribution in existing city areas",Financial data,Reinforcement costs [€/MW],EUR/MW,2020,F,,ctrl,2020,-
112 9 gas City,"Energy Transport Natural Gas Distribution, New distribution in existing city areas",Financial data,Reinforcement costs [€/MW],EUR/MW,2020,F,,ctrl,2030,-
112 9 gas City,"Energy Transport Natural Gas Distribution, New distribution in existing city areas",Financial data,Reinforcement costs [€/MW],EUR/MW,2020,F,,ctrl,2050,-
112 9 gas City,"Energy Transport Natural Gas Distribution, New distribution in existing city areas",Financial data,Type 1 station [€/MW],EUR/MW,2020,F,,Lower,2020,-
112 9 gas City,"Energy Transport Natural Gas Distribution, New distribution in existing city areas",Financial data,Type 1 station [€/MW],EUR/MW,2020,F,,Lower,2050,-
112 9 gas City,"Energy Transport Natural Gas Distribution, New distribution in existing city areas",Financial data,Type 1 station [€/MW],EUR/MW,2020,F,,Upper,2020,-
112 9 gas City,"Energy Transport Natural Gas Distribution, New distribution in existing city areas",Financial data,Type 1 station [€/MW],EUR/MW,2020,F,,Upper,2050,-
112 9 gas City,"Energy Transport Natural Gas Distribution, New distribution in existing city areas",Financial data,Type 1 station [€/MW],EUR/MW,2020,F,,ctrl,2015,-
112 9 gas City,"Energy Transport Natural Gas Distribution, New distribution in existing city areas",Financial data,Type 1 station [€/MW],EUR/MW,2020,F,,ctrl,2020,-
112 9 gas City,"Energy Transport Natural Gas Distribution, New distribution in existing city areas",Financial data,Type 1 station [€/MW],EUR/MW,2020,F,,ctrl,2030,-
112 9 gas City,"Energy Transport Natural Gas Distribution, New distribution in existing city areas",Financial data,Type 1 station [€/MW],EUR/MW,2020,F,,ctrl,2050,-
112 9 gas City,"Energy Transport Natural Gas Distribution, New distribution in existing city areas",Financial data,Type 2 station [€/MW],EUR/MW,2020,F,,Lower,2020,-
112 9 gas City,"Energy Transport Natural Gas Distribution, New distribution in existing city areas",Financial data,Type 2 station [€/MW],EUR/MW,2020,F,,Lower,2050,-
112 9 gas City,"Energy Transport Natural Gas Distribution, New distribution in existing city areas",Financial data,Type 2 station [€/MW],EUR/MW,2020,F,,Upper,2020,-
112 9 gas City,"Energy Transport Natural Gas Distribution, New distribution in existing city areas",Financial data,Type 2 station [€/MW],EUR/MW,2020,F,,Upper,2050,-
112 9 gas City,"Energy Transport Natural Gas Distribution, New distribution in existing city areas",Financial data,Type 2 station [€/MW],EUR/MW,2020,F,,ctrl,2015,-
112 9 gas City,"Energy Transport Natural Gas Distribution, New distribution in existing city areas",Financial data,Type 2 station [€/MW],EUR/MW,2020,F,,ctrl,2020,-
112 9 gas City,"Energy Transport Natural Gas Distribution, New distribution in existing city areas",Financial data,Type 2 station [€/MW],EUR/MW,2020,F,,ctrl,2030,-
112 9 gas City,"Energy Transport Natural Gas Distribution, New distribution in existing city areas",Financial data,Type 2 station [€/MW],EUR/MW,2020,F,,ctrl,2050,-
112 9 gas City,"Energy Transport Natural Gas Distribution, New distribution in existing city areas",Financial data,Variable O&M [€/MWh],EUR/MWh,2020,0,1,Lower,2020,0
112 9 gas City,"Energy Transport Natural Gas Distribution, New distribution in existing city areas",Financial data,Variable O&M [€/MWh],EUR/MWh,2020,0,1,Lower,2050,0
112 9 gas City,"Energy Transport Natural Gas Distribution, New distribution in existing city areas",Financial data,Variable O&M [€/MWh],EUR/MWh,2020,0,1,Upper,2020,0
112 9 gas City,"Energy Transport Natural Gas Distribution, New distribution in existing city areas",Financial data,Variable O&M [€/MWh],EUR/MWh,2020,0,1,Upper,2050,0
112 9 gas City,"Energy Transport Natural Gas Distribution, New distribution in existing city areas",Financial data,Variable O&M [€/MWh],EUR/MWh,2020,0,1,ctrl,2015,0
112 9 gas City,"Energy Transport Natural Gas Distribution, New distribution in existing city areas",Financial data,Variable O&M [€/MWh],EUR/MWh,2020,0,1,ctrl,2020,0
112 9 gas City,"Energy Transport Natural Gas Distribution, New distribution in existing city areas",Financial data,Variable O&M [€/MWh],EUR/MWh,2020,0,1,ctrl,2030,0
112 9 gas City,"Energy Transport Natural Gas Distribution, New distribution in existing city areas",Financial data,Variable O&M [€/MWh],EUR/MWh,2020,0,1,ctrl,2050,0
112 1 gas  New area,"Energy Transport Natural Gas Distribution, New  developed residential areas",Energy/technical data,- Residential,,,D,,Lower,2020,0.15
112 1 gas  New area,"Energy Transport Natural Gas Distribution, New  developed residential areas",Energy/technical data,- Residential,,,D,,Lower,2050,0.15
112 1 gas  New area,"Energy Transport Natural Gas Distribution, New  developed residential areas",Energy/technical data,- Residential,,,D,,Upper,2020,0.25
112 1 gas  New area,"Energy Transport Natural Gas Distribution, New  developed residential areas",Energy/technical data,- Residential,,,D,,Upper,2050,0.25
112 1 gas  New area,"Energy Transport Natural Gas Distribution, New  developed residential areas",Energy/technical data,- Residential,,,D,,ctrl,2015,0.2
112 1 gas  New area,"Energy Transport Natural Gas Distribution, New  developed residential areas",Energy/technical data,- Residential,,,D,,ctrl,2020,0.2
112 1 gas  New area,"Energy Transport Natural Gas Distribution, New  developed residential areas",Energy/technical data,- Residential,,,D,,ctrl,2030,0.2
112 1 gas  New area,"Energy Transport Natural Gas Distribution, New  developed residential areas",Energy/technical data,- Residential,,,D,,ctrl,2050,0.2
112 1 gas  New area,"Energy Transport Natural Gas Distribution, New  developed residential areas",Energy/technical data,Auxiliary electricity consumption [%] of energy delivered,pct.,,C,,Lower,2020,0
112 1 gas  New area,"Energy Transport Natural Gas Distribution, New  developed residential areas",Energy/technical data,Auxiliary electricity consumption [%] of energy delivered,pct.,,C,,Lower,2050,0
112 1 gas  New area,"Energy Transport Natural Gas Distribution, New  developed residential areas",Energy/technical data,Auxiliary electricity consumption [%] of energy delivered,pct.,,C,,Upper,2020,0
112 1 gas  New area,"Energy Transport Natural Gas Distribution, New  developed residential areas",Energy/technical data,Auxiliary electricity consumption [%] of energy delivered,pct.,,C,,Upper,2050,0
112 1 gas  New area,"Energy Transport Natural Gas Distribution, New  developed residential areas",Energy/technical data,Auxiliary electricity consumption [%] of energy delivered,pct.,,C,,ctrl,2015,0
112 1 gas  New area,"Energy Transport Natural Gas Distribution, New  developed residential areas",Energy/technical data,Auxiliary electricity consumption [%] of energy delivered,pct.,,C,,ctrl,2020,0
112 1 gas  New area,"Energy Transport Natural Gas Distribution, New  developed residential areas",Energy/technical data,Auxiliary electricity consumption [%] of energy delivered,pct.,,C,,ctrl,2030,0
112 1 gas  New area,"Energy Transport Natural Gas Distribution, New  developed residential areas",Energy/technical data,Auxiliary electricity consumption [%] of energy delivered,pct.,,C,,ctrl,2050,0
112 1 gas  New area,"Energy Transport Natural Gas Distribution, New  developed residential areas",Energy/technical data,Construction time [years],years,,,2,Lower,2020,0.3
112 1 gas  New area,"Energy Transport Natural Gas Distribution, New  developed residential areas",Energy/technical data,Construction time [years],years,,,2,Lower,2050,0.3
112 1 gas  New area,"Energy Transport Natural Gas Distribution, New  developed residential areas",Energy/technical data,Construction time [years],years,,,2,Upper,2020,0.5
112 1 gas  New area,"Energy Transport Natural Gas Distribution, New  developed residential areas",Energy/technical data,Construction time [years],years,,,2,Upper,2050,0.5
112 1 gas  New area,"Energy Transport Natural Gas Distribution, New  developed residential areas",Energy/technical data,Construction time [years],years,,,2,ctrl,2015,0.4
112 1 gas  New area,"Energy Transport Natural Gas Distribution, New  developed residential areas",Energy/technical data,Construction time [years],years,,,2,ctrl,2020,0.4
112 1 gas  New area,"Energy Transport Natural Gas Distribution, New  developed residential areas",Energy/technical data,Construction time [years],years,,,2,ctrl,2030,0.4
112 1 gas  New area,"Energy Transport Natural Gas Distribution, New  developed residential areas",Energy/technical data,Construction time [years],years,,,2,ctrl,2050,0.4
112 1 gas  New area,"Energy Transport Natural Gas Distribution, New  developed residential areas",Energy/technical data,"Energy losses, lines [%]",pct.,,A,1,Lower,2020,0.05
112 1 gas  New area,"Energy Transport Natural Gas Distribution, New  developed residential areas",Energy/technical data,"Energy losses, lines [%]",pct.,,A,1,Lower,2050,0.05
112 1 gas  New area,"Energy Transport Natural Gas Distribution, New  developed residential areas",Energy/technical data,"Energy losses, lines [%]",pct.,,A,1,Upper,2020,0.3
112 1 gas  New area,"Energy Transport Natural Gas Distribution, New  developed residential areas",Energy/technical data,"Energy losses, lines [%]",pct.,,A,1,Upper,2050,0.3
112 1 gas  New area,"Energy Transport Natural Gas Distribution, New  developed residential areas",Energy/technical data,"Energy losses, lines [%]",pct.,,A,1,ctrl,2015,0.2630744860326428
112 1 gas  New area,"Energy Transport Natural Gas Distribution, New  developed residential areas",Energy/technical data,"Energy losses, lines [%]",pct.,,A,1,ctrl,2020,0.2630744860326428
112 1 gas  New area,"Energy Transport Natural Gas Distribution, New  developed residential areas",Energy/technical data,"Energy losses, lines [%]",pct.,,A,1,ctrl,2030,0.2630744860326428
112 1 gas  New area,"Energy Transport Natural Gas Distribution, New  developed residential areas",Energy/technical data,"Energy losses, lines [%]",pct.,,A,1,ctrl,2050,0.2630744860326428
112 1 gas  New area,"Energy Transport Natural Gas Distribution, New  developed residential areas",Energy/technical data,"Energy losses, stations [%]",pct.,,B,,Lower,2020,-
112 1 gas  New area,"Energy Transport Natural Gas Distribution, New  developed residential areas",Energy/technical data,"Energy losses, stations [%]",pct.,,B,,Lower,2050,-
112 1 gas  New area,"Energy Transport Natural Gas Distribution, New  developed residential areas",Energy/technical data,"Energy losses, stations [%]",pct.,,B,,Upper,2020,-
112 1 gas  New area,"Energy Transport Natural Gas Distribution, New  developed residential areas",Energy/technical data,"Energy losses, stations [%]",pct.,,B,,Upper,2050,-
112 1 gas  New area,"Energy Transport Natural Gas Distribution, New  developed residential areas",Energy/technical data,"Energy losses, stations [%]",pct.,,B,,ctrl,2015,-
112 1 gas  New area,"Energy Transport Natural Gas Distribution, New  developed residential areas",Energy/technical data,"Energy losses, stations [%]",pct.,,B,,ctrl,2020,-
112 1 gas  New area,"Energy Transport Natural Gas Distribution, New  developed residential areas",Energy/technical data,"Energy losses, stations [%]",pct.,,B,,ctrl,2030,-
112 1 gas  New area,"Energy Transport Natural Gas Distribution, New  developed residential areas",Energy/technical data,"Energy losses, stations [%]",pct.,,B,,ctrl,2050,-
112 1 gas  New area,"Energy Transport Natural Gas Distribution, New  developed residential areas",Energy/technical data,Technical life time [years],years,,,2,Lower,2020,50
112 1 gas  New area,"Energy Transport Natural Gas Distribution, New  developed residential areas",Energy/technical data,Technical life time [years],years,,,2,Lower,2050,50
112 1 gas  New area,"Energy Transport Natural Gas Distribution, New  developed residential areas",Energy/technical data,Technical life time [years],years,,,2,Upper,2020,80
112 1 gas  New area,"Energy Transport Natural Gas Distribution, New  developed residential areas",Energy/technical data,Technical life time [years],years,,,2,Upper,2050,80
112 1 gas  New area,"Energy Transport Natural Gas Distribution, New  developed residential areas",Energy/technical data,Technical life time [years],years,,,2,ctrl,2015,50
112 1 gas  New area,"Energy Transport Natural Gas Distribution, New  developed residential areas",Energy/technical data,Technical life time [years],years,,,2,ctrl,2020,50
112 1 gas  New area,"Energy Transport Natural Gas Distribution, New  developed residential areas",Energy/technical data,Technical life time [years],years,,,2,ctrl,2030,50
112 1 gas  New area,"Energy Transport Natural Gas Distribution, New  developed residential areas",Energy/technical data,Technical life time [years],years,,,2,ctrl,2050,50
112 1 gas  New area,"Energy Transport Natural Gas Distribution, New  developed residential areas",Energy/technical data,Typical load profile [-],-,,,,Lower,2020,-
112 1 gas  New area,"Energy Transport Natural Gas Distribution, New  developed residential areas",Energy/technical data,Typical load profile [-],-,,,,Lower,2050,-
112 1 gas  New area,"Energy Transport Natural Gas Distribution, New  developed residential areas",Energy/technical data,Typical load profile [-],-,,,,Upper,2020,-
112 1 gas  New area,"Energy Transport Natural Gas Distribution, New  developed residential areas",Energy/technical data,Typical load profile [-],-,,,,Upper,2050,-
112 1 gas  New area,"Energy Transport Natural Gas Distribution, New  developed residential areas",Energy/technical data,Typical load profile [-],-,,,,ctrl,2015,-
112 1 gas  New area,"Energy Transport Natural Gas Distribution, New  developed residential areas",Energy/technical data,Typical load profile [-],-,,,,ctrl,2020,-
112 1 gas  New area,"Energy Transport Natural Gas Distribution, New  developed residential areas",Energy/technical data,Typical load profile [-],-,,,,ctrl,2030,-
112 1 gas  New area,"Energy Transport Natural Gas Distribution, New  developed residential areas",Energy/technical data,Typical load profile [-],-,,,,ctrl,2050,-
112 1 gas  New area,"Energy Transport Natural Gas Distribution, New  developed residential areas",Financial data,Distribution network costs [€/MWh/year] City,EUR/MWh/year,2020,0,2,Lower,2020,255.20945232
112 1 gas  New area,"Energy Transport Natural Gas Distribution, New  developed residential areas",Financial data,Distribution network costs [€/MWh/year] City,EUR/MWh/year,2020,0,2,Lower,2050,255.20945232
112 1 gas  New area,"Energy Transport Natural Gas Distribution, New  developed residential areas",Financial data,Distribution network costs [€/MWh/year] City,EUR/MWh/year,2020,0,2,Upper,2020,319.0118154
112 1 gas  New area,"Energy Transport Natural Gas Distribution, New  developed residential areas",Financial data,Distribution network costs [€/MWh/year] City,EUR/MWh/year,2020,0,2,Upper,2050,319.0118154
112 1 gas  New area,"Energy Transport Natural Gas Distribution, New  developed residential areas",Financial data,Distribution network costs [€/MWh/year] City,EUR/MWh/year,2020,0,2,ctrl,2015,287.11063386
112 1 gas  New area,"Energy Transport Natural Gas Distribution, New  developed residential areas",Financial data,Distribution network costs [€/MWh/year] City,EUR/MWh/year,2020,0,2,ctrl,2020,287.11063386
112 1 gas  New area,"Energy Transport Natural Gas Distribution, New  developed residential areas",Financial data,Distribution network costs [€/MWh/year] City,EUR/MWh/year,2020,0,2,ctrl,2030,287.11063386
112 1 gas  New area,"Energy Transport Natural Gas Distribution, New  developed residential areas",Financial data,Distribution network costs [€/MWh/year] City,EUR/MWh/year,2020,0,2,ctrl,2050,287.11063386
112 1 gas  New area,"Energy Transport Natural Gas Distribution, New  developed residential areas",Financial data,Fixed O&M [€/MW/year],EUR/MW/year,2020,0,2,Lower,2020,786.8958113200001
112 1 gas  New area,"Energy Transport Natural Gas Distribution, New  developed residential areas",Financial data,Fixed O&M [€/MW/year],EUR/MW/year,2020,0,2,Lower,2050,786.8958113200001
112 1 gas  New area,"Energy Transport Natural Gas Distribution, New  developed residential areas",Financial data,Fixed O&M [€/MW/year],EUR/MW/year,2020,0,2,Upper,2020,1169.7099898
112 1 gas  New area,"Energy Transport Natural Gas Distribution, New  developed residential areas",Financial data,Fixed O&M [€/MW/year],EUR/MW/year,2020,0,2,Upper,2050,1169.7099898
112 1 gas  New area,"Energy Transport Natural Gas Distribution, New  developed residential areas",Financial data,Fixed O&M [€/MW/year],EUR/MW/year,2020,0,2,ctrl,2015,978.3029005600001
112 1 gas  New area,"Energy Transport Natural Gas Distribution, New  developed residential areas",Financial data,Fixed O&M [€/MW/year],EUR/MW/year,2020,0,2,ctrl,2020,978.3029005600001
112 1 gas  New area,"Energy Transport Natural Gas Distribution, New  developed residential areas",Financial data,Fixed O&M [€/MW/year],EUR/MW/year,2020,0,2,ctrl,2030,978.3029005600001
112 1 gas  New area,"Energy Transport Natural Gas Distribution, New  developed residential areas",Financial data,Fixed O&M [€/MW/year],EUR/MW/year,2020,0,2,ctrl,2050,978.3029005600001
112 1 gas  New area,"Energy Transport Natural Gas Distribution, New  developed residential areas",Financial data,"Investment costs; service line, 0-20 kW [€/unit]",EUR/unit,2020,0,2,Lower,2020,1488.7218052
112 1 gas  New area,"Energy Transport Natural Gas Distribution, New  developed residential areas",Financial data,"Investment costs; service line, 0-20 kW [€/unit]",EUR/unit,2020,0,2,Lower,2050,1488.7218052
112 1 gas  New area,"Energy Transport Natural Gas Distribution, New  developed residential areas",Financial data,"Investment costs; service line, 0-20 kW [€/unit]",EUR/unit,2020,0,2,Upper,2020,1914.0708924
112 1 gas  New area,"Energy Transport Natural Gas Distribution, New  developed residential areas",Financial data,"Investment costs; service line, 0-20 kW [€/unit]",EUR/unit,2020,0,2,Upper,2050,1914.0708924
112 1 gas  New area,"Energy Transport Natural Gas Distribution, New  developed residential areas",Financial data,"Investment costs; service line, 0-20 kW [€/unit]",EUR/unit,2020,0,2,ctrl,2015,1701.3963488
112 1 gas  New area,"Energy Transport Natural Gas Distribution, New  developed residential areas",Financial data,"Investment costs; service line, 0-20 kW [€/unit]",EUR/unit,2020,0,2,ctrl,2020,1701.3963488
112 1 gas  New area,"Energy Transport Natural Gas Distribution, New  developed residential areas",Financial data,"Investment costs; service line, 0-20 kW [€/unit]",EUR/unit,2020,0,2,ctrl,2030,1701.3963488
112 1 gas  New area,"Energy Transport Natural Gas Distribution, New  developed residential areas",Financial data,"Investment costs; service line, 0-20 kW [€/unit]",EUR/unit,2020,0,2,ctrl,2050,1701.3963488
112 1 gas  New area,"Energy Transport Natural Gas Distribution, New  developed residential areas",Financial data,"Investment costs; service line, 20-50 kW [€/unit]",EUR/unit,2020,E,,Lower,2020,-
112 1 gas  New area,"Energy Transport Natural Gas Distribution, New  developed residential areas",Financial data,"Investment costs; service line, 20-50 kW [€/unit]",EUR/unit,2020,E,,Lower,2050,-
112 1 gas  New area,"Energy Transport Natural Gas Distribution, New  developed residential areas",Financial data,"Investment costs; service line, 20-50 kW [€/unit]",EUR/unit,2020,E,,Upper,2020,-
112 1 gas  New area,"Energy Transport Natural Gas Distribution, New  developed residential areas",Financial data,"Investment costs; service line, 20-50 kW [€/unit]",EUR/unit,2020,E,,Upper,2050,-
112 1 gas  New area,"Energy Transport Natural Gas Distribution, New  developed residential areas",Financial data,"Investment costs; service line, 20-50 kW [€/unit]",EUR/unit,2020,E,,ctrl,2015,-
112 1 gas  New area,"Energy Transport Natural Gas Distribution, New  developed residential areas",Financial data,"Investment costs; service line, 20-50 kW [€/unit]",EUR/unit,2020,E,,ctrl,2020,-
112 1 gas  New area,"Energy Transport Natural Gas Distribution, New  developed residential areas",Financial data,"Investment costs; service line, 20-50 kW [€/unit]",EUR/unit,2020,E,,ctrl,2030,-
112 1 gas  New area,"Energy Transport Natural Gas Distribution, New  developed residential areas",Financial data,"Investment costs; service line, 20-50 kW [€/unit]",EUR/unit,2020,E,,ctrl,2050,-
112 1 gas  New area,"Energy Transport Natural Gas Distribution, New  developed residential areas",Financial data,"Investment costs; service line, 50-100 kW [€/unit]",EUR/unit,2020,E,,Lower,2020,-
112 1 gas  New area,"Energy Transport Natural Gas Distribution, New  developed residential areas",Financial data,"Investment costs; service line, 50-100 kW [€/unit]",EUR/unit,2020,E,,Lower,2050,-
112 1 gas  New area,"Energy Transport Natural Gas Distribution, New  developed residential areas",Financial data,"Investment costs; service line, 50-100 kW [€/unit]",EUR/unit,2020,E,,Upper,2020,-
112 1 gas  New area,"Energy Transport Natural Gas Distribution, New  developed residential areas",Financial data,"Investment costs; service line, 50-100 kW [€/unit]",EUR/unit,2020,E,,Upper,2050,-
112 1 gas  New area,"Energy Transport Natural Gas Distribution, New  developed residential areas",Financial data,"Investment costs; service line, 50-100 kW [€/unit]",EUR/unit,2020,E,,ctrl,2015,-
112 1 gas  New area,"Energy Transport Natural Gas Distribution, New  developed residential areas",Financial data,"Investment costs; service line, 50-100 kW [€/unit]",EUR/unit,2020,E,,ctrl,2020,-
112 1 gas  New area,"Energy Transport Natural Gas Distribution, New  developed residential areas",Financial data,"Investment costs; service line, 50-100 kW [€/unit]",EUR/unit,2020,E,,ctrl,2030,-
112 1 gas  New area,"Energy Transport Natural Gas Distribution, New  developed residential areas",Financial data,"Investment costs; service line, 50-100 kW [€/unit]",EUR/unit,2020,E,,ctrl,2050,-
112 1 gas  New area,"Energy Transport Natural Gas Distribution, New  developed residential areas",Financial data,"Investment costs; service line, above 100 kW [€/unit]",EUR/unit,2020,E,,Lower,2020,-
112 1 gas  New area,"Energy Transport Natural Gas Distribution, New  developed residential areas",Financial data,"Investment costs; service line, above 100 kW [€/unit]",EUR/unit,2020,E,,Lower,2050,-
112 1 gas  New area,"Energy Transport Natural Gas Distribution, New  developed residential areas",Financial data,"Investment costs; service line, above 100 kW [€/unit]",EUR/unit,2020,E,,Upper,2020,-
112 1 gas  New area,"Energy Transport Natural Gas Distribution, New  developed residential areas",Financial data,"Investment costs; service line, above 100 kW [€/unit]",EUR/unit,2020,E,,Upper,2050,-
112 1 gas  New area,"Energy Transport Natural Gas Distribution, New  developed residential areas",Financial data,"Investment costs; service line, above 100 kW [€/unit]",EUR/unit,2020,E,,ctrl,2015,-
112 1 gas  New area,"Energy Transport Natural Gas Distribution, New  developed residential areas",Financial data,"Investment costs; service line, above 100 kW [€/unit]",EUR/unit,2020,E,,ctrl,2020,-
112 1 gas  New area,"Energy Transport Natural Gas Distribution, New  developed residential areas",Financial data,"Investment costs; service line, above 100 kW [€/unit]",EUR/unit,2020,E,,ctrl,2030,-
112 1 gas  New area,"Energy Transport Natural Gas Distribution, New  developed residential areas",Financial data,"Investment costs; service line, above 100 kW [€/unit]",EUR/unit,2020,E,,ctrl,2050,-
112 1 gas  New area,"Energy Transport Natural Gas Distribution, New  developed residential areas",Financial data,"Investment costs; single line, 0-50 kW [€/m]",EUR/m,2020,F,,Lower,2020,44.661654156
112 1 gas  New area,"Energy Transport Natural Gas Distribution, New  developed residential areas",Financial data,"Investment costs; single line, 0-50 kW [€/m]",EUR/m,2020,F,,Lower,2050,44.661654156
112 1 gas  New area,"Energy Transport Natural Gas Distribution, New  developed residential areas",Financial data,"Investment costs; single line, 0-50 kW [€/m]",EUR/m,2020,F,,Upper,2020,54.58646619066668
112 1 gas  New area,"Energy Transport Natural Gas Distribution, New  developed residential areas",Financial data,"Investment costs; single line, 0-50 kW [€/m]",EUR/m,2020,F,,Upper,2050,54.58646619066668
112 1 gas  New area,"Energy Transport Natural Gas Distribution, New  developed residential areas",Financial data,"Investment costs; single line, 0-50 kW [€/m]",EUR/m,2020,F,,ctrl,2015,49.62406017333333
112 1 gas  New area,"Energy Transport Natural Gas Distribution, New  developed residential areas",Financial data,"Investment costs; single line, 0-50 kW [€/m]",EUR/m,2020,F,,ctrl,2020,49.62406017333333
112 1 gas  New area,"Energy Transport Natural Gas Distribution, New  developed residential areas",Financial data,"Investment costs; single line, 0-50 kW [€/m]",EUR/m,2020,F,,ctrl,2030,49.62406017333333
112 1 gas  New area,"Energy Transport Natural Gas Distribution, New  developed residential areas",Financial data,"Investment costs; single line, 0-50 kW [€/m]",EUR/m,2020,F,,ctrl,2050,49.62406017333333
112 1 gas  New area,"Energy Transport Natural Gas Distribution, New  developed residential areas",Financial data,"Investment costs; single line, 1 MW-5 MW [€/m]",EUR/m,2020,G,,Lower,2020,47.85177231
112 1 gas  New area,"Energy Transport Natural Gas Distribution, New  developed residential areas",Financial data,"Investment costs; single line, 1 MW-5 MW [€/m]",EUR/m,2020,G,,Lower,2050,47.85177231
112 1 gas  New area,"Energy Transport Natural Gas Distribution, New  developed residential areas",Financial data,"Investment costs; single line, 1 MW-5 MW [€/m]",EUR/m,2020,G,,Upper,2020,58.48549949000002
112 1 gas  New area,"Energy Transport Natural Gas Distribution, New  developed residential areas",Financial data,"Investment costs; single line, 1 MW-5 MW [€/m]",EUR/m,2020,G,,Upper,2050,58.48549949000002
112 1 gas  New area,"Energy Transport Natural Gas Distribution, New  developed residential areas",Financial data,"Investment costs; single line, 1 MW-5 MW [€/m]",EUR/m,2020,G,,ctrl,2015,53.16863590000001
112 1 gas  New area,"Energy Transport Natural Gas Distribution, New  developed residential areas",Financial data,"Investment costs; single line, 1 MW-5 MW [€/m]",EUR/m,2020,G,,ctrl,2020,53.16863590000001
112 1 gas  New area,"Energy Transport Natural Gas Distribution, New  developed residential areas",Financial data,"Investment costs; single line, 1 MW-5 MW [€/m]",EUR/m,2020,G,,ctrl,2030,53.16863590000001
112 1 gas  New area,"Energy Transport Natural Gas Distribution, New  developed residential areas",Financial data,"Investment costs; single line, 1 MW-5 MW [€/m]",EUR/m,2020,G,,ctrl,2050,53.16863590000001
112 1 gas  New area,"Energy Transport Natural Gas Distribution, New  developed residential areas",Financial data,"Investment costs; single line, 100-250 kW  [€/m]",EUR/m,2020,F,,Lower,2020,44.661654156
112 1 gas  New area,"Energy Transport Natural Gas Distribution, New  developed residential areas",Financial data,"Investment costs; single line, 100-250 kW  [€/m]",EUR/m,2020,F,,Lower,2050,44.661654156
112 1 gas  New area,"Energy Transport Natural Gas Distribution, New  developed residential areas",Financial data,"Investment costs; single line, 100-250 kW  [€/m]",EUR/m,2020,F,,Upper,2020,54.58646619066668
112 1 gas  New area,"Energy Transport Natural Gas Distribution, New  developed residential areas",Financial data,"Investment costs; single line, 100-250 kW  [€/m]",EUR/m,2020,F,,Upper,2050,54.58646619066668
112 1 gas  New area,"Energy Transport Natural Gas Distribution, New  developed residential areas",Financial data,"Investment costs; single line, 100-250 kW  [€/m]",EUR/m,2020,F,,ctrl,2015,49.62406017333333
112 1 gas  New area,"Energy Transport Natural Gas Distribution, New  developed residential areas",Financial data,"Investment costs; single line, 100-250 kW  [€/m]",EUR/m,2020,F,,ctrl,2020,49.62406017333333
112 1 gas  New area,"Energy Transport Natural Gas Distribution, New  developed residential areas",Financial data,"Investment costs; single line, 100-250 kW  [€/m]",EUR/m,2020,F,,ctrl,2030,49.62406017333333
112 1 gas  New area,"Energy Transport Natural Gas Distribution, New  developed residential areas",Financial data,"Investment costs; single line, 100-250 kW  [€/m]",EUR/m,2020,F,,ctrl,2050,49.62406017333333
112 1 gas  New area,"Energy Transport Natural Gas Distribution, New  developed residential areas",Financial data,"Investment costs; single line, 25 MW-100 MW [€/m]",EUR/m,2020,0,,Lower,2020,-
112 1 gas  New area,"Energy Transport Natural Gas Distribution, New  developed residential areas",Financial data,"Investment costs; single line, 25 MW-100 MW [€/m]",EUR/m,2020,0,,Lower,2050,-
112 1 gas  New area,"Energy Transport Natural Gas Distribution, New  developed residential areas",Financial data,"Investment costs; single line, 25 MW-100 MW [€/m]",EUR/m,2020,0,,Upper,2020,-
112 1 gas  New area,"Energy Transport Natural Gas Distribution, New  developed residential areas",Financial data,"Investment costs; single line, 25 MW-100 MW [€/m]",EUR/m,2020,0,,Upper,2050,-
112 1 gas  New area,"Energy Transport Natural Gas Distribution, New  developed residential areas",Financial data,"Investment costs; single line, 25 MW-100 MW [€/m]",EUR/m,2020,0,,ctrl,2015,-
112 1 gas  New area,"Energy Transport Natural Gas Distribution, New  developed residential areas",Financial data,"Investment costs; single line, 25 MW-100 MW [€/m]",EUR/m,2020,0,,ctrl,2020,-
112 1 gas  New area,"Energy Transport Natural Gas Distribution, New  developed residential areas",Financial data,"Investment costs; single line, 25 MW-100 MW [€/m]",EUR/m,2020,0,,ctrl,2030,-
112 1 gas  New area,"Energy Transport Natural Gas Distribution, New  developed residential areas",Financial data,"Investment costs; single line, 25 MW-100 MW [€/m]",EUR/m,2020,0,,ctrl,2050,-
112 1 gas  New area,"Energy Transport Natural Gas Distribution, New  developed residential areas",Financial data,"Investment costs; single line, 250 kW-1 MW [€/m]",EUR/m,2020,F,,Lower,2020,44.661654156
112 1 gas  New area,"Energy Transport Natural Gas Distribution, New  developed residential areas",Financial data,"Investment costs; single line, 250 kW-1 MW [€/m]",EUR/m,2020,F,,Lower,2050,44.661654156
112 1 gas  New area,"Energy Transport Natural Gas Distribution, New  developed residential areas",Financial data,"Investment costs; single line, 250 kW-1 MW [€/m]",EUR/m,2020,F,,Upper,2020,54.58646619066668
112 1 gas  New area,"Energy Transport Natural Gas Distribution, New  developed residential areas",Financial data,"Investment costs; single line, 250 kW-1 MW [€/m]",EUR/m,2020,F,,Upper,2050,54.58646619066668
112 1 gas  New area,"Energy Transport Natural Gas Distribution, New  developed residential areas",Financial data,"Investment costs; single line, 250 kW-1 MW [€/m]",EUR/m,2020,F,,ctrl,2015,49.62406017333333
112 1 gas  New area,"Energy Transport Natural Gas Distribution, New  developed residential areas",Financial data,"Investment costs; single line, 250 kW-1 MW [€/m]",EUR/m,2020,F,,ctrl,2020,49.62406017333333
112 1 gas  New area,"Energy Transport Natural Gas Distribution, New  developed residential areas",Financial data,"Investment costs; single line, 250 kW-1 MW [€/m]",EUR/m,2020,F,,ctrl,2030,49.62406017333333
112 1 gas  New area,"Energy Transport Natural Gas Distribution, New  developed residential areas",Financial data,"Investment costs; single line, 250 kW-1 MW [€/m]",EUR/m,2020,F,,ctrl,2050,49.62406017333333
112 1 gas  New area,"Energy Transport Natural Gas Distribution, New  developed residential areas",Financial data,"Investment costs; single line, 5 MW-25 MW [€/m]",EUR/m,2020,G,,Lower,2020,60.612244926
112 1 gas  New area,"Energy Transport Natural Gas Distribution, New  developed residential areas",Financial data,"Investment costs; single line, 5 MW-25 MW [€/m]",EUR/m,2020,G,,Lower,2050,60.612244926
112 1 gas  New area,"Energy Transport Natural Gas Distribution, New  developed residential areas",Financial data,"Investment costs; single line, 5 MW-25 MW [€/m]",EUR/m,2020,G,,Upper,2020,74.08163268733334
112 1 gas  New area,"Energy Transport Natural Gas Distribution, New  developed residential areas",Financial data,"Investment costs; single line, 5 MW-25 MW [€/m]",EUR/m,2020,G,,Upper,2050,74.08163268733334
112 1 gas  New area,"Energy Transport Natural Gas Distribution, New  developed residential areas",Financial data,"Investment costs; single line, 5 MW-25 MW [€/m]",EUR/m,2020,G,,ctrl,2015,67.34693880666667
112 1 gas  New area,"Energy Transport Natural Gas Distribution, New  developed residential areas",Financial data,"Investment costs; single line, 5 MW-25 MW [€/m]",EUR/m,2020,G,,ctrl,2020,67.34693880666667
112 1 gas  New area,"Energy Transport Natural Gas Distribution, New  developed residential areas",Financial data,"Investment costs; single line, 5 MW-25 MW [€/m]",EUR/m,2020,G,,ctrl,2030,67.34693880666667
112 1 gas  New area,"Energy Transport Natural Gas Distribution, New  developed residential areas",Financial data,"Investment costs; single line, 5 MW-25 MW [€/m]",EUR/m,2020,G,,ctrl,2050,67.34693880666667
112 1 gas  New area,"Energy Transport Natural Gas Distribution, New  developed residential areas",Financial data,"Investment costs; single line, 50-250 kW  [€/m]",EUR/m,2020,F,,Lower,2020,44.661654156
112 1 gas  New area,"Energy Transport Natural Gas Distribution, New  developed residential areas",Financial data,"Investment costs; single line, 50-250 kW  [€/m]",EUR/m,2020,F,,Lower,2050,44.661654156
112 1 gas  New area,"Energy Transport Natural Gas Distribution, New  developed residential areas",Financial data,"Investment costs; single line, 50-250 kW  [€/m]",EUR/m,2020,F,,Upper,2020,54.58646619066668
112 1 gas  New area,"Energy Transport Natural Gas Distribution, New  developed residential areas",Financial data,"Investment costs; single line, 50-250 kW  [€/m]",EUR/m,2020,F,,Upper,2050,54.58646619066668
112 1 gas  New area,"Energy Transport Natural Gas Distribution, New  developed residential areas",Financial data,"Investment costs; single line, 50-250 kW  [€/m]",EUR/m,2020,F,,ctrl,2015,49.62406017333333
112 1 gas  New area,"Energy Transport Natural Gas Distribution, New  developed residential areas",Financial data,"Investment costs; single line, 50-250 kW  [€/m]",EUR/m,2020,F,,ctrl,2020,49.62406017333333
112 1 gas  New area,"Energy Transport Natural Gas Distribution, New  developed residential areas",Financial data,"Investment costs; single line, 50-250 kW  [€/m]",EUR/m,2020,F,,ctrl,2030,49.62406017333333
112 1 gas  New area,"Energy Transport Natural Gas Distribution, New  developed residential areas",Financial data,"Investment costs; single line, 50-250 kW  [€/m]",EUR/m,2020,F,,ctrl,2050,49.62406017333333
112 1 gas  New area,"Energy Transport Natural Gas Distribution, New  developed residential areas",Financial data,"Investments, percentage installation",,,0,2,Lower,2020,0.7
112 1 gas  New area,"Energy Transport Natural Gas Distribution, New  developed residential areas",Financial data,"Investments, percentage installation",,,0,2,Lower,2050,0.7
112 1 gas  New area,"Energy Transport Natural Gas Distribution, New  developed residential areas",Financial data,"Investments, percentage installation",,,0,2,Upper,2020,0.9
112 1 gas  New area,"Energy Transport Natural Gas Distribution, New  developed residential areas",Financial data,"Investments, percentage installation",,,0,2,Upper,2050,0.9
112 1 gas  New area,"Energy Transport Natural Gas Distribution, New  developed residential areas",Financial data,"Investments, percentage installation",,,0,2,ctrl,2015,0.8
112 1 gas  New area,"Energy Transport Natural Gas Distribution, New  developed residential areas",Financial data,"Investments, percentage installation",,,0,2,ctrl,2020,0.8
112 1 gas  New area,"Energy Transport Natural Gas Distribution, New  developed residential areas",Financial data,"Investments, percentage installation",,,0,2,ctrl,2030,0.8
112 1 gas  New area,"Energy Transport Natural Gas Distribution, New  developed residential areas",Financial data,"Investments, percentage installation",,,0,2,ctrl,2050,0.8
112 1 gas  New area,"Energy Transport Natural Gas Distribution, New  developed residential areas",Financial data,"Investments, percentage materials",,,0,2,Lower,2020,0.1
112 1 gas  New area,"Energy Transport Natural Gas Distribution, New  developed residential areas",Financial data,"Investments, percentage materials",,,0,2,Lower,2050,0.1
112 1 gas  New area,"Energy Transport Natural Gas Distribution, New  developed residential areas",Financial data,"Investments, percentage materials",,,0,2,Upper,2020,0.3
112 1 gas  New area,"Energy Transport Natural Gas Distribution, New  developed residential areas",Financial data,"Investments, percentage materials",,,0,2,Upper,2050,0.3
112 1 gas  New area,"Energy Transport Natural Gas Distribution, New  developed residential areas",Financial data,"Investments, percentage materials",,,0,2,ctrl,2015,0.2
112 1 gas  New area,"Energy Transport Natural Gas Distribution, New  developed residential areas",Financial data,"Investments, percentage materials",,,0,2,ctrl,2020,0.2
112 1 gas  New area,"Energy Transport Natural Gas Distribution, New  developed residential areas",Financial data,"Investments, percentage materials",,,0,2,ctrl,2030,0.2
112 1 gas  New area,"Energy Transport Natural Gas Distribution, New  developed residential areas",Financial data,"Investments, percentage materials",,,0,2,ctrl,2050,0.2
112 1 gas  New area,"Energy Transport Natural Gas Distribution, New  developed residential areas",Financial data,Reinforcement costs [€/MW],EUR/MW,2020,H,,Lower,2020,-
112 1 gas  New area,"Energy Transport Natural Gas Distribution, New  developed residential areas",Financial data,Reinforcement costs [€/MW],EUR/MW,2020,H,,Lower,2050,-
112 1 gas  New area,"Energy Transport Natural Gas Distribution, New  developed residential areas",Financial data,Reinforcement costs [€/MW],EUR/MW,2020,H,,Upper,2020,-
112 1 gas  New area,"Energy Transport Natural Gas Distribution, New  developed residential areas",Financial data,Reinforcement costs [€/MW],EUR/MW,2020,H,,Upper,2050,-
112 1 gas  New area,"Energy Transport Natural Gas Distribution, New  developed residential areas",Financial data,Reinforcement costs [€/MW],EUR/MW,2020,H,,ctrl,2015,-
112 1 gas  New area,"Energy Transport Natural Gas Distribution, New  developed residential areas",Financial data,Reinforcement costs [€/MW],EUR/MW,2020,H,,ctrl,2020,-
112 1 gas  New area,"Energy Transport Natural Gas Distribution, New  developed residential areas",Financial data,Reinforcement costs [€/MW],EUR/MW,2020,H,,ctrl,2030,-
112 1 gas  New area,"Energy Transport Natural Gas Distribution, New  developed residential areas",Financial data,Reinforcement costs [€/MW],EUR/MW,2020,H,,ctrl,2050,-
112 1 gas  New area,"Energy Transport Natural Gas Distribution, New  developed residential areas",Financial data,Type 1 station [€/MW],EUR/MW,2020,I,,Lower,2020,-
112 1 gas  New area,"Energy Transport Natural Gas Distribution, New  developed residential areas",Financial data,Type 1 station [€/MW],EUR/MW,2020,I,,Lower,2050,-
112 1 gas  New area,"Energy Transport Natural Gas Distribution, New  developed residential areas",Financial data,Type 1 station [€/MW],EUR/MW,2020,I,,Upper,2020,-
112 1 gas  New area,"Energy Transport Natural Gas Distribution, New  developed residential areas",Financial data,Type 1 station [€/MW],EUR/MW,2020,I,,Upper,2050,-
112 1 gas  New area,"Energy Transport Natural Gas Distribution, New  developed residential areas",Financial data,Type 1 station [€/MW],EUR/MW,2020,I,,ctrl,2015,-
112 1 gas  New area,"Energy Transport Natural Gas Distribution, New  developed residential areas",Financial data,Type 1 station [€/MW],EUR/MW,2020,I,,ctrl,2020,-
112 1 gas  New area,"Energy Transport Natural Gas Distribution, New  developed residential areas",Financial data,Type 1 station [€/MW],EUR/MW,2020,I,,ctrl,2030,-
112 1 gas  New area,"Energy Transport Natural Gas Distribution, New  developed residential areas",Financial data,Type 1 station [€/MW],EUR/MW,2020,I,,ctrl,2050,-
112 1 gas  New area,"Energy Transport Natural Gas Distribution, New  developed residential areas",Financial data,Type 2 station [€/MW],EUR/MW,2020,I,,Lower,2020,-
112 1 gas  New area,"Energy Transport Natural Gas Distribution, New  developed residential areas",Financial data,Type 2 station [€/MW],EUR/MW,2020,I,,Lower,2050,-
112 1 gas  New area,"Energy Transport Natural Gas Distribution, New  developed residential areas",Financial data,Type 2 station [€/MW],EUR/MW,2020,I,,Upper,2020,-
112 1 gas  New area,"Energy Transport Natural Gas Distribution, New  developed residential areas",Financial data,Type 2 station [€/MW],EUR/MW,2020,I,,Upper,2050,-
112 1 gas  New area,"Energy Transport Natural Gas Distribution, New  developed residential areas",Financial data,Type 2 station [€/MW],EUR/MW,2020,I,,ctrl,2015,-
112 1 gas  New area,"Energy Transport Natural Gas Distribution, New  developed residential areas",Financial data,Type 2 station [€/MW],EUR/MW,2020,I,,ctrl,2020,-
112 1 gas  New area,"Energy Transport Natural Gas Distribution, New  developed residential areas",Financial data,Type 2 station [€/MW],EUR/MW,2020,I,,ctrl,2030,-
112 1 gas  New area,"Energy Transport Natural Gas Distribution, New  developed residential areas",Financial data,Type 2 station [€/MW],EUR/MW,2020,I,,ctrl,2050,-
112 1 gas  New area,"Energy Transport Natural Gas Distribution, New  developed residential areas",Financial data,Variable O&M [€/MWh],EUR/MWh,2020,0,2,Lower,2020,0
112 1 gas  New area,"Energy Transport Natural Gas Distribution, New  developed residential areas",Financial data,Variable O&M [€/MWh],EUR/MWh,2020,0,2,Lower,2050,0
112 1 gas  New area,"Energy Transport Natural Gas Distribution, New  developed residential areas",Financial data,Variable O&M [€/MWh],EUR/MWh,2020,0,2,Upper,2020,0
112 1 gas  New area,"Energy Transport Natural Gas Distribution, New  developed residential areas",Financial data,Variable O&M [€/MWh],EUR/MWh,2020,0,2,Upper,2050,0
112 1 gas  New area,"Energy Transport Natural Gas Distribution, New  developed residential areas",Financial data,Variable O&M [€/MWh],EUR/MWh,2020,0,2,ctrl,2015,0
112 1 gas  New area,"Energy Transport Natural Gas Distribution, New  developed residential areas",Financial data,Variable O&M [€/MWh],EUR/MWh,2020,0,2,ctrl,2020,0
112 1 gas  New area,"Energy Transport Natural Gas Distribution, New  developed residential areas",Financial data,Variable O&M [€/MWh],EUR/MWh,2020,0,2,ctrl,2030,0
112 1 gas  New area,"Energy Transport Natural Gas Distribution, New  developed residential areas",Financial data,Variable O&M [€/MWh],EUR/MWh,2020,0,2,ctrl,2050,0
113_11 DH transmission,Energy Transport District Heating Transmission,Energy/technical data,Auxiliary electricity consumption [%] energy transmitted,pct.,,,"[1, 4]",Lower,2025,0.5
113_11 DH transmission,Energy Transport District Heating Transmission,Energy/technical data,Auxiliary electricity consumption [%] energy transmitted,pct.,,,"[1, 4]",Lower,2050,0.5
113_11 DH transmission,Energy Transport District Heating Transmission,Energy/technical data,Auxiliary electricity consumption [%] energy transmitted,pct.,,,"[1, 4]",Upper,2025,2
113_11 DH transmission,Energy Transport District Heating Transmission,Energy/technical data,Auxiliary electricity consumption [%] energy transmitted,pct.,,,"[1, 4]",Upper,2050,2
113_11 DH transmission,Energy Transport District Heating Transmission,Energy/technical data,Auxiliary electricity consumption [%] energy transmitted,pct.,,,"[1, 4]",ctrl,2020,1
113_11 DH transmission,Energy Transport District Heating Transmission,Energy/technical data,Auxiliary electricity consumption [%] energy transmitted,pct.,,,"[1, 4]",ctrl,2025,1
113_11 DH transmission,Energy Transport District Heating Transmission,Energy/technical data,Auxiliary electricity consumption [%] energy transmitted,pct.,,,"[1, 4]",ctrl,2030,1
113_11 DH transmission,Energy Transport District Heating Transmission,Energy/technical data,Auxiliary electricity consumption [%] energy transmitted,pct.,,,"[1, 4]",ctrl,2035,1
113_11 DH transmission,Energy Transport District Heating Transmission,Energy/technical data,Auxiliary electricity consumption [%] energy transmitted,pct.,,,"[1, 4]",ctrl,2040,1
113_11 DH transmission,Energy Transport District Heating Transmission,Energy/technical data,Auxiliary electricity consumption [%] energy transmitted,pct.,,,"[1, 4]",ctrl,2050,1
113_11 DH transmission,Energy Transport District Heating Transmission,Energy/technical data,Construction time [years],years,,,1,Lower,2025,1.5
113_11 DH transmission,Energy Transport District Heating Transmission,Energy/technical data,Construction time [years],years,,,1,Lower,2050,1.5
113_11 DH transmission,Energy Transport District Heating Transmission,Energy/technical data,Construction time [years],years,,,1,Upper,2025,4
113_11 DH transmission,Energy Transport District Heating Transmission,Energy/technical data,Construction time [years],years,,,1,Upper,2050,4
113_11 DH transmission,Energy Transport District Heating Transmission,Energy/technical data,Construction time [years],years,,,1,ctrl,2020,2.5
113_11 DH transmission,Energy Transport District Heating Transmission,Energy/technical data,Construction time [years],years,,,1,ctrl,2025,2.5
113_11 DH transmission,Energy Transport District Heating Transmission,Energy/technical data,Construction time [years],years,,,1,ctrl,2030,2.5
113_11 DH transmission,Energy Transport District Heating Transmission,Energy/technical data,Construction time [years],years,,,1,ctrl,2035,2.5
113_11 DH transmission,Energy Transport District Heating Transmission,Energy/technical data,Construction time [years],years,,,1,ctrl,2040,2.5
113_11 DH transmission,Energy Transport District Heating Transmission,Energy/technical data,Construction time [years],years,,,1,ctrl,2050,2.5
113_11 DH transmission,Energy Transport District Heating Transmission,Energy/technical data,"Energy losses, Heat exchanger stations [%]",pct.,,,1,Lower,2025,0.8
113_11 DH transmission,Energy Transport District Heating Transmission,Energy/technical data,"Energy losses, Heat exchanger stations [%]",pct.,,,1,Lower,2050,0.8
113_11 DH transmission,Energy Transport District Heating Transmission,Energy/technical data,"Energy losses, Heat exchanger stations [%]",pct.,,,1,Upper,2025,1.5
113_11 DH transmission,Energy Transport District Heating Transmission,Energy/technical data,"Energy losses, Heat exchanger stations [%]",pct.,,,1,Upper,2050,1.2
113_11 DH transmission,Energy Transport District Heating Transmission,Energy/technical data,"Energy losses, Heat exchanger stations [%]",pct.,,,1,ctrl,2020,1
113_11 DH transmission,Energy Transport District Heating Transmission,Energy/technical data,"Energy losses, Heat exchanger stations [%]",pct.,,,1,ctrl,2025,1
113_11 DH transmission,Energy Transport District Heating Transmission,Energy/technical data,"Energy losses, Heat exchanger stations [%]",pct.,,,1,ctrl,2030,1
113_11 DH transmission,Energy Transport District Heating Transmission,Energy/technical data,"Energy losses, Heat exchanger stations [%]",pct.,,,1,ctrl,2035,1
113_11 DH transmission,Energy Transport District Heating Transmission,Energy/technical data,"Energy losses, Heat exchanger stations [%]",pct.,,,1,ctrl,2040,1
113_11 DH transmission,Energy Transport District Heating Transmission,Energy/technical data,"Energy losses, Heat exchanger stations [%]",pct.,,,1,ctrl,2050,1
113_11 DH transmission,Energy Transport District Heating Transmission,Energy/technical data,"Energy losses, Pumping stations [%]",pct.,,G,1,Lower,2025,0
113_11 DH transmission,Energy Transport District Heating Transmission,Energy/technical data,"Energy losses, Pumping stations [%]",pct.,,G,1,Lower,2050,0
113_11 DH transmission,Energy Transport District Heating Transmission,Energy/technical data,"Energy losses, Pumping stations [%]",pct.,,G,1,Upper,2025,0
113_11 DH transmission,Energy Transport District Heating Transmission,Energy/technical data,"Energy losses, Pumping stations [%]",pct.,,G,1,Upper,2050,0
113_11 DH transmission,Energy Transport District Heating Transmission,Energy/technical data,"Energy losses, Pumping stations [%]",pct.,,G,1,ctrl,2020,0
113_11 DH transmission,Energy Transport District Heating Transmission,Energy/technical data,"Energy losses, Pumping stations [%]",pct.,,G,1,ctrl,2025,0
113_11 DH transmission,Energy Transport District Heating Transmission,Energy/technical data,"Energy losses, Pumping stations [%]",pct.,,G,1,ctrl,2030,0
113_11 DH transmission,Energy Transport District Heating Transmission,Energy/technical data,"Energy losses, Pumping stations [%]",pct.,,G,1,ctrl,2035,0
113_11 DH transmission,Energy Transport District Heating Transmission,Energy/technical data,"Energy losses, Pumping stations [%]",pct.,,G,1,ctrl,2040,0
113_11 DH transmission,Energy Transport District Heating Transmission,Energy/technical data,"Energy losses, Pumping stations [%]",pct.,,G,1,ctrl,2050,0
113_11 DH transmission,Energy Transport District Heating Transmission,Energy/technical data,"Energy losses, lines 1-20 MW [% per km]",pct./km,,A,"[1, 2]",Lower,2025,0.8
113_11 DH transmission,Energy Transport District Heating Transmission,Energy/technical data,"Energy losses, lines 1-20 MW [% per km]",pct./km,,A,"[1, 2]",Lower,2050,0.8
113_11 DH transmission,Energy Transport District Heating Transmission,Energy/technical data,"Energy losses, lines 1-20 MW [% per km]",pct./km,,A,"[1, 2]",Upper,2025,1.5
113_11 DH transmission,Energy Transport District Heating Transmission,Energy/technical data,"Energy losses, lines 1-20 MW [% per km]",pct./km,,A,"[1, 2]",Upper,2050,1.2
113_11 DH transmission,Energy Transport District Heating Transmission,Energy/technical data,"Energy losses, lines 1-20 MW [% per km]",pct./km,,A,"[1, 2]",ctrl,2020,1
113_11 DH transmission,Energy Transport District Heating Transmission,Energy/technical data,"Energy losses, lines 1-20 MW [% per km]",pct./km,,A,"[1, 2]",ctrl,2025,1
113_11 DH transmission,Energy Transport District Heating Transmission,Energy/technical data,"Energy losses, lines 1-20 MW [% per km]",pct./km,,A,"[1, 2]",ctrl,2030,1
113_11 DH transmission,Energy Transport District Heating Transmission,Energy/technical data,"Energy losses, lines 1-20 MW [% per km]",pct./km,,A,"[1, 2]",ctrl,2035,1
113_11 DH transmission,Energy Transport District Heating Transmission,Energy/technical data,"Energy losses, lines 1-20 MW [% per km]",pct./km,,A,"[1, 2]",ctrl,2040,1
113_11 DH transmission,Energy Transport District Heating Transmission,Energy/technical data,"Energy losses, lines 1-20 MW [% per km]",pct./km,,A,"[1, 2]",ctrl,2050,1
113_11 DH transmission,Energy Transport District Heating Transmission,Energy/technical data,"Energy losses, lines 20-100 MW [% per km]",pct./km,,A,"[1, 2]",Lower,2025,0.2
113_11 DH transmission,Energy Transport District Heating Transmission,Energy/technical data,"Energy losses, lines 20-100 MW [% per km]",pct./km,,A,"[1, 2]",Lower,2050,0.2
113_11 DH transmission,Energy Transport District Heating Transmission,Energy/technical data,"Energy losses, lines 20-100 MW [% per km]",pct./km,,A,"[1, 2]",Upper,2025,0.375
113_11 DH transmission,Energy Transport District Heating Transmission,Energy/technical data,"Energy losses, lines 20-100 MW [% per km]",pct./km,,A,"[1, 2]",Upper,2050,0.3
113_11 DH transmission,Energy Transport District Heating Transmission,Energy/technical data,"Energy losses, lines 20-100 MW [% per km]",pct./km,,A,"[1, 2]",ctrl,2020,0.25
113_11 DH transmission,Energy Transport District Heating Transmission,Energy/technical data,"Energy losses, lines 20-100 MW [% per km]",pct./km,,A,"[1, 2]",ctrl,2025,0.25
113_11 DH transmission,Energy Transport District Heating Transmission,Energy/technical data,"Energy losses, lines 20-100 MW [% per km]",pct./km,,A,"[1, 2]",ctrl,2030,0.25
113_11 DH transmission,Energy Transport District Heating Transmission,Energy/technical data,"Energy losses, lines 20-100 MW [% per km]",pct./km,,A,"[1, 2]",ctrl,2035,0.25
113_11 DH transmission,Energy Transport District Heating Transmission,Energy/technical data,"Energy losses, lines 20-100 MW [% per km]",pct./km,,A,"[1, 2]",ctrl,2040,0.25
113_11 DH transmission,Energy Transport District Heating Transmission,Energy/technical data,"Energy losses, lines 20-100 MW [% per km]",pct./km,,A,"[1, 2]",ctrl,2050,0.25
113_11 DH transmission,Energy Transport District Heating Transmission,Energy/technical data,"Energy losses, lines above 100 MW [% per km]",pct./km,,A,"[1, 2]",Lower,2025,0.08000000000000002
113_11 DH transmission,Energy Transport District Heating Transmission,Energy/technical data,"Energy losses, lines above 100 MW [% per km]",pct./km,,A,"[1, 2]",Lower,2050,0.08000000000000002
113_11 DH transmission,Energy Transport District Heating Transmission,Energy/technical data,"Energy losses, lines above 100 MW [% per km]",pct./km,,A,"[1, 2]",Upper,2025,0.15
113_11 DH transmission,Energy Transport District Heating Transmission,Energy/technical data,"Energy losses, lines above 100 MW [% per km]",pct./km,,A,"[1, 2]",Upper,2050,0.12
113_11 DH transmission,Energy Transport District Heating Transmission,Energy/technical data,"Energy losses, lines above 100 MW [% per km]",pct./km,,A,"[1, 2]",ctrl,2020,0.1
113_11 DH transmission,Energy Transport District Heating Transmission,Energy/technical data,"Energy losses, lines above 100 MW [% per km]",pct./km,,A,"[1, 2]",ctrl,2025,0.1
113_11 DH transmission,Energy Transport District Heating Transmission,Energy/technical data,"Energy losses, lines above 100 MW [% per km]",pct./km,,A,"[1, 2]",ctrl,2030,0.1
113_11 DH transmission,Energy Transport District Heating Transmission,Energy/technical data,"Energy losses, lines above 100 MW [% per km]",pct./km,,A,"[1, 2]",ctrl,2035,0.1
113_11 DH transmission,Energy Transport District Heating Transmission,Energy/technical data,"Energy losses, lines above 100 MW [% per km]",pct./km,,A,"[1, 2]",ctrl,2040,0.1
113_11 DH transmission,Energy Transport District Heating Transmission,Energy/technical data,"Energy losses, lines above 100 MW [% per km]",pct./km,,A,"[1, 2]",ctrl,2050,0.1
113_11 DH transmission,Energy Transport District Heating Transmission,Energy/technical data,Technical life time [years],years,,B,"[1, 2]",Lower,2025,30
113_11 DH transmission,Energy Transport District Heating Transmission,Energy/technical data,Technical life time [years],years,,B,"[1, 2]",Lower,2050,30
113_11 DH transmission,Energy Transport District Heating Transmission,Energy/technical data,Technical life time [years],years,,B,"[1, 2]",Upper,2025,60
113_11 DH transmission,Energy Transport District Heating Transmission,Energy/technical data,Technical life time [years],years,,B,"[1, 2]",Upper,2050,60
113_11 DH transmission,Energy Transport District Heating Transmission,Energy/technical data,Technical life time [years],years,,B,"[1, 2]",ctrl,2020,45
113_11 DH transmission,Energy Transport District Heating Transmission,Energy/technical data,Technical life time [years],years,,B,"[1, 2]",ctrl,2025,45
113_11 DH transmission,Energy Transport District Heating Transmission,Energy/technical data,Technical life time [years],years,,B,"[1, 2]",ctrl,2030,45
113_11 DH transmission,Energy Transport District Heating Transmission,Energy/technical data,Technical life time [years],years,,B,"[1, 2]",ctrl,2035,45
113_11 DH transmission,Energy Transport District Heating Transmission,Energy/technical data,Technical life time [years],years,,B,"[1, 2]",ctrl,2040,45
113_11 DH transmission,Energy Transport District Heating Transmission,Energy/technical data,Technical life time [years],years,,B,"[1, 2]",ctrl,2050,45
113_11 DH transmission,Energy Transport District Heating Transmission,Energy/technical data,Typical load profile [-],-,,,1,Lower,2025,0.4
113_11 DH transmission,Energy Transport District Heating Transmission,Energy/technical data,Typical load profile [-],-,,,1,Lower,2050,0.4
113_11 DH transmission,Energy Transport District Heating Transmission,Energy/technical data,Typical load profile [-],-,,,1,Upper,2025,0.6
113_11 DH transmission,Energy Transport District Heating Transmission,Energy/technical data,Typical load profile [-],-,,,1,Upper,2050,0.6
113_11 DH transmission,Energy Transport District Heating Transmission,Energy/technical data,Typical load profile [-],-,,,1,ctrl,2020,0.5
113_11 DH transmission,Energy Transport District Heating Transmission,Energy/technical data,Typical load profile [-],-,,,1,ctrl,2025,0.5
113_11 DH transmission,Energy Transport District Heating Transmission,Energy/technical data,Typical load profile [-],-,,,1,ctrl,2030,0.5
113_11 DH transmission,Energy Transport District Heating Transmission,Energy/technical data,Typical load profile [-],-,,,1,ctrl,2035,0.5
113_11 DH transmission,Energy Transport District Heating Transmission,Energy/technical data,Typical load profile [-],-,,,1,ctrl,2040,0.5
113_11 DH transmission,Energy Transport District Heating Transmission,Energy/technical data,Typical load profile [-],-,,,1,ctrl,2050,0.5
113_11 DH transmission,Energy Transport District Heating Transmission,Financial data,Fixed O&M [€/MW/km/year],EUR/MW/km/year,2020,,,Lower,2025,50
113_11 DH transmission,Energy Transport District Heating Transmission,Financial data,Fixed O&M [€/MW/km/year],EUR/MW/km/year,2020,,,Lower,2050,50
113_11 DH transmission,Energy Transport District Heating Transmission,Financial data,Fixed O&M [€/MW/km/year],EUR/MW/km/year,2020,,,Upper,2025,200
113_11 DH transmission,Energy Transport District Heating Transmission,Financial data,Fixed O&M [€/MW/km/year],EUR/MW/km/year,2020,,,Upper,2050,200
113_11 DH transmission,Energy Transport District Heating Transmission,Financial data,Fixed O&M [€/MW/km/year],EUR/MW/km/year,2020,,,ctrl,2020,100
113_11 DH transmission,Energy Transport District Heating Transmission,Financial data,Fixed O&M [€/MW/km/year],EUR/MW/km/year,2020,,,ctrl,2025,100
113_11 DH transmission,Energy Transport District Heating Transmission,Financial data,Fixed O&M [€/MW/km/year],EUR/MW/km/year,2020,,,ctrl,2030,100
113_11 DH transmission,Energy Transport District Heating Transmission,Financial data,Fixed O&M [€/MW/km/year],EUR/MW/km/year,2020,,,ctrl,2035,100
113_11 DH transmission,Energy Transport District Heating Transmission,Financial data,Fixed O&M [€/MW/km/year],EUR/MW/km/year,2020,,,ctrl,2040,100
113_11 DH transmission,Energy Transport District Heating Transmission,Financial data,Fixed O&M [€/MW/km/year],EUR/MW/km/year,2020,,,ctrl,2050,100
113_11 DH transmission,Energy Transport District Heating Transmission,Financial data,"Investment costs; single line, 0-50 MW  [€/MW/m]",EUR/MW/m,2020,"[C, D]","[1, 3]",Lower,2025,50.74887511810668
113_11 DH transmission,Energy Transport District Heating Transmission,Financial data,"Investment costs; single line, 0-50 MW  [€/MW/m]",EUR/MW/m,2020,"[C, D]","[1, 3]",Lower,2050,50.74887511810668
113_11 DH transmission,Energy Transport District Heating Transmission,Financial data,"Investment costs; single line, 0-50 MW  [€/MW/m]",EUR/MW/m,2020,"[C, D]","[1, 3]",Upper,2025,75.00242833625313
113_11 DH transmission,Energy Transport District Heating Transmission,Financial data,"Investment costs; single line, 0-50 MW  [€/MW/m]",EUR/MW/m,2020,"[C, D]","[1, 3]",Upper,2050,75.00242833625313
113_11 DH transmission,Energy Transport District Heating Transmission,Financial data,"Investment costs; single line, 0-50 MW  [€/MW/m]",EUR/MW/m,2020,"[C, D]","[1, 3]",ctrl,2020,55.92069499849556
113_11 DH transmission,Energy Transport District Heating Transmission,Financial data,"Investment costs; single line, 0-50 MW  [€/MW/m]",EUR/MW/m,2020,"[C, D]","[1, 3]",ctrl,2025,63.19475772461202
113_11 DH transmission,Energy Transport District Heating Transmission,Financial data,"Investment costs; single line, 0-50 MW  [€/MW/m]",EUR/MW/m,2020,"[C, D]","[1, 3]",ctrl,2030,63.19475772461202
113_11 DH transmission,Energy Transport District Heating Transmission,Financial data,"Investment costs; single line, 0-50 MW  [€/MW/m]",EUR/MW/m,2020,"[C, D]","[1, 3]",ctrl,2035,63.19475772461202
113_11 DH transmission,Energy Transport District Heating Transmission,Financial data,"Investment costs; single line, 0-50 MW  [€/MW/m]",EUR/MW/m,2020,"[C, D]","[1, 3]",ctrl,2040,63.19475772461202
113_11 DH transmission,Energy Transport District Heating Transmission,Financial data,"Investment costs; single line, 0-50 MW  [€/MW/m]",EUR/MW/m,2020,"[C, D]","[1, 3]",ctrl,2050,63.19475772461202
113_11 DH transmission,Energy Transport District Heating Transmission,Financial data,"Investment costs; single line, 100-250 MW [€/MW/m]",EUR/MW/m,2020,"[C, D]","[1, 3]",Lower,2025,15.86548087696731
113_11 DH transmission,Energy Transport District Heating Transmission,Financial data,"Investment costs; single line, 100-250 MW [€/MW/m]",EUR/MW/m,2020,"[C, D]","[1, 3]",Lower,2050,15.86548087696731
113_11 DH transmission,Energy Transport District Heating Transmission,Financial data,"Investment costs; single line, 100-250 MW [€/MW/m]",EUR/MW/m,2020,"[C, D]","[1, 3]",Upper,2025,23.40577161771543
113_11 DH transmission,Energy Transport District Heating Transmission,Financial data,"Investment costs; single line, 100-250 MW [€/MW/m]",EUR/MW/m,2020,"[C, D]","[1, 3]",Upper,2050,23.40577161771543
113_11 DH transmission,Energy Transport District Heating Transmission,Financial data,"Investment costs; single line, 100-250 MW [€/MW/m]",EUR/MW/m,2020,"[C, D]","[1, 3]",ctrl,2020,17.47699827673448
113_11 DH transmission,Energy Transport District Heating Transmission,Financial data,"Investment costs; single line, 100-250 MW [€/MW/m]",EUR/MW/m,2020,"[C, D]","[1, 3]",ctrl,2025,19.75037455956888
113_11 DH transmission,Energy Transport District Heating Transmission,Financial data,"Investment costs; single line, 100-250 MW [€/MW/m]",EUR/MW/m,2020,"[C, D]","[1, 3]",ctrl,2030,19.75037455956888
113_11 DH transmission,Energy Transport District Heating Transmission,Financial data,"Investment costs; single line, 100-250 MW [€/MW/m]",EUR/MW/m,2020,"[C, D]","[1, 3]",ctrl,2035,19.75037455956888
113_11 DH transmission,Energy Transport District Heating Transmission,Financial data,"Investment costs; single line, 100-250 MW [€/MW/m]",EUR/MW/m,2020,"[C, D]","[1, 3]",ctrl,2040,19.75037455956888
113_11 DH transmission,Energy Transport District Heating Transmission,Financial data,"Investment costs; single line, 100-250 MW [€/MW/m]",EUR/MW/m,2020,"[C, D]","[1, 3]",ctrl,2050,19.75037455956888
113_11 DH transmission,Energy Transport District Heating Transmission,Financial data,"Investment costs; single line, 250-500 MW [€/MW/m]",EUR/MW/m,2020,"[C, D]","[1, 3]",Lower,2025,9.548354248112247
113_11 DH transmission,Energy Transport District Heating Transmission,Financial data,"Investment costs; single line, 250-500 MW [€/MW/m]",EUR/MW/m,2020,"[C, D]","[1, 3]",Lower,2050,9.548354248112247
113_11 DH transmission,Energy Transport District Heating Transmission,Financial data,"Investment costs; single line, 250-500 MW [€/MW/m]",EUR/MW/m,2020,"[C, D]","[1, 3]",Upper,2025,14.08428620246895
113_11 DH transmission,Energy Transport District Heating Transmission,Financial data,"Investment costs; single line, 250-500 MW [€/MW/m]",EUR/MW/m,2020,"[C, D]","[1, 3]",Upper,2050,14.08428620246895
113_11 DH transmission,Energy Transport District Heating Transmission,Financial data,"Investment costs; single line, 250-500 MW [€/MW/m]",EUR/MW/m,2020,"[C, D]","[1, 3]",ctrl,2020,10.52037434949169
113_11 DH transmission,Energy Transport District Heating Transmission,Financial data,"Investment costs; single line, 250-500 MW [€/MW/m]",EUR/MW/m,2020,"[C, D]","[1, 3]",ctrl,2025,11.8888455911758
113_11 DH transmission,Energy Transport District Heating Transmission,Financial data,"Investment costs; single line, 250-500 MW [€/MW/m]",EUR/MW/m,2020,"[C, D]","[1, 3]",ctrl,2030,11.8888455911758
113_11 DH transmission,Energy Transport District Heating Transmission,Financial data,"Investment costs; single line, 250-500 MW [€/MW/m]",EUR/MW/m,2020,"[C, D]","[1, 3]",ctrl,2035,11.8888455911758
113_11 DH transmission,Energy Transport District Heating Transmission,Financial data,"Investment costs; single line, 250-500 MW [€/MW/m]",EUR/MW/m,2020,"[C, D]","[1, 3]",ctrl,2040,11.8888455911758
113_11 DH transmission,Energy Transport District Heating Transmission,Financial data,"Investment costs; single line, 250-500 MW [€/MW/m]",EUR/MW/m,2020,"[C, D]","[1, 3]",ctrl,2050,11.8888455911758
113_11 DH transmission,Energy Transport District Heating Transmission,Financial data,"Investment costs; single line, 50-100 MW [€/MW/m]",EUR/MW/m,2020,"[C, D]","[1, 3]",Lower,2025,25.41384330223952
113_11 DH transmission,Energy Transport District Heating Transmission,Financial data,"Investment costs; single line, 50-100 MW [€/MW/m]",EUR/MW/m,2020,"[C, D]","[1, 3]",Lower,2050,25.41384330223952
113_11 DH transmission,Energy Transport District Heating Transmission,Financial data,"Investment costs; single line, 50-100 MW [€/MW/m]",EUR/MW/m,2020,"[C, D]","[1, 3]",Upper,2025,37.4085350595648
113_11 DH transmission,Energy Transport District Heating Transmission,Financial data,"Investment costs; single line, 50-100 MW [€/MW/m]",EUR/MW/m,2020,"[C, D]","[1, 3]",Upper,2050,37.4085350595648
113_11 DH transmission,Energy Transport District Heating Transmission,Financial data,"Investment costs; single line, 50-100 MW [€/MW/m]",EUR/MW/m,2020,"[C, D]","[1, 3]",ctrl,2020,27.9430810976223
113_11 DH transmission,Energy Transport District Heating Transmission,Financial data,"Investment costs; single line, 50-100 MW [€/MW/m]",EUR/MW/m,2020,"[C, D]","[1, 3]",ctrl,2025,31.57786647842868
113_11 DH transmission,Energy Transport District Heating Transmission,Financial data,"Investment costs; single line, 50-100 MW [€/MW/m]",EUR/MW/m,2020,"[C, D]","[1, 3]",ctrl,2030,31.57786647842868
113_11 DH transmission,Energy Transport District Heating Transmission,Financial data,"Investment costs; single line, 50-100 MW [€/MW/m]",EUR/MW/m,2020,"[C, D]","[1, 3]",ctrl,2035,31.57786647842868
113_11 DH transmission,Energy Transport District Heating Transmission,Financial data,"Investment costs; single line, 50-100 MW [€/MW/m]",EUR/MW/m,2020,"[C, D]","[1, 3]",ctrl,2040,31.57786647842868
113_11 DH transmission,Energy Transport District Heating Transmission,Financial data,"Investment costs; single line, 50-100 MW [€/MW/m]",EUR/MW/m,2020,"[C, D]","[1, 3]",ctrl,2050,31.57786647842868
113_11 DH transmission,Energy Transport District Heating Transmission,Financial data,"Investment, percentage soft cost",,,F,2,Lower,2025,0.1
113_11 DH transmission,Energy Transport District Heating Transmission,Financial data,"Investment, percentage soft cost",,,F,2,Lower,2050,0.1
113_11 DH transmission,Energy Transport District Heating Transmission,Financial data,"Investment, percentage soft cost",,,F,2,Upper,2025,0.1
113_11 DH transmission,Energy Transport District Heating Transmission,Financial data,"Investment, percentage soft cost",,,F,2,Upper,2050,0.1
113_11 DH transmission,Energy Transport District Heating Transmission,Financial data,"Investment, percentage soft cost",,,F,2,ctrl,2020,0.1
113_11 DH transmission,Energy Transport District Heating Transmission,Financial data,"Investment, percentage soft cost",,,F,2,ctrl,2025,0.1
113_11 DH transmission,Energy Transport District Heating Transmission,Financial data,"Investment, percentage soft cost",,,F,2,ctrl,2030,0.1
113_11 DH transmission,Energy Transport District Heating Transmission,Financial data,"Investment, percentage soft cost",,,F,2,ctrl,2035,0.1
113_11 DH transmission,Energy Transport District Heating Transmission,Financial data,"Investment, percentage soft cost",,,F,2,ctrl,2040,0.1
113_11 DH transmission,Energy Transport District Heating Transmission,Financial data,"Investment, percentage soft cost",,,F,2,ctrl,2050,0.1
113_11 DH transmission,Energy Transport District Heating Transmission,Financial data,"Investments, percentage installation",,,C,2,Lower,2025,0.5
113_11 DH transmission,Energy Transport District Heating Transmission,Financial data,"Investments, percentage installation",,,C,2,Lower,2050,0.5
113_11 DH transmission,Energy Transport District Heating Transmission,Financial data,"Investments, percentage installation",,,C,2,Upper,2025,0.7
113_11 DH transmission,Energy Transport District Heating Transmission,Financial data,"Investments, percentage installation",,,C,2,Upper,2050,0.7
113_11 DH transmission,Energy Transport District Heating Transmission,Financial data,"Investments, percentage installation",,,C,2,ctrl,2020,0.6
113_11 DH transmission,Energy Transport District Heating Transmission,Financial data,"Investments, percentage installation",,,C,2,ctrl,2025,0.6
113_11 DH transmission,Energy Transport District Heating Transmission,Financial data,"Investments, percentage installation",,,C,2,ctrl,2030,0.6
113_11 DH transmission,Energy Transport District Heating Transmission,Financial data,"Investments, percentage installation",,,C,2,ctrl,2035,0.6
113_11 DH transmission,Energy Transport District Heating Transmission,Financial data,"Investments, percentage installation",,,C,2,ctrl,2040,0.6
113_11 DH transmission,Energy Transport District Heating Transmission,Financial data,"Investments, percentage installation",,,C,2,ctrl,2050,0.6
113_11 DH transmission,Energy Transport District Heating Transmission,Financial data,"Investments, percentage materials",,,,2,Lower,2025,0.3
113_11 DH transmission,Energy Transport District Heating Transmission,Financial data,"Investments, percentage materials",,,,2,Lower,2050,0.3
113_11 DH transmission,Energy Transport District Heating Transmission,Financial data,"Investments, percentage materials",,,,2,Upper,2025,0.3
113_11 DH transmission,Energy Transport District Heating Transmission,Financial data,"Investments, percentage materials",,,,2,Upper,2050,0.3
113_11 DH transmission,Energy Transport District Heating Transmission,Financial data,"Investments, percentage materials",,,,2,ctrl,2020,0.3
113_11 DH transmission,Energy Transport District Heating Transmission,Financial data,"Investments, percentage materials",,,,2,ctrl,2025,0.3
113_11 DH transmission,Energy Transport District Heating Transmission,Financial data,"Investments, percentage materials",,,,2,ctrl,2030,0.3
113_11 DH transmission,Energy Transport District Heating Transmission,Financial data,"Investments, percentage materials",,,,2,ctrl,2035,0.3
113_11 DH transmission,Energy Transport District Heating Transmission,Financial data,"Investments, percentage materials",,,,2,ctrl,2040,0.3
113_11 DH transmission,Energy Transport District Heating Transmission,Financial data,"Investments, percentage materials",,,,2,ctrl,2050,0.3
113_11 DH transmission,Energy Transport District Heating Transmission,Financial data,Variable O&M [€/MWh/km],EUR/MWh/km,2020,,"[1, 4]",Lower,2025,0.03848747469059421
113_11 DH transmission,Energy Transport District Heating Transmission,Financial data,Variable O&M [€/MWh/km],EUR/MWh/km,2020,,"[1, 4]",Lower,2050,0.03848747469059421
113_11 DH transmission,Energy Transport District Heating Transmission,Financial data,Variable O&M [€/MWh/km],EUR/MWh/km,2020,,"[1, 4]",Upper,2025,1.749430667754282
113_11 DH transmission,Energy Transport District Heating Transmission,Financial data,Variable O&M [€/MWh/km],EUR/MWh/km,2020,,"[1, 4]",Upper,2050,1.749430667754282
113_11 DH transmission,Energy Transport District Heating Transmission,Financial data,Variable O&M [€/MWh/km],EUR/MWh/km,2020,,"[1, 4]",ctrl,2020,0.1063372718
113_11 DH transmission,Energy Transport District Heating Transmission,Financial data,Variable O&M [€/MWh/km],EUR/MWh/km,2020,,"[1, 4]",ctrl,2025,0.1166287111836188
113_11 DH transmission,Energy Transport District Heating Transmission,Financial data,Variable O&M [€/MWh/km],EUR/MWh/km,2020,,"[1, 4]",ctrl,2030,0.1166287111836188
113_11 DH transmission,Energy Transport District Heating Transmission,Financial data,Variable O&M [€/MWh/km],EUR/MWh/km,2020,,"[1, 4]",ctrl,2035,0.1166287111836188
113_11 DH transmission,Energy Transport District Heating Transmission,Financial data,Variable O&M [€/MWh/km],EUR/MWh/km,2020,,"[1, 4]",ctrl,2040,0.1166287111836188
113_11 DH transmission,Energy Transport District Heating Transmission,Financial data,Variable O&M [€/MWh/km],EUR/MWh/km,2020,,"[1, 4]",ctrl,2050,0.1166287111836188
113_11 DH transmission,Energy Transport District Heating Transmission,Technology-specific data,Investment costs; Heat exchanger station [€/MW],EUR/MW,2020,,1,Lower,2025,77089.00059785489
113_11 DH transmission,Energy Transport District Heating Transmission,Technology-specific data,Investment costs; Heat exchanger station [€/MW],EUR/MW,2020,,1,Lower,2050,77089.00059785489
113_11 DH transmission,Energy Transport District Heating Transmission,Technology-specific data,Investment costs; Heat exchanger station [€/MW],EUR/MW,2020,,1,Upper,2025,168194.1831225925
113_11 DH transmission,Energy Transport District Heating Transmission,Technology-specific data,Investment costs; Heat exchanger station [€/MW],EUR/MW,2020,,1,Upper,2050,168194.1831225925
113_11 DH transmission,Energy Transport District Heating Transmission,Technology-specific data,Investment costs; Heat exchanger station [€/MW],EUR/MW,2020,,1,ctrl,2020,122287.8884194576
113_11 DH transmission,Energy Transport District Heating Transmission,Technology-specific data,Investment costs; Heat exchanger station [€/MW],EUR/MW,2020,,1,ctrl,2025,140161.8192688271
113_11 DH transmission,Energy Transport District Heating Transmission,Technology-specific data,Investment costs; Heat exchanger station [€/MW],EUR/MW,2020,,1,ctrl,2030,140161.8192688271
113_11 DH transmission,Energy Transport District Heating Transmission,Technology-specific data,Investment costs; Heat exchanger station [€/MW],EUR/MW,2020,,1,ctrl,2035,140161.8192688271
113_11 DH transmission,Energy Transport District Heating Transmission,Technology-specific data,Investment costs; Heat exchanger station [€/MW],EUR/MW,2020,,1,ctrl,2040,140161.8192688271
113_11 DH transmission,Energy Transport District Heating Transmission,Technology-specific data,Investment costs; Heat exchanger station [€/MW],EUR/MW,2020,,1,ctrl,2050,140161.8192688271
113_11 DH transmission,Energy Transport District Heating Transmission,Technology-specific data,Investment costs; Pump station [€/MW],EUR/MW,2020,,1,Lower,2025,70110.25924958289
113_11 DH transmission,Energy Transport District Heating Transmission,Technology-specific data,Investment costs; Pump station [€/MW],EUR/MW,2020,,1,Lower,2050,70110.25924958289
113_11 DH transmission,Energy Transport District Heating Transmission,Technology-specific data,Investment costs; Pump station [€/MW],EUR/MW,2020,,1,Upper,2025,152967.8383627263
113_11 DH transmission,Energy Transport District Heating Transmission,Technology-specific data,Investment costs; Pump station [€/MW],EUR/MW,2020,,1,Upper,2050,152967.8383627263
113_11 DH transmission,Energy Transport District Heating Transmission,Technology-specific data,Investment costs; Pump station [€/MW],EUR/MW,2020,,1,ctrl,2020,111654.0923373473
113_11 DH transmission,Energy Transport District Heating Transmission,Technology-specific data,Investment costs; Pump station [€/MW],EUR/MW,2020,,1,ctrl,2025,127473.1986356053
113_11 DH transmission,Energy Transport District Heating Transmission,Technology-specific data,Investment costs; Pump station [€/MW],EUR/MW,2020,,1,ctrl,2030,127473.1986356053
113_11 DH transmission,Energy Transport District Heating Transmission,Technology-specific data,Investment costs; Pump station [€/MW],EUR/MW,2020,,1,ctrl,2035,127473.1986356053
113_11 DH transmission,Energy Transport District Heating Transmission,Technology-specific data,Investment costs; Pump station [€/MW],EUR/MW,2020,,1,ctrl,2040,127473.1986356053
113_11 DH transmission,Energy Transport District Heating Transmission,Technology-specific data,Investment costs; Pump station [€/MW],EUR/MW,2020,,1,ctrl,2050,127473.1986356053
113_12 DH_Distribu Suburb,"Energy Transport District Heating Distribution, Suburban",Energy/technical data,- Commercial,,,,,Lower,2025,0.15
113_12 DH_Distribu Suburb,"Energy Transport District Heating Distribution, Suburban",Energy/technical data,- Commercial,,,,,Lower,2050,0.15
113_12 DH_Distribu Suburb,"Energy Transport District Heating Distribution, Suburban",Energy/technical data,- Commercial,,,,,Upper,2025,0.25
113_12 DH_Distribu Suburb,"Energy Transport District Heating Distribution, Suburban",Energy/technical data,- Commercial,,,,,Upper,2050,0.25
113_12 DH_Distribu Suburb,"Energy Transport District Heating Distribution, Suburban",Energy/technical data,- Commercial,,,,,ctrl,2020,0.2
113_12 DH_Distribu Suburb,"Energy Transport District Heating Distribution, Suburban",Energy/technical data,- Commercial,,,,,ctrl,2025,0.2
113_12 DH_Distribu Suburb,"Energy Transport District Heating Distribution, Suburban",Energy/technical data,- Commercial,,,,,ctrl,2030,0.2
113_12 DH_Distribu Suburb,"Energy Transport District Heating Distribution, Suburban",Energy/technical data,- Commercial,,,,,ctrl,2035,0.2
113_12 DH_Distribu Suburb,"Energy Transport District Heating Distribution, Suburban",Energy/technical data,- Commercial,,,,,ctrl,2040,0.2
113_12 DH_Distribu Suburb,"Energy Transport District Heating Distribution, Suburban",Energy/technical data,- Commercial,,,,,ctrl,2050,0.2
113_12 DH_Distribu Suburb,"Energy Transport District Heating Distribution, Suburban",Energy/technical data,- Residential,,,,,Lower,2025,0.18
113_12 DH_Distribu Suburb,"Energy Transport District Heating Distribution, Suburban",Energy/technical data,- Residential,,,,,Lower,2050,0.18
113_12 DH_Distribu Suburb,"Energy Transport District Heating Distribution, Suburban",Energy/technical data,- Residential,,,,,Upper,2025,0.22
113_12 DH_Distribu Suburb,"Energy Transport District Heating Distribution, Suburban",Energy/technical data,- Residential,,,,,Upper,2050,0.22
113_12 DH_Distribu Suburb,"Energy Transport District Heating Distribution, Suburban",Energy/technical data,- Residential,,,,,ctrl,2020,0.2
113_12 DH_Distribu Suburb,"Energy Transport District Heating Distribution, Suburban",Energy/technical data,- Residential,,,,,ctrl,2025,0.2
113_12 DH_Distribu Suburb,"Energy Transport District Heating Distribution, Suburban",Energy/technical data,- Residential,,,,,ctrl,2030,0.2
113_12 DH_Distribu Suburb,"Energy Transport District Heating Distribution, Suburban",Energy/technical data,- Residential,,,,,ctrl,2035,0.2
113_12 DH_Distribu Suburb,"Energy Transport District Heating Distribution, Suburban",Energy/technical data,- Residential,,,,,ctrl,2040,0.2
113_12 DH_Distribu Suburb,"Energy Transport District Heating Distribution, Suburban",Energy/technical data,- Residential,,,,,ctrl,2050,0.2
113_12 DH_Distribu Suburb,"Energy Transport District Heating Distribution, Suburban",Energy/technical data,Auxiliary electricity consumption [%] of energy delivered,pct.,,,4,Lower,2025,0.5
113_12 DH_Distribu Suburb,"Energy Transport District Heating Distribution, Suburban",Energy/technical data,Auxiliary electricity consumption [%] of energy delivered,pct.,,,4,Lower,2050,0.5
113_12 DH_Distribu Suburb,"Energy Transport District Heating Distribution, Suburban",Energy/technical data,Auxiliary electricity consumption [%] of energy delivered,pct.,,,4,Upper,2025,3
113_12 DH_Distribu Suburb,"Energy Transport District Heating Distribution, Suburban",Energy/technical data,Auxiliary electricity consumption [%] of energy delivered,pct.,,,4,Upper,2050,3
113_12 DH_Distribu Suburb,"Energy Transport District Heating Distribution, Suburban",Energy/technical data,Auxiliary electricity consumption [%] of energy delivered,pct.,,,4,ctrl,2020,2
113_12 DH_Distribu Suburb,"Energy Transport District Heating Distribution, Suburban",Energy/technical data,Auxiliary electricity consumption [%] of energy delivered,pct.,,,4,ctrl,2025,2
113_12 DH_Distribu Suburb,"Energy Transport District Heating Distribution, Suburban",Energy/technical data,Auxiliary electricity consumption [%] of energy delivered,pct.,,,4,ctrl,2030,2
113_12 DH_Distribu Suburb,"Energy Transport District Heating Distribution, Suburban",Energy/technical data,Auxiliary electricity consumption [%] of energy delivered,pct.,,,4,ctrl,2035,2
113_12 DH_Distribu Suburb,"Energy Transport District Heating Distribution, Suburban",Energy/technical data,Auxiliary electricity consumption [%] of energy delivered,pct.,,,4,ctrl,2040,2
113_12 DH_Distribu Suburb,"Energy Transport District Heating Distribution, Suburban",Energy/technical data,Auxiliary electricity consumption [%] of energy delivered,pct.,,,4,ctrl,2050,2
113_12 DH_Distribu Suburb,"Energy Transport District Heating Distribution, Suburban",Energy/technical data,Construction time [years],years,,,,Lower,2025,1
113_12 DH_Distribu Suburb,"Energy Transport District Heating Distribution, Suburban",Energy/technical data,Construction time [years],years,,,,Lower,2050,1
113_12 DH_Distribu Suburb,"Energy Transport District Heating Distribution, Suburban",Energy/technical data,Construction time [years],years,,,,Upper,2025,3
113_12 DH_Distribu Suburb,"Energy Transport District Heating Distribution, Suburban",Energy/technical data,Construction time [years],years,,,,Upper,2050,3
113_12 DH_Distribu Suburb,"Energy Transport District Heating Distribution, Suburban",Energy/technical data,Construction time [years],years,,,,ctrl,2020,2
113_12 DH_Distribu Suburb,"Energy Transport District Heating Distribution, Suburban",Energy/technical data,Construction time [years],years,,,,ctrl,2025,2
113_12 DH_Distribu Suburb,"Energy Transport District Heating Distribution, Suburban",Energy/technical data,Construction time [years],years,,,,ctrl,2030,2
113_12 DH_Distribu Suburb,"Energy Transport District Heating Distribution, Suburban",Energy/technical data,Construction time [years],years,,,,ctrl,2035,2
113_12 DH_Distribu Suburb,"Energy Transport District Heating Distribution, Suburban",Energy/technical data,Construction time [years],years,,,,ctrl,2040,2
113_12 DH_Distribu Suburb,"Energy Transport District Heating Distribution, Suburban",Energy/technical data,Construction time [years],years,,,,ctrl,2050,2
113_12 DH_Distribu Suburb,"Energy Transport District Heating Distribution, Suburban",Energy/technical data,"Energy losses, network [%]",pct.,,"[A, B]",2,Lower,2025,10
113_12 DH_Distribu Suburb,"Energy Transport District Heating Distribution, Suburban",Energy/technical data,"Energy losses, network [%]",pct.,,"[A, B]",2,Lower,2050,9
113_12 DH_Distribu Suburb,"Energy Transport District Heating Distribution, Suburban",Energy/technical data,"Energy losses, network [%]",pct.,,"[A, B]",2,Upper,2025,16
113_12 DH_Distribu Suburb,"Energy Transport District Heating Distribution, Suburban",Energy/technical data,"Energy losses, network [%]",pct.,,"[A, B]",2,Upper,2050,14
113_12 DH_Distribu Suburb,"Energy Transport District Heating Distribution, Suburban",Energy/technical data,"Energy losses, network [%]",pct.,,"[A, B]",2,ctrl,2020,12.4
113_12 DH_Distribu Suburb,"Energy Transport District Heating Distribution, Suburban",Energy/technical data,"Energy losses, network [%]",pct.,,"[A, B]",2,ctrl,2025,12.4
113_12 DH_Distribu Suburb,"Energy Transport District Heating Distribution, Suburban",Energy/technical data,"Energy losses, network [%]",pct.,,"[A, B]",2,ctrl,2030,12.4
113_12 DH_Distribu Suburb,"Energy Transport District Heating Distribution, Suburban",Energy/technical data,"Energy losses, network [%]",pct.,,"[A, B]",2,ctrl,2035,12.4
113_12 DH_Distribu Suburb,"Energy Transport District Heating Distribution, Suburban",Energy/technical data,"Energy losses, network [%]",pct.,,"[A, B]",2,ctrl,2040,12.4
113_12 DH_Distribu Suburb,"Energy Transport District Heating Distribution, Suburban",Energy/technical data,"Energy losses, network [%]",pct.,,"[A, B]",2,ctrl,2050,12.4
113_12 DH_Distribu Suburb,"Energy Transport District Heating Distribution, Suburban",Energy/technical data,Technical life time [years],years,,C,2,Lower,2025,30
113_12 DH_Distribu Suburb,"Energy Transport District Heating Distribution, Suburban",Energy/technical data,Technical life time [years],years,,C,2,Lower,2050,30
113_12 DH_Distribu Suburb,"Energy Transport District Heating Distribution, Suburban",Energy/technical data,Technical life time [years],years,,C,2,Upper,2025,60
113_12 DH_Distribu Suburb,"Energy Transport District Heating Distribution, Suburban",Energy/technical data,Technical life time [years],years,,C,2,Upper,2050,60
113_12 DH_Distribu Suburb,"Energy Transport District Heating Distribution, Suburban",Energy/technical data,Technical life time [years],years,,C,2,ctrl,2020,45
113_12 DH_Distribu Suburb,"Energy Transport District Heating Distribution, Suburban",Energy/technical data,Technical life time [years],years,,C,2,ctrl,2025,45
113_12 DH_Distribu Suburb,"Energy Transport District Heating Distribution, Suburban",Energy/technical data,Technical life time [years],years,,C,2,ctrl,2030,45
113_12 DH_Distribu Suburb,"Energy Transport District Heating Distribution, Suburban",Energy/technical data,Technical life time [years],years,,C,2,ctrl,2035,45
113_12 DH_Distribu Suburb,"Energy Transport District Heating Distribution, Suburban",Energy/technical data,Technical life time [years],years,,C,2,ctrl,2040,45
113_12 DH_Distribu Suburb,"Energy Transport District Heating Distribution, Suburban",Energy/technical data,Technical life time [years],years,,C,2,ctrl,2050,45
113_12 DH_Distribu Suburb,"Energy Transport District Heating Distribution, Suburban",Financial data,Fixed O&M [€/MW/year],EUR/MW/year,2020,M,1,Lower,2025,750
113_12 DH_Distribu Suburb,"Energy Transport District Heating Distribution, Suburban",Financial data,Fixed O&M [€/MW/year],EUR/MW/year,2020,M,1,Lower,2050,750
113_12 DH_Distribu Suburb,"Energy Transport District Heating Distribution, Suburban",Financial data,Fixed O&M [€/MW/year],EUR/MW/year,2020,M,1,Upper,2025,2000
113_12 DH_Distribu Suburb,"Energy Transport District Heating Distribution, Suburban",Financial data,Fixed O&M [€/MW/year],EUR/MW/year,2020,M,1,Upper,2050,2000
113_12 DH_Distribu Suburb,"Energy Transport District Heating Distribution, Suburban",Financial data,Fixed O&M [€/MW/year],EUR/MW/year,2020,M,1,ctrl,2020,1000
113_12 DH_Distribu Suburb,"Energy Transport District Heating Distribution, Suburban",Financial data,Fixed O&M [€/MW/year],EUR/MW/year,2020,M,1,ctrl,2025,1000
113_12 DH_Distribu Suburb,"Energy Transport District Heating Distribution, Suburban",Financial data,Fixed O&M [€/MW/year],EUR/MW/year,2020,M,1,ctrl,2030,1000
113_12 DH_Distribu Suburb,"Energy Transport District Heating Distribution, Suburban",Financial data,Fixed O&M [€/MW/year],EUR/MW/year,2020,M,1,ctrl,2035,1000
113_12 DH_Distribu Suburb,"Energy Transport District Heating Distribution, Suburban",Financial data,Fixed O&M [€/MW/year],EUR/MW/year,2020,M,1,ctrl,2040,999.9999999999999
113_12 DH_Distribu Suburb,"Energy Transport District Heating Distribution, Suburban",Financial data,Fixed O&M [€/MW/year],EUR/MW/year,2020,M,1,ctrl,2050,999.9999999999999
113_12 DH_Distribu Suburb,"Energy Transport District Heating Distribution, Suburban",Financial data,"Investment, percentage soft costs percentage",,,H,2,Lower,2025,0.1
113_12 DH_Distribu Suburb,"Energy Transport District Heating Distribution, Suburban",Financial data,"Investment, percentage soft costs percentage",,,H,2,Lower,2050,0.1
113_12 DH_Distribu Suburb,"Energy Transport District Heating Distribution, Suburban",Financial data,"Investment, percentage soft costs percentage",,,H,2,Upper,2025,0.2
113_12 DH_Distribu Suburb,"Energy Transport District Heating Distribution, Suburban",Financial data,"Investment, percentage soft costs percentage",,,H,2,Upper,2050,0.2
113_12 DH_Distribu Suburb,"Energy Transport District Heating Distribution, Suburban",Financial data,"Investment, percentage soft costs percentage",,,H,2,ctrl,2020,0.15
113_12 DH_Distribu Suburb,"Energy Transport District Heating Distribution, Suburban",Financial data,"Investment, percentage soft costs percentage",,,H,2,ctrl,2025,0.15
113_12 DH_Distribu Suburb,"Energy Transport District Heating Distribution, Suburban",Financial data,"Investment, percentage soft costs percentage",,,H,2,ctrl,2030,0.15
113_12 DH_Distribu Suburb,"Energy Transport District Heating Distribution, Suburban",Financial data,"Investment, percentage soft costs percentage",,,H,2,ctrl,2035,0.15
113_12 DH_Distribu Suburb,"Energy Transport District Heating Distribution, Suburban",Financial data,"Investment, percentage soft costs percentage",,,H,2,ctrl,2040,0.15
113_12 DH_Distribu Suburb,"Energy Transport District Heating Distribution, Suburban",Financial data,"Investment, percentage soft costs percentage",,,H,2,ctrl,2050,0.15
113_12 DH_Distribu Suburb,"Energy Transport District Heating Distribution, Suburban",Financial data,"Investments cost, distribution network  [M€/km2] ",MEUR/km2,2020,"[D, E]","[1, 3]",Lower,2025,5.479707067076704
113_12 DH_Distribu Suburb,"Energy Transport District Heating Distribution, Suburban",Financial data,"Investments cost, distribution network  [M€/km2] ",MEUR/km2,2020,"[D, E]","[1, 3]",Lower,2050,5.479707067076704
113_12 DH_Distribu Suburb,"Energy Transport District Heating Distribution, Suburban",Financial data,"Investments cost, distribution network  [M€/km2] ",MEUR/km2,2020,"[D, E]","[1, 3]",Upper,2025,9.068364265147855
113_12 DH_Distribu Suburb,"Energy Transport District Heating Distribution, Suburban",Financial data,"Investments cost, distribution network  [M€/km2] ",MEUR/km2,2020,"[D, E]","[1, 3]",Upper,2050,9.068364265147855
113_12 DH_Distribu Suburb,"Energy Transport District Heating Distribution, Suburban",Financial data,"Investments cost, distribution network  [M€/km2] ",MEUR/km2,2020,"[D, E]","[1, 3]",ctrl,2020,6.4625870876401
113_12 DH_Distribu Suburb,"Energy Transport District Heating Distribution, Suburban",Financial data,"Investments cost, distribution network  [M€/km2] ",MEUR/km2,2020,"[D, E]","[1, 3]",ctrl,2025,7.303228711456634
113_12 DH_Distribu Suburb,"Energy Transport District Heating Distribution, Suburban",Financial data,"Investments cost, distribution network  [M€/km2] ",MEUR/km2,2020,"[D, E]","[1, 3]",ctrl,2030,7.303228711456634
113_12 DH_Distribu Suburb,"Energy Transport District Heating Distribution, Suburban",Financial data,"Investments cost, distribution network  [M€/km2] ",MEUR/km2,2020,"[D, E]","[1, 3]",ctrl,2035,7.303228711456634
113_12 DH_Distribu Suburb,"Energy Transport District Heating Distribution, Suburban",Financial data,"Investments cost, distribution network  [M€/km2] ",MEUR/km2,2020,"[D, E]","[1, 3]",ctrl,2040,7.303228711456634
113_12 DH_Distribu Suburb,"Energy Transport District Heating Distribution, Suburban",Financial data,"Investments cost, distribution network  [M€/km2] ",MEUR/km2,2020,"[D, E]","[1, 3]",ctrl,2050,7.303228711456634
113_12 DH_Distribu Suburb,"Energy Transport District Heating Distribution, Suburban",Financial data,"Investments, percentage installation",,,E,2,Lower,2025,0.5
113_12 DH_Distribu Suburb,"Energy Transport District Heating Distribution, Suburban",Financial data,"Investments, percentage installation",,,E,2,Lower,2050,0.5
113_12 DH_Distribu Suburb,"Energy Transport District Heating Distribution, Suburban",Financial data,"Investments, percentage installation",,,E,2,Upper,2025,0.7
113_12 DH_Distribu Suburb,"Energy Transport District Heating Distribution, Suburban",Financial data,"Investments, percentage installation",,,E,2,Upper,2050,0.7
113_12 DH_Distribu Suburb,"Energy Transport District Heating Distribution, Suburban",Financial data,"Investments, percentage installation",,,E,2,ctrl,2020,0.6
113_12 DH_Distribu Suburb,"Energy Transport District Heating Distribution, Suburban",Financial data,"Investments, percentage installation",,,E,2,ctrl,2025,0.6
113_12 DH_Distribu Suburb,"Energy Transport District Heating Distribution, Suburban",Financial data,"Investments, percentage installation",,,E,2,ctrl,2030,0.6
113_12 DH_Distribu Suburb,"Energy Transport District Heating Distribution, Suburban",Financial data,"Investments, percentage installation",,,E,2,ctrl,2035,0.6
113_12 DH_Distribu Suburb,"Energy Transport District Heating Distribution, Suburban",Financial data,"Investments, percentage installation",,,E,2,ctrl,2040,0.6
113_12 DH_Distribu Suburb,"Energy Transport District Heating Distribution, Suburban",Financial data,"Investments, percentage installation",,,E,2,ctrl,2050,0.6
113_12 DH_Distribu Suburb,"Energy Transport District Heating Distribution, Suburban",Financial data,"Investments, percentage materials",,,E,2,Lower,2025,0.2
113_12 DH_Distribu Suburb,"Energy Transport District Heating Distribution, Suburban",Financial data,"Investments, percentage materials",,,E,2,Lower,2050,0.2
113_12 DH_Distribu Suburb,"Energy Transport District Heating Distribution, Suburban",Financial data,"Investments, percentage materials",,,E,2,Upper,2025,0.3
113_12 DH_Distribu Suburb,"Energy Transport District Heating Distribution, Suburban",Financial data,"Investments, percentage materials",,,E,2,Upper,2050,0.3
113_12 DH_Distribu Suburb,"Energy Transport District Heating Distribution, Suburban",Financial data,"Investments, percentage materials",,,E,2,ctrl,2020,0.25
113_12 DH_Distribu Suburb,"Energy Transport District Heating Distribution, Suburban",Financial data,"Investments, percentage materials",,,E,2,ctrl,2025,0.25
113_12 DH_Distribu Suburb,"Energy Transport District Heating Distribution, Suburban",Financial data,"Investments, percentage materials",,,E,2,ctrl,2030,0.25
113_12 DH_Distribu Suburb,"Energy Transport District Heating Distribution, Suburban",Financial data,"Investments, percentage materials",,,E,2,ctrl,2035,0.25
113_12 DH_Distribu Suburb,"Energy Transport District Heating Distribution, Suburban",Financial data,"Investments, percentage materials",,,E,2,ctrl,2040,0.25
113_12 DH_Distribu Suburb,"Energy Transport District Heating Distribution, Suburban",Financial data,"Investments, percentage materials",,,E,2,ctrl,2050,0.25
113_12 DH_Distribu Suburb,"Energy Transport District Heating Distribution, Suburban",Financial data,Variable O&M [€/MWh],EUR/MWh,2020,M,"[1, 4]",Lower,2025,1.508042895442359
113_12 DH_Distribu Suburb,"Energy Transport District Heating Distribution, Suburban",Financial data,Variable O&M [€/MWh],EUR/MWh,2020,M,"[1, 4]",Lower,2050,1.508042895442359
113_12 DH_Distribu Suburb,"Energy Transport District Heating Distribution, Suburban",Financial data,Variable O&M [€/MWh],EUR/MWh,2020,M,"[1, 4]",Upper,2025,3.016085790884719
113_12 DH_Distribu Suburb,"Energy Transport District Heating Distribution, Suburban",Financial data,Variable O&M [€/MWh],EUR/MWh,2020,M,"[1, 4]",Upper,2050,3.016085790884719
113_12 DH_Distribu Suburb,"Energy Transport District Heating Distribution, Suburban",Financial data,Variable O&M [€/MWh],EUR/MWh,2020,M,"[1, 4]",ctrl,2020,2.010723860589812
113_12 DH_Distribu Suburb,"Energy Transport District Heating Distribution, Suburban",Financial data,Variable O&M [€/MWh],EUR/MWh,2020,M,"[1, 4]",ctrl,2025,2.010723860589812
113_12 DH_Distribu Suburb,"Energy Transport District Heating Distribution, Suburban",Financial data,Variable O&M [€/MWh],EUR/MWh,2020,M,"[1, 4]",ctrl,2030,2.010723860589812
113_12 DH_Distribu Suburb,"Energy Transport District Heating Distribution, Suburban",Financial data,Variable O&M [€/MWh],EUR/MWh,2020,M,"[1, 4]",ctrl,2035,2.010723860589812
113_12 DH_Distribu Suburb,"Energy Transport District Heating Distribution, Suburban",Financial data,Variable O&M [€/MWh],EUR/MWh,2020,M,"[1, 4]",ctrl,2040,2.010723860589812
113_12 DH_Distribu Suburb,"Energy Transport District Heating Distribution, Suburban",Financial data,Variable O&M [€/MWh],EUR/MWh,2020,M,"[1, 4]",ctrl,2050,2.010723860589812
113_12 DH_Distribu Suburb,"Energy Transport District Heating Distribution, Suburban",Technology-specific data,"Investment costs; service line, 0-20 kW [€/unit]",EUR/unit,2020,"[B, E, F, J]","[1, 3]",Lower,2025,3242.582687968516
113_12 DH_Distribu Suburb,"Energy Transport District Heating Distribution, Suburban",Technology-specific data,"Investment costs; service line, 0-20 kW [€/unit]",EUR/unit,2020,"[B, E, F, J]","[1, 3]",Lower,2050,3242.582687968516
113_12 DH_Distribu Suburb,"Energy Transport District Heating Distribution, Suburban",Technology-specific data,"Investment costs; service line, 0-20 kW [€/unit]",EUR/unit,2020,"[B, E, F, J]","[1, 3]",Upper,2025,6192.445845785202
113_12 DH_Distribu Suburb,"Energy Transport District Heating Distribution, Suburban",Technology-specific data,"Investment costs; service line, 0-20 kW [€/unit]",EUR/unit,2020,"[B, E, F, J]","[1, 3]",Upper,2050,6192.445845785202
113_12 DH_Distribu Suburb,"Energy Transport District Heating Distribution, Suburban",Technology-specific data,"Investment costs; service line, 0-20 kW [€/unit]",EUR/unit,2020,"[B, E, F, J]","[1, 3]",ctrl,2020,4164.60162347698
113_12 DH_Distribu Suburb,"Energy Transport District Heating Distribution, Suburban",Technology-specific data,"Investment costs; service line, 0-20 kW [€/unit]",EUR/unit,2020,"[B, E, F, J]","[1, 3]",ctrl,2025,4706.325460050774
113_12 DH_Distribu Suburb,"Energy Transport District Heating Distribution, Suburban",Technology-specific data,"Investment costs; service line, 0-20 kW [€/unit]",EUR/unit,2020,"[B, E, F, J]","[1, 3]",ctrl,2030,4706.325460050774
113_12 DH_Distribu Suburb,"Energy Transport District Heating Distribution, Suburban",Technology-specific data,"Investment costs; service line, 0-20 kW [€/unit]",EUR/unit,2020,"[B, E, F, J]","[1, 3]",ctrl,2035,4706.325460050774
113_12 DH_Distribu Suburb,"Energy Transport District Heating Distribution, Suburban",Technology-specific data,"Investment costs; service line, 0-20 kW [€/unit]",EUR/unit,2020,"[B, E, F, J]","[1, 3]",ctrl,2040,4706.325460050774
113_12 DH_Distribu Suburb,"Energy Transport District Heating Distribution, Suburban",Technology-specific data,"Investment costs; service line, 0-20 kW [€/unit]",EUR/unit,2020,"[B, E, F, J]","[1, 3]",ctrl,2050,4706.325460050774
113_12 DH_Distribu Suburb,"Energy Transport District Heating Distribution, Suburban",Technology-specific data,"Investment costs; service line, 20-50 kW [€/unit]",EUR/unit,2020,"[B, E, F, J]","[1, 3]",Lower,2025,3547.725180617156
113_12 DH_Distribu Suburb,"Energy Transport District Heating Distribution, Suburban",Technology-specific data,"Investment costs; service line, 20-50 kW [€/unit]",EUR/unit,2020,"[B, E, F, J]","[1, 3]",Lower,2050,3547.725180617156
113_12 DH_Distribu Suburb,"Energy Transport District Heating Distribution, Suburban",Technology-specific data,"Investment costs; service line, 20-50 kW [€/unit]",EUR/unit,2020,"[B, E, F, J]","[1, 3]",Upper,2025,6678.748679658734
113_12 DH_Distribu Suburb,"Energy Transport District Heating Distribution, Suburban",Technology-specific data,"Investment costs; service line, 20-50 kW [€/unit]",EUR/unit,2020,"[B, E, F, J]","[1, 3]",Upper,2050,6678.748679658734
113_12 DH_Distribu Suburb,"Energy Transport District Heating Distribution, Suburban",Technology-specific data,"Investment costs; service line, 20-50 kW [€/unit]",EUR/unit,2020,"[B, E, F, J]","[1, 3]",ctrl,2020,4518.797215515548
113_12 DH_Distribu Suburb,"Energy Transport District Heating Distribution, Suburban",Technology-specific data,"Investment costs; service line, 20-50 kW [€/unit]",EUR/unit,2020,"[B, E, F, J]","[1, 3]",ctrl,2025,5106.59417320974
113_12 DH_Distribu Suburb,"Energy Transport District Heating Distribution, Suburban",Technology-specific data,"Investment costs; service line, 20-50 kW [€/unit]",EUR/unit,2020,"[B, E, F, J]","[1, 3]",ctrl,2030,5106.59417320974
113_12 DH_Distribu Suburb,"Energy Transport District Heating Distribution, Suburban",Technology-specific data,"Investment costs; service line, 20-50 kW [€/unit]",EUR/unit,2020,"[B, E, F, J]","[1, 3]",ctrl,2035,5106.59417320974
113_12 DH_Distribu Suburb,"Energy Transport District Heating Distribution, Suburban",Technology-specific data,"Investment costs; service line, 20-50 kW [€/unit]",EUR/unit,2020,"[B, E, F, J]","[1, 3]",ctrl,2040,5106.59417320974
113_12 DH_Distribu Suburb,"Energy Transport District Heating Distribution, Suburban",Technology-specific data,"Investment costs; service line, 20-50 kW [€/unit]",EUR/unit,2020,"[B, E, F, J]","[1, 3]",ctrl,2050,5106.59417320974
113_12 DH_Distribu Suburb,"Energy Transport District Heating Distribution, Suburban",Technology-specific data,"Investment costs; service line, 50-100 kW [€/unit]",EUR/unit,2020,"[B, E, F, J]","[1, 3]",Lower,2025,3953.076318529372
113_12 DH_Distribu Suburb,"Energy Transport District Heating Distribution, Suburban",Technology-specific data,"Investment costs; service line, 50-100 kW [€/unit]",EUR/unit,2020,"[B, E, F, J]","[1, 3]",Lower,2050,3953.076318529372
113_12 DH_Distribu Suburb,"Energy Transport District Heating Distribution, Suburban",Technology-specific data,"Investment costs; service line, 50-100 kW [€/unit]",EUR/unit,2020,"[B, E, F, J]","[1, 3]",Upper,2025,7309.686506766272
113_12 DH_Distribu Suburb,"Energy Transport District Heating Distribution, Suburban",Technology-specific data,"Investment costs; service line, 50-100 kW [€/unit]",EUR/unit,2020,"[B, E, F, J]","[1, 3]",Upper,2050,7309.686506766272
113_12 DH_Distribu Suburb,"Energy Transport District Heating Distribution, Suburban",Technology-specific data,"Investment costs; service line, 50-100 kW [€/unit]",EUR/unit,2020,"[B, E, F, J]","[1, 3]",ctrl,2020,4987.201344138045
113_12 DH_Distribu Suburb,"Energy Transport District Heating Distribution, Suburban",Technology-specific data,"Investment costs; service line, 50-100 kW [€/unit]",EUR/unit,2020,"[B, E, F, J]","[1, 3]",ctrl,2025,5635.927462545702
113_12 DH_Distribu Suburb,"Energy Transport District Heating Distribution, Suburban",Technology-specific data,"Investment costs; service line, 50-100 kW [€/unit]",EUR/unit,2020,"[B, E, F, J]","[1, 3]",ctrl,2030,5635.927462545702
113_12 DH_Distribu Suburb,"Energy Transport District Heating Distribution, Suburban",Technology-specific data,"Investment costs; service line, 50-100 kW [€/unit]",EUR/unit,2020,"[B, E, F, J]","[1, 3]",ctrl,2035,5635.927462545702
113_12 DH_Distribu Suburb,"Energy Transport District Heating Distribution, Suburban",Technology-specific data,"Investment costs; service line, 50-100 kW [€/unit]",EUR/unit,2020,"[B, E, F, J]","[1, 3]",ctrl,2040,5635.927462545702
113_12 DH_Distribu Suburb,"Energy Transport District Heating Distribution, Suburban",Technology-specific data,"Investment costs; service line, 50-100 kW [€/unit]",EUR/unit,2020,"[B, E, F, J]","[1, 3]",ctrl,2050,5635.927462545702
113_12 DH_Distribu Suburb,"Energy Transport District Heating Distribution, Suburban",Technology-specific data,"Investment costs; single line, 0-50 kW [€/m]",EUR/m,2020,"[B, E, G]","[1, 3]",Lower,2025,241.1894955420087
113_12 DH_Distribu Suburb,"Energy Transport District Heating Distribution, Suburban",Technology-specific data,"Investment costs; single line, 0-50 kW [€/m]",EUR/m,2020,"[B, E, G]","[1, 3]",Lower,2050,241.1894955420087
113_12 DH_Distribu Suburb,"Energy Transport District Heating Distribution, Suburban",Technology-specific data,"Investment costs; single line, 0-50 kW [€/m]",EUR/m,2020,"[B, E, G]","[1, 3]",Upper,2025,455.9608501617287
113_12 DH_Distribu Suburb,"Energy Transport District Heating Distribution, Suburban",Technology-specific data,"Investment costs; single line, 0-50 kW [€/m]",EUR/m,2020,"[B, E, G]","[1, 3]",Upper,2050,455.9608501617287
113_12 DH_Distribu Suburb,"Energy Transport District Heating Distribution, Suburban",Technology-specific data,"Investment costs; single line, 0-50 kW [€/m]",EUR/m,2020,"[B, E, G]","[1, 3]",ctrl,2020,308.4522613416964
113_12 DH_Distribu Suburb,"Energy Transport District Heating Distribution, Suburban",Technology-specific data,"Investment costs; single line, 0-50 kW [€/m]",EUR/m,2020,"[B, E, G]","[1, 3]",ctrl,2025,348.5751728518687
113_12 DH_Distribu Suburb,"Energy Transport District Heating Distribution, Suburban",Technology-specific data,"Investment costs; single line, 0-50 kW [€/m]",EUR/m,2020,"[B, E, G]","[1, 3]",ctrl,2030,348.5751728518687
113_12 DH_Distribu Suburb,"Energy Transport District Heating Distribution, Suburban",Technology-specific data,"Investment costs; single line, 0-50 kW [€/m]",EUR/m,2020,"[B, E, G]","[1, 3]",ctrl,2035,348.5751728518687
113_12 DH_Distribu Suburb,"Energy Transport District Heating Distribution, Suburban",Technology-specific data,"Investment costs; single line, 0-50 kW [€/m]",EUR/m,2020,"[B, E, G]","[1, 3]",ctrl,2040,348.5751728518687
113_12 DH_Distribu Suburb,"Energy Transport District Heating Distribution, Suburban",Technology-specific data,"Investment costs; single line, 0-50 kW [€/m]",EUR/m,2020,"[B, E, G]","[1, 3]",ctrl,2050,348.5751728518687
113_12 DH_Distribu Suburb,"Energy Transport District Heating Distribution, Suburban",Technology-specific data,"Investment costs; single line, 1 MW-5 MW [€/m]",EUR/m,2020,"[B, E, G]","[1, 3]",Lower,2025,646.1683846908918
113_12 DH_Distribu Suburb,"Energy Transport District Heating Distribution, Suburban",Technology-specific data,"Investment costs; single line, 1 MW-5 MW [€/m]",EUR/m,2020,"[B, E, G]","[1, 3]",Lower,2050,646.1683846908918
113_12 DH_Distribu Suburb,"Energy Transport District Heating Distribution, Suburban",Technology-specific data,"Investment costs; single line, 1 MW-5 MW [€/m]",EUR/m,2020,"[B, E, G]","[1, 3]",Upper,2025,971.0722460781468
113_12 DH_Distribu Suburb,"Energy Transport District Heating Distribution, Suburban",Technology-specific data,"Investment costs; single line, 1 MW-5 MW [€/m]",EUR/m,2020,"[B, E, G]","[1, 3]",Upper,2050,971.0722460781468
113_12 DH_Distribu Suburb,"Energy Transport District Heating Distribution, Suburban",Technology-specific data,"Investment costs; single line, 1 MW-5 MW [€/m]",EUR/m,2020,"[B, E, G]","[1, 3]",ctrl,2020,724.6157437255442
113_12 DH_Distribu Suburb,"Energy Transport District Heating Distribution, Suburban",Technology-specific data,"Investment costs; single line, 1 MW-5 MW [€/m]",EUR/m,2020,"[B, E, G]","[1, 3]",ctrl,2025,818.8724473007225
113_12 DH_Distribu Suburb,"Energy Transport District Heating Distribution, Suburban",Technology-specific data,"Investment costs; single line, 1 MW-5 MW [€/m]",EUR/m,2020,"[B, E, G]","[1, 3]",ctrl,2030,818.8724473007225
113_12 DH_Distribu Suburb,"Energy Transport District Heating Distribution, Suburban",Technology-specific data,"Investment costs; single line, 1 MW-5 MW [€/m]",EUR/m,2020,"[B, E, G]","[1, 3]",ctrl,2035,818.8724473007225
113_12 DH_Distribu Suburb,"Energy Transport District Heating Distribution, Suburban",Technology-specific data,"Investment costs; single line, 1 MW-5 MW [€/m]",EUR/m,2020,"[B, E, G]","[1, 3]",ctrl,2040,818.8724473007225
113_12 DH_Distribu Suburb,"Energy Transport District Heating Distribution, Suburban",Technology-specific data,"Investment costs; single line, 1 MW-5 MW [€/m]",EUR/m,2020,"[B, E, G]","[1, 3]",ctrl,2050,818.8724473007225
113_12 DH_Distribu Suburb,"Energy Transport District Heating Distribution, Suburban",Technology-specific data,"Investment costs; single line, 100-250 kW  [€/m]",EUR/m,2020,"[B, E, G]","[1, 3]",Lower,2025,342.0119071416261
113_12 DH_Distribu Suburb,"Energy Transport District Heating Distribution, Suburban",Technology-specific data,"Investment costs; single line, 100-250 kW  [€/m]",EUR/m,2020,"[B, E, G]","[1, 3]",Lower,2050,342.0119071416261
113_12 DH_Distribu Suburb,"Energy Transport District Heating Distribution, Suburban",Technology-specific data,"Investment costs; single line, 100-250 kW  [€/m]",EUR/m,2020,"[B, E, G]","[1, 3]",Upper,2025,576.9282747927555
113_12 DH_Distribu Suburb,"Energy Transport District Heating Distribution, Suburban",Technology-specific data,"Investment costs; single line, 100-250 kW  [€/m]",EUR/m,2020,"[B, E, G]","[1, 3]",Upper,2050,576.9282747927555
113_12 DH_Distribu Suburb,"Energy Transport District Heating Distribution, Suburban",Technology-specific data,"Investment costs; single line, 100-250 kW  [€/m]",EUR/m,2020,"[B, E, G]","[1, 3]",ctrl,2020,406.582567020436
113_12 DH_Distribu Suburb,"Energy Transport District Heating Distribution, Suburban",Technology-specific data,"Investment costs; single line, 100-250 kW  [€/m]",EUR/m,2020,"[B, E, G]","[1, 3]",ctrl,2025,459.4700909671909
113_12 DH_Distribu Suburb,"Energy Transport District Heating Distribution, Suburban",Technology-specific data,"Investment costs; single line, 100-250 kW  [€/m]",EUR/m,2020,"[B, E, G]","[1, 3]",ctrl,2030,459.4700909671909
113_12 DH_Distribu Suburb,"Energy Transport District Heating Distribution, Suburban",Technology-specific data,"Investment costs; single line, 100-250 kW  [€/m]",EUR/m,2020,"[B, E, G]","[1, 3]",ctrl,2035,459.4700909671909
113_12 DH_Distribu Suburb,"Energy Transport District Heating Distribution, Suburban",Technology-specific data,"Investment costs; single line, 100-250 kW  [€/m]",EUR/m,2020,"[B, E, G]","[1, 3]",ctrl,2040,459.4700909671909
113_12 DH_Distribu Suburb,"Energy Transport District Heating Distribution, Suburban",Technology-specific data,"Investment costs; single line, 100-250 kW  [€/m]",EUR/m,2020,"[B, E, G]","[1, 3]",ctrl,2050,459.4700909671909
113_12 DH_Distribu Suburb,"Energy Transport District Heating Distribution, Suburban",Technology-specific data,"Investment costs; single line, 250 kW-1 MW [€/m]",EUR/m,2020,"[B, E, G]","[1, 3]",Lower,2025,456.5440665457863
113_12 DH_Distribu Suburb,"Energy Transport District Heating Distribution, Suburban",Technology-specific data,"Investment costs; single line, 250 kW-1 MW [€/m]",EUR/m,2020,"[B, E, G]","[1, 3]",Lower,2050,456.5440665457863
113_12 DH_Distribu Suburb,"Energy Transport District Heating Distribution, Suburban",Technology-specific data,"Investment costs; single line, 250 kW-1 MW [€/m]",EUR/m,2020,"[B, E, G]","[1, 3]",Upper,2025,700.0145349365622
113_12 DH_Distribu Suburb,"Energy Transport District Heating Distribution, Suburban",Technology-specific data,"Investment costs; single line, 250 kW-1 MW [€/m]",EUR/m,2020,"[B, E, G]","[1, 3]",Upper,2050,700.0145349365622
113_12 DH_Distribu Suburb,"Energy Transport District Heating Distribution, Suburban",Technology-specific data,"Investment costs; single line, 250 kW-1 MW [€/m]",EUR/m,2020,"[B, E, G]","[1, 3]",ctrl,2020,515.5656992615607
113_12 DH_Distribu Suburb,"Energy Transport District Heating Distribution, Suburban",Technology-specific data,"Investment costs; single line, 250 kW-1 MW [€/m]",EUR/m,2020,"[B, E, G]","[1, 3]",ctrl,2025,582.6295516683232
113_12 DH_Distribu Suburb,"Energy Transport District Heating Distribution, Suburban",Technology-specific data,"Investment costs; single line, 250 kW-1 MW [€/m]",EUR/m,2020,"[B, E, G]","[1, 3]",ctrl,2030,582.6295516683232
113_12 DH_Distribu Suburb,"Energy Transport District Heating Distribution, Suburban",Technology-specific data,"Investment costs; single line, 250 kW-1 MW [€/m]",EUR/m,2020,"[B, E, G]","[1, 3]",ctrl,2035,582.6295516683232
113_12 DH_Distribu Suburb,"Energy Transport District Heating Distribution, Suburban",Technology-specific data,"Investment costs; single line, 250 kW-1 MW [€/m]",EUR/m,2020,"[B, E, G]","[1, 3]",ctrl,2040,582.6295516683232
113_12 DH_Distribu Suburb,"Energy Transport District Heating Distribution, Suburban",Technology-specific data,"Investment costs; single line, 250 kW-1 MW [€/m]",EUR/m,2020,"[B, E, G]","[1, 3]",ctrl,2050,582.6295516683232
113_12 DH_Distribu Suburb,"Energy Transport District Heating Distribution, Suburban",Technology-specific data,"Investment costs; single line, 5 MW-25 MW [€/m]",EUR/m,2020,"[B, E, G]","[1, 3]",Lower,2025,1184.456088760675
113_12 DH_Distribu Suburb,"Energy Transport District Heating Distribution, Suburban",Technology-specific data,"Investment costs; single line, 5 MW-25 MW [€/m]",EUR/m,2020,"[B, E, G]","[1, 3]",Lower,2050,1184.456088760675
113_12 DH_Distribu Suburb,"Energy Transport District Heating Distribution, Suburban",Technology-specific data,"Investment costs; single line, 5 MW-25 MW [€/m]",EUR/m,2020,"[B, E, G]","[1, 3]",Upper,2025,1752.590342739554
113_12 DH_Distribu Suburb,"Energy Transport District Heating Distribution, Suburban",Technology-specific data,"Investment costs; single line, 5 MW-25 MW [€/m]",EUR/m,2020,"[B, E, G]","[1, 3]",Upper,2050,1752.590342739554
113_12 DH_Distribu Suburb,"Energy Transport District Heating Distribution, Suburban",Technology-specific data,"Investment costs; single line, 5 MW-25 MW [€/m]",EUR/m,2020,"[B, E, G]","[1, 3]",ctrl,2020,1308.560206030129
113_12 DH_Distribu Suburb,"Energy Transport District Heating Distribution, Suburban",Technology-specific data,"Investment costs; single line, 5 MW-25 MW [€/m]",EUR/m,2020,"[B, E, G]","[1, 3]",ctrl,2025,1478.775347666318
113_12 DH_Distribu Suburb,"Energy Transport District Heating Distribution, Suburban",Technology-specific data,"Investment costs; single line, 5 MW-25 MW [€/m]",EUR/m,2020,"[B, E, G]","[1, 3]",ctrl,2030,1478.775347666318
113_12 DH_Distribu Suburb,"Energy Transport District Heating Distribution, Suburban",Technology-specific data,"Investment costs; single line, 5 MW-25 MW [€/m]",EUR/m,2020,"[B, E, G]","[1, 3]",ctrl,2035,1478.775347666318
113_12 DH_Distribu Suburb,"Energy Transport District Heating Distribution, Suburban",Technology-specific data,"Investment costs; single line, 5 MW-25 MW [€/m]",EUR/m,2020,"[B, E, G]","[1, 3]",ctrl,2040,1478.775347666318
113_12 DH_Distribu Suburb,"Energy Transport District Heating Distribution, Suburban",Technology-specific data,"Investment costs; single line, 5 MW-25 MW [€/m]",EUR/m,2020,"[B, E, G]","[1, 3]",ctrl,2050,1478.775347666318
113_12 DH_Distribu Suburb,"Energy Transport District Heating Distribution, Suburban",Technology-specific data,"Investment costs; single line, 50-250 kW  [€/m]",EUR/m,2020,"[B, E, G]","[1, 3]",Lower,2025,327.2060464814782
113_12 DH_Distribu Suburb,"Energy Transport District Heating Distribution, Suburban",Technology-specific data,"Investment costs; single line, 50-250 kW  [€/m]",EUR/m,2020,"[B, E, G]","[1, 3]",Lower,2050,327.2060464814782
113_12 DH_Distribu Suburb,"Energy Transport District Heating Distribution, Suburban",Technology-specific data,"Investment costs; single line, 50-250 kW  [€/m]",EUR/m,2020,"[B, E, G]","[1, 3]",Upper,2025,554.0551829970991
113_12 DH_Distribu Suburb,"Energy Transport District Heating Distribution, Suburban",Technology-specific data,"Investment costs; single line, 50-250 kW  [€/m]",EUR/m,2020,"[B, E, G]","[1, 3]",Upper,2050,554.0551829970991
113_12 DH_Distribu Suburb,"Energy Transport District Heating Distribution, Suburban",Technology-specific data,"Investment costs; single line, 50-250 kW  [€/m]",EUR/m,2020,"[B, E, G]","[1, 3]",ctrl,2020,389.9116176884851
113_12 DH_Distribu Suburb,"Energy Transport District Heating Distribution, Suburban",Technology-specific data,"Investment costs; single line, 50-250 kW  [€/m]",EUR/m,2020,"[B, E, G]","[1, 3]",ctrl,2025,440.6306147392887
113_12 DH_Distribu Suburb,"Energy Transport District Heating Distribution, Suburban",Technology-specific data,"Investment costs; single line, 50-250 kW  [€/m]",EUR/m,2020,"[B, E, G]","[1, 3]",ctrl,2030,440.6306147392887
113_12 DH_Distribu Suburb,"Energy Transport District Heating Distribution, Suburban",Technology-specific data,"Investment costs; single line, 50-250 kW  [€/m]",EUR/m,2020,"[B, E, G]","[1, 3]",ctrl,2035,440.6306147392887
113_12 DH_Distribu Suburb,"Energy Transport District Heating Distribution, Suburban",Technology-specific data,"Investment costs; single line, 50-250 kW  [€/m]",EUR/m,2020,"[B, E, G]","[1, 3]",ctrl,2040,440.6306147392887
113_12 DH_Distribu Suburb,"Energy Transport District Heating Distribution, Suburban",Technology-specific data,"Investment costs; single line, 50-250 kW  [€/m]",EUR/m,2020,"[B, E, G]","[1, 3]",ctrl,2050,440.6306147392887
113_12 DH_Distribu Suburb,"Energy Transport District Heating Distribution, Suburban",Technology-specific data,Pumping station above 1 MW [€/MW],EUR/MW,2020,I,1,Lower,2025,61998.70322958441
113_12 DH_Distribu Suburb,"Energy Transport District Heating Distribution, Suburban",Technology-specific data,Pumping station above 1 MW [€/MW],EUR/MW,2020,I,1,Lower,2050,61998.70322958441
113_12 DH_Distribu Suburb,"Energy Transport District Heating Distribution, Suburban",Technology-specific data,Pumping station above 1 MW [€/MW],EUR/MW,2020,I,1,Upper,2025,135269.8979554569
113_12 DH_Distribu Suburb,"Energy Transport District Heating Distribution, Suburban",Technology-specific data,Pumping station above 1 MW [€/MW],EUR/MW,2020,I,1,Upper,2050,135269.8979554569
113_12 DH_Distribu Suburb,"Energy Transport District Heating Distribution, Suburban",Technology-specific data,Pumping station above 1 MW [€/MW],EUR/MW,2020,I,1,ctrl,2020,98736.03391693342
113_12 DH_Distribu Suburb,"Energy Transport District Heating Distribution, Suburban",Technology-specific data,Pumping station above 1 MW [€/MW],EUR/MW,2020,I,1,ctrl,2025,112724.9149628807
113_12 DH_Distribu Suburb,"Energy Transport District Heating Distribution, Suburban",Technology-specific data,Pumping station above 1 MW [€/MW],EUR/MW,2020,I,1,ctrl,2030,112724.9149628807
113_12 DH_Distribu Suburb,"Energy Transport District Heating Distribution, Suburban",Technology-specific data,Pumping station above 1 MW [€/MW],EUR/MW,2020,I,1,ctrl,2035,112724.9149628807
113_12 DH_Distribu Suburb,"Energy Transport District Heating Distribution, Suburban",Technology-specific data,Pumping station above 1 MW [€/MW],EUR/MW,2020,I,1,ctrl,2040,112724.9149628807
113_12 DH_Distribu Suburb,"Energy Transport District Heating Distribution, Suburban",Technology-specific data,Pumping station above 1 MW [€/MW],EUR/MW,2020,I,1,ctrl,2050,112724.9149628807
113_12 DH_Distribu Suburb,"Energy Transport District Heating Distribution, Suburban",Technology-specific data,Pumping station below 1 MW [€/MW],EUR/MW,2020,I,1,Lower,2025,160252.0944513794
113_12 DH_Distribu Suburb,"Energy Transport District Heating Distribution, Suburban",Technology-specific data,Pumping station below 1 MW [€/MW],EUR/MW,2020,I,1,Lower,2050,160252.0944513794
113_12 DH_Distribu Suburb,"Energy Transport District Heating Distribution, Suburban",Technology-specific data,Pumping station below 1 MW [€/MW],EUR/MW,2020,I,1,Upper,2025,349640.933348464
113_12 DH_Distribu Suburb,"Energy Transport District Heating Distribution, Suburban",Technology-specific data,Pumping station below 1 MW [€/MW],EUR/MW,2020,I,1,Upper,2050,349640.933348464
113_12 DH_Distribu Suburb,"Energy Transport District Heating Distribution, Suburban",Technology-specific data,Pumping station below 1 MW [€/MW],EUR/MW,2020,I,1,ctrl,2020,255209.470662941
113_12 DH_Distribu Suburb,"Energy Transport District Heating Distribution, Suburban",Technology-specific data,Pumping station below 1 MW [€/MW],EUR/MW,2020,I,1,ctrl,2025,291367.4444570533
113_12 DH_Distribu Suburb,"Energy Transport District Heating Distribution, Suburban",Technology-specific data,Pumping station below 1 MW [€/MW],EUR/MW,2020,I,1,ctrl,2030,263879.9496969539
113_12 DH_Distribu Suburb,"Energy Transport District Heating Distribution, Suburban",Technology-specific data,Pumping station below 1 MW [€/MW],EUR/MW,2020,I,1,ctrl,2035,263879.9496969539
113_12 DH_Distribu Suburb,"Energy Transport District Heating Distribution, Suburban",Technology-specific data,Pumping station below 1 MW [€/MW],EUR/MW,2020,I,1,ctrl,2040,263879.9496969539
113_12 DH_Distribu Suburb,"Energy Transport District Heating Distribution, Suburban",Technology-specific data,Pumping station below 1 MW [€/MW],EUR/MW,2020,I,1,ctrl,2050,263879.9496969539
113_13 DH_Distribu City,"Energy Transport District Heating Distribution, City",Energy/technical data,- Commercial,,,,,Lower,2025,0.15
113_13 DH_Distribu City,"Energy Transport District Heating Distribution, City",Energy/technical data,- Commercial,,,,,Lower,2050,0.15
113_13 DH_Distribu City,"Energy Transport District Heating Distribution, City",Energy/technical data,- Commercial,,,,,Upper,2025,0.25
113_13 DH_Distribu City,"Energy Transport District Heating Distribution, City",Energy/technical data,- Commercial,,,,,Upper,2050,0.25
113_13 DH_Distribu City,"Energy Transport District Heating Distribution, City",Energy/technical data,- Commercial,,,,,ctrl,2020,0.2
113_13 DH_Distribu City,"Energy Transport District Heating Distribution, City",Energy/technical data,- Commercial,,,,,ctrl,2025,0.2
113_13 DH_Distribu City,"Energy Transport District Heating Distribution, City",Energy/technical data,- Commercial,,,,,ctrl,2030,0.2
113_13 DH_Distribu City,"Energy Transport District Heating Distribution, City",Energy/technical data,- Commercial,,,,,ctrl,2035,0.2
113_13 DH_Distribu City,"Energy Transport District Heating Distribution, City",Energy/technical data,- Commercial,,,,,ctrl,2040,0.2
113_13 DH_Distribu City,"Energy Transport District Heating Distribution, City",Energy/technical data,- Commercial,,,,,ctrl,2050,0.2
113_13 DH_Distribu City,"Energy Transport District Heating Distribution, City",Energy/technical data,- Residential,,,,,Lower,2025,0.18
113_13 DH_Distribu City,"Energy Transport District Heating Distribution, City",Energy/technical data,- Residential,,,,,Lower,2050,0.18
113_13 DH_Distribu City,"Energy Transport District Heating Distribution, City",Energy/technical data,- Residential,,,,,Upper,2025,0.25
113_13 DH_Distribu City,"Energy Transport District Heating Distribution, City",Energy/technical data,- Residential,,,,,Upper,2050,0.25
113_13 DH_Distribu City,"Energy Transport District Heating Distribution, City",Energy/technical data,- Residential,,,,,ctrl,2020,0.2
113_13 DH_Distribu City,"Energy Transport District Heating Distribution, City",Energy/technical data,- Residential,,,,,ctrl,2025,0.2
113_13 DH_Distribu City,"Energy Transport District Heating Distribution, City",Energy/technical data,- Residential,,,,,ctrl,2030,0.2
113_13 DH_Distribu City,"Energy Transport District Heating Distribution, City",Energy/technical data,- Residential,,,,,ctrl,2035,0.2
113_13 DH_Distribu City,"Energy Transport District Heating Distribution, City",Energy/technical data,- Residential,,,,,ctrl,2040,0.2
113_13 DH_Distribu City,"Energy Transport District Heating Distribution, City",Energy/technical data,- Residential,,,,,ctrl,2050,0.2
113_13 DH_Distribu City,"Energy Transport District Heating Distribution, City",Energy/technical data,Auxiliary electricity consumption [%] of energy delivered,pct.,,,4,Lower,2025,0.5
113_13 DH_Distribu City,"Energy Transport District Heating Distribution, City",Energy/technical data,Auxiliary electricity consumption [%] of energy delivered,pct.,,,4,Lower,2050,0.5
113_13 DH_Distribu City,"Energy Transport District Heating Distribution, City",Energy/technical data,Auxiliary electricity consumption [%] of energy delivered,pct.,,,4,Upper,2025,3
113_13 DH_Distribu City,"Energy Transport District Heating Distribution, City",Energy/technical data,Auxiliary electricity consumption [%] of energy delivered,pct.,,,4,Upper,2050,3
113_13 DH_Distribu City,"Energy Transport District Heating Distribution, City",Energy/technical data,Auxiliary electricity consumption [%] of energy delivered,pct.,,,4,ctrl,2020,2
113_13 DH_Distribu City,"Energy Transport District Heating Distribution, City",Energy/technical data,Auxiliary electricity consumption [%] of energy delivered,pct.,,,4,ctrl,2025,2
113_13 DH_Distribu City,"Energy Transport District Heating Distribution, City",Energy/technical data,Auxiliary electricity consumption [%] of energy delivered,pct.,,,4,ctrl,2030,2
113_13 DH_Distribu City,"Energy Transport District Heating Distribution, City",Energy/technical data,Auxiliary electricity consumption [%] of energy delivered,pct.,,,4,ctrl,2035,2
113_13 DH_Distribu City,"Energy Transport District Heating Distribution, City",Energy/technical data,Auxiliary electricity consumption [%] of energy delivered,pct.,,,4,ctrl,2040,2
113_13 DH_Distribu City,"Energy Transport District Heating Distribution, City",Energy/technical data,Auxiliary electricity consumption [%] of energy delivered,pct.,,,4,ctrl,2050,2
113_13 DH_Distribu City,"Energy Transport District Heating Distribution, City",Energy/technical data,Construction time [years],years,,,,Lower,2025,1
113_13 DH_Distribu City,"Energy Transport District Heating Distribution, City",Energy/technical data,Construction time [years],years,,,,Lower,2050,1
113_13 DH_Distribu City,"Energy Transport District Heating Distribution, City",Energy/technical data,Construction time [years],years,,,,Upper,2025,3
113_13 DH_Distribu City,"Energy Transport District Heating Distribution, City",Energy/technical data,Construction time [years],years,,,,Upper,2050,3
113_13 DH_Distribu City,"Energy Transport District Heating Distribution, City",Energy/technical data,Construction time [years],years,,,,ctrl,2020,2
113_13 DH_Distribu City,"Energy Transport District Heating Distribution, City",Energy/technical data,Construction time [years],years,,,,ctrl,2025,2
113_13 DH_Distribu City,"Energy Transport District Heating Distribution, City",Energy/technical data,Construction time [years],years,,,,ctrl,2030,2
113_13 DH_Distribu City,"Energy Transport District Heating Distribution, City",Energy/technical data,Construction time [years],years,,,,ctrl,2035,2
113_13 DH_Distribu City,"Energy Transport District Heating Distribution, City",Energy/technical data,Construction time [years],years,,,,ctrl,2040,2
113_13 DH_Distribu City,"Energy Transport District Heating Distribution, City",Energy/technical data,Construction time [years],years,,,,ctrl,2050,2
113_13 DH_Distribu City,"Energy Transport District Heating Distribution, City",Energy/technical data,"Energy losses, network [%]",pct.,,"[A, B]",2,Lower,2025,5
113_13 DH_Distribu City,"Energy Transport District Heating Distribution, City",Energy/technical data,"Energy losses, network [%]",pct.,,"[A, B]",2,Lower,2050,4
113_13 DH_Distribu City,"Energy Transport District Heating Distribution, City",Energy/technical data,"Energy losses, network [%]",pct.,,"[A, B]",2,Upper,2025,9
113_13 DH_Distribu City,"Energy Transport District Heating Distribution, City",Energy/technical data,"Energy losses, network [%]",pct.,,"[A, B]",2,Upper,2050,8
113_13 DH_Distribu City,"Energy Transport District Heating Distribution, City",Energy/technical data,"Energy losses, network [%]",pct.,,"[A, B]",2,ctrl,2020,7
113_13 DH_Distribu City,"Energy Transport District Heating Distribution, City",Energy/technical data,"Energy losses, network [%]",pct.,,"[A, B]",2,ctrl,2025,7
113_13 DH_Distribu City,"Energy Transport District Heating Distribution, City",Energy/technical data,"Energy losses, network [%]",pct.,,"[A, B]",2,ctrl,2030,7
113_13 DH_Distribu City,"Energy Transport District Heating Distribution, City",Energy/technical data,"Energy losses, network [%]",pct.,,"[A, B]",2,ctrl,2035,7
113_13 DH_Distribu City,"Energy Transport District Heating Distribution, City",Energy/technical data,"Energy losses, network [%]",pct.,,"[A, B]",2,ctrl,2040,7
113_13 DH_Distribu City,"Energy Transport District Heating Distribution, City",Energy/technical data,"Energy losses, network [%]",pct.,,"[A, B]",2,ctrl,2050,7
113_13 DH_Distribu City,"Energy Transport District Heating Distribution, City",Energy/technical data,Technical life time [years],years,,C,2,Lower,2025,30
113_13 DH_Distribu City,"Energy Transport District Heating Distribution, City",Energy/technical data,Technical life time [years],years,,C,2,Lower,2050,30
113_13 DH_Distribu City,"Energy Transport District Heating Distribution, City",Energy/technical data,Technical life time [years],years,,C,2,Upper,2025,60
113_13 DH_Distribu City,"Energy Transport District Heating Distribution, City",Energy/technical data,Technical life time [years],years,,C,2,Upper,2050,60
113_13 DH_Distribu City,"Energy Transport District Heating Distribution, City",Energy/technical data,Technical life time [years],years,,C,2,ctrl,2020,45
113_13 DH_Distribu City,"Energy Transport District Heating Distribution, City",Energy/technical data,Technical life time [years],years,,C,2,ctrl,2025,45
113_13 DH_Distribu City,"Energy Transport District Heating Distribution, City",Energy/technical data,Technical life time [years],years,,C,2,ctrl,2030,45
113_13 DH_Distribu City,"Energy Transport District Heating Distribution, City",Energy/technical data,Technical life time [years],years,,C,2,ctrl,2035,45
113_13 DH_Distribu City,"Energy Transport District Heating Distribution, City",Energy/technical data,Technical life time [years],years,,C,2,ctrl,2040,45
113_13 DH_Distribu City,"Energy Transport District Heating Distribution, City",Energy/technical data,Technical life time [years],years,,C,2,ctrl,2050,45
113_13 DH_Distribu City,"Energy Transport District Heating Distribution, City",Financial data,Fixed O&M [€/MW/year],EUR/MW/year,2020,M,1,Lower,2025,750
113_13 DH_Distribu City,"Energy Transport District Heating Distribution, City",Financial data,Fixed O&M [€/MW/year],EUR/MW/year,2020,M,1,Lower,2050,750
113_13 DH_Distribu City,"Energy Transport District Heating Distribution, City",Financial data,Fixed O&M [€/MW/year],EUR/MW/year,2020,M,1,Upper,2025,2000
113_13 DH_Distribu City,"Energy Transport District Heating Distribution, City",Financial data,Fixed O&M [€/MW/year],EUR/MW/year,2020,M,1,Upper,2050,2000
113_13 DH_Distribu City,"Energy Transport District Heating Distribution, City",Financial data,Fixed O&M [€/MW/year],EUR/MW/year,2020,M,1,ctrl,2020,1000
113_13 DH_Distribu City,"Energy Transport District Heating Distribution, City",Financial data,Fixed O&M [€/MW/year],EUR/MW/year,2020,M,1,ctrl,2025,1000
113_13 DH_Distribu City,"Energy Transport District Heating Distribution, City",Financial data,Fixed O&M [€/MW/year],EUR/MW/year,2020,M,1,ctrl,2030,1000
113_13 DH_Distribu City,"Energy Transport District Heating Distribution, City",Financial data,Fixed O&M [€/MW/year],EUR/MW/year,2020,M,1,ctrl,2035,1000
113_13 DH_Distribu City,"Energy Transport District Heating Distribution, City",Financial data,Fixed O&M [€/MW/year],EUR/MW/year,2020,M,1,ctrl,2040,999.9999999999999
113_13 DH_Distribu City,"Energy Transport District Heating Distribution, City",Financial data,Fixed O&M [€/MW/year],EUR/MW/year,2020,M,1,ctrl,2050,999.9999999999999
113_13 DH_Distribu City,"Energy Transport District Heating Distribution, City",Financial data,"Investment, percentage soft costs",,,H,2,Lower,2025,0.1
113_13 DH_Distribu City,"Energy Transport District Heating Distribution, City",Financial data,"Investment, percentage soft costs",,,H,2,Lower,2050,0.1
113_13 DH_Distribu City,"Energy Transport District Heating Distribution, City",Financial data,"Investment, percentage soft costs",,,H,2,Upper,2025,0.2
113_13 DH_Distribu City,"Energy Transport District Heating Distribution, City",Financial data,"Investment, percentage soft costs",,,H,2,Upper,2050,0.2
113_13 DH_Distribu City,"Energy Transport District Heating Distribution, City",Financial data,"Investment, percentage soft costs",,,H,2,ctrl,2020,0.15
113_13 DH_Distribu City,"Energy Transport District Heating Distribution, City",Financial data,"Investment, percentage soft costs",,,H,2,ctrl,2025,0.15
113_13 DH_Distribu City,"Energy Transport District Heating Distribution, City",Financial data,"Investment, percentage soft costs",,,H,2,ctrl,2030,0.15
113_13 DH_Distribu City,"Energy Transport District Heating Distribution, City",Financial data,"Investment, percentage soft costs",,,H,2,ctrl,2035,0.15
113_13 DH_Distribu City,"Energy Transport District Heating Distribution, City",Financial data,"Investment, percentage soft costs",,,H,2,ctrl,2040,0.15
113_13 DH_Distribu City,"Energy Transport District Heating Distribution, City",Financial data,"Investment, percentage soft costs",,,H,2,ctrl,2050,0.15
113_13 DH_Distribu City,"Energy Transport District Heating Distribution, City",Financial data,"Investments cost, distribution network  [M€/km2] ",MEUR/km2,2020,"[D, E]","[1, 3]",Lower,2025,5.047398234507003
113_13 DH_Distribu City,"Energy Transport District Heating Distribution, City",Financial data,"Investments cost, distribution network  [M€/km2] ",MEUR/km2,2020,"[D, E]","[1, 3]",Lower,2050,5.047398234507003
113_13 DH_Distribu City,"Energy Transport District Heating Distribution, City",Financial data,"Investments cost, distribution network  [M€/km2] ",MEUR/km2,2020,"[D, E]","[1, 3]",Upper,2025,8.365522126148633
113_13 DH_Distribu City,"Energy Transport District Heating Distribution, City",Financial data,"Investments cost, distribution network  [M€/km2] ",MEUR/km2,2020,"[D, E]","[1, 3]",Upper,2050,8.365522126148633
113_13 DH_Distribu City,"Energy Transport District Heating Distribution, City",Financial data,"Investments cost, distribution network  [M€/km2] ",MEUR/km2,2020,"[D, E]","[1, 3]",ctrl,2020,5.968003974921314
113_13 DH_Distribu City,"Energy Transport District Heating Distribution, City",Financial data,"Investments cost, distribution network  [M€/km2] ",MEUR/km2,2020,"[D, E]","[1, 3]",ctrl,2025,6.744311123186513
113_13 DH_Distribu City,"Energy Transport District Heating Distribution, City",Financial data,"Investments cost, distribution network  [M€/km2] ",MEUR/km2,2020,"[D, E]","[1, 3]",ctrl,2030,6.744311123186513
113_13 DH_Distribu City,"Energy Transport District Heating Distribution, City",Financial data,"Investments cost, distribution network  [M€/km2] ",MEUR/km2,2020,"[D, E]","[1, 3]",ctrl,2035,6.744311123186513
113_13 DH_Distribu City,"Energy Transport District Heating Distribution, City",Financial data,"Investments cost, distribution network  [M€/km2] ",MEUR/km2,2020,"[D, E]","[1, 3]",ctrl,2040,6.744311123186511
113_13 DH_Distribu City,"Energy Transport District Heating Distribution, City",Financial data,"Investments cost, distribution network  [M€/km2] ",MEUR/km2,2020,"[D, E]","[1, 3]",ctrl,2050,6.744311123186511
113_13 DH_Distribu City,"Energy Transport District Heating Distribution, City",Financial data,"Investments, percentage installation",,,E,2,Lower,2025,0.5
113_13 DH_Distribu City,"Energy Transport District Heating Distribution, City",Financial data,"Investments, percentage installation",,,E,2,Lower,2050,0.5
113_13 DH_Distribu City,"Energy Transport District Heating Distribution, City",Financial data,"Investments, percentage installation",,,E,2,Upper,2025,0.7
113_13 DH_Distribu City,"Energy Transport District Heating Distribution, City",Financial data,"Investments, percentage installation",,,E,2,Upper,2050,0.7
113_13 DH_Distribu City,"Energy Transport District Heating Distribution, City",Financial data,"Investments, percentage installation",,,E,2,ctrl,2020,0.6
113_13 DH_Distribu City,"Energy Transport District Heating Distribution, City",Financial data,"Investments, percentage installation",,,E,2,ctrl,2025,0.6
113_13 DH_Distribu City,"Energy Transport District Heating Distribution, City",Financial data,"Investments, percentage installation",,,E,2,ctrl,2030,0.6
113_13 DH_Distribu City,"Energy Transport District Heating Distribution, City",Financial data,"Investments, percentage installation",,,E,2,ctrl,2035,0.6
113_13 DH_Distribu City,"Energy Transport District Heating Distribution, City",Financial data,"Investments, percentage installation",,,E,2,ctrl,2040,0.6
113_13 DH_Distribu City,"Energy Transport District Heating Distribution, City",Financial data,"Investments, percentage installation",,,E,2,ctrl,2050,0.6
113_13 DH_Distribu City,"Energy Transport District Heating Distribution, City",Financial data,"Investments, percentage materials",,,E,2,Lower,2025,0.2
113_13 DH_Distribu City,"Energy Transport District Heating Distribution, City",Financial data,"Investments, percentage materials",,,E,2,Lower,2050,0.2
113_13 DH_Distribu City,"Energy Transport District Heating Distribution, City",Financial data,"Investments, percentage materials",,,E,2,Upper,2025,0.3
113_13 DH_Distribu City,"Energy Transport District Heating Distribution, City",Financial data,"Investments, percentage materials",,,E,2,Upper,2050,0.3
113_13 DH_Distribu City,"Energy Transport District Heating Distribution, City",Financial data,"Investments, percentage materials",,,E,2,ctrl,2020,0.25
113_13 DH_Distribu City,"Energy Transport District Heating Distribution, City",Financial data,"Investments, percentage materials",,,E,2,ctrl,2025,0.25
113_13 DH_Distribu City,"Energy Transport District Heating Distribution, City",Financial data,"Investments, percentage materials",,,E,2,ctrl,2030,0.25
113_13 DH_Distribu City,"Energy Transport District Heating Distribution, City",Financial data,"Investments, percentage materials",,,E,2,ctrl,2035,0.25
113_13 DH_Distribu City,"Energy Transport District Heating Distribution, City",Financial data,"Investments, percentage materials",,,E,2,ctrl,2040,0.25
113_13 DH_Distribu City,"Energy Transport District Heating Distribution, City",Financial data,"Investments, percentage materials",,,E,2,ctrl,2050,0.25
113_13 DH_Distribu City,"Energy Transport District Heating Distribution, City",Financial data,Variable O&M [€/MWh],EUR/MWh,2020,M,"[1, 4]",Lower,2025,1.508042895442359
113_13 DH_Distribu City,"Energy Transport District Heating Distribution, City",Financial data,Variable O&M [€/MWh],EUR/MWh,2020,M,"[1, 4]",Lower,2050,1.508042895442359
113_13 DH_Distribu City,"Energy Transport District Heating Distribution, City",Financial data,Variable O&M [€/MWh],EUR/MWh,2020,M,"[1, 4]",Upper,2025,3.016085790884719
113_13 DH_Distribu City,"Energy Transport District Heating Distribution, City",Financial data,Variable O&M [€/MWh],EUR/MWh,2020,M,"[1, 4]",Upper,2050,3.016085790884719
113_13 DH_Distribu City,"Energy Transport District Heating Distribution, City",Financial data,Variable O&M [€/MWh],EUR/MWh,2020,M,"[1, 4]",ctrl,2020,2.010723860589812
113_13 DH_Distribu City,"Energy Transport District Heating Distribution, City",Financial data,Variable O&M [€/MWh],EUR/MWh,2020,M,"[1, 4]",ctrl,2025,2.010723860589812
113_13 DH_Distribu City,"Energy Transport District Heating Distribution, City",Financial data,Variable O&M [€/MWh],EUR/MWh,2020,M,"[1, 4]",ctrl,2030,2.010723860589812
113_13 DH_Distribu City,"Energy Transport District Heating Distribution, City",Financial data,Variable O&M [€/MWh],EUR/MWh,2020,M,"[1, 4]",ctrl,2035,2.010723860589812
113_13 DH_Distribu City,"Energy Transport District Heating Distribution, City",Financial data,Variable O&M [€/MWh],EUR/MWh,2020,M,"[1, 4]",ctrl,2040,2.010723860589812
113_13 DH_Distribu City,"Energy Transport District Heating Distribution, City",Financial data,Variable O&M [€/MWh],EUR/MWh,2020,M,"[1, 4]",ctrl,2050,2.010723860589812
113_13 DH_Distribu City,"Energy Transport District Heating Distribution, City",Technology-specific data,"Investment costs; service line, 0-20 kW [€/unit]",EUR/unit,2020,"[B, E, F, J]","[1, 3]",Lower,2025,3804.76751814711
113_13 DH_Distribu City,"Energy Transport District Heating Distribution, City",Technology-specific data,"Investment costs; service line, 0-20 kW [€/unit]",EUR/unit,2020,"[B, E, F, J]","[1, 3]",Lower,2050,3804.76751814711
113_13 DH_Distribu City,"Energy Transport District Heating Distribution, City",Technology-specific data,"Investment costs; service line, 0-20 kW [€/unit]",EUR/unit,2020,"[B, E, F, J]","[1, 3]",Upper,2025,7431.916742896235
113_13 DH_Distribu City,"Energy Transport District Heating Distribution, City",Technology-specific data,"Investment costs; service line, 0-20 kW [€/unit]",EUR/unit,2020,"[B, E, F, J]","[1, 3]",Upper,2050,7431.916742896235
113_13 DH_Distribu City,"Energy Transport District Heating Distribution, City",Technology-specific data,"Investment costs; service line, 0-20 kW [€/unit]",EUR/unit,2020,"[B, E, F, J]","[1, 3]",ctrl,2020,4961.218165532411
113_13 DH_Distribu City,"Energy Transport District Heating Distribution, City",Technology-specific data,"Investment costs; service line, 0-20 kW [€/unit]",EUR/unit,2020,"[B, E, F, J]","[1, 3]",ctrl,2025,5606.564439125794
113_13 DH_Distribu City,"Energy Transport District Heating Distribution, City",Technology-specific data,"Investment costs; service line, 0-20 kW [€/unit]",EUR/unit,2020,"[B, E, F, J]","[1, 3]",ctrl,2030,5606.564439125794
113_13 DH_Distribu City,"Energy Transport District Heating Distribution, City",Technology-specific data,"Investment costs; service line, 0-20 kW [€/unit]",EUR/unit,2020,"[B, E, F, J]","[1, 3]",ctrl,2035,5606.564439125794
113_13 DH_Distribu City,"Energy Transport District Heating Distribution, City",Technology-specific data,"Investment costs; service line, 0-20 kW [€/unit]",EUR/unit,2020,"[B, E, F, J]","[1, 3]",ctrl,2040,5606.564439125794
113_13 DH_Distribu City,"Energy Transport District Heating Distribution, City",Technology-specific data,"Investment costs; service line, 0-20 kW [€/unit]",EUR/unit,2020,"[B, E, F, J]","[1, 3]",ctrl,2050,5606.564439125794
113_13 DH_Distribu City,"Energy Transport District Heating Distribution, City",Technology-specific data,"Investment costs; service line, 20-50 kW [€/unit]",EUR/unit,2020,"[B, E, F, J]","[1, 3]",Lower,2025,4135.397632187511
113_13 DH_Distribu City,"Energy Transport District Heating Distribution, City",Technology-specific data,"Investment costs; service line, 20-50 kW [€/unit]",EUR/unit,2020,"[B, E, F, J]","[1, 3]",Lower,2050,4135.397632187511
113_13 DH_Distribu City,"Energy Transport District Heating Distribution, City",Technology-specific data,"Investment costs; service line, 20-50 kW [€/unit]",EUR/unit,2020,"[B, E, F, J]","[1, 3]",Upper,2025,7883.16708808257
113_13 DH_Distribu City,"Energy Transport District Heating Distribution, City",Technology-specific data,"Investment costs; service line, 20-50 kW [€/unit]",EUR/unit,2020,"[B, E, F, J]","[1, 3]",Upper,2050,7883.16708808257
113_13 DH_Distribu City,"Energy Transport District Heating Distribution, City",Technology-specific data,"Investment costs; service line, 20-50 kW [€/unit]",EUR/unit,2020,"[B, E, F, J]","[1, 3]",ctrl,2020,5333.928966003911
113_13 DH_Distribu City,"Energy Transport District Heating Distribution, City",Technology-specific data,"Investment costs; service line, 20-50 kW [€/unit]",EUR/unit,2020,"[B, E, F, J]","[1, 3]",ctrl,2025,6027.756785497318
113_13 DH_Distribu City,"Energy Transport District Heating Distribution, City",Technology-specific data,"Investment costs; service line, 20-50 kW [€/unit]",EUR/unit,2020,"[B, E, F, J]","[1, 3]",ctrl,2030,6027.756785497318
113_13 DH_Distribu City,"Energy Transport District Heating Distribution, City",Technology-specific data,"Investment costs; service line, 20-50 kW [€/unit]",EUR/unit,2020,"[B, E, F, J]","[1, 3]",ctrl,2035,6027.756785497318
113_13 DH_Distribu City,"Energy Transport District Heating Distribution, City",Technology-specific data,"Investment costs; service line, 20-50 kW [€/unit]",EUR/unit,2020,"[B, E, F, J]","[1, 3]",ctrl,2040,6027.756785497318
113_13 DH_Distribu City,"Energy Transport District Heating Distribution, City",Technology-specific data,"Investment costs; service line, 20-50 kW [€/unit]",EUR/unit,2020,"[B, E, F, J]","[1, 3]",ctrl,2050,6027.756785497318
113_13 DH_Distribu City,"Energy Transport District Heating Distribution, City",Technology-specific data,"Investment costs; service line, 50-100 kW [€/unit]",EUR/unit,2020,"[B, E, F, J]","[1, 3]",Lower,2025,4627.336804423394
113_13 DH_Distribu City,"Energy Transport District Heating Distribution, City",Technology-specific data,"Investment costs; service line, 50-100 kW [€/unit]",EUR/unit,2020,"[B, E, F, J]","[1, 3]",Lower,2050,4627.336804423394
113_13 DH_Distribu City,"Energy Transport District Heating Distribution, City",Technology-specific data,"Investment costs; service line, 50-100 kW [€/unit]",EUR/unit,2020,"[B, E, F, J]","[1, 3]",Upper,2025,8482.058405341164
113_13 DH_Distribu City,"Energy Transport District Heating Distribution, City",Technology-specific data,"Investment costs; service line, 50-100 kW [€/unit]",EUR/unit,2020,"[B, E, F, J]","[1, 3]",Upper,2050,8482.058405341164
113_13 DH_Distribu City,"Energy Transport District Heating Distribution, City",Technology-specific data,"Investment costs; service line, 50-100 kW [€/unit]",EUR/unit,2020,"[B, E, F, J]","[1, 3]",ctrl,2020,5826.985943501277
113_13 DH_Distribu City,"Energy Transport District Heating Distribution, City",Technology-specific data,"Investment costs; service line, 50-100 kW [€/unit]",EUR/unit,2020,"[B, E, F, J]","[1, 3]",ctrl,2025,6584.949721640435
113_13 DH_Distribu City,"Energy Transport District Heating Distribution, City",Technology-specific data,"Investment costs; service line, 50-100 kW [€/unit]",EUR/unit,2020,"[B, E, F, J]","[1, 3]",ctrl,2030,6584.949721640435
113_13 DH_Distribu City,"Energy Transport District Heating Distribution, City",Technology-specific data,"Investment costs; service line, 50-100 kW [€/unit]",EUR/unit,2020,"[B, E, F, J]","[1, 3]",ctrl,2035,6584.949721640435
113_13 DH_Distribu City,"Energy Transport District Heating Distribution, City",Technology-specific data,"Investment costs; service line, 50-100 kW [€/unit]",EUR/unit,2020,"[B, E, F, J]","[1, 3]",ctrl,2040,6584.949721640435
113_13 DH_Distribu City,"Energy Transport District Heating Distribution, City",Technology-specific data,"Investment costs; service line, 50-100 kW [€/unit]",EUR/unit,2020,"[B, E, F, J]","[1, 3]",ctrl,2050,6584.949721640435
113_13 DH_Distribu City,"Energy Transport District Heating Distribution, City",Technology-specific data,"Investment costs; service line, above 100 kW [€/unit]",EUR/unit,2020,"[B, E, F, J, K]","[1, 3]",Lower,2025,6264.02322488441
113_13 DH_Distribu City,"Energy Transport District Heating Distribution, City",Technology-specific data,"Investment costs; service line, above 100 kW [€/unit]",EUR/unit,2020,"[B, E, F, J, K]","[1, 3]",Lower,2050,6264.02322488441
113_13 DH_Distribu City,"Energy Transport District Heating Distribution, City",Technology-specific data,"Investment costs; service line, above 100 kW [€/unit]",EUR/unit,2020,"[B, E, F, J, K]","[1, 3]",Upper,2025,9918.318531242086
113_13 DH_Distribu City,"Energy Transport District Heating Distribution, City",Technology-specific data,"Investment costs; service line, above 100 kW [€/unit]",EUR/unit,2020,"[B, E, F, J, K]","[1, 3]",Upper,2050,9918.318531242086
113_13 DH_Distribu City,"Energy Transport District Heating Distribution, City",Technology-specific data,"Investment costs; service line, above 100 kW [€/unit]",EUR/unit,2020,"[B, E, F, J, K]","[1, 3]",ctrl,2020,7159.832795381798
113_13 DH_Distribu City,"Energy Transport District Heating Distribution, City",Technology-specific data,"Investment costs; service line, above 100 kW [€/unit]",EUR/unit,2020,"[B, E, F, J, K]","[1, 3]",ctrl,2025,8091.170878063248
113_13 DH_Distribu City,"Energy Transport District Heating Distribution, City",Technology-specific data,"Investment costs; service line, above 100 kW [€/unit]",EUR/unit,2020,"[B, E, F, J, K]","[1, 3]",ctrl,2030,8091.170878063248
113_13 DH_Distribu City,"Energy Transport District Heating Distribution, City",Technology-specific data,"Investment costs; service line, above 100 kW [€/unit]",EUR/unit,2020,"[B, E, F, J, K]","[1, 3]",ctrl,2035,8091.170878063248
113_13 DH_Distribu City,"Energy Transport District Heating Distribution, City",Technology-specific data,"Investment costs; service line, above 100 kW [€/unit]",EUR/unit,2020,"[B, E, F, J, K]","[1, 3]",ctrl,2040,8091.170878063248
113_13 DH_Distribu City,"Energy Transport District Heating Distribution, City",Technology-specific data,"Investment costs; service line, above 100 kW [€/unit]",EUR/unit,2020,"[B, E, F, J, K]","[1, 3]",ctrl,2050,8091.170878063248
113_13 DH_Distribu City,"Energy Transport District Heating Distribution, City",Technology-specific data,"Investment costs; single line, 0-50 kW [€/m]",EUR/m,2020,"[B, E, G]","[1, 3]",Lower,2025,262.3074794589642
113_13 DH_Distribu City,"Energy Transport District Heating Distribution, City",Technology-specific data,"Investment costs; single line, 0-50 kW [€/m]",EUR/m,2020,"[B, E, G]","[1, 3]",Lower,2050,262.3074794589642
113_13 DH_Distribu City,"Energy Transport District Heating Distribution, City",Technology-specific data,"Investment costs; single line, 0-50 kW [€/m]",EUR/m,2020,"[B, E, G]","[1, 3]",Upper,2025,506.8973198499376
113_13 DH_Distribu City,"Energy Transport District Heating Distribution, City",Technology-specific data,"Investment costs; single line, 0-50 kW [€/m]",EUR/m,2020,"[B, E, G]","[1, 3]",Upper,2050,506.8973198499376
113_13 DH_Distribu City,"Energy Transport District Heating Distribution, City",Technology-specific data,"Investment costs; single line, 0-50 kW [€/m]",EUR/m,2020,"[B, E, G]","[1, 3]",ctrl,2020,338.68798930701
113_13 DH_Distribu City,"Energy Transport District Heating Distribution, City",Technology-specific data,"Investment costs; single line, 0-50 kW [€/m]",EUR/m,2020,"[B, E, G]","[1, 3]",ctrl,2025,382.7439095502712
113_13 DH_Distribu City,"Energy Transport District Heating Distribution, City",Technology-specific data,"Investment costs; single line, 0-50 kW [€/m]",EUR/m,2020,"[B, E, G]","[1, 3]",ctrl,2030,382.7439095502712
113_13 DH_Distribu City,"Energy Transport District Heating Distribution, City",Technology-specific data,"Investment costs; single line, 0-50 kW [€/m]",EUR/m,2020,"[B, E, G]","[1, 3]",ctrl,2035,382.7439095502712
113_13 DH_Distribu City,"Energy Transport District Heating Distribution, City",Technology-specific data,"Investment costs; single line, 0-50 kW [€/m]",EUR/m,2020,"[B, E, G]","[1, 3]",ctrl,2040,382.7439095502712
113_13 DH_Distribu City,"Energy Transport District Heating Distribution, City",Technology-specific data,"Investment costs; single line, 0-50 kW [€/m]",EUR/m,2020,"[B, E, G]","[1, 3]",ctrl,2050,382.7439095502712
113_13 DH_Distribu City,"Energy Transport District Heating Distribution, City",Technology-specific data,"Investment costs; single line, 1 MW-5 MW [€/m]",EUR/m,2020,"[B, E, G]","[1, 3]",Lower,2025,691.7200728206585
113_13 DH_Distribu City,"Energy Transport District Heating Distribution, City",Technology-specific data,"Investment costs; single line, 1 MW-5 MW [€/m]",EUR/m,2020,"[B, E, G]","[1, 3]",Lower,2050,691.7200728206585
113_13 DH_Distribu City,"Energy Transport District Heating Distribution, City",Technology-specific data,"Investment costs; single line, 1 MW-5 MW [€/m]",EUR/m,2020,"[B, E, G]","[1, 3]",Upper,2025,1035.271928719848
113_13 DH_Distribu City,"Energy Transport District Heating Distribution, City",Technology-specific data,"Investment costs; single line, 1 MW-5 MW [€/m]",EUR/m,2020,"[B, E, G]","[1, 3]",Upper,2050,1035.271928719848
113_13 DH_Distribu City,"Energy Transport District Heating Distribution, City",Technology-specific data,"Investment costs; single line, 1 MW-5 MW [€/m]",EUR/m,2020,"[B, E, G]","[1, 3]",ctrl,2020,773.1749371741789
113_13 DH_Distribu City,"Energy Transport District Heating Distribution, City",Technology-specific data,"Investment costs; single line, 1 MW-5 MW [€/m]",EUR/m,2020,"[B, E, G]","[1, 3]",ctrl,2025,873.7481326864565
113_13 DH_Distribu City,"Energy Transport District Heating Distribution, City",Technology-specific data,"Investment costs; single line, 1 MW-5 MW [€/m]",EUR/m,2020,"[B, E, G]","[1, 3]",ctrl,2030,873.7481326864565
113_13 DH_Distribu City,"Energy Transport District Heating Distribution, City",Technology-specific data,"Investment costs; single line, 1 MW-5 MW [€/m]",EUR/m,2020,"[B, E, G]","[1, 3]",ctrl,2035,873.7481326864565
113_13 DH_Distribu City,"Energy Transport District Heating Distribution, City",Technology-specific data,"Investment costs; single line, 1 MW-5 MW [€/m]",EUR/m,2020,"[B, E, G]","[1, 3]",ctrl,2040,873.7481326864565
113_13 DH_Distribu City,"Energy Transport District Heating Distribution, City",Technology-specific data,"Investment costs; single line, 1 MW-5 MW [€/m]",EUR/m,2020,"[B, E, G]","[1, 3]",ctrl,2050,873.7481326864565
113_13 DH_Distribu City,"Energy Transport District Heating Distribution, City",Technology-specific data,"Investment costs; single line, 100-250 kW  [€/m]",EUR/m,2020,"[B, E, G]","[1, 3]",Lower,2025,372.4650724242111
113_13 DH_Distribu City,"Energy Transport District Heating Distribution, City",Technology-specific data,"Investment costs; single line, 100-250 kW  [€/m]",EUR/m,2020,"[B, E, G]","[1, 3]",Lower,2050,372.4650724242111
113_13 DH_Distribu City,"Energy Transport District Heating Distribution, City",Technology-specific data,"Investment costs; single line, 100-250 kW  [€/m]",EUR/m,2020,"[B, E, G]","[1, 3]",Upper,2025,624.7824437839364
113_13 DH_Distribu City,"Energy Transport District Heating Distribution, City",Technology-specific data,"Investment costs; single line, 100-250 kW  [€/m]",EUR/m,2020,"[B, E, G]","[1, 3]",Upper,2050,624.7824437839364
113_13 DH_Distribu City,"Energy Transport District Heating Distribution, City",Technology-specific data,"Investment costs; single line, 100-250 kW  [€/m]",EUR/m,2020,"[B, E, G]","[1, 3]",ctrl,2020,441.2294326287446
113_13 DH_Distribu City,"Energy Transport District Heating Distribution, City",Technology-specific data,"Investment costs; single line, 100-250 kW  [€/m]",EUR/m,2020,"[B, E, G]","[1, 3]",ctrl,2025,498.6237581040738
113_13 DH_Distribu City,"Energy Transport District Heating Distribution, City",Technology-specific data,"Investment costs; single line, 100-250 kW  [€/m]",EUR/m,2020,"[B, E, G]","[1, 3]",ctrl,2030,498.6237581040738
113_13 DH_Distribu City,"Energy Transport District Heating Distribution, City",Technology-specific data,"Investment costs; single line, 100-250 kW  [€/m]",EUR/m,2020,"[B, E, G]","[1, 3]",ctrl,2035,498.6237581040738
113_13 DH_Distribu City,"Energy Transport District Heating Distribution, City",Technology-specific data,"Investment costs; single line, 100-250 kW  [€/m]",EUR/m,2020,"[B, E, G]","[1, 3]",ctrl,2040,498.6237581040738
113_13 DH_Distribu City,"Energy Transport District Heating Distribution, City",Technology-specific data,"Investment costs; single line, 100-250 kW  [€/m]",EUR/m,2020,"[B, E, G]","[1, 3]",ctrl,2050,498.6237581040738
113_13 DH_Distribu City,"Energy Transport District Heating Distribution, City",Technology-specific data,"Investment costs; single line, 25 MW-100 MW [€/m]",EUR/m,2020,"[B, E, G, L]","[1, 3]",Lower,2025,2305.63299138896
113_13 DH_Distribu City,"Energy Transport District Heating Distribution, City",Technology-specific data,"Investment costs; single line, 25 MW-100 MW [€/m]",EUR/m,2020,"[B, E, G, L]","[1, 3]",Lower,2050,2305.63299138896
113_13 DH_Distribu City,"Energy Transport District Heating Distribution, City",Technology-specific data,"Investment costs; single line, 25 MW-100 MW [€/m]",EUR/m,2020,"[B, E, G, L]","[1, 3]",Upper,2025,3393.195723176206
113_13 DH_Distribu City,"Energy Transport District Heating Distribution, City",Technology-specific data,"Investment costs; single line, 25 MW-100 MW [€/m]",EUR/m,2020,"[B, E, G, L]","[1, 3]",Upper,2050,3393.195723176206
113_13 DH_Distribu City,"Energy Transport District Heating Distribution, City",Technology-specific data,"Investment costs; single line, 25 MW-100 MW [€/m]",EUR/m,2020,"[B, E, G, L]","[1, 3]",ctrl,2020,2532.979698431281
113_13 DH_Distribu City,"Energy Transport District Heating Distribution, City",Technology-specific data,"Investment costs; single line, 25 MW-100 MW [€/m]",EUR/m,2020,"[B, E, G, L]","[1, 3]",ctrl,2025,2862.46511006403
113_13 DH_Distribu City,"Energy Transport District Heating Distribution, City",Technology-specific data,"Investment costs; single line, 25 MW-100 MW [€/m]",EUR/m,2020,"[B, E, G, L]","[1, 3]",ctrl,2030,2862.46511006403
113_13 DH_Distribu City,"Energy Transport District Heating Distribution, City",Technology-specific data,"Investment costs; single line, 25 MW-100 MW [€/m]",EUR/m,2020,"[B, E, G, L]","[1, 3]",ctrl,2035,2862.46511006403
113_13 DH_Distribu City,"Energy Transport District Heating Distribution, City",Technology-specific data,"Investment costs; single line, 25 MW-100 MW [€/m]",EUR/m,2020,"[B, E, G, L]","[1, 3]",ctrl,2040,2862.46511006403
113_13 DH_Distribu City,"Energy Transport District Heating Distribution, City",Technology-specific data,"Investment costs; single line, 25 MW-100 MW [€/m]",EUR/m,2020,"[B, E, G, L]","[1, 3]",ctrl,2050,2862.46511006403
113_13 DH_Distribu City,"Energy Transport District Heating Distribution, City",Technology-specific data,"Investment costs; single line, 250 kW-1 MW [€/m]",EUR/m,2020,"[B, E, G]","[1, 3]",Lower,2025,488.4229152849791
113_13 DH_Distribu City,"Energy Transport District Heating Distribution, City",Technology-specific data,"Investment costs; single line, 250 kW-1 MW [€/m]",EUR/m,2020,"[B, E, G]","[1, 3]",Lower,2050,488.4229152849791
113_13 DH_Distribu City,"Energy Transport District Heating Distribution, City",Technology-specific data,"Investment costs; single line, 250 kW-1 MW [€/m]",EUR/m,2020,"[B, E, G]","[1, 3]",Upper,2025,749.2943873843508
113_13 DH_Distribu City,"Energy Transport District Heating Distribution, City",Technology-specific data,"Investment costs; single line, 250 kW-1 MW [€/m]",EUR/m,2020,"[B, E, G]","[1, 3]",Upper,2050,749.2943873843508
113_13 DH_Distribu City,"Energy Transport District Heating Distribution, City",Technology-specific data,"Investment costs; single line, 250 kW-1 MW [€/m]",EUR/m,2020,"[B, E, G]","[1, 3]",ctrl,2020,551.4741443522811
113_13 DH_Distribu City,"Energy Transport District Heating Distribution, City",Technology-specific data,"Investment costs; single line, 250 kW-1 MW [€/m]",EUR/m,2020,"[B, E, G]","[1, 3]",ctrl,2025,623.2089022618139
113_13 DH_Distribu City,"Energy Transport District Heating Distribution, City",Technology-specific data,"Investment costs; single line, 250 kW-1 MW [€/m]",EUR/m,2020,"[B, E, G]","[1, 3]",ctrl,2030,623.2089022618139
113_13 DH_Distribu City,"Energy Transport District Heating Distribution, City",Technology-specific data,"Investment costs; single line, 250 kW-1 MW [€/m]",EUR/m,2020,"[B, E, G]","[1, 3]",ctrl,2035,623.2089022618139
113_13 DH_Distribu City,"Energy Transport District Heating Distribution, City",Technology-specific data,"Investment costs; single line, 250 kW-1 MW [€/m]",EUR/m,2020,"[B, E, G]","[1, 3]",ctrl,2040,623.2089022618139
113_13 DH_Distribu City,"Energy Transport District Heating Distribution, City",Technology-specific data,"Investment costs; single line, 250 kW-1 MW [€/m]",EUR/m,2020,"[B, E, G]","[1, 3]",ctrl,2050,623.2089022618139
113_13 DH_Distribu City,"Energy Transport District Heating Distribution, City",Technology-specific data,"Investment costs; single line, 5 MW-25 MW [€/m]",EUR/m,2020,"[B, E, G]","[1, 3]",Lower,2025,1258.995988463637
113_13 DH_Distribu City,"Energy Transport District Heating Distribution, City",Technology-specific data,"Investment costs; single line, 5 MW-25 MW [€/m]",EUR/m,2020,"[B, E, G]","[1, 3]",Lower,2050,1258.995988463637
113_13 DH_Distribu City,"Energy Transport District Heating Distribution, City",Technology-specific data,"Investment costs; single line, 5 MW-25 MW [€/m]",EUR/m,2020,"[B, E, G]","[1, 3]",Upper,2025,1863.103517742564
113_13 DH_Distribu City,"Energy Transport District Heating Distribution, City",Technology-specific data,"Investment costs; single line, 5 MW-25 MW [€/m]",EUR/m,2020,"[B, E, G]","[1, 3]",Upper,2050,1863.103517742564
113_13 DH_Distribu City,"Energy Transport District Heating Distribution, City",Technology-specific data,"Investment costs; single line, 5 MW-25 MW [€/m]",EUR/m,2020,"[B, E, G]","[1, 3]",ctrl,2020,1390.436432174249
113_13 DH_Distribu City,"Energy Transport District Heating Distribution, City",Technology-specific data,"Investment costs; single line, 5 MW-25 MW [€/m]",EUR/m,2020,"[B, E, G]","[1, 3]",ctrl,2025,1571.301885019303
113_13 DH_Distribu City,"Energy Transport District Heating Distribution, City",Technology-specific data,"Investment costs; single line, 5 MW-25 MW [€/m]",EUR/m,2020,"[B, E, G]","[1, 3]",ctrl,2030,1571.301885019303
113_13 DH_Distribu City,"Energy Transport District Heating Distribution, City",Technology-specific data,"Investment costs; single line, 5 MW-25 MW [€/m]",EUR/m,2020,"[B, E, G]","[1, 3]",ctrl,2035,1571.301885019303
113_13 DH_Distribu City,"Energy Transport District Heating Distribution, City",Technology-specific data,"Investment costs; single line, 5 MW-25 MW [€/m]",EUR/m,2020,"[B, E, G]","[1, 3]",ctrl,2040,1571.301885019303
113_13 DH_Distribu City,"Energy Transport District Heating Distribution, City",Technology-specific data,"Investment costs; single line, 5 MW-25 MW [€/m]",EUR/m,2020,"[B, E, G]","[1, 3]",ctrl,2050,1571.301885019303
113_13 DH_Distribu City,"Energy Transport District Heating Distribution, City",Technology-specific data,"Investment costs; single line, 50-100 kW  [€/m]",EUR/m,2020,"[B, E, G]","[1, 3]",Lower,2025,303.1889632895597
113_13 DH_Distribu City,"Energy Transport District Heating Distribution, City",Technology-specific data,"Investment costs; single line, 50-100 kW  [€/m]",EUR/m,2020,"[B, E, G]","[1, 3]",Lower,2050,303.1889632895597
113_13 DH_Distribu City,"Energy Transport District Heating Distribution, City",Technology-specific data,"Investment costs; single line, 50-100 kW  [€/m]",EUR/m,2020,"[B, E, G]","[1, 3]",Upper,2025,559.8537679913495
113_13 DH_Distribu City,"Energy Transport District Heating Distribution, City",Technology-specific data,"Investment costs; single line, 50-100 kW  [€/m]",EUR/m,2020,"[B, E, G]","[1, 3]",Upper,2050,559.8537679913495
113_13 DH_Distribu City,"Energy Transport District Heating Distribution, City",Technology-specific data,"Investment costs; single line, 50-100 kW  [€/m]",EUR/m,2020,"[B, E, G]","[1, 3]",ctrl,2020,380.206325337061
113_13 DH_Distribu City,"Energy Transport District Heating Distribution, City",Technology-specific data,"Investment costs; single line, 50-100 kW  [€/m]",EUR/m,2020,"[B, E, G]","[1, 3]",ctrl,2025,429.662875536275
113_13 DH_Distribu City,"Energy Transport District Heating Distribution, City",Technology-specific data,"Investment costs; single line, 50-100 kW  [€/m]",EUR/m,2020,"[B, E, G]","[1, 3]",ctrl,2030,429.662875536275
113_13 DH_Distribu City,"Energy Transport District Heating Distribution, City",Technology-specific data,"Investment costs; single line, 50-100 kW  [€/m]",EUR/m,2020,"[B, E, G]","[1, 3]",ctrl,2035,429.662875536275
113_13 DH_Distribu City,"Energy Transport District Heating Distribution, City",Technology-specific data,"Investment costs; single line, 50-100 kW  [€/m]",EUR/m,2020,"[B, E, G]","[1, 3]",ctrl,2040,429.662875536275
113_13 DH_Distribu City,"Energy Transport District Heating Distribution, City",Technology-specific data,"Investment costs; single line, 50-100 kW  [€/m]",EUR/m,2020,"[B, E, G]","[1, 3]",ctrl,2050,429.662875536275
113_13 DH_Distribu City,"Energy Transport District Heating Distribution, City",Technology-specific data,Pumping station above 1 MW [€/MW],EUR/MW,2020,I,1,Lower,2025,61998.70322958441
113_13 DH_Distribu City,"Energy Transport District Heating Distribution, City",Technology-specific data,Pumping station above 1 MW [€/MW],EUR/MW,2020,I,1,Lower,2050,61998.70322958441
113_13 DH_Distribu City,"Energy Transport District Heating Distribution, City",Technology-specific data,Pumping station above 1 MW [€/MW],EUR/MW,2020,I,1,Upper,2025,135269.8979554569
113_13 DH_Distribu City,"Energy Transport District Heating Distribution, City",Technology-specific data,Pumping station above 1 MW [€/MW],EUR/MW,2020,I,1,Upper,2050,143842.3190524768
113_13 DH_Distribu City,"Energy Transport District Heating Distribution, City",Technology-specific data,Pumping station above 1 MW [€/MW],EUR/MW,2020,I,1,ctrl,2020,98736.03391693342
113_13 DH_Distribu City,"Energy Transport District Heating Distribution, City",Technology-specific data,Pumping station above 1 MW [€/MW],EUR/MW,2020,I,1,ctrl,2025,112724.9149628807
113_13 DH_Distribu City,"Energy Transport District Heating Distribution, City",Technology-specific data,Pumping station above 1 MW [€/MW],EUR/MW,2020,I,1,ctrl,2030,112724.9149628807
113_13 DH_Distribu City,"Energy Transport District Heating Distribution, City",Technology-specific data,Pumping station above 1 MW [€/MW],EUR/MW,2020,I,1,ctrl,2035,112724.9149628807
113_13 DH_Distribu City,"Energy Transport District Heating Distribution, City",Technology-specific data,Pumping station above 1 MW [€/MW],EUR/MW,2020,I,1,ctrl,2040,112724.9149628807
113_13 DH_Distribu City,"Energy Transport District Heating Distribution, City",Technology-specific data,Pumping station above 1 MW [€/MW],EUR/MW,2020,I,1,ctrl,2050,112724.9149628807
113_13 DH_Distribu City,"Energy Transport District Heating Distribution, City",Technology-specific data,Pumping station below 1 MW [€/MW],EUR/MW,2020,I,1,Lower,2025,160252.0944513794
113_13 DH_Distribu City,"Energy Transport District Heating Distribution, City",Technology-specific data,Pumping station below 1 MW [€/MW],EUR/MW,2020,I,1,Lower,2050,160252.0944513794
113_13 DH_Distribu City,"Energy Transport District Heating Distribution, City",Technology-specific data,Pumping station below 1 MW [€/MW],EUR/MW,2020,I,1,Upper,2025,349640.933348464
113_13 DH_Distribu City,"Energy Transport District Heating Distribution, City",Technology-specific data,Pumping station below 1 MW [€/MW],EUR/MW,2020,I,1,Upper,2050,349640.933348464
113_13 DH_Distribu City,"Energy Transport District Heating Distribution, City",Technology-specific data,Pumping station below 1 MW [€/MW],EUR/MW,2020,I,1,ctrl,2020,255209.470662941
113_13 DH_Distribu City,"Energy Transport District Heating Distribution, City",Technology-specific data,Pumping station below 1 MW [€/MW],EUR/MW,2020,I,1,ctrl,2025,291367.4444570533
113_13 DH_Distribu City,"Energy Transport District Heating Distribution, City",Technology-specific data,Pumping station below 1 MW [€/MW],EUR/MW,2020,I,1,ctrl,2030,291367.4444570533
113_13 DH_Distribu City,"Energy Transport District Heating Distribution, City",Technology-specific data,Pumping station below 1 MW [€/MW],EUR/MW,2020,I,1,ctrl,2035,291367.4444570533
113_13 DH_Distribu City,"Energy Transport District Heating Distribution, City",Technology-specific data,Pumping station below 1 MW [€/MW],EUR/MW,2020,I,1,ctrl,2040,291367.4444570533
113_13 DH_Distribu City,"Energy Transport District Heating Distribution, City",Technology-specific data,Pumping station below 1 MW [€/MW],EUR/MW,2020,I,1,ctrl,2050,291367.4444570533
113_14 DH_Distribu New area,"Energy Transport District Heating Distribution, New Area",Energy/technical data,- Commercial,,,,,Lower,2025,0.1
113_14 DH_Distribu New area,"Energy Transport District Heating Distribution, New Area",Energy/technical data,- Commercial,,,,,Lower,2050,0.1
113_14 DH_Distribu New area,"Energy Transport District Heating Distribution, New Area",Energy/technical data,- Commercial,,,,,Upper,2025,0.2
113_14 DH_Distribu New area,"Energy Transport District Heating Distribution, New Area",Energy/technical data,- Commercial,,,,,Upper,2050,0.2
113_14 DH_Distribu New area,"Energy Transport District Heating Distribution, New Area",Energy/technical data,- Commercial,,,,,ctrl,2020,0.17
113_14 DH_Distribu New area,"Energy Transport District Heating Distribution, New Area",Energy/technical data,- Commercial,,,,,ctrl,2025,0.17
113_14 DH_Distribu New area,"Energy Transport District Heating Distribution, New Area",Energy/technical data,- Commercial,,,,,ctrl,2030,0.17
113_14 DH_Distribu New area,"Energy Transport District Heating Distribution, New Area",Energy/technical data,- Commercial,,,,,ctrl,2035,0.17
113_14 DH_Distribu New area,"Energy Transport District Heating Distribution, New Area",Energy/technical data,- Commercial,,,,,ctrl,2040,0.17
113_14 DH_Distribu New area,"Energy Transport District Heating Distribution, New Area",Energy/technical data,- Commercial,,,,,ctrl,2050,0.17
113_14 DH_Distribu New area,"Energy Transport District Heating Distribution, New Area",Energy/technical data,- Residential,,,,,Lower,2025,0.1
113_14 DH_Distribu New area,"Energy Transport District Heating Distribution, New Area",Energy/technical data,- Residential,,,,,Lower,2050,0.1
113_14 DH_Distribu New area,"Energy Transport District Heating Distribution, New Area",Energy/technical data,- Residential,,,,,Upper,2025,0.2
113_14 DH_Distribu New area,"Energy Transport District Heating Distribution, New Area",Energy/technical data,- Residential,,,,,Upper,2050,0.2
113_14 DH_Distribu New area,"Energy Transport District Heating Distribution, New Area",Energy/technical data,- Residential,,,,,ctrl,2020,0.17
113_14 DH_Distribu New area,"Energy Transport District Heating Distribution, New Area",Energy/technical data,- Residential,,,,,ctrl,2025,0.17
113_14 DH_Distribu New area,"Energy Transport District Heating Distribution, New Area",Energy/technical data,- Residential,,,,,ctrl,2030,0.17
113_14 DH_Distribu New area,"Energy Transport District Heating Distribution, New Area",Energy/technical data,- Residential,,,,,ctrl,2035,0.17
113_14 DH_Distribu New area,"Energy Transport District Heating Distribution, New Area",Energy/technical data,- Residential,,,,,ctrl,2040,0.17
113_14 DH_Distribu New area,"Energy Transport District Heating Distribution, New Area",Energy/technical data,- Residential,,,,,ctrl,2050,0.17
113_14 DH_Distribu New area,"Energy Transport District Heating Distribution, New Area",Energy/technical data,Auxiliary electricity consumption [%] of energy delivered,pct.,,,4,Lower,2025,0.5
113_14 DH_Distribu New area,"Energy Transport District Heating Distribution, New Area",Energy/technical data,Auxiliary electricity consumption [%] of energy delivered,pct.,,,4,Lower,2050,0.5
113_14 DH_Distribu New area,"Energy Transport District Heating Distribution, New Area",Energy/technical data,Auxiliary electricity consumption [%] of energy delivered,pct.,,,4,Upper,2025,3
113_14 DH_Distribu New area,"Energy Transport District Heating Distribution, New Area",Energy/technical data,Auxiliary electricity consumption [%] of energy delivered,pct.,,,4,Upper,2050,3
113_14 DH_Distribu New area,"Energy Transport District Heating Distribution, New Area",Energy/technical data,Auxiliary electricity consumption [%] of energy delivered,pct.,,,4,ctrl,2020,2
113_14 DH_Distribu New area,"Energy Transport District Heating Distribution, New Area",Energy/technical data,Auxiliary electricity consumption [%] of energy delivered,pct.,,,4,ctrl,2025,2
113_14 DH_Distribu New area,"Energy Transport District Heating Distribution, New Area",Energy/technical data,Auxiliary electricity consumption [%] of energy delivered,pct.,,,4,ctrl,2030,2
113_14 DH_Distribu New area,"Energy Transport District Heating Distribution, New Area",Energy/technical data,Auxiliary electricity consumption [%] of energy delivered,pct.,,,4,ctrl,2035,2
113_14 DH_Distribu New area,"Energy Transport District Heating Distribution, New Area",Energy/technical data,Auxiliary electricity consumption [%] of energy delivered,pct.,,,4,ctrl,2040,2
113_14 DH_Distribu New area,"Energy Transport District Heating Distribution, New Area",Energy/technical data,Auxiliary electricity consumption [%] of energy delivered,pct.,,,4,ctrl,2050,2
113_14 DH_Distribu New area,"Energy Transport District Heating Distribution, New Area",Energy/technical data,Construction time [years],years,,,,Lower,2025,0.5
113_14 DH_Distribu New area,"Energy Transport District Heating Distribution, New Area",Energy/technical data,Construction time [years],years,,,,Lower,2050,0.5
113_14 DH_Distribu New area,"Energy Transport District Heating Distribution, New Area",Energy/technical data,Construction time [years],years,,,,Upper,2025,2
113_14 DH_Distribu New area,"Energy Transport District Heating Distribution, New Area",Energy/technical data,Construction time [years],years,,,,Upper,2050,2
113_14 DH_Distribu New area,"Energy Transport District Heating Distribution, New Area",Energy/technical data,Construction time [years],years,,,,ctrl,2020,1
113_14 DH_Distribu New area,"Energy Transport District Heating Distribution, New Area",Energy/technical data,Construction time [years],years,,,,ctrl,2025,1
113_14 DH_Distribu New area,"Energy Transport District Heating Distribution, New Area",Energy/technical data,Construction time [years],years,,,,ctrl,2030,1
113_14 DH_Distribu New area,"Energy Transport District Heating Distribution, New Area",Energy/technical data,Construction time [years],years,,,,ctrl,2035,1
113_14 DH_Distribu New area,"Energy Transport District Heating Distribution, New Area",Energy/technical data,Construction time [years],years,,,,ctrl,2040,1
113_14 DH_Distribu New area,"Energy Transport District Heating Distribution, New Area",Energy/technical data,Construction time [years],years,,,,ctrl,2050,1
113_14 DH_Distribu New area,"Energy Transport District Heating Distribution, New Area",Energy/technical data,"Energy losses, network [%]",pct.,,"[A, B]",2,Lower,2025,12
113_14 DH_Distribu New area,"Energy Transport District Heating Distribution, New Area",Energy/technical data,"Energy losses, network [%]",pct.,,"[A, B]",2,Lower,2050,10
113_14 DH_Distribu New area,"Energy Transport District Heating Distribution, New Area",Energy/technical data,"Energy losses, network [%]",pct.,,"[A, B]",2,Upper,2025,24
113_14 DH_Distribu New area,"Energy Transport District Heating Distribution, New Area",Energy/technical data,"Energy losses, network [%]",pct.,,"[A, B]",2,Upper,2050,20
113_14 DH_Distribu New area,"Energy Transport District Heating Distribution, New Area",Energy/technical data,"Energy losses, network [%]",pct.,,"[A, B]",2,ctrl,2020,18
113_14 DH_Distribu New area,"Energy Transport District Heating Distribution, New Area",Energy/technical data,"Energy losses, network [%]",pct.,,"[A, B]",2,ctrl,2025,18
113_14 DH_Distribu New area,"Energy Transport District Heating Distribution, New Area",Energy/technical data,"Energy losses, network [%]",pct.,,"[A, B]",2,ctrl,2030,18
113_14 DH_Distribu New area,"Energy Transport District Heating Distribution, New Area",Energy/technical data,"Energy losses, network [%]",pct.,,"[A, B]",2,ctrl,2035,18
113_14 DH_Distribu New area,"Energy Transport District Heating Distribution, New Area",Energy/technical data,"Energy losses, network [%]",pct.,,"[A, B]",2,ctrl,2040,18
113_14 DH_Distribu New area,"Energy Transport District Heating Distribution, New Area",Energy/technical data,"Energy losses, network [%]",pct.,,"[A, B]",2,ctrl,2050,18
113_14 DH_Distribu New area,"Energy Transport District Heating Distribution, New Area",Energy/technical data,Technical life time [years],years,,C,2,Lower,2025,30
113_14 DH_Distribu New area,"Energy Transport District Heating Distribution, New Area",Energy/technical data,Technical life time [years],years,,C,2,Lower,2050,30
113_14 DH_Distribu New area,"Energy Transport District Heating Distribution, New Area",Energy/technical data,Technical life time [years],years,,C,2,Upper,2025,60
113_14 DH_Distribu New area,"Energy Transport District Heating Distribution, New Area",Energy/technical data,Technical life time [years],years,,C,2,Upper,2050,60
113_14 DH_Distribu New area,"Energy Transport District Heating Distribution, New Area",Energy/technical data,Technical life time [years],years,,C,2,ctrl,2020,45
113_14 DH_Distribu New area,"Energy Transport District Heating Distribution, New Area",Energy/technical data,Technical life time [years],years,,C,2,ctrl,2025,45
113_14 DH_Distribu New area,"Energy Transport District Heating Distribution, New Area",Energy/technical data,Technical life time [years],years,,C,2,ctrl,2030,45
113_14 DH_Distribu New area,"Energy Transport District Heating Distribution, New Area",Energy/technical data,Technical life time [years],years,,C,2,ctrl,2035,45
113_14 DH_Distribu New area,"Energy Transport District Heating Distribution, New Area",Energy/technical data,Technical life time [years],years,,C,2,ctrl,2040,45
113_14 DH_Distribu New area,"Energy Transport District Heating Distribution, New Area",Energy/technical data,Technical life time [years],years,,C,2,ctrl,2050,45
113_14 DH_Distribu New area,"Energy Transport District Heating Distribution, New Area",Financial data,Fixed O&M [€/MW/year],EUR/MW/year,2020,M,1,Lower,2025,750
113_14 DH_Distribu New area,"Energy Transport District Heating Distribution, New Area",Financial data,Fixed O&M [€/MW/year],EUR/MW/year,2020,M,1,Lower,2050,750
113_14 DH_Distribu New area,"Energy Transport District Heating Distribution, New Area",Financial data,Fixed O&M [€/MW/year],EUR/MW/year,2020,M,1,Upper,2025,2000
113_14 DH_Distribu New area,"Energy Transport District Heating Distribution, New Area",Financial data,Fixed O&M [€/MW/year],EUR/MW/year,2020,M,1,Upper,2050,2000
113_14 DH_Distribu New area,"Energy Transport District Heating Distribution, New Area",Financial data,Fixed O&M [€/MW/year],EUR/MW/year,2020,M,1,ctrl,2020,1000
113_14 DH_Distribu New area,"Energy Transport District Heating Distribution, New Area",Financial data,Fixed O&M [€/MW/year],EUR/MW/year,2020,M,1,ctrl,2025,1000
113_14 DH_Distribu New area,"Energy Transport District Heating Distribution, New Area",Financial data,Fixed O&M [€/MW/year],EUR/MW/year,2020,M,1,ctrl,2030,1000
113_14 DH_Distribu New area,"Energy Transport District Heating Distribution, New Area",Financial data,Fixed O&M [€/MW/year],EUR/MW/year,2020,M,1,ctrl,2035,1000
113_14 DH_Distribu New area,"Energy Transport District Heating Distribution, New Area",Financial data,Fixed O&M [€/MW/year],EUR/MW/year,2020,M,1,ctrl,2040,999.9999999999999
113_14 DH_Distribu New area,"Energy Transport District Heating Distribution, New Area",Financial data,Fixed O&M [€/MW/year],EUR/MW/year,2020,M,1,ctrl,2050,999.9999999999999
113_14 DH_Distribu New area,"Energy Transport District Heating Distribution, New Area",Financial data,"Investment, percentage soft costs",,,H,2,Lower,2025,0.1
113_14 DH_Distribu New area,"Energy Transport District Heating Distribution, New Area",Financial data,"Investment, percentage soft costs",,,H,2,Lower,2050,0.1
113_14 DH_Distribu New area,"Energy Transport District Heating Distribution, New Area",Financial data,"Investment, percentage soft costs",,,H,2,Upper,2025,0.2
113_14 DH_Distribu New area,"Energy Transport District Heating Distribution, New Area",Financial data,"Investment, percentage soft costs",,,H,2,Upper,2050,0.2
113_14 DH_Distribu New area,"Energy Transport District Heating Distribution, New Area",Financial data,"Investment, percentage soft costs",,,H,2,ctrl,2020,0.15
113_14 DH_Distribu New area,"Energy Transport District Heating Distribution, New Area",Financial data,"Investment, percentage soft costs",,,H,2,ctrl,2025,0.15
113_14 DH_Distribu New area,"Energy Transport District Heating Distribution, New Area",Financial data,"Investment, percentage soft costs",,,H,2,ctrl,2030,0.15
113_14 DH_Distribu New area,"Energy Transport District Heating Distribution, New Area",Financial data,"Investment, percentage soft costs",,,H,2,ctrl,2035,0.15
113_14 DH_Distribu New area,"Energy Transport District Heating Distribution, New Area",Financial data,"Investment, percentage soft costs",,,H,2,ctrl,2040,0.15
113_14 DH_Distribu New area,"Energy Transport District Heating Distribution, New Area",Financial data,"Investment, percentage soft costs",,,H,2,ctrl,2050,0.15
113_14 DH_Distribu New area,"Energy Transport District Heating Distribution, New Area",Financial data,"Investments cost, distribution network  [M€/km2] ",MEUR/km2,2020,"[D, E]","[1, 3]",Lower,2025,3.996461709576933
113_14 DH_Distribu New area,"Energy Transport District Heating Distribution, New Area",Financial data,"Investments cost, distribution network  [M€/km2] ",MEUR/km2,2020,"[D, E]","[1, 3]",Lower,2050,3.996461709576933
113_14 DH_Distribu New area,"Energy Transport District Heating Distribution, New Area",Financial data,"Investments cost, distribution network  [M€/km2] ",MEUR/km2,2020,"[D, E]","[1, 3]",Upper,2025,6.619088739427842
113_14 DH_Distribu New area,"Energy Transport District Heating Distribution, New Area",Financial data,"Investments cost, distribution network  [M€/km2] ",MEUR/km2,2020,"[D, E]","[1, 3]",Upper,2050,6.619088739427842
113_14 DH_Distribu New area,"Energy Transport District Heating Distribution, New Area",Financial data,"Investments cost, distribution network  [M€/km2] ",MEUR/km2,2020,"[D, E]","[1, 3]",ctrl,2020,4.719705602994853
113_14 DH_Distribu New area,"Energy Transport District Heating Distribution, New Area",Financial data,"Investments cost, distribution network  [M€/km2] ",MEUR/km2,2020,"[D, E]","[1, 3]",ctrl,2025,5.333636359862441
113_14 DH_Distribu New area,"Energy Transport District Heating Distribution, New Area",Financial data,"Investments cost, distribution network  [M€/km2] ",MEUR/km2,2020,"[D, E]","[1, 3]",ctrl,2030,5.333636359862441
113_14 DH_Distribu New area,"Energy Transport District Heating Distribution, New Area",Financial data,"Investments cost, distribution network  [M€/km2] ",MEUR/km2,2020,"[D, E]","[1, 3]",ctrl,2035,5.333636359862441
113_14 DH_Distribu New area,"Energy Transport District Heating Distribution, New Area",Financial data,"Investments cost, distribution network  [M€/km2] ",MEUR/km2,2020,"[D, E]","[1, 3]",ctrl,2040,5.333636359862441
113_14 DH_Distribu New area,"Energy Transport District Heating Distribution, New Area",Financial data,"Investments cost, distribution network  [M€/km2] ",MEUR/km2,2020,"[D, E]","[1, 3]",ctrl,2050,5.333636359862441
113_14 DH_Distribu New area,"Energy Transport District Heating Distribution, New Area",Financial data,"Investments, percentage installation",,,E,2,Lower,2025,0.5
113_14 DH_Distribu New area,"Energy Transport District Heating Distribution, New Area",Financial data,"Investments, percentage installation",,,E,2,Lower,2050,0.5
113_14 DH_Distribu New area,"Energy Transport District Heating Distribution, New Area",Financial data,"Investments, percentage installation",,,E,2,Upper,2025,0.7
113_14 DH_Distribu New area,"Energy Transport District Heating Distribution, New Area",Financial data,"Investments, percentage installation",,,E,2,Upper,2050,0.7
113_14 DH_Distribu New area,"Energy Transport District Heating Distribution, New Area",Financial data,"Investments, percentage installation",,,E,2,ctrl,2020,0.6
113_14 DH_Distribu New area,"Energy Transport District Heating Distribution, New Area",Financial data,"Investments, percentage installation",,,E,2,ctrl,2025,0.6
113_14 DH_Distribu New area,"Energy Transport District Heating Distribution, New Area",Financial data,"Investments, percentage installation",,,E,2,ctrl,2030,0.6
113_14 DH_Distribu New area,"Energy Transport District Heating Distribution, New Area",Financial data,"Investments, percentage installation",,,E,2,ctrl,2035,0.6
113_14 DH_Distribu New area,"Energy Transport District Heating Distribution, New Area",Financial data,"Investments, percentage installation",,,E,2,ctrl,2040,0.6
113_14 DH_Distribu New area,"Energy Transport District Heating Distribution, New Area",Financial data,"Investments, percentage installation",,,E,2,ctrl,2050,0.6
113_14 DH_Distribu New area,"Energy Transport District Heating Distribution, New Area",Financial data,"Investments, percentage materials",,,E,2,Lower,2025,0.2
113_14 DH_Distribu New area,"Energy Transport District Heating Distribution, New Area",Financial data,"Investments, percentage materials",,,E,2,Lower,2050,0.2
113_14 DH_Distribu New area,"Energy Transport District Heating Distribution, New Area",Financial data,"Investments, percentage materials",,,E,2,Upper,2025,0.3
113_14 DH_Distribu New area,"Energy Transport District Heating Distribution, New Area",Financial data,"Investments, percentage materials",,,E,2,Upper,2050,0.3
113_14 DH_Distribu New area,"Energy Transport District Heating Distribution, New Area",Financial data,"Investments, percentage materials",,,E,2,ctrl,2020,0.25
113_14 DH_Distribu New area,"Energy Transport District Heating Distribution, New Area",Financial data,"Investments, percentage materials",,,E,2,ctrl,2025,0.25
113_14 DH_Distribu New area,"Energy Transport District Heating Distribution, New Area",Financial data,"Investments, percentage materials",,,E,2,ctrl,2030,0.25
113_14 DH_Distribu New area,"Energy Transport District Heating Distribution, New Area",Financial data,"Investments, percentage materials",,,E,2,ctrl,2035,0.25
113_14 DH_Distribu New area,"Energy Transport District Heating Distribution, New Area",Financial data,"Investments, percentage materials",,,E,2,ctrl,2040,0.25
113_14 DH_Distribu New area,"Energy Transport District Heating Distribution, New Area",Financial data,"Investments, percentage materials",,,E,2,ctrl,2050,0.25
113_14 DH_Distribu New area,"Energy Transport District Heating Distribution, New Area",Financial data,Variable O&M [€/MWh],EUR/MWh,2020,M,"[1, 4]",Lower,2025,1.312073000815712
113_14 DH_Distribu New area,"Energy Transport District Heating Distribution, New Area",Financial data,Variable O&M [€/MWh],EUR/MWh,2020,M,"[1, 4]",Lower,2050,1.312073000815712
113_14 DH_Distribu New area,"Energy Transport District Heating Distribution, New Area",Financial data,Variable O&M [€/MWh],EUR/MWh,2020,M,"[1, 4]",Upper,2025,2.624146001631424
113_14 DH_Distribu New area,"Energy Transport District Heating Distribution, New Area",Financial data,Variable O&M [€/MWh],EUR/MWh,2020,M,"[1, 4]",Upper,2050,2.624146001631424
113_14 DH_Distribu New area,"Energy Transport District Heating Distribution, New Area",Financial data,Variable O&M [€/MWh],EUR/MWh,2020,M,"[1, 4]",ctrl,2020,1.595059077
113_14 DH_Distribu New area,"Energy Transport District Heating Distribution, New Area",Financial data,Variable O&M [€/MWh],EUR/MWh,2020,M,"[1, 4]",ctrl,2025,1.749430667754282
113_14 DH_Distribu New area,"Energy Transport District Heating Distribution, New Area",Financial data,Variable O&M [€/MWh],EUR/MWh,2020,M,"[1, 4]",ctrl,2030,1.749430667754282
113_14 DH_Distribu New area,"Energy Transport District Heating Distribution, New Area",Financial data,Variable O&M [€/MWh],EUR/MWh,2020,M,"[1, 4]",ctrl,2035,1.749430667754282
113_14 DH_Distribu New area,"Energy Transport District Heating Distribution, New Area",Financial data,Variable O&M [€/MWh],EUR/MWh,2020,M,"[1, 4]",ctrl,2040,1.749430667754282
113_14 DH_Distribu New area,"Energy Transport District Heating Distribution, New Area",Financial data,Variable O&M [€/MWh],EUR/MWh,2020,M,"[1, 4]",ctrl,2050,1.749430667754282
113_14 DH_Distribu New area,"Energy Transport District Heating Distribution, New Area",Technology-specific data,"Investment costs; service line, 0-20 kW [€/unit]",EUR/unit,2020,"[B, E, F, J]","[1, 3]",Lower,2025,2706.754669819054
113_14 DH_Distribu New area,"Energy Transport District Heating Distribution, New Area",Technology-specific data,"Investment costs; service line, 0-20 kW [€/unit]",EUR/unit,2020,"[B, E, F, J]","[1, 3]",Lower,2050,2706.754669819054
113_14 DH_Distribu New area,"Energy Transport District Heating Distribution, New Area",Technology-specific data,"Investment costs; service line, 0-20 kW [€/unit]",EUR/unit,2020,"[B, E, F, J]","[1, 3]",Upper,2025,5231.355296659193
113_14 DH_Distribu New area,"Energy Transport District Heating Distribution, New Area",Technology-specific data,"Investment costs; service line, 0-20 kW [€/unit]",EUR/unit,2020,"[B, E, F, J]","[1, 3]",Upper,2050,5231.355296659193
113_14 DH_Distribu New area,"Energy Transport District Heating Distribution, New Area",Technology-specific data,"Investment costs; service line, 0-20 kW [€/unit]",EUR/unit,2020,"[B, E, F, J]","[1, 3]",ctrl,2020,3504.378505552409
113_14 DH_Distribu New area,"Energy Transport District Heating Distribution, New Area",Technology-specific data,"Investment costs; service line, 0-20 kW [€/unit]",EUR/unit,2020,"[B, E, F, J]","[1, 3]",ctrl,2025,3960.221714692215
113_14 DH_Distribu New area,"Energy Transport District Heating Distribution, New Area",Technology-specific data,"Investment costs; service line, 0-20 kW [€/unit]",EUR/unit,2020,"[B, E, F, J]","[1, 3]",ctrl,2030,3960.221714692215
113_14 DH_Distribu New area,"Energy Transport District Heating Distribution, New Area",Technology-specific data,"Investment costs; service line, 0-20 kW [€/unit]",EUR/unit,2020,"[B, E, F, J]","[1, 3]",ctrl,2035,3960.221714692215
113_14 DH_Distribu New area,"Energy Transport District Heating Distribution, New Area",Technology-specific data,"Investment costs; service line, 0-20 kW [€/unit]",EUR/unit,2020,"[B, E, F, J]","[1, 3]",ctrl,2040,3960.221714692215
113_14 DH_Distribu New area,"Energy Transport District Heating Distribution, New Area",Technology-specific data,"Investment costs; service line, 0-20 kW [€/unit]",EUR/unit,2020,"[B, E, F, J]","[1, 3]",ctrl,2050,3960.221714692215
113_14 DH_Distribu New area,"Energy Transport District Heating Distribution, New Area",Technology-specific data,"Investment costs; service line, 20-50 kW [€/unit]",EUR/unit,2020,"[B, E, F, J]","[1, 3]",Lower,2025,2951.191946524457
113_14 DH_Distribu New area,"Energy Transport District Heating Distribution, New Area",Technology-specific data,"Investment costs; service line, 20-50 kW [€/unit]",EUR/unit,2020,"[B, E, F, J]","[1, 3]",Lower,2050,2951.191946524457
113_14 DH_Distribu New area,"Energy Transport District Heating Distribution, New Area",Technology-specific data,"Investment costs; service line, 20-50 kW [€/unit]",EUR/unit,2020,"[B, E, F, J]","[1, 3]",Upper,2025,5592.535821054148
113_14 DH_Distribu New area,"Energy Transport District Heating Distribution, New Area",Technology-specific data,"Investment costs; service line, 20-50 kW [€/unit]",EUR/unit,2020,"[B, E, F, J]","[1, 3]",Upper,2050,5592.535821054148
113_14 DH_Distribu New area,"Energy Transport District Heating Distribution, New Area",Technology-specific data,"Investment costs; service line, 20-50 kW [€/unit]",EUR/unit,2020,"[B, E, F, J]","[1, 3]",ctrl,2020,3783.95910521813
113_14 DH_Distribu New area,"Energy Transport District Heating Distribution, New Area",Technology-specific data,"Investment costs; service line, 20-50 kW [€/unit]",EUR/unit,2020,"[B, E, F, J]","[1, 3]",ctrl,2025,4276.169652407444
113_14 DH_Distribu New area,"Energy Transport District Heating Distribution, New Area",Technology-specific data,"Investment costs; service line, 20-50 kW [€/unit]",EUR/unit,2020,"[B, E, F, J]","[1, 3]",ctrl,2030,4276.169652407444
113_14 DH_Distribu New area,"Energy Transport District Heating Distribution, New Area",Technology-specific data,"Investment costs; service line, 20-50 kW [€/unit]",EUR/unit,2020,"[B, E, F, J]","[1, 3]",ctrl,2035,4276.169652407444
113_14 DH_Distribu New area,"Energy Transport District Heating Distribution, New Area",Technology-specific data,"Investment costs; service line, 20-50 kW [€/unit]",EUR/unit,2020,"[B, E, F, J]","[1, 3]",ctrl,2040,4276.169652407444
113_14 DH_Distribu New area,"Energy Transport District Heating Distribution, New Area",Technology-specific data,"Investment costs; service line, 20-50 kW [€/unit]",EUR/unit,2020,"[B, E, F, J]","[1, 3]",ctrl,2050,4276.169652407444
113_14 DH_Distribu New area,"Energy Transport District Heating Distribution, New Area",Technology-specific data,"Investment costs; service line, 50-100 kW [€/unit]",EUR/unit,2020,"[B, E, F, J]","[1, 3]",Lower,2025,3295.676164236156
113_14 DH_Distribu New area,"Energy Transport District Heating Distribution, New Area",Technology-specific data,"Investment costs; service line, 50-100 kW [€/unit]",EUR/unit,2020,"[B, E, F, J]","[1, 3]",Lower,2050,3295.676164236156
113_14 DH_Distribu New area,"Energy Transport District Heating Distribution, New Area",Technology-specific data,"Investment costs; service line, 50-100 kW [€/unit]",EUR/unit,2020,"[B, E, F, J]","[1, 3]",Upper,2025,6066.174470463307
113_14 DH_Distribu New area,"Energy Transport District Heating Distribution, New Area",Technology-specific data,"Investment costs; service line, 50-100 kW [€/unit]",EUR/unit,2020,"[B, E, F, J]","[1, 3]",Upper,2050,6066.174470463307
113_14 DH_Distribu New area,"Energy Transport District Heating Distribution, New Area",Technology-specific data,"Investment costs; service line, 50-100 kW [€/unit]",EUR/unit,2020,"[B, E, F, J]","[1, 3]",ctrl,2020,4153.751838341154
113_14 DH_Distribu New area,"Energy Transport District Heating Distribution, New Area",Technology-specific data,"Investment costs; service line, 50-100 kW [€/unit]",EUR/unit,2020,"[B, E, F, J]","[1, 3]",ctrl,2025,4694.064354514782
113_14 DH_Distribu New area,"Energy Transport District Heating Distribution, New Area",Technology-specific data,"Investment costs; service line, 50-100 kW [€/unit]",EUR/unit,2020,"[B, E, F, J]","[1, 3]",ctrl,2030,4694.064354514782
113_14 DH_Distribu New area,"Energy Transport District Heating Distribution, New Area",Technology-specific data,"Investment costs; service line, 50-100 kW [€/unit]",EUR/unit,2020,"[B, E, F, J]","[1, 3]",ctrl,2035,4694.064354514782
113_14 DH_Distribu New area,"Energy Transport District Heating Distribution, New Area",Technology-specific data,"Investment costs; service line, 50-100 kW [€/unit]",EUR/unit,2020,"[B, E, F, J]","[1, 3]",ctrl,2040,4694.064354514782
113_14 DH_Distribu New area,"Energy Transport District Heating Distribution, New Area",Technology-specific data,"Investment costs; service line, 50-100 kW [€/unit]",EUR/unit,2020,"[B, E, F, J]","[1, 3]",ctrl,2050,4694.064354514782
113_14 DH_Distribu New area,"Energy Transport District Heating Distribution, New Area",Technology-specific data,"Investment costs; single line, 0-50 kW [€/m]",EUR/m,2020,"[B, E, G]","[1, 3]",Lower,2025,188.8113656253649
113_14 DH_Distribu New area,"Energy Transport District Heating Distribution, New Area",Technology-specific data,"Investment costs; single line, 0-50 kW [€/m]",EUR/m,2020,"[B, E, G]","[1, 3]",Lower,2050,188.8113656253649
113_14 DH_Distribu New area,"Energy Transport District Heating Distribution, New Area",Technology-specific data,"Investment costs; single line, 0-50 kW [€/m]",EUR/m,2020,"[B, E, G]","[1, 3]",Upper,2025,361.0718137543749
113_14 DH_Distribu New area,"Energy Transport District Heating Distribution, New Area",Technology-specific data,"Investment costs; single line, 0-50 kW [€/m]",EUR/m,2020,"[B, E, G]","[1, 3]",Upper,2050,361.0718137543749
113_14 DH_Distribu New area,"Energy Transport District Heating Distribution, New Area",Technology-specific data,"Investment costs; single line, 0-50 kW [€/m]",EUR/m,2020,"[B, E, G]","[1, 3]",ctrl,2020,242.6775939932649
113_14 DH_Distribu New area,"Energy Transport District Heating Distribution, New Area",Technology-specific data,"Investment costs; single line, 0-50 kW [€/m]",EUR/m,2020,"[B, E, G]","[1, 3]",ctrl,2025,274.2446559008025
113_14 DH_Distribu New area,"Energy Transport District Heating Distribution, New Area",Technology-specific data,"Investment costs; single line, 0-50 kW [€/m]",EUR/m,2020,"[B, E, G]","[1, 3]",ctrl,2030,274.2446559008025
113_14 DH_Distribu New area,"Energy Transport District Heating Distribution, New Area",Technology-specific data,"Investment costs; single line, 0-50 kW [€/m]",EUR/m,2020,"[B, E, G]","[1, 3]",ctrl,2035,274.2446559008025
113_14 DH_Distribu New area,"Energy Transport District Heating Distribution, New Area",Technology-specific data,"Investment costs; single line, 0-50 kW [€/m]",EUR/m,2020,"[B, E, G]","[1, 3]",ctrl,2040,274.2446559008025
113_14 DH_Distribu New area,"Energy Transport District Heating Distribution, New Area",Technology-specific data,"Investment costs; single line, 0-50 kW [€/m]",EUR/m,2020,"[B, E, G]","[1, 3]",ctrl,2050,274.2446559008025
113_14 DH_Distribu New area,"Energy Transport District Heating Distribution, New Area",Technology-specific data,"Investment costs; single line, 1 MW-5 MW [€/m]",EUR/m,2020,"[B, E, G]","[1, 3]",Lower,2025,501.7081715668314
113_14 DH_Distribu New area,"Energy Transport District Heating Distribution, New Area",Technology-specific data,"Investment costs; single line, 1 MW-5 MW [€/m]",EUR/m,2020,"[B, E, G]","[1, 3]",Lower,2050,501.7081715668314
113_14 DH_Distribu New area,"Energy Transport District Heating Distribution, New Area",Technology-specific data,"Investment costs; single line, 1 MW-5 MW [€/m]",EUR/m,2020,"[B, E, G]","[1, 3]",Upper,2025,752.3790655492479
113_14 DH_Distribu New area,"Energy Transport District Heating Distribution, New Area",Technology-specific data,"Investment costs; single line, 1 MW-5 MW [€/m]",EUR/m,2020,"[B, E, G]","[1, 3]",Upper,2050,752.3790655492479
113_14 DH_Distribu New area,"Energy Transport District Heating Distribution, New Area",Technology-specific data,"Investment costs; single line, 1 MW-5 MW [€/m]",EUR/m,2020,"[B, E, G]","[1, 3]",ctrl,2020,561.6715053373962
113_14 DH_Distribu New area,"Energy Transport District Heating Distribution, New Area",Technology-specific data,"Investment costs; single line, 1 MW-5 MW [€/m]",EUR/m,2020,"[B, E, G]","[1, 3]",ctrl,2025,634.7327174951921
113_14 DH_Distribu New area,"Energy Transport District Heating Distribution, New Area",Technology-specific data,"Investment costs; single line, 1 MW-5 MW [€/m]",EUR/m,2020,"[B, E, G]","[1, 3]",ctrl,2030,634.7327174951921
113_14 DH_Distribu New area,"Energy Transport District Heating Distribution, New Area",Technology-specific data,"Investment costs; single line, 1 MW-5 MW [€/m]",EUR/m,2020,"[B, E, G]","[1, 3]",ctrl,2035,634.7327174951921
113_14 DH_Distribu New area,"Energy Transport District Heating Distribution, New Area",Technology-specific data,"Investment costs; single line, 1 MW-5 MW [€/m]",EUR/m,2020,"[B, E, G]","[1, 3]",ctrl,2040,634.7327174951921
113_14 DH_Distribu New area,"Energy Transport District Heating Distribution, New Area",Technology-specific data,"Investment costs; single line, 1 MW-5 MW [€/m]",EUR/m,2020,"[B, E, G]","[1, 3]",ctrl,2050,634.7327174951921
113_14 DH_Distribu New area,"Energy Transport District Heating Distribution, New Area",Technology-specific data,"Investment costs; single line, 100-250 kW  [€/m]",EUR/m,2020,"[B, E, G]","[1, 3]",Lower,2025,267.928867337189
113_14 DH_Distribu New area,"Energy Transport District Heating Distribution, New Area",Technology-specific data,"Investment costs; single line, 100-250 kW  [€/m]",EUR/m,2020,"[B, E, G]","[1, 3]",Lower,2050,267.928867337189
113_14 DH_Distribu New area,"Energy Transport District Heating Distribution, New Area",Technology-specific data,"Investment costs; single line, 100-250 kW  [€/m]",EUR/m,2020,"[B, E, G]","[1, 3]",Upper,2025,450.6415194662595
113_14 DH_Distribu New area,"Energy Transport District Heating Distribution, New Area",Technology-specific data,"Investment costs; single line, 100-250 kW  [€/m]",EUR/m,2020,"[B, E, G]","[1, 3]",Upper,2050,450.6415194662595
113_14 DH_Distribu New area,"Energy Transport District Heating Distribution, New Area",Technology-specific data,"Investment costs; single line, 100-250 kW  [€/m]",EUR/m,2020,"[B, E, G]","[1, 3]",ctrl,2020,317.9294998684427
113_14 DH_Distribu New area,"Energy Transport District Heating Distribution, New Area",Technology-specific data,"Investment costs; single line, 100-250 kW  [€/m]",EUR/m,2020,"[B, E, G]","[1, 3]",ctrl,2025,359.2851934017243
113_14 DH_Distribu New area,"Energy Transport District Heating Distribution, New Area",Technology-specific data,"Investment costs; single line, 100-250 kW  [€/m]",EUR/m,2020,"[B, E, G]","[1, 3]",ctrl,2030,359.2851934017243
113_14 DH_Distribu New area,"Energy Transport District Heating Distribution, New Area",Technology-specific data,"Investment costs; single line, 100-250 kW  [€/m]",EUR/m,2020,"[B, E, G]","[1, 3]",ctrl,2035,359.2851934017243
113_14 DH_Distribu New area,"Energy Transport District Heating Distribution, New Area",Technology-specific data,"Investment costs; single line, 100-250 kW  [€/m]",EUR/m,2020,"[B, E, G]","[1, 3]",ctrl,2040,359.2851934017243
113_14 DH_Distribu New area,"Energy Transport District Heating Distribution, New Area",Technology-specific data,"Investment costs; single line, 100-250 kW  [€/m]",EUR/m,2020,"[B, E, G]","[1, 3]",ctrl,2050,359.2851934017243
113_14 DH_Distribu New area,"Energy Transport District Heating Distribution, New Area",Technology-specific data,"Investment costs; single line, 250 kW-1 MW [€/m]",EUR/m,2020,"[B, E, G]","[1, 3]",Lower,2025,354.362618186537
113_14 DH_Distribu New area,"Energy Transport District Heating Distribution, New Area",Technology-specific data,"Investment costs; single line, 250 kW-1 MW [€/m]",EUR/m,2020,"[B, E, G]","[1, 3]",Lower,2050,354.362618186537
113_14 DH_Distribu New area,"Energy Transport District Heating Distribution, New Area",Technology-specific data,"Investment costs; single line, 250 kW-1 MW [€/m]",EUR/m,2020,"[B, E, G]","[1, 3]",Upper,2025,543.4908458703424
113_14 DH_Distribu New area,"Energy Transport District Heating Distribution, New Area",Technology-specific data,"Investment costs; single line, 250 kW-1 MW [€/m]",EUR/m,2020,"[B, E, G]","[1, 3]",Upper,2050,543.4908458703424
113_14 DH_Distribu New area,"Energy Transport District Heating Distribution, New Area",Technology-specific data,"Investment costs; single line, 250 kW-1 MW [€/m]",EUR/m,2020,"[B, E, G]","[1, 3]",ctrl,2020,400.139941355191
113_14 DH_Distribu New area,"Energy Transport District Heating Distribution, New Area",Technology-specific data,"Investment costs; single line, 250 kW-1 MW [€/m]",EUR/m,2020,"[B, E, G]","[1, 3]",ctrl,2025,452.1894202238014
113_14 DH_Distribu New area,"Energy Transport District Heating Distribution, New Area",Technology-specific data,"Investment costs; single line, 250 kW-1 MW [€/m]",EUR/m,2020,"[B, E, G]","[1, 3]",ctrl,2030,452.1894202238014
113_14 DH_Distribu New area,"Energy Transport District Heating Distribution, New Area",Technology-specific data,"Investment costs; single line, 250 kW-1 MW [€/m]",EUR/m,2020,"[B, E, G]","[1, 3]",ctrl,2035,452.1894202238014
113_14 DH_Distribu New area,"Energy Transport District Heating Distribution, New Area",Technology-specific data,"Investment costs; single line, 250 kW-1 MW [€/m]",EUR/m,2020,"[B, E, G]","[1, 3]",ctrl,2040,452.1894202238014
113_14 DH_Distribu New area,"Energy Transport District Heating Distribution, New Area",Technology-specific data,"Investment costs; single line, 250 kW-1 MW [€/m]",EUR/m,2020,"[B, E, G]","[1, 3]",ctrl,2050,452.1894202238014
113_14 DH_Distribu New area,"Energy Transport District Heating Distribution, New Area",Technology-specific data,"Investment costs; single line, 5 MW-25 MW [€/m]",EUR/m,2020,"[B, E, G]","[1, 3]",Lower,2025,916.2945289591171
113_14 DH_Distribu New area,"Energy Transport District Heating Distribution, New Area",Technology-specific data,"Investment costs; single line, 5 MW-25 MW [€/m]",EUR/m,2020,"[B, E, G]","[1, 3]",Lower,2050,916.2945289591171
113_14 DH_Distribu New area,"Energy Transport District Heating Distribution, New Area",Technology-specific data,"Investment costs; single line, 5 MW-25 MW [€/m]",EUR/m,2020,"[B, E, G]","[1, 3]",Upper,2025,1355.885197680794
113_14 DH_Distribu New area,"Energy Transport District Heating Distribution, New Area",Technology-specific data,"Investment costs; single line, 5 MW-25 MW [€/m]",EUR/m,2020,"[B, E, G]","[1, 3]",Upper,2050,1355.885197680794
113_14 DH_Distribu New area,"Energy Transport District Heating Distribution, New Area",Technology-specific data,"Investment costs; single line, 5 MW-25 MW [€/m]",EUR/m,2020,"[B, E, G]","[1, 3]",ctrl,2020,1012.123739326642
113_14 DH_Distribu New area,"Energy Transport District Heating Distribution, New Area",Technology-specific data,"Investment costs; single line, 5 MW-25 MW [€/m]",EUR/m,2020,"[B, E, G]","[1, 3]",ctrl,2025,1143.778962257108
113_14 DH_Distribu New area,"Energy Transport District Heating Distribution, New Area",Technology-specific data,"Investment costs; single line, 5 MW-25 MW [€/m]",EUR/m,2020,"[B, E, G]","[1, 3]",ctrl,2030,1143.778962257108
113_14 DH_Distribu New area,"Energy Transport District Heating Distribution, New Area",Technology-specific data,"Investment costs; single line, 5 MW-25 MW [€/m]",EUR/m,2020,"[B, E, G]","[1, 3]",ctrl,2035,1143.778962257108
113_14 DH_Distribu New area,"Energy Transport District Heating Distribution, New Area",Technology-specific data,"Investment costs; single line, 5 MW-25 MW [€/m]",EUR/m,2020,"[B, E, G]","[1, 3]",ctrl,2040,1143.778962257108
113_14 DH_Distribu New area,"Energy Transport District Heating Distribution, New Area",Technology-specific data,"Investment costs; single line, 5 MW-25 MW [€/m]",EUR/m,2020,"[B, E, G]","[1, 3]",ctrl,2050,1143.778962257108
113_14 DH_Distribu New area,"Energy Transport District Heating Distribution, New Area",Technology-specific data,"Investment costs; single line, 50-250 kW  [€/m]",EUR/m,2020,"[B, E, G]","[1, 3]",Lower,2025,253.3243071271702
113_14 DH_Distribu New area,"Energy Transport District Heating Distribution, New Area",Technology-specific data,"Investment costs; single line, 50-250 kW  [€/m]",EUR/m,2020,"[B, E, G]","[1, 3]",Lower,2050,253.3243071271702
113_14 DH_Distribu New area,"Energy Transport District Heating Distribution, New Area",Technology-specific data,"Investment costs; single line, 50-250 kW  [€/m]",EUR/m,2020,"[B, E, G]","[1, 3]",Upper,2025,431.3804034827442
113_14 DH_Distribu New area,"Energy Transport District Heating Distribution, New Area",Technology-specific data,"Investment costs; single line, 50-250 kW  [€/m]",EUR/m,2020,"[B, E, G]","[1, 3]",Upper,2050,431.3804034827442
113_14 DH_Distribu New area,"Energy Transport District Heating Distribution, New Area",Technology-specific data,"Investment costs; single line, 50-250 kW  [€/m]",EUR/m,2020,"[B, E, G]","[1, 3]",ctrl,2020,302.3290112833456
113_14 DH_Distribu New area,"Energy Transport District Heating Distribution, New Area",Technology-specific data,"Investment costs; single line, 50-250 kW  [€/m]",EUR/m,2020,"[B, E, G]","[1, 3]",ctrl,2025,341.6554215158899
113_14 DH_Distribu New area,"Energy Transport District Heating Distribution, New Area",Technology-specific data,"Investment costs; single line, 50-250 kW  [€/m]",EUR/m,2020,"[B, E, G]","[1, 3]",ctrl,2030,341.6554215158899
113_14 DH_Distribu New area,"Energy Transport District Heating Distribution, New Area",Technology-specific data,"Investment costs; single line, 50-250 kW  [€/m]",EUR/m,2020,"[B, E, G]","[1, 3]",ctrl,2035,341.6554215158899
113_14 DH_Distribu New area,"Energy Transport District Heating Distribution, New Area",Technology-specific data,"Investment costs; single line, 50-250 kW  [€/m]",EUR/m,2020,"[B, E, G]","[1, 3]",ctrl,2040,341.6554215158899
113_14 DH_Distribu New area,"Energy Transport District Heating Distribution, New Area",Technology-specific data,"Investment costs; single line, 50-250 kW  [€/m]",EUR/m,2020,"[B, E, G]","[1, 3]",ctrl,2050,341.6554215158899
113_14 DH_Distribu New area,"Energy Transport District Heating Distribution, New Area",Technology-specific data,Pumping station above 1 MW [€/MW],EUR/MW,2020,I,1,Lower,2025,59307.9389081249
113_14 DH_Distribu New area,"Energy Transport District Heating Distribution, New Area",Technology-specific data,Pumping station above 1 MW [€/MW],EUR/MW,2020,I,1,Lower,2050,59307.9389081249
113_14 DH_Distribu New area,"Energy Transport District Heating Distribution, New Area",Technology-specific data,Pumping station above 1 MW [€/MW],EUR/MW,2020,I,1,Upper,2025,127088.4405174105
113_14 DH_Distribu New area,"Energy Transport District Heating Distribution, New Area",Technology-specific data,Pumping station above 1 MW [€/MW],EUR/MW,2020,I,1,Upper,2050,127088.4405174105
113_14 DH_Distribu New area,"Energy Transport District Heating Distribution, New Area",Technology-specific data,Pumping station above 1 MW [€/MW],EUR/MW,2020,I,1,ctrl,2020,92764.23478569656
113_14 DH_Distribu New area,"Energy Transport District Heating Distribution, New Area",Technology-specific data,Pumping station above 1 MW [€/MW],EUR/MW,2020,I,1,ctrl,2025,105907.0337645087
113_14 DH_Distribu New area,"Energy Transport District Heating Distribution, New Area",Technology-specific data,Pumping station above 1 MW [€/MW],EUR/MW,2020,I,1,ctrl,2030,105907.0337645087
113_14 DH_Distribu New area,"Energy Transport District Heating Distribution, New Area",Technology-specific data,Pumping station above 1 MW [€/MW],EUR/MW,2020,I,1,ctrl,2035,105907.0337645087
113_14 DH_Distribu New area,"Energy Transport District Heating Distribution, New Area",Technology-specific data,Pumping station above 1 MW [€/MW],EUR/MW,2020,I,1,ctrl,2040,105907.0337645087
113_14 DH_Distribu New area,"Energy Transport District Heating Distribution, New Area",Technology-specific data,Pumping station above 1 MW [€/MW],EUR/MW,2020,I,1,ctrl,2050,105907.0337645087
113_14 DH_Distribu New area,"Energy Transport District Heating Distribution, New Area",Technology-specific data,Pumping station below 1 MW [€/MW],EUR/MW,2020,I,1,Lower,2025,158154.4384429215
113_14 DH_Distribu New area,"Energy Transport District Heating Distribution, New Area",Technology-specific data,Pumping station below 1 MW [€/MW],EUR/MW,2020,I,1,Lower,2050,158154.4384429215
113_14 DH_Distribu New area,"Energy Transport District Heating Distribution, New Area",Technology-specific data,Pumping station below 1 MW [€/MW],EUR/MW,2020,I,1,Upper,2025,338902.3680919746
113_14 DH_Distribu New area,"Energy Transport District Heating Distribution, New Area",Technology-specific data,Pumping station below 1 MW [€/MW],EUR/MW,2020,I,1,Upper,2050,338902.3680919746
113_14 DH_Distribu New area,"Energy Transport District Heating Distribution, New Area",Technology-specific data,Pumping station below 1 MW [€/MW],EUR/MW,2020,I,1,ctrl,2020,247371.1906064787
113_14 DH_Distribu New area,"Energy Transport District Heating Distribution, New Area",Technology-specific data,Pumping station below 1 MW [€/MW],EUR/MW,2020,I,1,ctrl,2025,282418.6400766455
113_14 DH_Distribu New area,"Energy Transport District Heating Distribution, New Area",Technology-specific data,Pumping station below 1 MW [€/MW],EUR/MW,2020,I,1,ctrl,2030,282418.6400766455
113_14 DH_Distribu New area,"Energy Transport District Heating Distribution, New Area",Technology-specific data,Pumping station below 1 MW [€/MW],EUR/MW,2020,I,1,ctrl,2035,282418.6400766455
113_14 DH_Distribu New area,"Energy Transport District Heating Distribution, New Area",Technology-specific data,Pumping station below 1 MW [€/MW],EUR/MW,2020,I,1,ctrl,2040,282418.6400766455
113_14 DH_Distribu New area,"Energy Transport District Heating Distribution, New Area",Technology-specific data,Pumping station below 1 MW [€/MW],EUR/MW,2020,I,1,ctrl,2050,282418.6400766455
H2 70,Main distribution line-H2-70 bar,Energy/technical data,Construction time [years],years,,,,Lower,2020,0.5
H2 70,Main distribution line-H2-70 bar,Energy/technical data,Construction time [years],years,,,,Lower,2050,0.5
H2 70,Main distribution line-H2-70 bar,Energy/technical data,Construction time [years],years,,,,Upper,2020,2
H2 70,Main distribution line-H2-70 bar,Energy/technical data,Construction time [years],years,,,,Upper,2050,2
H2 70,Main distribution line-H2-70 bar,Energy/technical data,Construction time [years],years,,,,ctrl,2020,1
H2 70,Main distribution line-H2-70 bar,Energy/technical data,Construction time [years],years,,,,ctrl,2030,1
H2 70,Main distribution line-H2-70 bar,Energy/technical data,Construction time [years],years,,,,ctrl,2050,1
H2 70,Main distribution line-H2-70 bar,Energy/technical data,"Energy demand, compressor filling station [%]",pct.,,B,,Lower,2020,0.7482559829764257
H2 70,Main distribution line-H2-70 bar,Energy/technical data,"Energy demand, compressor filling station [%]",pct.,,B,,Lower,2050,0.6
H2 70,Main distribution line-H2-70 bar,Energy/technical data,"Energy demand, compressor filling station [%]",pct.,,B,,Upper,2020,3
H2 70,Main distribution line-H2-70 bar,Energy/technical data,"Energy demand, compressor filling station [%]",pct.,,B,,Upper,2050,2.1
H2 70,Main distribution line-H2-70 bar,Energy/technical data,"Energy demand, compressor filling station [%]",pct.,,B,,ctrl,2020,0.9353199787205321
H2 70,Main distribution line-H2-70 bar,Energy/technical data,"Energy demand, compressor filling station [%]",pct.,,B,,ctrl,2030,0.8417879808484788
H2 70,Main distribution line-H2-70 bar,Energy/technical data,"Energy demand, compressor filling station [%]",pct.,,B,,ctrl,2050,0.7482559829764257
H2 70,Main distribution line-H2-70 bar,Energy/technical data,"Energy losses, lines 1-100 MW [%/1000 km]",pct./1000km,,A,,Lower,2020,8.2
H2 70,Main distribution line-H2-70 bar,Energy/technical data,"Energy losses, lines 1-100 MW [%/1000 km]",pct./1000km,,A,,Lower,2050,7.3
H2 70,Main distribution line-H2-70 bar,Energy/technical data,"Energy losses, lines 1-100 MW [%/1000 km]",pct./1000km,,A,,Upper,2020,16.3
H2 70,Main distribution line-H2-70 bar,Energy/technical data,"Energy losses, lines 1-100 MW [%/1000 km]",pct./1000km,,A,,Upper,2050,13.6
H2 70,Main distribution line-H2-70 bar,Energy/technical data,"Energy losses, lines 1-100 MW [%/1000 km]",pct./1000km,,A,,ctrl,2020,10
H2 70,Main distribution line-H2-70 bar,Energy/technical data,"Energy losses, lines 1-100 MW [%/1000 km]",pct./1000km,,A,,ctrl,2030,9.3
H2 70,Main distribution line-H2-70 bar,Energy/technical data,"Energy losses, lines 1-100 MW [%/1000 km]",pct./1000km,,A,,ctrl,2050,8.3
H2 70,Main distribution line-H2-70 bar,Energy/technical data,"Energy losses, lines 100-250 MW [%/1000 km]",pct./1000km,,A,,Lower,2020,6.7
H2 70,Main distribution line-H2-70 bar,Energy/technical data,"Energy losses, lines 100-250 MW [%/1000 km]",pct./1000km,,A,,Lower,2050,6
H2 70,Main distribution line-H2-70 bar,Energy/technical data,"Energy losses, lines 100-250 MW [%/1000 km]",pct./1000km,,A,,Upper,2020,13.4
H2 70,Main distribution line-H2-70 bar,Energy/technical data,"Energy losses, lines 100-250 MW [%/1000 km]",pct./1000km,,A,,Upper,2050,11.2
H2 70,Main distribution line-H2-70 bar,Energy/technical data,"Energy losses, lines 100-250 MW [%/1000 km]",pct./1000km,,A,,ctrl,2020,8.2
H2 70,Main distribution line-H2-70 bar,Energy/technical data,"Energy losses, lines 100-250 MW [%/1000 km]",pct./1000km,,A,,ctrl,2030,7.6
H2 70,Main distribution line-H2-70 bar,Energy/technical data,"Energy losses, lines 100-250 MW [%/1000 km]",pct./1000km,,A,,ctrl,2050,6.8
H2 70,Main distribution line-H2-70 bar,Energy/technical data,"Energy losses, lines 1500-5000 MW [%/1000 km]",pct./1000km,,A,,Lower,2020,2.4
H2 70,Main distribution line-H2-70 bar,Energy/technical data,"Energy losses, lines 1500-5000 MW [%/1000 km]",pct./1000km,,A,,Lower,2050,2.1
H2 70,Main distribution line-H2-70 bar,Energy/technical data,"Energy losses, lines 1500-5000 MW [%/1000 km]",pct./1000km,,A,,Upper,2020,4.8
H2 70,Main distribution line-H2-70 bar,Energy/technical data,"Energy losses, lines 1500-5000 MW [%/1000 km]",pct./1000km,,A,,Upper,2050,4
H2 70,Main distribution line-H2-70 bar,Energy/technical data,"Energy losses, lines 1500-5000 MW [%/1000 km]",pct./1000km,,A,,ctrl,2020,2.9
H2 70,Main distribution line-H2-70 bar,Energy/technical data,"Energy losses, lines 1500-5000 MW [%/1000 km]",pct./1000km,,A,,ctrl,2030,2.7
H2 70,Main distribution line-H2-70 bar,Energy/technical data,"Energy losses, lines 1500-5000 MW [%/1000 km]",pct./1000km,,A,,ctrl,2050,2.4
H2 70,Main distribution line-H2-70 bar,Energy/technical data,"Energy losses, lines 250-500 MW [%/1000 km]",pct./1000km,,A,,Lower,2020,5.1
H2 70,Main distribution line-H2-70 bar,Energy/technical data,"Energy losses, lines 250-500 MW [%/1000 km]",pct./1000km,,A,,Lower,2050,4.6
H2 70,Main distribution line-H2-70 bar,Energy/technical data,"Energy losses, lines 250-500 MW [%/1000 km]",pct./1000km,,A,,Upper,2020,10.3
H2 70,Main distribution line-H2-70 bar,Energy/technical data,"Energy losses, lines 250-500 MW [%/1000 km]",pct./1000km,,A,,Upper,2050,8.6
H2 70,Main distribution line-H2-70 bar,Energy/technical data,"Energy losses, lines 250-500 MW [%/1000 km]",pct./1000km,,A,,ctrl,2020,6.3
H2 70,Main distribution line-H2-70 bar,Energy/technical data,"Energy losses, lines 250-500 MW [%/1000 km]",pct./1000km,,A,,ctrl,2030,5.8
H2 70,Main distribution line-H2-70 bar,Energy/technical data,"Energy losses, lines 250-500 MW [%/1000 km]",pct./1000km,,A,,ctrl,2050,5.2
H2 70,Main distribution line-H2-70 bar,Energy/technical data,"Energy losses, lines 500-1500 MW [%/1000 km]",pct./1000km,,A,,Lower,2020,3.6
H2 70,Main distribution line-H2-70 bar,Energy/technical data,"Energy losses, lines 500-1500 MW [%/1000 km]",pct./1000km,,A,,Lower,2050,3.2
H2 70,Main distribution line-H2-70 bar,Energy/technical data,"Energy losses, lines 500-1500 MW [%/1000 km]",pct./1000km,,A,,Upper,2020,7.3
H2 70,Main distribution line-H2-70 bar,Energy/technical data,"Energy losses, lines 500-1500 MW [%/1000 km]",pct./1000km,,A,,Upper,2050,6.1
H2 70,Main distribution line-H2-70 bar,Energy/technical data,"Energy losses, lines 500-1500 MW [%/1000 km]",pct./1000km,,A,,ctrl,2020,4.5
H2 70,Main distribution line-H2-70 bar,Energy/technical data,"Energy losses, lines 500-1500 MW [%/1000 km]",pct./1000km,,A,,ctrl,2030,4.1
H2 70,Main distribution line-H2-70 bar,Energy/technical data,"Energy losses, lines 500-1500 MW [%/1000 km]",pct./1000km,,A,,ctrl,2050,3.7
H2 70,Main distribution line-H2-70 bar,Energy/technical data,"Energy losses, lines 5000-20000 MW [%/1000 km]",pct./1000km,,A,,Lower,2020,1.8
H2 70,Main distribution line-H2-70 bar,Energy/technical data,"Energy losses, lines 5000-20000 MW [%/1000 km]",pct./1000km,,A,,Lower,2050,1.6
H2 70,Main distribution line-H2-70 bar,Energy/technical data,"Energy losses, lines 5000-20000 MW [%/1000 km]",pct./1000km,,A,,Upper,2020,3.6
H2 70,Main distribution line-H2-70 bar,Energy/technical data,"Energy losses, lines 5000-20000 MW [%/1000 km]",pct./1000km,,A,,Upper,2050,3
H2 70,Main distribution line-H2-70 bar,Energy/technical data,"Energy losses, lines 5000-20000 MW [%/1000 km]",pct./1000km,,A,,ctrl,2020,2.2
H2 70,Main distribution line-H2-70 bar,Energy/technical data,"Energy losses, lines 5000-20000 MW [%/1000 km]",pct./1000km,,A,,ctrl,2030,2
H2 70,Main distribution line-H2-70 bar,Energy/technical data,"Energy losses, lines 5000-20000 MW [%/1000 km]",pct./1000km,,A,,ctrl,2050,1.8
H2 70,Main distribution line-H2-70 bar,Energy/technical data,"Energy losses, lines above 20000 MW [%/1000 km]",pct./1000km,,A,,Lower,2020,1.3
H2 70,Main distribution line-H2-70 bar,Energy/technical data,"Energy losses, lines above 20000 MW [%/1000 km]",pct./1000km,,A,,Lower,2050,1.1
H2 70,Main distribution line-H2-70 bar,Energy/technical data,"Energy losses, lines above 20000 MW [%/1000 km]",pct./1000km,,A,,Upper,2020,2.6
H2 70,Main distribution line-H2-70 bar,Energy/technical data,"Energy losses, lines above 20000 MW [%/1000 km]",pct./1000km,,A,,Upper,2050,2.1
H2 70,Main distribution line-H2-70 bar,Energy/technical data,"Energy losses, lines above 20000 MW [%/1000 km]",pct./1000km,,A,,ctrl,2020,1.6
H2 70,Main distribution line-H2-70 bar,Energy/technical data,"Energy losses, lines above 20000 MW [%/1000 km]",pct./1000km,,A,,ctrl,2030,1.5
H2 70,Main distribution line-H2-70 bar,Energy/technical data,"Energy losses, lines above 20000 MW [%/1000 km]",pct./1000km,,A,,ctrl,2050,1.3
H2 70,Main distribution line-H2-70 bar,Energy/technical data,Technical life time [years],years,,,,Lower,2020,45
H2 70,Main distribution line-H2-70 bar,Energy/technical data,Technical life time [years],years,,,,Lower,2050,45
H2 70,Main distribution line-H2-70 bar,Energy/technical data,Technical life time [years],years,,,,Upper,2020,55
H2 70,Main distribution line-H2-70 bar,Energy/technical data,Technical life time [years],years,,,,Upper,2050,55
H2 70,Main distribution line-H2-70 bar,Energy/technical data,Technical life time [years],years,,,,ctrl,2020,50
H2 70,Main distribution line-H2-70 bar,Energy/technical data,Technical life time [years],years,,,,ctrl,2030,50
H2 70,Main distribution line-H2-70 bar,Energy/technical data,Technical life time [years],years,,,,ctrl,2050,50
H2 70,Main distribution line-H2-70 bar,Financial data,Fixed O&M [€/km/year/MW],EUR/km/year/MW,2020,E,0,Lower,2020,0.2126745436
H2 70,Main distribution line-H2-70 bar,Financial data,Fixed O&M [€/km/year/MW],EUR/km/year/MW,2020,E,0,Lower,2050,0.11697099898
H2 70,Main distribution line-H2-70 bar,Financial data,Fixed O&M [€/km/year/MW],EUR/km/year/MW,2020,E,0,Upper,2020,1.063372718
H2 70,Main distribution line-H2-70 bar,Financial data,Fixed O&M [€/km/year/MW],EUR/km/year/MW,2020,E,0,Upper,2050,1.063372718
H2 70,Main distribution line-H2-70 bar,Financial data,Fixed O&M [€/km/year/MW],EUR/km/year/MW,2020,E,0,ctrl,2020,0.54232008618
H2 70,Main distribution line-H2-70 bar,Financial data,Fixed O&M [€/km/year/MW],EUR/km/year/MW,2020,E,0,ctrl,2030,0.2658431795
H2 70,Main distribution line-H2-70 bar,Financial data,Fixed O&M [€/km/year/MW],EUR/km/year/MW,2020,E,0,ctrl,2050,0.199382384625
H2 70,Main distribution line-H2-70 bar,Financial data,"Investment costs; single line, 0-100 MW  [€/MW/m]",EUR/MW/m,2020,C,0,Lower,2020,3.6154672412
H2 70,Main distribution line-H2-70 bar,Financial data,"Investment costs; single line, 0-100 MW  [€/MW/m]",EUR/MW/m,2020,C,0,Lower,2050,3.296455425800001
H2 70,Main distribution line-H2-70 bar,Financial data,"Investment costs; single line, 0-100 MW  [€/MW/m]",EUR/MW/m,2020,C,0,Upper,2020,5.1041890464
H2 70,Main distribution line-H2-70 bar,Financial data,"Investment costs; single line, 0-100 MW  [€/MW/m]",EUR/MW/m,2020,C,0,Upper,2050,4.678839959200001
H2 70,Main distribution line-H2-70 bar,Financial data,"Investment costs; single line, 0-100 MW  [€/MW/m]",EUR/MW/m,2020,C,0,ctrl,2020,4.0408163284
H2 70,Main distribution line-H2-70 bar,Financial data,"Investment costs; single line, 0-100 MW  [€/MW/m]",EUR/MW/m,2020,C,0,ctrl,2030,3.828141784800001
H2 70,Main distribution line-H2-70 bar,Financial data,"Investment costs; single line, 0-100 MW  [€/MW/m]",EUR/MW/m,2020,C,0,ctrl,2050,3.6154672412
H2 70,Main distribution line-H2-70 bar,Financial data,"Investment costs; single line, 100-250 MW [€/MW/m]",EUR/MW/m,2020,C,0,Lower,2020,1.595059077
H2 70,Main distribution line-H2-70 bar,Financial data,"Investment costs; single line, 100-250 MW [€/MW/m]",EUR/MW/m,2020,C,0,Lower,2050,1.4887218052
H2 70,Main distribution line-H2-70 bar,Financial data,"Investment costs; single line, 100-250 MW [€/MW/m]",EUR/MW/m,2020,C,0,Upper,2020,2.2330827078
H2 70,Main distribution line-H2-70 bar,Financial data,"Investment costs; single line, 100-250 MW [€/MW/m]",EUR/MW/m,2020,C,0,Upper,2050,2.0204081642
H2 70,Main distribution line-H2-70 bar,Financial data,"Investment costs; single line, 100-250 MW [€/MW/m]",EUR/MW/m,2020,C,0,ctrl,2020,1.8077336206
H2 70,Main distribution line-H2-70 bar,Financial data,"Investment costs; single line, 100-250 MW [€/MW/m]",EUR/MW/m,2020,C,0,ctrl,2030,1.7013963488
H2 70,Main distribution line-H2-70 bar,Financial data,"Investment costs; single line, 100-250 MW [€/MW/m]",EUR/MW/m,2020,C,0,ctrl,2050,1.595059077
H2 70,Main distribution line-H2-70 bar,Financial data,"Investment costs; single line, 1000-4000 MW [€/MW/m]",EUR/MW/m,2020,C,0,Lower,2020,0.4253490872000001
H2 70,Main distribution line-H2-70 bar,Financial data,"Investment costs; single line, 1000-4000 MW [€/MW/m]",EUR/MW/m,2020,C,0,Lower,2050,0.4253490872000001
H2 70,Main distribution line-H2-70 bar,Financial data,"Investment costs; single line, 1000-4000 MW [€/MW/m]",EUR/MW/m,2020,C,0,Upper,2020,0.531686359
H2 70,Main distribution line-H2-70 bar,Financial data,"Investment costs; single line, 1000-4000 MW [€/MW/m]",EUR/MW/m,2020,C,0,Upper,2050,0.4253490872000001
H2 70,Main distribution line-H2-70 bar,Financial data,"Investment costs; single line, 1000-4000 MW [€/MW/m]",EUR/MW/m,2020,C,0,ctrl,2020,0.4253490872000001
H2 70,Main distribution line-H2-70 bar,Financial data,"Investment costs; single line, 1000-4000 MW [€/MW/m]",EUR/MW/m,2020,C,0,ctrl,2030,0.4253490872000001
H2 70,Main distribution line-H2-70 bar,Financial data,"Investment costs; single line, 1000-4000 MW [€/MW/m]",EUR/MW/m,2020,C,0,ctrl,2050,0.4253490872000001
H2 70,Main distribution line-H2-70 bar,Financial data,"Investment costs; single line, 250-500 MW [€/MW/m]",EUR/MW/m,2020,C,0,Lower,2020,1.063372718
H2 70,Main distribution line-H2-70 bar,Financial data,"Investment costs; single line, 250-500 MW [€/MW/m]",EUR/MW/m,2020,C,0,Lower,2050,0.9570354462000001
H2 70,Main distribution line-H2-70 bar,Financial data,"Investment costs; single line, 250-500 MW [€/MW/m]",EUR/MW/m,2020,C,0,Upper,2020,1.3823845334
H2 70,Main distribution line-H2-70 bar,Financial data,"Investment costs; single line, 250-500 MW [€/MW/m]",EUR/MW/m,2020,C,0,Upper,2050,1.2760472616
H2 70,Main distribution line-H2-70 bar,Financial data,"Investment costs; single line, 250-500 MW [€/MW/m]",EUR/MW/m,2020,C,0,ctrl,2020,1.063372718
H2 70,Main distribution line-H2-70 bar,Financial data,"Investment costs; single line, 250-500 MW [€/MW/m]",EUR/MW/m,2020,C,0,ctrl,2030,1.063372718
H2 70,Main distribution line-H2-70 bar,Financial data,"Investment costs; single line, 250-500 MW [€/MW/m]",EUR/MW/m,2020,C,0,ctrl,2050,1.063372718
H2 70,Main distribution line-H2-70 bar,Financial data,"Investment costs; single line, 500-1000 MW [€/MW/m]",EUR/MW/m,2020,C,0,Lower,2020,0.7443609026
H2 70,Main distribution line-H2-70 bar,Financial data,"Investment costs; single line, 500-1000 MW [€/MW/m]",EUR/MW/m,2020,C,0,Lower,2050,0.6380236308
H2 70,Main distribution line-H2-70 bar,Financial data,"Investment costs; single line, 500-1000 MW [€/MW/m]",EUR/MW/m,2020,C,0,Upper,2020,0.9570354462000001
H2 70,Main distribution line-H2-70 bar,Financial data,"Investment costs; single line, 500-1000 MW [€/MW/m]",EUR/MW/m,2020,C,0,Upper,2050,0.8506981744000002
H2 70,Main distribution line-H2-70 bar,Financial data,"Investment costs; single line, 500-1000 MW [€/MW/m]",EUR/MW/m,2020,C,0,ctrl,2020,0.7443609026
H2 70,Main distribution line-H2-70 bar,Financial data,"Investment costs; single line, 500-1000 MW [€/MW/m]",EUR/MW/m,2020,C,0,ctrl,2030,0.7443609026
H2 70,Main distribution line-H2-70 bar,Financial data,"Investment costs; single line, 500-1000 MW [€/MW/m]",EUR/MW/m,2020,C,0,ctrl,2050,0.7443609026
H2 70,Main distribution line-H2-70 bar,Financial data,"Investment costs; single line, above 6000 MW [€/MW/m]",EUR/MW/m,2020,C,0,Lower,2020,0.2126745436
H2 70,Main distribution line-H2-70 bar,Financial data,"Investment costs; single line, above 6000 MW [€/MW/m]",EUR/MW/m,2020,C,0,Lower,2050,0.2126745436
H2 70,Main distribution line-H2-70 bar,Financial data,"Investment costs; single line, above 6000 MW [€/MW/m]",EUR/MW/m,2020,C,0,Upper,2020,0.2126745436
H2 70,Main distribution line-H2-70 bar,Financial data,"Investment costs; single line, above 6000 MW [€/MW/m]",EUR/MW/m,2020,C,0,Upper,2050,0.2126745436
H2 70,Main distribution line-H2-70 bar,Financial data,"Investment costs; single line, above 6000 MW [€/MW/m]",EUR/MW/m,2020,C,0,ctrl,2020,0.23394199796
H2 70,Main distribution line-H2-70 bar,Financial data,"Investment costs; single line, above 6000 MW [€/MW/m]",EUR/MW/m,2020,C,0,ctrl,2030,0.2126745436
H2 70,Main distribution line-H2-70 bar,Financial data,"Investment costs; single line, above 6000 MW [€/MW/m]",EUR/MW/m,2020,C,0,ctrl,2050,0.2126745436
H2 70,Main distribution line-H2-70 bar,Financial data,"Investments, percentage installation [%]",pct.,,D,0,Lower,2020,0.75
H2 70,Main distribution line-H2-70 bar,Financial data,"Investments, percentage installation [%]",pct.,,D,0,Lower,2050,0.7
H2 70,Main distribution line-H2-70 bar,Financial data,"Investments, percentage installation [%]",pct.,,D,0,Upper,2020,0.8
H2 70,Main distribution line-H2-70 bar,Financial data,"Investments, percentage installation [%]",pct.,,D,0,Upper,2050,0.8
H2 70,Main distribution line-H2-70 bar,Financial data,"Investments, percentage installation [%]",pct.,,D,0,ctrl,2020,0.775
H2 70,Main distribution line-H2-70 bar,Financial data,"Investments, percentage installation [%]",pct.,,D,0,ctrl,2030,0.775
H2 70,Main distribution line-H2-70 bar,Financial data,"Investments, percentage installation [%]",pct.,,D,0,ctrl,2050,0.775
H2 70,Main distribution line-H2-70 bar,Financial data,"Investments, percentage materials [%]",pct.,,D,0,Lower,2020,0.2
H2 70,Main distribution line-H2-70 bar,Financial data,"Investments, percentage materials [%]",pct.,,D,0,Lower,2050,0.2
H2 70,Main distribution line-H2-70 bar,Financial data,"Investments, percentage materials [%]",pct.,,D,0,Upper,2020,0.25
H2 70,Main distribution line-H2-70 bar,Financial data,"Investments, percentage materials [%]",pct.,,D,0,Upper,2050,0.3
H2 70,Main distribution line-H2-70 bar,Financial data,"Investments, percentage materials [%]",pct.,,D,0,ctrl,2020,0.225
H2 70,Main distribution line-H2-70 bar,Financial data,"Investments, percentage materials [%]",pct.,,D,0,ctrl,2030,0.225
H2 70,Main distribution line-H2-70 bar,Financial data,"Investments, percentage materials [%]",pct.,,D,0,ctrl,2050,0.225
H2 70,Main distribution line-H2-70 bar,Financial data,Variable O&M [€/MW/km],EUR/MW/km,2020,0,0,Lower,2020,0
H2 70,Main distribution line-H2-70 bar,Financial data,Variable O&M [€/MW/km],EUR/MW/km,2020,0,0,Lower,2050,0
H2 70,Main distribution line-H2-70 bar,Financial data,Variable O&M [€/MW/km],EUR/MW/km,2020,0,0,Upper,2020,0
H2 70,Main distribution line-H2-70 bar,Financial data,Variable O&M [€/MW/km],EUR/MW/km,2020,0,0,Upper,2050,0
H2 70,Main distribution line-H2-70 bar,Financial data,Variable O&M [€/MW/km],EUR/MW/km,2020,0,0,ctrl,2020,0
H2 70,Main distribution line-H2-70 bar,Financial data,Variable O&M [€/MW/km],EUR/MW/km,2020,0,0,ctrl,2030,0
H2 70,Main distribution line-H2-70 bar,Financial data,Variable O&M [€/MW/km],EUR/MW/km,2020,0,0,ctrl,2050,0
H2 140,Main distribution line H2-140 bar,Energy/technical data,Construction time [years],years,,,,Lower,2020,0.5
H2 140,Main distribution line H2-140 bar,Energy/technical data,Construction time [years],years,,,,Lower,2050,0.5
H2 140,Main distribution line H2-140 bar,Energy/technical data,Construction time [years],years,,,,Upper,2020,2
H2 140,Main distribution line H2-140 bar,Energy/technical data,Construction time [years],years,,,,Upper,2050,2
H2 140,Main distribution line H2-140 bar,Energy/technical data,Construction time [years],years,,,,ctrl,2020,1
H2 140,Main distribution line H2-140 bar,Energy/technical data,Construction time [years],years,,,,ctrl,2030,1
H2 140,Main distribution line H2-140 bar,Energy/technical data,Construction time [years],years,,,,ctrl,2050,1
H2 140,Main distribution line H2-140 bar,Energy/technical data,"Energy demand, compressor filling station [%]",pct.,,B,,Lower,2020,1.47
H2 140,Main distribution line H2-140 bar,Energy/technical data,"Energy demand, compressor filling station [%]",pct.,,B,,Lower,2050,0.9
H2 140,Main distribution line H2-140 bar,Energy/technical data,"Energy demand, compressor filling station [%]",pct.,,B,,Upper,2020,3.7
H2 140,Main distribution line H2-140 bar,Energy/technical data,"Energy demand, compressor filling station [%]",pct.,,B,,Upper,2050,2.5
H2 140,Main distribution line H2-140 bar,Energy/technical data,"Energy demand, compressor filling station [%]",pct.,,B,,ctrl,2020,2.1
H2 140,Main distribution line H2-140 bar,Energy/technical data,"Energy demand, compressor filling station [%]",pct.,,B,,ctrl,2030,1.68
H2 140,Main distribution line H2-140 bar,Energy/technical data,"Energy demand, compressor filling station [%]",pct.,,B,,ctrl,2050,1.47
H2 140,Main distribution line H2-140 bar,Energy/technical data,"Energy losses, lines 1-100 MW [%/1000 km]",pct./1000km,,A,,Lower,2020,6.2
H2 140,Main distribution line H2-140 bar,Energy/technical data,"Energy losses, lines 1-100 MW [%/1000 km]",pct./1000km,,A,,Lower,2050,5.5
H2 140,Main distribution line H2-140 bar,Energy/technical data,"Energy losses, lines 1-100 MW [%/1000 km]",pct./1000km,,A,,Upper,2020,12.3
H2 140,Main distribution line H2-140 bar,Energy/technical data,"Energy losses, lines 1-100 MW [%/1000 km]",pct./1000km,,A,,Upper,2050,10.3
H2 140,Main distribution line H2-140 bar,Energy/technical data,"Energy losses, lines 1-100 MW [%/1000 km]",pct./1000km,,A,,ctrl,2020,7.5
H2 140,Main distribution line H2-140 bar,Energy/technical data,"Energy losses, lines 1-100 MW [%/1000 km]",pct./1000km,,A,,ctrl,2030,7
H2 140,Main distribution line H2-140 bar,Energy/technical data,"Energy losses, lines 1-100 MW [%/1000 km]",pct./1000km,,A,,ctrl,2050,6.3
H2 140,Main distribution line H2-140 bar,Energy/technical data,"Energy losses, lines 100-250 MW [%/1000 km]",pct./1000km,,A,,Lower,2020,5.2
H2 140,Main distribution line H2-140 bar,Energy/technical data,"Energy losses, lines 100-250 MW [%/1000 km]",pct./1000km,,A,,Lower,2050,4.6
H2 140,Main distribution line H2-140 bar,Energy/technical data,"Energy losses, lines 100-250 MW [%/1000 km]",pct./1000km,,A,,Upper,2020,10.4
H2 140,Main distribution line H2-140 bar,Energy/technical data,"Energy losses, lines 100-250 MW [%/1000 km]",pct./1000km,,A,,Upper,2050,8.7
H2 140,Main distribution line H2-140 bar,Energy/technical data,"Energy losses, lines 100-250 MW [%/1000 km]",pct./1000km,,A,,ctrl,2020,6.4
H2 140,Main distribution line H2-140 bar,Energy/technical data,"Energy losses, lines 100-250 MW [%/1000 km]",pct./1000km,,A,,ctrl,2030,5.9
H2 140,Main distribution line H2-140 bar,Energy/technical data,"Energy losses, lines 100-250 MW [%/1000 km]",pct./1000km,,A,,ctrl,2050,5.3
H2 140,Main distribution line H2-140 bar,Energy/technical data,"Energy losses, lines 1500-5000 MW [%/1000 km]",pct./1000km,,A,,Lower,2020,2.2
H2 140,Main distribution line H2-140 bar,Energy/technical data,"Energy losses, lines 1500-5000 MW [%/1000 km]",pct./1000km,,A,,Lower,2050,1.9
H2 140,Main distribution line H2-140 bar,Energy/technical data,"Energy losses, lines 1500-5000 MW [%/1000 km]",pct./1000km,,A,,Upper,2020,4.3
H2 140,Main distribution line H2-140 bar,Energy/technical data,"Energy losses, lines 1500-5000 MW [%/1000 km]",pct./1000km,,A,,Upper,2050,3.6
H2 140,Main distribution line H2-140 bar,Energy/technical data,"Energy losses, lines 1500-5000 MW [%/1000 km]",pct./1000km,,A,,ctrl,2020,2.7
H2 140,Main distribution line H2-140 bar,Energy/technical data,"Energy losses, lines 1500-5000 MW [%/1000 km]",pct./1000km,,A,,ctrl,2030,2.5
H2 140,Main distribution line H2-140 bar,Energy/technical data,"Energy losses, lines 1500-5000 MW [%/1000 km]",pct./1000km,,A,,ctrl,2050,2.2
H2 140,Main distribution line H2-140 bar,Energy/technical data,"Energy losses, lines 250-500 MW [%/1000 km]",pct./1000km,,A,,Lower,2020,4.1
H2 140,Main distribution line H2-140 bar,Energy/technical data,"Energy losses, lines 250-500 MW [%/1000 km]",pct./1000km,,A,,Lower,2050,3.7
H2 140,Main distribution line H2-140 bar,Energy/technical data,"Energy losses, lines 250-500 MW [%/1000 km]",pct./1000km,,A,,Upper,2020,8.3
H2 140,Main distribution line H2-140 bar,Energy/technical data,"Energy losses, lines 250-500 MW [%/1000 km]",pct./1000km,,A,,Upper,2050,6.9
H2 140,Main distribution line H2-140 bar,Energy/technical data,"Energy losses, lines 250-500 MW [%/1000 km]",pct./1000km,,A,,ctrl,2020,5.1
H2 140,Main distribution line H2-140 bar,Energy/technical data,"Energy losses, lines 250-500 MW [%/1000 km]",pct./1000km,,A,,ctrl,2030,4.7
H2 140,Main distribution line H2-140 bar,Energy/technical data,"Energy losses, lines 250-500 MW [%/1000 km]",pct./1000km,,A,,ctrl,2050,4.2
H2 140,Main distribution line H2-140 bar,Energy/technical data,"Energy losses, lines 500-1500 MW [%/1000 km]",pct./1000km,,A,,Lower,2020,3.1
H2 140,Main distribution line H2-140 bar,Energy/technical data,"Energy losses, lines 500-1500 MW [%/1000 km]",pct./1000km,,A,,Lower,2050,2.7
H2 140,Main distribution line H2-140 bar,Energy/technical data,"Energy losses, lines 500-1500 MW [%/1000 km]",pct./1000km,,A,,Upper,2020,6.2
H2 140,Main distribution line H2-140 bar,Energy/technical data,"Energy losses, lines 500-1500 MW [%/1000 km]",pct./1000km,,A,,Upper,2050,5.2
H2 140,Main distribution line H2-140 bar,Energy/technical data,"Energy losses, lines 500-1500 MW [%/1000 km]",pct./1000km,,A,,ctrl,2020,3.8
H2 140,Main distribution line H2-140 bar,Energy/technical data,"Energy losses, lines 500-1500 MW [%/1000 km]",pct./1000km,,A,,ctrl,2030,3.5
H2 140,Main distribution line H2-140 bar,Energy/technical data,"Energy losses, lines 500-1500 MW [%/1000 km]",pct./1000km,,A,,ctrl,2050,3.1
H2 140,Main distribution line H2-140 bar,Energy/technical data,"Energy losses, lines 5000-20000 MW [%/1000 km]",pct./1000km,,A,,Lower,2020,1.7
H2 140,Main distribution line H2-140 bar,Energy/technical data,"Energy losses, lines 5000-20000 MW [%/1000 km]",pct./1000km,,A,,Lower,2050,1.5
H2 140,Main distribution line H2-140 bar,Energy/technical data,"Energy losses, lines 5000-20000 MW [%/1000 km]",pct./1000km,,A,,Upper,2020,3.4
H2 140,Main distribution line H2-140 bar,Energy/technical data,"Energy losses, lines 5000-20000 MW [%/1000 km]",pct./1000km,,A,,Upper,2050,2.8
H2 140,Main distribution line H2-140 bar,Energy/technical data,"Energy losses, lines 5000-20000 MW [%/1000 km]",pct./1000km,,A,,ctrl,2020,2.1
H2 140,Main distribution line H2-140 bar,Energy/technical data,"Energy losses, lines 5000-20000 MW [%/1000 km]",pct./1000km,,A,,ctrl,2030,1.9
H2 140,Main distribution line H2-140 bar,Energy/technical data,"Energy losses, lines 5000-20000 MW [%/1000 km]",pct./1000km,,A,,ctrl,2050,1.7
H2 140,Main distribution line H2-140 bar,Energy/technical data,"Energy losses, lines above 20000 MW [%/1000 km]",pct./1000km,,A,,Lower,2020,1.3
H2 140,Main distribution line H2-140 bar,Energy/technical data,"Energy losses, lines above 20000 MW [%/1000 km]",pct./1000km,,A,,Lower,2050,1.1
H2 140,Main distribution line H2-140 bar,Energy/technical data,"Energy losses, lines above 20000 MW [%/1000 km]",pct./1000km,,A,,Upper,2020,2.5
H2 140,Main distribution line H2-140 bar,Energy/technical data,"Energy losses, lines above 20000 MW [%/1000 km]",pct./1000km,,A,,Upper,2050,2.1
H2 140,Main distribution line H2-140 bar,Energy/technical data,"Energy losses, lines above 20000 MW [%/1000 km]",pct./1000km,,A,,ctrl,2020,1.5
H2 140,Main distribution line H2-140 bar,Energy/technical data,"Energy losses, lines above 20000 MW [%/1000 km]",pct./1000km,,A,,ctrl,2030,1.4
H2 140,Main distribution line H2-140 bar,Energy/technical data,"Energy losses, lines above 20000 MW [%/1000 km]",pct./1000km,,A,,ctrl,2050,1.3
H2 140,Main distribution line H2-140 bar,Energy/technical data,Technical life time [years],years,,,,Lower,2020,45
H2 140,Main distribution line H2-140 bar,Energy/technical data,Technical life time [years],years,,,,Lower,2050,45
H2 140,Main distribution line H2-140 bar,Energy/technical data,Technical life time [years],years,,,,Upper,2020,55
H2 140,Main distribution line H2-140 bar,Energy/technical data,Technical life time [years],years,,,,Upper,2050,55
H2 140,Main distribution line H2-140 bar,Energy/technical data,Technical life time [years],years,,,,ctrl,2020,50
H2 140,Main distribution line H2-140 bar,Energy/technical data,Technical life time [years],years,,,,ctrl,2030,50
H2 140,Main distribution line H2-140 bar,Energy/technical data,Technical life time [years],years,,,,ctrl,2050,50
H2 140,Main distribution line H2-140 bar,Financial data,Fixed O&M [€/km/year/MW],EUR/km/year/MW,2020,E,0,Lower,2020,0.2126745436
H2 140,Main distribution line H2-140 bar,Financial data,Fixed O&M [€/km/year/MW],EUR/km/year/MW,2020,E,0,Lower,2050,0.11697099898
H2 140,Main distribution line H2-140 bar,Financial data,Fixed O&M [€/km/year/MW],EUR/km/year/MW,2020,E,0,Upper,2020,1.063372718
H2 140,Main distribution line H2-140 bar,Financial data,Fixed O&M [€/km/year/MW],EUR/km/year/MW,2020,E,0,Upper,2050,1.063372718
H2 140,Main distribution line H2-140 bar,Financial data,Fixed O&M [€/km/year/MW],EUR/km/year/MW,2020,E,0,ctrl,2020,0.54232008618
H2 140,Main distribution line H2-140 bar,Financial data,Fixed O&M [€/km/year/MW],EUR/km/year/MW,2020,E,0,ctrl,2030,0.2658431795
H2 140,Main distribution line H2-140 bar,Financial data,Fixed O&M [€/km/year/MW],EUR/km/year/MW,2020,E,0,ctrl,2050,0.199382384625
H2 140,Main distribution line H2-140 bar,Financial data,"Investment costs; single line, 0-100 MW  [€/MW/m]",EUR/MW/m,2020,C,0,Lower,2020,3.934479056600001
H2 140,Main distribution line H2-140 bar,Financial data,"Investment costs; single line, 0-100 MW  [€/MW/m]",EUR/MW/m,2020,C,0,Lower,2050,3.5091299694
H2 140,Main distribution line H2-140 bar,Financial data,"Investment costs; single line, 0-100 MW  [€/MW/m]",EUR/MW/m,2020,C,0,Upper,2020,5.529538133600001
H2 140,Main distribution line H2-140 bar,Financial data,"Investment costs; single line, 0-100 MW  [€/MW/m]",EUR/MW/m,2020,C,0,Upper,2050,4.997851774600001
H2 140,Main distribution line H2-140 bar,Financial data,"Investment costs; single line, 0-100 MW  [€/MW/m]",EUR/MW/m,2020,C,0,ctrl,2020,4.3598281438
H2 140,Main distribution line H2-140 bar,Financial data,"Investment costs; single line, 0-100 MW  [€/MW/m]",EUR/MW/m,2020,C,0,ctrl,2030,4.1471536002
H2 140,Main distribution line H2-140 bar,Financial data,"Investment costs; single line, 0-100 MW  [€/MW/m]",EUR/MW/m,2020,C,0,ctrl,2050,3.934479056600001
H2 140,Main distribution line H2-140 bar,Financial data,"Investment costs; single line, 100-250 MW [€/MW/m]",EUR/MW/m,2020,C,0,Lower,2020,1.7013963488
H2 140,Main distribution line H2-140 bar,Financial data,"Investment costs; single line, 100-250 MW [€/MW/m]",EUR/MW/m,2020,C,0,Lower,2050,1.595059077
H2 140,Main distribution line H2-140 bar,Financial data,"Investment costs; single line, 100-250 MW [€/MW/m]",EUR/MW/m,2020,C,0,Upper,2020,2.4457572514
H2 140,Main distribution line H2-140 bar,Financial data,"Investment costs; single line, 100-250 MW [€/MW/m]",EUR/MW/m,2020,C,0,Upper,2050,2.2330827078
H2 140,Main distribution line H2-140 bar,Financial data,"Investment costs; single line, 100-250 MW [€/MW/m]",EUR/MW/m,2020,C,0,ctrl,2020,1.9140708924
H2 140,Main distribution line H2-140 bar,Financial data,"Investment costs; single line, 100-250 MW [€/MW/m]",EUR/MW/m,2020,C,0,ctrl,2030,1.8077336206
H2 140,Main distribution line H2-140 bar,Financial data,"Investment costs; single line, 100-250 MW [€/MW/m]",EUR/MW/m,2020,C,0,ctrl,2050,1.7013963488
H2 140,Main distribution line H2-140 bar,Financial data,"Investment costs; single line, 1000-4000 MW [€/MW/m]",EUR/MW/m,2020,C,0,Lower,2020,0.4253490872000001
H2 140,Main distribution line H2-140 bar,Financial data,"Investment costs; single line, 1000-4000 MW [€/MW/m]",EUR/MW/m,2020,C,0,Lower,2050,0.4253490872000001
H2 140,Main distribution line H2-140 bar,Financial data,"Investment costs; single line, 1000-4000 MW [€/MW/m]",EUR/MW/m,2020,C,0,Upper,2020,0.531686359
H2 140,Main distribution line H2-140 bar,Financial data,"Investment costs; single line, 1000-4000 MW [€/MW/m]",EUR/MW/m,2020,C,0,Upper,2050,0.531686359
H2 140,Main distribution line H2-140 bar,Financial data,"Investment costs; single line, 1000-4000 MW [€/MW/m]",EUR/MW/m,2020,C,0,ctrl,2020,0.4253490872000001
H2 140,Main distribution line H2-140 bar,Financial data,"Investment costs; single line, 1000-4000 MW [€/MW/m]",EUR/MW/m,2020,C,0,ctrl,2030,0.4253490872000001
H2 140,Main distribution line H2-140 bar,Financial data,"Investment costs; single line, 1000-4000 MW [€/MW/m]",EUR/MW/m,2020,C,0,ctrl,2050,0.4253490872000001
H2 140,Main distribution line H2-140 bar,Financial data,"Investment costs; single line, 250-500 MW [€/MW/m]",EUR/MW/m,2020,C,0,Lower,2020,1.063372718
H2 140,Main distribution line H2-140 bar,Financial data,"Investment costs; single line, 250-500 MW [€/MW/m]",EUR/MW/m,2020,C,0,Lower,2050,0.9570354462000001
H2 140,Main distribution line H2-140 bar,Financial data,"Investment costs; single line, 250-500 MW [€/MW/m]",EUR/MW/m,2020,C,0,Upper,2020,1.4887218052
H2 140,Main distribution line H2-140 bar,Financial data,"Investment costs; single line, 250-500 MW [€/MW/m]",EUR/MW/m,2020,C,0,Upper,2050,1.3823845334
H2 140,Main distribution line H2-140 bar,Financial data,"Investment costs; single line, 250-500 MW [€/MW/m]",EUR/MW/m,2020,C,0,ctrl,2020,1.1697099898
H2 140,Main distribution line H2-140 bar,Financial data,"Investment costs; single line, 250-500 MW [€/MW/m]",EUR/MW/m,2020,C,0,ctrl,2030,1.1697099898
H2 140,Main distribution line H2-140 bar,Financial data,"Investment costs; single line, 250-500 MW [€/MW/m]",EUR/MW/m,2020,C,0,ctrl,2050,1.063372718
H2 140,Main distribution line H2-140 bar,Financial data,"Investment costs; single line, 500-1000 MW [€/MW/m]",EUR/MW/m,2020,C,0,Lower,2020,0.7443609026
H2 140,Main distribution line H2-140 bar,Financial data,"Investment costs; single line, 500-1000 MW [€/MW/m]",EUR/MW/m,2020,C,0,Lower,2050,0.6380236308
H2 140,Main distribution line H2-140 bar,Financial data,"Investment costs; single line, 500-1000 MW [€/MW/m]",EUR/MW/m,2020,C,0,Upper,2020,0.9570354462000001
H2 140,Main distribution line H2-140 bar,Financial data,"Investment costs; single line, 500-1000 MW [€/MW/m]",EUR/MW/m,2020,C,0,Upper,2050,0.9570354462000001
H2 140,Main distribution line H2-140 bar,Financial data,"Investment costs; single line, 500-1000 MW [€/MW/m]",EUR/MW/m,2020,C,0,ctrl,2020,0.8506981744000002
H2 140,Main distribution line H2-140 bar,Financial data,"Investment costs; single line, 500-1000 MW [€/MW/m]",EUR/MW/m,2020,C,0,ctrl,2030,0.7443609026
H2 140,Main distribution line H2-140 bar,Financial data,"Investment costs; single line, 500-1000 MW [€/MW/m]",EUR/MW/m,2020,C,0,ctrl,2050,0.7443609026
H2 140,Main distribution line H2-140 bar,Financial data,"Investment costs; single line, above 6000 MW [€/MW/m]",EUR/MW/m,2020,C,0,Lower,2020,0.2126745436
H2 140,Main distribution line H2-140 bar,Financial data,"Investment costs; single line, above 6000 MW [€/MW/m]",EUR/MW/m,2020,C,0,Lower,2050,0.2126745436
H2 140,Main distribution line H2-140 bar,Financial data,"Investment costs; single line, above 6000 MW [€/MW/m]",EUR/MW/m,2020,C,0,Upper,2020,0.2126745436
H2 140,Main distribution line H2-140 bar,Financial data,"Investment costs; single line, above 6000 MW [€/MW/m]",EUR/MW/m,2020,C,0,Upper,2050,0.2126745436
H2 140,Main distribution line H2-140 bar,Financial data,"Investment costs; single line, above 6000 MW [€/MW/m]",EUR/MW/m,2020,C,0,ctrl,2020,0.24457572514
H2 140,Main distribution line H2-140 bar,Financial data,"Investment costs; single line, above 6000 MW [€/MW/m]",EUR/MW/m,2020,C,0,ctrl,2030,0.2126745436
H2 140,Main distribution line H2-140 bar,Financial data,"Investment costs; single line, above 6000 MW [€/MW/m]",EUR/MW/m,2020,C,0,ctrl,2050,0.2126745436
H2 140,Main distribution line H2-140 bar,Financial data,"Investments, percentage installation [%]",pct.,,D,0,Lower,2020,0.75
H2 140,Main distribution line H2-140 bar,Financial data,"Investments, percentage installation [%]",pct.,,D,0,Lower,2050,0.7
H2 140,Main distribution line H2-140 bar,Financial data,"Investments, percentage installation [%]",pct.,,D,0,Upper,2020,0.8
H2 140,Main distribution line H2-140 bar,Financial data,"Investments, percentage installation [%]",pct.,,D,0,Upper,2050,0.8
H2 140,Main distribution line H2-140 bar,Financial data,"Investments, percentage installation [%]",pct.,,D,0,ctrl,2020,0.775
H2 140,Main distribution line H2-140 bar,Financial data,"Investments, percentage installation [%]",pct.,,D,0,ctrl,2030,0.775
H2 140,Main distribution line H2-140 bar,Financial data,"Investments, percentage installation [%]",pct.,,D,0,ctrl,2050,0.775
H2 140,Main distribution line H2-140 bar,Financial data,"Investments, percentage materials [%]",pct.,,D,0,Lower,2020,0.2
H2 140,Main distribution line H2-140 bar,Financial data,"Investments, percentage materials [%]",pct.,,D,0,Lower,2050,0.2
H2 140,Main distribution line H2-140 bar,Financial data,"Investments, percentage materials [%]",pct.,,D,0,Upper,2020,0.25
H2 140,Main distribution line H2-140 bar,Financial data,"Investments, percentage materials [%]",pct.,,D,0,Upper,2050,0.3
H2 140,Main distribution line H2-140 bar,Financial data,"Investments, percentage materials [%]",pct.,,D,0,ctrl,2020,0.225
H2 140,Main distribution line H2-140 bar,Financial data,"Investments, percentage materials [%]",pct.,,D,0,ctrl,2030,0.225
H2 140,Main distribution line H2-140 bar,Financial data,"Investments, percentage materials [%]",pct.,,D,0,ctrl,2050,0.225
H2 140,Main distribution line H2-140 bar,Financial data,Variable O&M [€/MW/km],EUR/MW/km,2020,0,0,Lower,2020,0
H2 140,Main distribution line H2-140 bar,Financial data,Variable O&M [€/MW/km],EUR/MW/km,2020,0,0,Lower,2050,0
H2 140,Main distribution line H2-140 bar,Financial data,Variable O&M [€/MW/km],EUR/MW/km,2020,0,0,Upper,2020,0
H2 140,Main distribution line H2-140 bar,Financial data,Variable O&M [€/MW/km],EUR/MW/km,2020,0,0,Upper,2050,0
H2 140,Main distribution line H2-140 bar,Financial data,Variable O&M [€/MW/km],EUR/MW/km,2020,0,0,ctrl,2020,0
H2 140,Main distribution line H2-140 bar,Financial data,Variable O&M [€/MW/km],EUR/MW/km,2020,0,0,ctrl,2030,0
H2 140,Main distribution line H2-140 bar,Financial data,Variable O&M [€/MW/km],EUR/MW/km,2020,0,0,ctrl,2050,0
NH3,Main distribution line-NH3,Energy/technical data,Construction time [years],years,,,,Lower,2020,0.5
NH3,Main distribution line-NH3,Energy/technical data,Construction time [years],years,,,,Lower,2050,0.5
NH3,Main distribution line-NH3,Energy/technical data,Construction time [years],years,,,,Upper,2020,2
NH3,Main distribution line-NH3,Energy/technical data,Construction time [years],years,,,,Upper,2050,2
NH3,Main distribution line-NH3,Energy/technical data,Construction time [years],years,,,,ctrl,2020,1
NH3,Main distribution line-NH3,Energy/technical data,Construction time [years],years,,,,ctrl,2030,1
NH3,Main distribution line-NH3,Energy/technical data,Construction time [years],years,,,,ctrl,2050,1
NH3,Main distribution line-NH3,Energy/technical data,Energy losses [‰],‰,,"[A, B]",,Lower,2020,0.01
NH3,Main distribution line-NH3,Energy/technical data,Energy losses [‰],‰,,"[A, B]",,Lower,2050,0.01
NH3,Main distribution line-NH3,Energy/technical data,Energy losses [‰],‰,,"[A, B]",,Upper,2020,0.1
NH3,Main distribution line-NH3,Energy/technical data,Energy losses [‰],‰,,"[A, B]",,Upper,2050,0.1
NH3,Main distribution line-NH3,Energy/technical data,Energy losses [‰],‰,,"[A, B]",,ctrl,2020, <0.1
NH3,Main distribution line-NH3,Energy/technical data,Energy losses [‰],‰,,"[A, B]",,ctrl,2030, <0.1
NH3,Main distribution line-NH3,Energy/technical data,Energy losses [‰],‰,,"[A, B]",,ctrl,2050, <0.1
NH3,Main distribution line-NH3,Energy/technical data,Technical life time [years],years,,,,Lower,2020,45
NH3,Main distribution line-NH3,Energy/technical data,Technical life time [years],years,,,,Lower,2050,45
NH3,Main distribution line-NH3,Energy/technical data,Technical life time [years],years,,,,Upper,2020,55
NH3,Main distribution line-NH3,Energy/technical data,Technical life time [years],years,,,,Upper,2050,55
NH3,Main distribution line-NH3,Energy/technical data,Technical life time [years],years,,,,ctrl,2020,50
NH3,Main distribution line-NH3,Energy/technical data,Technical life time [years],years,,,,ctrl,2030,50
NH3,Main distribution line-NH3,Energy/technical data,Technical life time [years],years,,,,ctrl,2050,50
NH3,Main distribution line-NH3,Financial data,Fixed O&M [€/km/year],EUR/km/year,2020,E,0,Lower,2020,53.16863590000001
NH3,Main distribution line-NH3,Financial data,Fixed O&M [€/km/year],EUR/km/year,2020,E,0,Lower,2050,53.16863590000001
NH3,Main distribution line-NH3,Financial data,Fixed O&M [€/km/year],EUR/km/year,2020,E,0,Upper,2020,212.6745436
NH3,Main distribution line-NH3,Financial data,Fixed O&M [€/km/year],EUR/km/year,2020,E,0,Upper,2050,212.6745436
NH3,Main distribution line-NH3,Financial data,Fixed O&M [€/km/year],EUR/km/year,2020,E,0,ctrl,2020,106.3372718
NH3,Main distribution line-NH3,Financial data,Fixed O&M [€/km/year],EUR/km/year,2020,E,0,ctrl,2030,106.3372718
NH3,Main distribution line-NH3,Financial data,Fixed O&M [€/km/year],EUR/km/year,2020,E,0,ctrl,2050,106.3372718
NH3,Main distribution line-NH3,Financial data,"Investment costs; single line, 1-15 MW  [€/MW/m]",EUR/MW/m,2020,"[B, C]",0,Lower,2020,9.650230530657005
NH3,Main distribution line-NH3,Financial data,"Investment costs; single line, 1-15 MW  [€/MW/m]",EUR/MW/m,2020,"[B, C]",0,Lower,2050,8.810660474489847
NH3,Main distribution line-NH3,Financial data,"Investment costs; single line, 1-15 MW  [€/MW/m]",EUR/MW/m,2020,"[B, C]",0,Upper,2020,16.08371755109501
NH3,Main distribution line-NH3,Financial data,"Investment costs; single line, 1-15 MW  [€/MW/m]",EUR/MW/m,2020,"[B, C]",0,Upper,2050,13.70547184920643
NH3,Main distribution line-NH3,Financial data,"Investment costs; single line, 1-15 MW  [€/MW/m]",EUR/MW/m,2020,"[B, C]",0,ctrl,2020,10.7400644518
NH3,Main distribution line-NH3,Financial data,"Investment costs; single line, 1-15 MW  [€/MW/m]",EUR/MW/m,2020,"[B, C]",0,ctrl,2030,10.2083780928
NH3,Main distribution line-NH3,Financial data,"Investment costs; single line, 1-15 MW  [€/MW/m]",EUR/MW/m,2020,"[B, C]",0,ctrl,2050,9.7830290056
NH3,Main distribution line-NH3,Financial data,"Investment costs; single line, 100-300 MW [€/MW/m]",EUR/MW/m,2020,"[B, C]",0,Lower,2020,1.215029154400695
NH3,Main distribution line-NH3,Financial data,"Investment costs; single line, 100-300 MW [€/MW/m]",EUR/MW/m,2020,"[B, C]",0,Lower,2050,1.109321617967835
NH3,Main distribution line-NH3,Financial data,"Investment costs; single line, 100-300 MW [€/MW/m]",EUR/MW/m,2020,"[B, C]",0,Upper,2020,2.025048590667826
NH3,Main distribution line-NH3,Financial data,"Investment costs; single line, 100-300 MW [€/MW/m]",EUR/MW/m,2020,"[B, C]",0,Upper,2050,1.725611405727743
NH3,Main distribution line-NH3,Financial data,"Investment costs; single line, 100-300 MW [€/MW/m]",EUR/MW/m,2020,"[B, C]",0,ctrl,2020,1.3823845334
NH3,Main distribution line-NH3,Financial data,"Investment costs; single line, 100-300 MW [€/MW/m]",EUR/MW/m,2020,"[B, C]",0,ctrl,2030,1.2760472616
NH3,Main distribution line-NH3,Financial data,"Investment costs; single line, 100-300 MW [€/MW/m]",EUR/MW/m,2020,"[B, C]",0,ctrl,2050,1.2760472616
NH3,Main distribution line-NH3,Financial data,"Investment costs; single line, 1000-2000 MW [€/MW/m]",EUR/MW/m,2020,"[B, C]",0,Lower,2020,0.2424028313089682
NH3,Main distribution line-NH3,Financial data,"Investment costs; single line, 1000-2000 MW [€/MW/m]",EUR/MW/m,2020,"[B, C]",0,Lower,2050,0.2213137849850879
NH3,Main distribution line-NH3,Financial data,"Investment costs; single line, 1000-2000 MW [€/MW/m]",EUR/MW/m,2020,"[B, C]",0,Upper,2020,0.4040047188482802
NH3,Main distribution line-NH3,Financial data,"Investment costs; single line, 1000-2000 MW [€/MW/m]",EUR/MW/m,2020,"[B, C]",0,Upper,2050,0.3442658877545812
NH3,Main distribution line-NH3,Financial data,"Investment costs; single line, 1000-2000 MW [€/MW/m]",EUR/MW/m,2020,"[B, C]",0,ctrl,2020,0.3190118154
NH3,Main distribution line-NH3,Financial data,"Investment costs; single line, 1000-2000 MW [€/MW/m]",EUR/MW/m,2020,"[B, C]",0,ctrl,2030,0.2126745436
NH3,Main distribution line-NH3,Financial data,"Investment costs; single line, 1000-2000 MW [€/MW/m]",EUR/MW/m,2020,"[B, C]",0,ctrl,2050,0.2126745436
NH3,Main distribution line-NH3,Financial data,"Investment costs; single line, 15-30 MW [€/MW/m]",EUR/MW/m,2020,"[B, C]",0,Lower,2020,6.412962324205671
NH3,Main distribution line-NH3,Financial data,"Investment costs; single line, 15-30 MW [€/MW/m]",EUR/MW/m,2020,"[B, C]",0,Lower,2050,5.855034601999778
NH3,Main distribution line-NH3,Financial data,"Investment costs; single line, 15-30 MW [€/MW/m]",EUR/MW/m,2020,"[B, C]",0,Upper,2020,10.68827054034278
NH3,Main distribution line-NH3,Financial data,"Investment costs; single line, 15-30 MW [€/MW/m]",EUR/MW/m,2020,"[B, C]",0,Upper,2050,9.107831603110766
NH3,Main distribution line-NH3,Financial data,"Investment costs; single line, 15-30 MW [€/MW/m]",EUR/MW/m,2020,"[B, C]",0,ctrl,2020,7.124597210600001
NH3,Main distribution line-NH3,Financial data,"Investment costs; single line, 15-30 MW [€/MW/m]",EUR/MW/m,2020,"[B, C]",0,ctrl,2030,6.805585395200001
NH3,Main distribution line-NH3,Financial data,"Investment costs; single line, 15-30 MW [€/MW/m]",EUR/MW/m,2020,"[B, C]",0,ctrl,2050,6.4865735798
NH3,Main distribution line-NH3,Financial data,"Investment costs; single line, 30-100 MW [€/MW/m]",EUR/MW/m,2020,"[B, C]",0,Lower,2020,2.662941860617214
NH3,Main distribution line-NH3,Financial data,"Investment costs; single line, 30-100 MW [€/MW/m]",EUR/MW/m,2020,"[B, C]",0,Lower,2050,2.431265918743517
NH3,Main distribution line-NH3,Financial data,"Investment costs; single line, 30-100 MW [€/MW/m]",EUR/MW/m,2020,"[B, C]",0,Upper,2020,4.438236434362024
NH3,Main distribution line-NH3,Financial data,"Investment costs; single line, 30-100 MW [€/MW/m]",EUR/MW/m,2020,"[B, C]",0,Upper,2050,3.78196920693436
NH3,Main distribution line-NH3,Financial data,"Investment costs; single line, 30-100 MW [€/MW/m]",EUR/MW/m,2020,"[B, C]",0,ctrl,2020,2.9774436104
NH3,Main distribution line-NH3,Financial data,"Investment costs; single line, 30-100 MW [€/MW/m]",EUR/MW/m,2020,"[B, C]",0,ctrl,2030,2.871106338600001
NH3,Main distribution line-NH3,Financial data,"Investment costs; single line, 30-100 MW [€/MW/m]",EUR/MW/m,2020,"[B, C]",0,ctrl,2050,2.658431795
NH3,Main distribution line-NH3,Financial data,"Investment costs; single line, 300-500 MW [€/MW/m]",EUR/MW/m,2020,"[B, C]",0,Lower,2020,0.6978509954667587
NH3,Main distribution line-NH3,Financial data,"Investment costs; single line, 300-500 MW [€/MW/m]",EUR/MW/m,2020,"[B, C]",0,Lower,2050,0.6371379588611507
NH3,Main distribution line-NH3,Financial data,"Investment costs; single line, 300-500 MW [€/MW/m]",EUR/MW/m,2020,"[B, C]",0,Upper,2020,1.163084992444598
NH3,Main distribution line-NH3,Financial data,"Investment costs; single line, 300-500 MW [€/MW/m]",EUR/MW/m,2020,"[B, C]",0,Upper,2050,0.9911034915617898
NH3,Main distribution line-NH3,Financial data,"Investment costs; single line, 300-500 MW [€/MW/m]",EUR/MW/m,2020,"[B, C]",0,ctrl,2020,0.7443609026
NH3,Main distribution line-NH3,Financial data,"Investment costs; single line, 300-500 MW [€/MW/m]",EUR/MW/m,2020,"[B, C]",0,ctrl,2030,0.7443609026
NH3,Main distribution line-NH3,Financial data,"Investment costs; single line, 300-500 MW [€/MW/m]",EUR/MW/m,2020,"[B, C]",0,ctrl,2050,0.7443609026
NH3,Main distribution line-NH3,Financial data,"Investment costs; single line, 500-1000 MW [€/MW/m]",EUR/MW/m,2020,"[B, C]",0,Lower,2020,0.4220478426811952
NH3,Main distribution line-NH3,Financial data,"Investment costs; single line, 500-1000 MW [€/MW/m]",EUR/MW/m,2020,"[B, C]",0,Lower,2050,0.3853296803679312
NH3,Main distribution line-NH3,Financial data,"Investment costs; single line, 500-1000 MW [€/MW/m]",EUR/MW/m,2020,"[B, C]",0,Upper,2020,0.7034130711353251
NH3,Main distribution line-NH3,Financial data,"Investment costs; single line, 500-1000 MW [€/MW/m]",EUR/MW/m,2020,"[B, C]",0,Upper,2050,0.5994017250167818
NH3,Main distribution line-NH3,Financial data,"Investment costs; single line, 500-1000 MW [€/MW/m]",EUR/MW/m,2020,"[B, C]",0,ctrl,2020,0.4253490872000001
NH3,Main distribution line-NH3,Financial data,"Investment costs; single line, 500-1000 MW [€/MW/m]",EUR/MW/m,2020,"[B, C]",0,ctrl,2030,0.4253490872000001
NH3,Main distribution line-NH3,Financial data,"Investment costs; single line, 500-1000 MW [€/MW/m]",EUR/MW/m,2020,"[B, C]",0,ctrl,2050,0.4253490872000001
NH3,Main distribution line-NH3,Financial data,"Investment costs; single line, above 2000 MW [€/MW/m]",EUR/MW/m,2020,"[B, C]",0,Lower,2020,0.1925691435451445
NH3,Main distribution line-NH3,Financial data,"Investment costs; single line, above 2000 MW [€/MW/m]",EUR/MW/m,2020,"[B, C]",0,Lower,2050,0.1758156280567169
NH3,Main distribution line-NH3,Financial data,"Investment costs; single line, above 2000 MW [€/MW/m]",EUR/MW/m,2020,"[B, C]",0,Upper,2020,0.3209485725752408
NH3,Main distribution line-NH3,Financial data,"Investment costs; single line, above 2000 MW [€/MW/m]",EUR/MW/m,2020,"[B, C]",0,Upper,2050,0.2734909769771152
NH3,Main distribution line-NH3,Financial data,"Investment costs; single line, above 2000 MW [€/MW/m]",EUR/MW/m,2020,"[B, C]",0,ctrl,2020,0.2126745436
NH3,Main distribution line-NH3,Financial data,"Investment costs; single line, above 2000 MW [€/MW/m]",EUR/MW/m,2020,"[B, C]",0,ctrl,2030,0.2126745436
NH3,Main distribution line-NH3,Financial data,"Investment costs; single line, above 2000 MW [€/MW/m]",EUR/MW/m,2020,"[B, C]",0,ctrl,2050,0.2126745436
NH3,Main distribution line-NH3,Financial data,"Investments, percentage installation [%]",pct.,,D,0,Lower,2020,0.8
NH3,Main distribution line-NH3,Financial data,"Investments, percentage installation [%]",pct.,,D,0,Lower,2050,0.75
NH3,Main distribution line-NH3,Financial data,"Investments, percentage installation [%]",pct.,,D,0,Upper,2020,0.9
NH3,Main distribution line-NH3,Financial data,"Investments, percentage installation [%]",pct.,,D,0,Upper,2050,0.9
NH3,Main distribution line-NH3,Financial data,"Investments, percentage installation [%]",pct.,,D,0,ctrl,2020,0.87
NH3,Main distribution line-NH3,Financial data,"Investments, percentage installation [%]",pct.,,D,0,ctrl,2030,0.8264999999999999
NH3,Main distribution line-NH3,Financial data,"Investments, percentage installation [%]",pct.,,D,0,ctrl,2050,0.7829999999999999
NH3,Main distribution line-NH3,Financial data,"Investments, percentage materials [%]",pct.,,C,0,Lower,2020,0.1
NH3,Main distribution line-NH3,Financial data,"Investments, percentage materials [%]",pct.,,C,0,Lower,2050,0.1
NH3,Main distribution line-NH3,Financial data,"Investments, percentage materials [%]",pct.,,C,0,Upper,2020,0.2
NH3,Main distribution line-NH3,Financial data,"Investments, percentage materials [%]",pct.,,C,0,Upper,2050,0.25
NH3,Main distribution line-NH3,Financial data,"Investments, percentage materials [%]",pct.,,C,0,ctrl,2020,0.13
NH3,Main distribution line-NH3,Financial data,"Investments, percentage materials [%]",pct.,,C,0,ctrl,2030,0.1735000000000001
NH3,Main distribution line-NH3,Financial data,"Investments, percentage materials [%]",pct.,,C,0,ctrl,2050,0.217
NH3,Main distribution line-NH3,Financial data,Variable O&M [€/MW/km],EUR/MW/km,2020,0,0,Lower,2020,0
NH3,Main distribution line-NH3,Financial data,Variable O&M [€/MW/km],EUR/MW/km,2020,0,0,Lower,2050,0
NH3,Main distribution line-NH3,Financial data,Variable O&M [€/MW/km],EUR/MW/km,2020,0,0,Upper,2020,0
NH3,Main distribution line-NH3,Financial data,Variable O&M [€/MW/km],EUR/MW/km,2020,0,0,Upper,2050,0
NH3,Main distribution line-NH3,Financial data,Variable O&M [€/MW/km],EUR/MW/km,2020,0,0,ctrl,2020,0
NH3,Main distribution line-NH3,Financial data,Variable O&M [€/MW/km],EUR/MW/km,2020,0,0,ctrl,2030,0
NH3,Main distribution line-NH3,Financial data,Variable O&M [€/MW/km],EUR/MW/km,2020,0,0,ctrl,2050,0
DME,Main distribution line-DME,Energy/technical data,Construction time [years],years,,,,Lower,2020,0.5
DME,Main distribution line-DME,Energy/technical data,Construction time [years],years,,,,Lower,2050,0.5
DME,Main distribution line-DME,Energy/technical data,Construction time [years],years,,,,Upper,2020,2
DME,Main distribution line-DME,Energy/technical data,Construction time [years],years,,,,Upper,2050,2
DME,Main distribution line-DME,Energy/technical data,Construction time [years],years,,,,ctrl,2020,1
DME,Main distribution line-DME,Energy/technical data,Construction time [years],years,,,,ctrl,2030,1
DME,Main distribution line-DME,Energy/technical data,Construction time [years],years,,,,ctrl,2050,1
DME,Main distribution line-DME,Energy/technical data,Energy losses [‰],‰,,"[A, B]",,Lower,2020,0.01
DME,Main distribution line-DME,Energy/technical data,Energy losses [‰],‰,,"[A, B]",,Lower,2050,0.01
DME,Main distribution line-DME,Energy/technical data,Energy losses [‰],‰,,"[A, B]",,Upper,2020,0.1
DME,Main distribution line-DME,Energy/technical data,Energy losses [‰],‰,,"[A, B]",,Upper,2050,0.1
DME,Main distribution line-DME,Energy/technical data,Energy losses [‰],‰,,"[A, B]",,ctrl,2020, <0.1
DME,Main distribution line-DME,Energy/technical data,Energy losses [‰],‰,,"[A, B]",,ctrl,2030, <0.1
DME,Main distribution line-DME,Energy/technical data,Energy losses [‰],‰,,"[A, B]",,ctrl,2050, <0.1
DME,Main distribution line-DME,Energy/technical data,Technical life time [years],years,,,,Lower,2020,45
DME,Main distribution line-DME,Energy/technical data,Technical life time [years],years,,,,Lower,2050,45
DME,Main distribution line-DME,Energy/technical data,Technical life time [years],years,,,,Upper,2020,55
DME,Main distribution line-DME,Energy/technical data,Technical life time [years],years,,,,Upper,2050,55
DME,Main distribution line-DME,Energy/technical data,Technical life time [years],years,,,,ctrl,2020,50
DME,Main distribution line-DME,Energy/technical data,Technical life time [years],years,,,,ctrl,2030,50
DME,Main distribution line-DME,Energy/technical data,Technical life time [years],years,,,,ctrl,2050,50
DME,Main distribution line-DME,Financial data,Fixed O&M [€/km/year],EUR/km/year,2020,E,0,Lower,2020,53.16863590000001
DME,Main distribution line-DME,Financial data,Fixed O&M [€/km/year],EUR/km/year,2020,E,0,Lower,2050,53.16863590000001
DME,Main distribution line-DME,Financial data,Fixed O&M [€/km/year],EUR/km/year,2020,E,0,Upper,2020,212.6745436
DME,Main distribution line-DME,Financial data,Fixed O&M [€/km/year],EUR/km/year,2020,E,0,Upper,2050,212.6745436
DME,Main distribution line-DME,Financial data,Fixed O&M [€/km/year],EUR/km/year,2020,E,0,ctrl,2020,106.3372718
DME,Main distribution line-DME,Financial data,Fixed O&M [€/km/year],EUR/km/year,2020,E,0,ctrl,2030,106.3372718
DME,Main distribution line-DME,Financial data,Fixed O&M [€/km/year],EUR/km/year,2020,E,0,ctrl,2050,106.3372718
DME,Main distribution line-DME,Financial data,"Investment costs; single line, 1-20 MW  [€/MW/m]",EUR/MW/m,2020,"[B, C]",0,Lower,2020,9.310279227872499
DME,Main distribution line-DME,Financial data,"Investment costs; single line, 1-20 MW  [€/MW/m]",EUR/MW/m,2020,"[B, C]",0,Lower,2050,8.500284935047592
DME,Main distribution line-DME,Financial data,"Investment costs; single line, 1-20 MW  [€/MW/m]",EUR/MW/m,2020,"[B, C]",0,Upper,2020,15.51713204645416
DME,Main distribution line-DME,Financial data,"Investment costs; single line, 1-20 MW  [€/MW/m]",EUR/MW/m,2020,"[B, C]",0,Upper,2050,13.22266545451848
DME,Main distribution line-DME,Financial data,"Investment costs; single line, 1-20 MW  [€/MW/m]",EUR/MW/m,2020,"[B, C]",0,ctrl,2020,10.3147153646
DME,Main distribution line-DME,Financial data,"Investment costs; single line, 1-20 MW  [€/MW/m]",EUR/MW/m,2020,"[B, C]",0,ctrl,2030,9.889366277400002
DME,Main distribution line-DME,Financial data,"Investment costs; single line, 1-20 MW  [€/MW/m]",EUR/MW/m,2020,"[B, C]",0,ctrl,2050,9.464017190200002
DME,Main distribution line-DME,Financial data,"Investment costs; single line, 100-300 MW [€/MW/m]",EUR/MW/m,2020,"[B, C]",0,Lower,2020,1.172226991007035
DME,Main distribution line-DME,Financial data,"Investment costs; single line, 100-300 MW [€/MW/m]",EUR/MW/m,2020,"[B, C]",0,Lower,2050,1.070243242789423
DME,Main distribution line-DME,Financial data,"Investment costs; single line, 100-300 MW [€/MW/m]",EUR/MW/m,2020,"[B, C]",0,Upper,2020,1.953711651678391
DME,Main distribution line-DME,Financial data,"Investment costs; single line, 100-300 MW [€/MW/m]",EUR/MW/m,2020,"[B, C]",0,Upper,2050,1.66482282211688
DME,Main distribution line-DME,Financial data,"Investment costs; single line, 100-300 MW [€/MW/m]",EUR/MW/m,2020,"[B, C]",0,ctrl,2020,1.2760472616
DME,Main distribution line-DME,Financial data,"Investment costs; single line, 100-300 MW [€/MW/m]",EUR/MW/m,2020,"[B, C]",0,ctrl,2030,1.2760472616
DME,Main distribution line-DME,Financial data,"Investment costs; single line, 100-300 MW [€/MW/m]",EUR/MW/m,2020,"[B, C]",0,ctrl,2050,1.1697099898
DME,Main distribution line-DME,Financial data,"Investment costs; single line, 1000-2500 MW [€/MW/m]",EUR/MW/m,2020,"[B, C]",0,Lower,2020,0.2338636406605841
DME,Main distribution line-DME,Financial data,"Investment costs; single line, 1000-2500 MW [€/MW/m]",EUR/MW/m,2020,"[B, C]",0,Lower,2050,0.2135175039231133
DME,Main distribution line-DME,Financial data,"Investment costs; single line, 1000-2500 MW [€/MW/m]",EUR/MW/m,2020,"[B, C]",0,Upper,2020,0.3897727344343068
DME,Main distribution line-DME,Financial data,"Investment costs; single line, 1000-2500 MW [€/MW/m]",EUR/MW/m,2020,"[B, C]",0,Upper,2050,0.332138339435954
DME,Main distribution line-DME,Financial data,"Investment costs; single line, 1000-2500 MW [€/MW/m]",EUR/MW/m,2020,"[B, C]",0,ctrl,2020,0.2126745436
DME,Main distribution line-DME,Financial data,"Investment costs; single line, 1000-2500 MW [€/MW/m]",EUR/MW/m,2020,"[B, C]",0,ctrl,2030,0.2126745436
DME,Main distribution line-DME,Financial data,"Investment costs; single line, 1000-2500 MW [€/MW/m]",EUR/MW/m,2020,"[B, C]",0,ctrl,2050,0.2126745436
DME,Main distribution line-DME,Financial data,"Investment costs; single line, 20-50 MW [€/MW/m]",EUR/MW/m,2020,"[B, C]",0,Lower,2020,6.187051151421153
DME,Main distribution line-DME,Financial data,"Investment costs; single line, 20-50 MW [€/MW/m]",EUR/MW/m,2020,"[B, C]",0,Lower,2050,5.648777701247513
DME,Main distribution line-DME,Financial data,"Investment costs; single line, 20-50 MW [€/MW/m]",EUR/MW/m,2020,"[B, C]",0,Upper,2020,10.31175191903525
DME,Main distribution line-DME,Financial data,"Investment costs; single line, 20-50 MW [€/MW/m]",EUR/MW/m,2020,"[B, C]",0,Upper,2050,8.786987535273909
DME,Main distribution line-DME,Financial data,"Investment costs; single line, 20-50 MW [€/MW/m]",EUR/MW/m,2020,"[B, C]",0,ctrl,2020,6.911922667000001
DME,Main distribution line-DME,Financial data,"Investment costs; single line, 20-50 MW [€/MW/m]",EUR/MW/m,2020,"[B, C]",0,ctrl,2030,6.592910851600001
DME,Main distribution line-DME,Financial data,"Investment costs; single line, 20-50 MW [€/MW/m]",EUR/MW/m,2020,"[B, C]",0,ctrl,2050,6.273899036200001
DME,Main distribution line-DME,Financial data,"Investment costs; single line, 300-500 MW [€/MW/m]",EUR/MW/m,2020,"[B, C]",0,Lower,2020,0.6732676081264525
DME,Main distribution line-DME,Financial data,"Investment costs; single line, 300-500 MW [€/MW/m]",EUR/MW/m,2020,"[B, C]",0,Lower,2050,0.6146933262194512
DME,Main distribution line-DME,Financial data,"Investment costs; single line, 300-500 MW [€/MW/m]",EUR/MW/m,2020,"[B, C]",0,Upper,2020,1.122112680210754
DME,Main distribution line-DME,Financial data,"Investment costs; single line, 300-500 MW [€/MW/m]",EUR/MW/m,2020,"[B, C]",0,Upper,2050,0.9561896185635906
DME,Main distribution line-DME,Financial data,"Investment costs; single line, 300-500 MW [€/MW/m]",EUR/MW/m,2020,"[B, C]",0,ctrl,2020,0.7443609026
DME,Main distribution line-DME,Financial data,"Investment costs; single line, 300-500 MW [€/MW/m]",EUR/MW/m,2020,"[B, C]",0,ctrl,2030,0.7443609026
DME,Main distribution line-DME,Financial data,"Investment costs; single line, 300-500 MW [€/MW/m]",EUR/MW/m,2020,"[B, C]",0,ctrl,2050,0.6380236308
DME,Main distribution line-DME,Financial data,"Investment costs; single line, 50-100 MW [€/MW/m]",EUR/MW/m,2020,"[B, C]",0,Lower,2020,2.569133681436381
DME,Main distribution line-DME,Financial data,"Investment costs; single line, 50-100 MW [€/MW/m]",EUR/MW/m,2020,"[B, C]",0,Lower,2050,2.345619051151416
DME,Main distribution line-DME,Financial data,"Investment costs; single line, 50-100 MW [€/MW/m]",EUR/MW/m,2020,"[B, C]",0,Upper,2020,4.281889469060634
DME,Main distribution line-DME,Financial data,"Investment costs; single line, 50-100 MW [€/MW/m]",EUR/MW/m,2020,"[B, C]",0,Upper,2050,3.648740746235536
DME,Main distribution line-DME,Financial data,"Investment costs; single line, 50-100 MW [€/MW/m]",EUR/MW/m,2020,"[B, C]",0,ctrl,2020,2.871106338600001
DME,Main distribution line-DME,Financial data,"Investment costs; single line, 50-100 MW [€/MW/m]",EUR/MW/m,2020,"[B, C]",0,ctrl,2030,2.7647690668
DME,Main distribution line-DME,Financial data,"Investment costs; single line, 50-100 MW [€/MW/m]",EUR/MW/m,2020,"[B, C]",0,ctrl,2050,2.658431795
DME,Main distribution line-DME,Financial data,"Investment costs; single line, 500-1000 MW [€/MW/m]",EUR/MW/m,2020,"[B, C]",0,Lower,2020,0.4071802482231076
DME,Main distribution line-DME,Financial data,"Investment costs; single line, 500-1000 MW [€/MW/m]",EUR/MW/m,2020,"[B, C]",0,Lower,2050,0.3717555666276973
DME,Main distribution line-DME,Financial data,"Investment costs; single line, 500-1000 MW [€/MW/m]",EUR/MW/m,2020,"[B, C]",0,Upper,2020,0.6786337470385126
DME,Main distribution line-DME,Financial data,"Investment costs; single line, 500-1000 MW [€/MW/m]",EUR/MW/m,2020,"[B, C]",0,Upper,2050,0.578286436976418
DME,Main distribution line-DME,Financial data,"Investment costs; single line, 500-1000 MW [€/MW/m]",EUR/MW/m,2020,"[B, C]",0,ctrl,2020,0.4253490872000001
DME,Main distribution line-DME,Financial data,"Investment costs; single line, 500-1000 MW [€/MW/m]",EUR/MW/m,2020,"[B, C]",0,ctrl,2030,0.4253490872000001
DME,Main distribution line-DME,Financial data,"Investment costs; single line, 500-1000 MW [€/MW/m]",EUR/MW/m,2020,"[B, C]",0,ctrl,2050,0.4253490872000001
DME,Main distribution line-DME,Financial data,"Investment costs; single line, above 2500 MW [€/MW/m]",EUR/MW/m,2020,"[B, C]",0,Lower,2020,0.1857854578066224
DME,Main distribution line-DME,Financial data,"Investment costs; single line, above 2500 MW [€/MW/m]",EUR/MW/m,2020,"[B, C]",0,Lower,2050,0.1696221229774462
DME,Main distribution line-DME,Financial data,"Investment costs; single line, above 2500 MW [€/MW/m]",EUR/MW/m,2020,"[B, C]",0,Upper,2020,0.3096424296777039
DME,Main distribution line-DME,Financial data,"Investment costs; single line, above 2500 MW [€/MW/m]",EUR/MW/m,2020,"[B, C]",0,Upper,2050,0.2638566357426941
DME,Main distribution line-DME,Financial data,"Investment costs; single line, above 2500 MW [€/MW/m]",EUR/MW/m,2020,"[B, C]",0,ctrl,2020,0.2126745436
DME,Main distribution line-DME,Financial data,"Investment costs; single line, above 2500 MW [€/MW/m]",EUR/MW/m,2020,"[B, C]",0,ctrl,2030,0.2126745436
DME,Main distribution line-DME,Financial data,"Investment costs; single line, above 2500 MW [€/MW/m]",EUR/MW/m,2020,"[B, C]",0,ctrl,2050,0.2126745436
DME,Main distribution line-DME,Financial data,"Investments, percentage installation [%]",pct.,,D,0,Lower,2020,0.8
DME,Main distribution line-DME,Financial data,"Investments, percentage installation [%]",pct.,,D,0,Lower,2050,0.75
DME,Main distribution line-DME,Financial data,"Investments, percentage installation [%]",pct.,,D,0,Upper,2020,0.9
DME,Main distribution line-DME,Financial data,"Investments, percentage installation [%]",pct.,,D,0,Upper,2050,0.9
DME,Main distribution line-DME,Financial data,"Investments, percentage installation [%]",pct.,,D,0,ctrl,2020,0.87
DME,Main distribution line-DME,Financial data,"Investments, percentage installation [%]",pct.,,D,0,ctrl,2030,0.8264999999999999
DME,Main distribution line-DME,Financial data,"Investments, percentage installation [%]",pct.,,D,0,ctrl,2050,0.7829999999999999
DME,Main distribution line-DME,Financial data,"Investments, percentage materials [%]",pct.,,C,0,Lower,2020,0.1
DME,Main distribution line-DME,Financial data,"Investments, percentage materials [%]",pct.,,C,0,Lower,2050,0.1
DME,Main distribution line-DME,Financial data,"Investments, percentage materials [%]",pct.,,C,0,Upper,2020,0.2
DME,Main distribution line-DME,Financial data,"Investments, percentage materials [%]",pct.,,C,0,Upper,2050,0.25
DME,Main distribution line-DME,Financial data,"Investments, percentage materials [%]",pct.,,C,0,ctrl,2020,0.13
DME,Main distribution line-DME,Financial data,"Investments, percentage materials [%]",pct.,,C,0,ctrl,2030,0.1735000000000001
DME,Main distribution line-DME,Financial data,"Investments, percentage materials [%]",pct.,,C,0,ctrl,2050,0.217
DME,Main distribution line-DME,Financial data,Variable O&M [€/MW/km],EUR/MW/km,2020,0,0,Lower,2020,0
DME,Main distribution line-DME,Financial data,Variable O&M [€/MW/km],EUR/MW/km,2020,0,0,Lower,2050,0
DME,Main distribution line-DME,Financial data,Variable O&M [€/MW/km],EUR/MW/km,2020,0,0,Upper,2020,0
DME,Main distribution line-DME,Financial data,Variable O&M [€/MW/km],EUR/MW/km,2020,0,0,Upper,2050,0
DME,Main distribution line-DME,Financial data,Variable O&M [€/MW/km],EUR/MW/km,2020,0,0,ctrl,2020,0
DME,Main distribution line-DME,Financial data,Variable O&M [€/MW/km],EUR/MW/km,2020,0,0,ctrl,2030,0
DME,Main distribution line-DME,Financial data,Variable O&M [€/MW/km],EUR/MW/km,2020,0,0,ctrl,2050,0
TOLU,Main distribution line-Toluene,Energy/technical data,Construction time [years],years,,,,Lower,2020,0.5
TOLU,Main distribution line-Toluene,Energy/technical data,Construction time [years],years,,,,Lower,2050,0.5
TOLU,Main distribution line-Toluene,Energy/technical data,Construction time [years],years,,,,Upper,2020,2
TOLU,Main distribution line-Toluene,Energy/technical data,Construction time [years],years,,,,Upper,2050,2
TOLU,Main distribution line-Toluene,Energy/technical data,Construction time [years],years,,,,ctrl,2020,1
TOLU,Main distribution line-Toluene,Energy/technical data,Construction time [years],years,,,,ctrl,2030,1
TOLU,Main distribution line-Toluene,Energy/technical data,Construction time [years],years,,,,ctrl,2050,1
TOLU,Main distribution line-Toluene,Energy/technical data,Energy losses [‰],‰,,"[A, B]",,Lower,2020,0.01
TOLU,Main distribution line-Toluene,Energy/technical data,Energy losses [‰],‰,,"[A, B]",,Lower,2050,0.01
TOLU,Main distribution line-Toluene,Energy/technical data,Energy losses [‰],‰,,"[A, B]",,Upper,2020,0.1
TOLU,Main distribution line-Toluene,Energy/technical data,Energy losses [‰],‰,,"[A, B]",,Upper,2050,0.1
TOLU,Main distribution line-Toluene,Energy/technical data,Energy losses [‰],‰,,"[A, B]",,ctrl,2020, <0.1
TOLU,Main distribution line-Toluene,Energy/technical data,Energy losses [‰],‰,,"[A, B]",,ctrl,2030, <0.1
TOLU,Main distribution line-Toluene,Energy/technical data,Energy losses [‰],‰,,"[A, B]",,ctrl,2050, <0.1
TOLU,Main distribution line-Toluene,Energy/technical data,Technical life time [years],years,,,,Lower,2020,45
TOLU,Main distribution line-Toluene,Energy/technical data,Technical life time [years],years,,,,Lower,2050,45
TOLU,Main distribution line-Toluene,Energy/technical data,Technical life time [years],years,,,,Upper,2020,55
TOLU,Main distribution line-Toluene,Energy/technical data,Technical life time [years],years,,,,Upper,2050,55
TOLU,Main distribution line-Toluene,Energy/technical data,Technical life time [years],years,,,,ctrl,2020,50
TOLU,Main distribution line-Toluene,Energy/technical data,Technical life time [years],years,,,,ctrl,2030,50
TOLU,Main distribution line-Toluene,Energy/technical data,Technical life time [years],years,,,,ctrl,2050,50
TOLU,Main distribution line-Toluene,Financial data,Fixed O&M [€/km/year],EUR/km/year,2020,E,0,Lower,2020,53.16863590000001
TOLU,Main distribution line-Toluene,Financial data,Fixed O&M [€/km/year],EUR/km/year,2020,E,0,Lower,2050,53.16863590000001
TOLU,Main distribution line-Toluene,Financial data,Fixed O&M [€/km/year],EUR/km/year,2020,E,0,Upper,2020,212.6745436
TOLU,Main distribution line-Toluene,Financial data,Fixed O&M [€/km/year],EUR/km/year,2020,E,0,Upper,2050,212.6745436
TOLU,Main distribution line-Toluene,Financial data,Fixed O&M [€/km/year],EUR/km/year,2020,E,0,ctrl,2020,106.3372718
TOLU,Main distribution line-Toluene,Financial data,Fixed O&M [€/km/year],EUR/km/year,2020,E,0,ctrl,2030,106.3372718
TOLU,Main distribution line-Toluene,Financial data,Fixed O&M [€/km/year],EUR/km/year,2020,E,0,ctrl,2050,106.3372718
TOLU,Main distribution line-Toluene,Financial data,"Investment costs; single line, 1-20 MW  [€/MW/m]",EUR/MW/m,2020,"[B, C]",0,Lower,2020,8.772936846051824
TOLU,Main distribution line-Toluene,Financial data,"Investment costs; single line, 1-20 MW  [€/MW/m]",EUR/MW/m,2020,"[B, C]",0,Lower,2050,8.009691340445315
TOLU,Main distribution line-Toluene,Financial data,"Investment costs; single line, 1-20 MW  [€/MW/m]",EUR/MW/m,2020,"[B, C]",0,Upper,2020,14.62156141008637
TOLU,Main distribution line-Toluene,Financial data,"Investment costs; single line, 1-20 MW  [€/MW/m]",EUR/MW/m,2020,"[B, C]",0,Upper,2050,12.45951986291493
TOLU,Main distribution line-Toluene,Financial data,"Investment costs; single line, 1-20 MW  [€/MW/m]",EUR/MW/m,2020,"[B, C]",0,ctrl,2020,9.7830290056
TOLU,Main distribution line-Toluene,Financial data,"Investment costs; single line, 1-20 MW  [€/MW/m]",EUR/MW/m,2020,"[B, C]",0,ctrl,2030,9.357679918400002
TOLU,Main distribution line-Toluene,Financial data,"Investment costs; single line, 1-20 MW  [€/MW/m]",EUR/MW/m,2020,"[B, C]",0,ctrl,2050,8.932330831200002
TOLU,Main distribution line-Toluene,Financial data,"Investment costs; single line, 100-300 MW [€/MW/m]",EUR/MW/m,2020,"[B, C]",0,Lower,2020,1.104571958546087
TOLU,Main distribution line-Toluene,Financial data,"Investment costs; single line, 100-300 MW [€/MW/m]",EUR/MW/m,2020,"[B, C]",0,Lower,2050,1.008474198152577
TOLU,Main distribution line-Toluene,Financial data,"Investment costs; single line, 100-300 MW [€/MW/m]",EUR/MW/m,2020,"[B, C]",0,Upper,2020,1.840953264243478
TOLU,Main distribution line-Toluene,Financial data,"Investment costs; single line, 100-300 MW [€/MW/m]",EUR/MW/m,2020,"[B, C]",0,Upper,2050,1.568737641570676
TOLU,Main distribution line-Toluene,Financial data,"Investment costs; single line, 100-300 MW [€/MW/m]",EUR/MW/m,2020,"[B, C]",0,ctrl,2020,1.2760472616
TOLU,Main distribution line-Toluene,Financial data,"Investment costs; single line, 100-300 MW [€/MW/m]",EUR/MW/m,2020,"[B, C]",0,ctrl,2030,1.1697099898
TOLU,Main distribution line-Toluene,Financial data,"Investment costs; single line, 100-300 MW [€/MW/m]",EUR/MW/m,2020,"[B, C]",0,ctrl,2050,1.1697099898
TOLU,Main distribution line-Toluene,Financial data,"Investment costs; single line, 1000-2500 MW [€/MW/m]",EUR/MW/m,2020,"[B, C]",0,Lower,2020,0.2203662102808801
TOLU,Main distribution line-Toluene,Financial data,"Investment costs; single line, 1000-2500 MW [€/MW/m]",EUR/MW/m,2020,"[B, C]",0,Lower,2050,0.2011943499864436
TOLU,Main distribution line-Toluene,Financial data,"Investment costs; single line, 1000-2500 MW [€/MW/m]",EUR/MW/m,2020,"[B, C]",0,Upper,2020,0.3672770171348002
TOLU,Main distribution line-Toluene,Financial data,"Investment costs; single line, 1000-2500 MW [€/MW/m]",EUR/MW/m,2020,"[B, C]",0,Upper,2050,0.3129689888678011
TOLU,Main distribution line-Toluene,Financial data,"Investment costs; single line, 1000-2500 MW [€/MW/m]",EUR/MW/m,2020,"[B, C]",0,ctrl,2020,0.2126745436
TOLU,Main distribution line-Toluene,Financial data,"Investment costs; single line, 1000-2500 MW [€/MW/m]",EUR/MW/m,2020,"[B, C]",0,ctrl,2030,0.2126745436
TOLU,Main distribution line-Toluene,Financial data,"Investment costs; single line, 1000-2500 MW [€/MW/m]",EUR/MW/m,2020,"[B, C]",0,ctrl,2050,0.2126745436
TOLU,Main distribution line-Toluene,Financial data,"Investment costs; single line, 20-50 MW [€/MW/m]",EUR/MW/m,2020,"[B, C]",0,Lower,2020,5.829965749277882
TOLU,Main distribution line-Toluene,Financial data,"Investment costs; single line, 20-50 MW [€/MW/m]",EUR/MW/m,2020,"[B, C]",0,Lower,2050,5.322758729090706
TOLU,Main distribution line-Toluene,Financial data,"Investment costs; single line, 20-50 MW [€/MW/m]",EUR/MW/m,2020,"[B, C]",0,Upper,2020,9.716609582129804
TOLU,Main distribution line-Toluene,Financial data,"Investment costs; single line, 20-50 MW [€/MW/m]",EUR/MW/m,2020,"[B, C]",0,Upper,2050,8.279846911918877
TOLU,Main distribution line-Toluene,Financial data,"Investment costs; single line, 20-50 MW [€/MW/m]",EUR/MW/m,2020,"[B, C]",0,ctrl,2020,6.4865735798
TOLU,Main distribution line-Toluene,Financial data,"Investment costs; single line, 20-50 MW [€/MW/m]",EUR/MW/m,2020,"[B, C]",0,ctrl,2030,6.1675617644
TOLU,Main distribution line-Toluene,Financial data,"Investment costs; single line, 20-50 MW [€/MW/m]",EUR/MW/m,2020,"[B, C]",0,ctrl,2050,5.9548872208
TOLU,Main distribution line-Toluene,Financial data,"Investment costs; single line, 300-500 MW [€/MW/m]",EUR/MW/m,2020,"[B, C]",0,Lower,2020,0.6344099958788715
TOLU,Main distribution line-Toluene,Financial data,"Investment costs; single line, 300-500 MW [€/MW/m]",EUR/MW/m,2020,"[B, C]",0,Lower,2050,0.5792163262374097
TOLU,Main distribution line-Toluene,Financial data,"Investment costs; single line, 300-500 MW [€/MW/m]",EUR/MW/m,2020,"[B, C]",0,Upper,2020,1.057349993131453
TOLU,Main distribution line-Toluene,Financial data,"Investment costs; single line, 300-500 MW [€/MW/m]",EUR/MW/m,2020,"[B, C]",0,Upper,2050,0.9010031741470818
TOLU,Main distribution line-Toluene,Financial data,"Investment costs; single line, 300-500 MW [€/MW/m]",EUR/MW/m,2020,"[B, C]",0,ctrl,2020,0.7443609026
TOLU,Main distribution line-Toluene,Financial data,"Investment costs; single line, 300-500 MW [€/MW/m]",EUR/MW/m,2020,"[B, C]",0,ctrl,2030,0.6380236308
TOLU,Main distribution line-Toluene,Financial data,"Investment costs; single line, 300-500 MW [€/MW/m]",EUR/MW/m,2020,"[B, C]",0,ctrl,2050,0.6380236308
TOLU,Main distribution line-Toluene,Financial data,"Investment costs; single line, 50-100 MW [€/MW/m]",EUR/MW/m,2020,"[B, C]",0,Lower,2020,2.42085623692474
TOLU,Main distribution line-Toluene,Financial data,"Investment costs; single line, 50-100 MW [€/MW/m]",EUR/MW/m,2020,"[B, C]",0,Lower,2050,2.210241744312288
TOLU,Main distribution line-Toluene,Financial data,"Investment costs; single line, 50-100 MW [€/MW/m]",EUR/MW/m,2020,"[B, C]",0,Upper,2020,4.034760394874567
TOLU,Main distribution line-Toluene,Financial data,"Investment costs; single line, 50-100 MW [€/MW/m]",EUR/MW/m,2020,"[B, C]",0,Upper,2050,3.438153824485781
TOLU,Main distribution line-Toluene,Financial data,"Investment costs; single line, 50-100 MW [€/MW/m]",EUR/MW/m,2020,"[B, C]",0,ctrl,2020,2.658431795
TOLU,Main distribution line-Toluene,Financial data,"Investment costs; single line, 50-100 MW [€/MW/m]",EUR/MW/m,2020,"[B, C]",0,ctrl,2030,2.5520945232
TOLU,Main distribution line-Toluene,Financial data,"Investment costs; single line, 50-100 MW [€/MW/m]",EUR/MW/m,2020,"[B, C]",0,ctrl,2050,2.4457572514
TOLU,Main distribution line-Toluene,Financial data,"Investment costs; single line, 500-1000 MW [€/MW/m]",EUR/MW/m,2020,"[B, C]",0,Lower,2020,0.3836798569829047
TOLU,Main distribution line-Toluene,Financial data,"Investment costs; single line, 500-1000 MW [€/MW/m]",EUR/MW/m,2020,"[B, C]",0,Lower,2050,0.350299709425392
TOLU,Main distribution line-Toluene,Financial data,"Investment costs; single line, 500-1000 MW [€/MW/m]",EUR/MW/m,2020,"[B, C]",0,Upper,2020,0.6394664283048411
TOLU,Main distribution line-Toluene,Financial data,"Investment costs; single line, 500-1000 MW [€/MW/m]",EUR/MW/m,2020,"[B, C]",0,Upper,2050,0.5449106591061653
TOLU,Main distribution line-Toluene,Financial data,"Investment costs; single line, 500-1000 MW [€/MW/m]",EUR/MW/m,2020,"[B, C]",0,ctrl,2020,0.4253490872000001
TOLU,Main distribution line-Toluene,Financial data,"Investment costs; single line, 500-1000 MW [€/MW/m]",EUR/MW/m,2020,"[B, C]",0,ctrl,2030,0.4253490872000001
TOLU,Main distribution line-Toluene,Financial data,"Investment costs; single line, 500-1000 MW [€/MW/m]",EUR/MW/m,2020,"[B, C]",0,ctrl,2050,0.4253490872000001
TOLU,Main distribution line-Toluene,Financial data,"Investment costs; single line, above 2500 MW [€/MW/m]",EUR/MW/m,2020,"[B, C]",0,Lower,2020,0.1750628577683132
TOLU,Main distribution line-Toluene,Financial data,"Investment costs; single line, above 2500 MW [€/MW/m]",EUR/MW/m,2020,"[B, C]",0,Lower,2050,0.1598323891424699
TOLU,Main distribution line-Toluene,Financial data,"Investment costs; single line, above 2500 MW [€/MW/m]",EUR/MW/m,2020,"[B, C]",0,Upper,2020,0.2917714296138553
TOLU,Main distribution line-Toluene,Financial data,"Investment costs; single line, above 2500 MW [€/MW/m]",EUR/MW/m,2020,"[B, C]",0,Upper,2050,0.2486281608882866
TOLU,Main distribution line-Toluene,Financial data,"Investment costs; single line, above 2500 MW [€/MW/m]",EUR/MW/m,2020,"[B, C]",0,ctrl,2020,0.2126745436
TOLU,Main distribution line-Toluene,Financial data,"Investment costs; single line, above 2500 MW [€/MW/m]",EUR/MW/m,2020,"[B, C]",0,ctrl,2030,0.2126745436
TOLU,Main distribution line-Toluene,Financial data,"Investment costs; single line, above 2500 MW [€/MW/m]",EUR/MW/m,2020,"[B, C]",0,ctrl,2050,0.2126745436
TOLU,Main distribution line-Toluene,Financial data,"Investments, percentage installation [%]",pct.,,D,0,Lower,2020,0.8
TOLU,Main distribution line-Toluene,Financial data,"Investments, percentage installation [%]",pct.,,D,0,Lower,2050,0.75
TOLU,Main distribution line-Toluene,Financial data,"Investments, percentage installation [%]",pct.,,D,0,Upper,2020,0.9
TOLU,Main distribution line-Toluene,Financial data,"Investments, percentage installation [%]",pct.,,D,0,Upper,2050,0.9
TOLU,Main distribution line-Toluene,Financial data,"Investments, percentage installation [%]",pct.,,D,0,ctrl,2020,0.87
TOLU,Main distribution line-Toluene,Financial data,"Investments, percentage installation [%]",pct.,,D,0,ctrl,2030,0.8264999999999999
TOLU,Main distribution line-Toluene,Financial data,"Investments, percentage installation [%]",pct.,,D,0,ctrl,2050,0.7829999999999999
TOLU,Main distribution line-Toluene,Financial data,"Investments, percentage materials [%]",pct.,,C,0,Lower,2020,0.1
TOLU,Main distribution line-Toluene,Financial data,"Investments, percentage materials [%]",pct.,,C,0,Lower,2050,0.1
TOLU,Main distribution line-Toluene,Financial data,"Investments, percentage materials [%]",pct.,,C,0,Upper,2020,0.2
TOLU,Main distribution line-Toluene,Financial data,"Investments, percentage materials [%]",pct.,,C,0,Upper,2050,0.25
TOLU,Main distribution line-Toluene,Financial data,"Investments, percentage materials [%]",pct.,,C,0,ctrl,2020,0.13
TOLU,Main distribution line-Toluene,Financial data,"Investments, percentage materials [%]",pct.,,C,0,ctrl,2030,0.1735000000000001
TOLU,Main distribution line-Toluene,Financial data,"Investments, percentage materials [%]",pct.,,C,0,ctrl,2050,0.217
TOLU,Main distribution line-Toluene,Financial data,Variable O&M [€/MW/km],EUR/MW/km,2020,0,0,Lower,2020,0
TOLU,Main distribution line-Toluene,Financial data,Variable O&M [€/MW/km],EUR/MW/km,2020,0,0,Lower,2050,0
TOLU,Main distribution line-Toluene,Financial data,Variable O&M [€/MW/km],EUR/MW/km,2020,0,0,Upper,2020,0
TOLU,Main distribution line-Toluene,Financial data,Variable O&M [€/MW/km],EUR/MW/km,2020,0,0,Upper,2050,0
TOLU,Main distribution line-Toluene,Financial data,Variable O&M [€/MW/km],EUR/MW/km,2020,0,0,ctrl,2020,0
TOLU,Main distribution line-Toluene,Financial data,Variable O&M [€/MW/km],EUR/MW/km,2020,0,0,ctrl,2030,0
TOLU,Main distribution line-Toluene,Financial data,Variable O&M [€/MW/km],EUR/MW/km,2020,0,0,ctrl,2050,0
