name,lat,lon,wacc,wacc_source,iso3,country
cm55_m71,-55,-71,0.051,ameli_map,CHL,Chile
cm55_m70,-55,-70,0.051,ameli_map,CHL,Chile
cm55_m69,-55,-69,0.051,ameli_map,CHL,Chile
cm55_m68,-55,-68,0.051,ameli_map,CHL,Chile
cm55_m67,-55,-67,0.051,ameli_map,CHL,Chile
cm54_m72,-54,-72,0.051,ameli_map,CHL,Chile
cm54_m70,-54,-70,0.051,ameli_map,CHL,Chile
cm54_m69,-54,-69,0.051,ameli_map,CHL,Chile
cm54_m68,-54,-68,0.051,ameli_map,ARG,Argentina
cm53_m74,-53,-74,0.051,ameli_map,CHL,Chile
cm53_m73,-53,-73,0.051,ameli_map,CHL,Chile
cm53_m72,-53,-72,0.051,ameli_map,CHL,Chile
cm53_m71,-53,-71,0.051,ameli_map,CHL,Chile
cm53_m70,-53,-70,0.051,ameli_map,CHL,Chile
cm53_m69,-53,-69,0.051,ameli_map,CHL,Chile
cm52_m75,-52,-75,0.051,ameli_map,CHL,Chile
cm52_m74,-52,-74,0.051,ameli_map,CHL,Chile
cm52_m73,-52,-73,0.051,ameli_map,CHL,Chile
cm52_m72,-52,-72,0.051,ameli_map,CHL,Chile
cm52_m71,-52,-71,0.051,ameli_map,CHL,Chile
cm52_m70,-52,-70,0.051,ameli_map,ARG,Argentina
cm52_m69,-52,-69,0.051,ameli_map,ARG,Argentina
cm52_m60,-52,-60,0.051,ameli_map,ARG,Argentina
cm52_m59,-52,-59,0.051,ameli_map,ARG,Argentina
cm51_m75,-51,-75,0.051,ameli_map,CHL,Chile
cm51_m74,-51,-74,0.051,ameli_map,CHL,Chile
cm51_m73,-51,-73,0.051,ameli_map,CHL,Chile
cm51_m72,-51,-72,0.051,ameli_map,ARG,Argentina
cm51_m71,-51,-71,0.051,ameli_map,ARG,Argentina
cm51_m70,-51,-70,0.051,ameli_map,ARG,Argentina
cm50_m74,-50,-74,0.051,ameli_map,CHL,Chile
cm50_m73,-50,-73,0.051,ameli_map,ARG,Argentina
cm50_m72,-50,-72,0.051,ameli_map,ARG,Argentina
cm50_m71,-50,-71,0.051,ameli_map,ARG,Argentina
cm50_m70,-50,-70,0.051,ameli_map,ARG,Argentina
cm50_m69,-50,-69,0.051,ameli_map,ARG,Argentina
cm50_m68,-50,-68,0.051,ameli_map,ARG,Argentina
cm49_m75,-49,-75,0.051,ameli_map,CHL,Chile
cm49_m74,-49,-74,0.051,ameli_map,CHL,Chile
cm49_m73,-49,-73,0.051,ameli_map,CHL,Chile
cm49_m72,-49,-72,0.051,ameli_map,ARG,Argentina
cm49_m71,-49,-71,0.051,ameli_map,ARG,Argentina
cm49_m70,-49,-70,0.051,ameli_map,ARG,Argentina
cm49_m69,-49,-69,0.051,ameli_map,ARG,Argentina
cm49_m68,-49,-68,0.051,ameli_map,ARG,Argentina
cm49_69,-49,69,0.04,ameli_map,ATF,French Southern Territories
cm48_m75,-48,-75,0.051,ameli_map,CHL,Chile
cm48_m74,-48,-74,0.051,ameli_map,CHL,Chile
cm48_m73,-48,-73,0.051,ameli_map,CHL,Chile
cm48_m72,-48,-72,0.051,ameli_map,ARG,Argentina
cm48_m71,-48,-71,0.051,ameli_map,ARG,Argentina
cm48_m70,-48,-70,0.051,ameli_map,ARG,Argentina
cm48_m69,-48,-69,0.051,ameli_map,ARG,Argentina
cm48_m68,-48,-68,0.051,ameli_map,ARG,Argentina
cm48_m67,-48,-67,0.051,ameli_map,ARG,Argentina
cm48_m66,-48,-66,0.051,ameli_map,ARG,Argentina
cm47_m74,-47,-74,0.051,ameli_map,CHL,Chile
cm47_m73,-47,-73,0.051,ameli_map,CHL,Chile
cm47_m72,-47,-72,0.051,ameli_map,CHL,Chile
cm47_m71,-47,-71,0.051,ameli_map,ARG,Argentina
cm47_m70,-47,-70,0.051,ameli_map,ARG,Argentina
cm47_m69,-47,-69,0.051,ameli_map,ARG,Argentina
cm47_m68,-47,-68,0.051,ameli_map,ARG,Argentina
cm47_m67,-47,-67,0.051,ameli_map,ARG,Argentina
cm47_168,-47,168,0.051,ameli_map,NZL,New Zealand
cm46_m75,-46,-75,0.051,ameli_map,CHL,Chile
cm46_m74,-46,-74,0.051,ameli_map,CHL,Chile
cm46_m73,-46,-73,0.051,ameli_map,CHL,Chile
cm46_m72,-46,-72,0.051,ameli_map,CHL,Chile
cm46_m71,-46,-71,0.051,ameli_map,ARG,Argentina
cm46_m70,-46,-70,0.051,ameli_map,ARG,Argentina
cm46_m69,-46,-69,0.051,ameli_map,ARG,Argentina
cm46_m68,-46,-68,0.051,ameli_map,ARG,Argentina
cm46_167,-46,167,0.051,ameli_map,NZL,New Zealand
cm46_168,-46,168,0.051,ameli_map,NZL,New Zealand
cm46_169,-46,169,0.051,ameli_map,NZL,New Zealand
cm46_170,-46,170,0.051,ameli_map,NZL,New Zealand
cm45_m73,-45,-73,0.051,ameli_map,CHL,Chile
cm45_m72,-45,-72,0.051,ameli_map,CHL,Chile
cm45_m71,-45,-71,0.051,ameli_map,ARG,Argentina
cm45_m70,-45,-70,0.051,ameli_map,ARG,Argentina
cm45_m69,-45,-69,0.051,ameli_map,ARG,Argentina
cm45_m68,-45,-68,0.051,ameli_map,ARG,Argentina
cm45_m67,-45,-67,0.051,ameli_map,ARG,Argentina
cm45_m66,-45,-66,0.051,ameli_map,ARG,Argentina
cm45_168,-45,168,0.051,ameli_map,NZL,New Zealand
cm45_169,-45,169,0.051,ameli_map,NZL,New Zealand
cm45_170,-45,170,0.051,ameli_map,NZL,New Zealand
cm45_171,-45,171,0.051,ameli_map,NZL,New Zealand
cm44_m73,-44,-73,0.051,ameli_map,CHL,Chile
cm44_m72,-44,-72,0.051,ameli_map,CHL,Chile
cm44_m71,-44,-71,0.051,ameli_map,ARG,Argentina
cm44_m70,-44,-70,0.051,ameli_map,ARG,Argentina
cm44_m69,-44,-69,0.051,ameli_map,ARG,Argentina
cm44_m68,-44,-68,0.051,ameli_map,ARG,Argentina
cm44_m67,-44,-67,0.051,ameli_map,ARG,Argentina
cm44_m66,-44,-66,0.051,ameli_map,ARG,Argentina
cm44_169,-44,169,0.051,ameli_map,NZL,New Zealand
cm44_170,-44,170,0.051,ameli_map,NZL,New Zealand
cm44_171,-44,171,0.051,ameli_map,NZL,New Zealand
cm43_m74,-43,-74,0.051,ameli_map,CHL,Chile
cm43_m72,-43,-72,0.051,ameli_map,ARG,Argentina
cm43_m71,-43,-71,0.051,ameli_map,ARG,Argentina
cm43_m70,-43,-70,0.051,ameli_map,ARG,Argentina
cm43_m69,-43,-69,0.051,ameli_map,ARG,Argentina
cm43_m68,-43,-68,0.051,ameli_map,ARG,Argentina
cm43_m67,-43,-67,0.051,ameli_map,ARG,Argentina
cm43_m66,-43,-66,0.051,ameli_map,ARG,Argentina
cm43_m65,-43,-65,0.051,ameli_map,ARG,Argentina
cm43_146,-43,146,0.051,ameli_map,AUS,Australia
cm43_147,-43,147,0.051,ameli_map,AUS,Australia
cm43_171,-43,171,0.051,ameli_map,NZL,New Zealand
cm43_172,-43,172,0.051,ameli_map,NZL,New Zealand
cm43_173,-43,173,0.051,ameli_map,NZL,New Zealand
cm42_m74,-42,-74,0.051,ameli_map,CHL,Chile
cm42_m72,-42,-72,0.051,ameli_map,CHL,Chile
cm42_m71,-42,-71,0.051,ameli_map,ARG,Argentina
cm42_m70,-42,-70,0.051,ameli_map,ARG,Argentina
cm42_m69,-42,-69,0.051,ameli_map,ARG,Argentina
cm42_m68,-42,-68,0.051,ameli_map,ARG,Argentina
cm42_m67,-42,-67,0.051,ameli_map,ARG,Argentina
cm42_m66,-42,-66,0.051,ameli_map,ARG,Argentina
cm42_146,-42,146,0.051,ameli_map,AUS,Australia
cm42_147,-42,147,0.051,ameli_map,AUS,Australia
cm42_148,-42,148,0.051,ameli_map,AUS,Australia
cm42_172,-42,172,0.051,ameli_map,NZL,New Zealand
cm42_173,-42,173,0.051,ameli_map,NZL,New Zealand
cm42_174,-42,174,0.051,ameli_map,NZL,New Zealand
cm41_m73,-41,-73,0.051,ameli_map,CHL,Chile
cm41_m72,-41,-72,0.051,ameli_map,CHL,Chile
cm41_m71,-41,-71,0.051,ameli_map,ARG,Argentina
cm41_m70,-41,-70,0.051,ameli_map,ARG,Argentina
cm41_m69,-41,-69,0.051,ameli_map,ARG,Argentina
cm41_m68,-41,-68,0.051,ameli_map,ARG,Argentina
cm41_m67,-41,-67,0.051,ameli_map,ARG,Argentina
cm41_m66,-41,-66,0.051,ameli_map,ARG,Argentina
cm41_m64,-41,-64,0.051,ameli_map,ARG,Argentina
cm41_m63,-41,-63,0.051,ameli_map,ARG,Argentina
cm41_145,-41,145,0.051,ameli_map,AUS,Australia
cm41_147,-41,147,0.051,ameli_map,AUS,Australia
cm41_148,-41,148,0.051,ameli_map,AUS,Australia
cm41_173,-41,173,0.051,ameli_map,NZL,New Zealand
cm41_174,-41,174,0.051,ameli_map,NZL,New Zealand
cm41_175,-41,175,0.051,ameli_map,NZL,New Zealand
cm41_176,-41,176,0.051,ameli_map,NZL,New Zealand
cm40_m73,-40,-73,0.051,ameli_map,CHL,Chile
cm40_m72,-40,-72,0.051,ameli_map,CHL,Chile
cm40_m71,-40,-71,0.051,ameli_map,ARG,Argentina
cm40_m70,-40,-70,0.051,ameli_map,ARG,Argentina
cm40_m69,-40,-69,0.051,ameli_map,ARG,Argentina
cm40_m68,-40,-68,0.051,ameli_map,ARG,Argentina
cm40_m67,-40,-67,0.051,ameli_map,ARG,Argentina
cm40_m66,-40,-66,0.051,ameli_map,ARG,Argentina
cm40_m65,-40,-65,0.051,ameli_map,ARG,Argentina
cm40_m64,-40,-64,0.051,ameli_map,ARG,Argentina
cm40_m63,-40,-63,0.051,ameli_map,ARG,Argentina
cm40_144,-40,144,0.051,ameli_map,AUS,Australia
cm40_148,-40,148,0.051,ameli_map,AUS,Australia
cm40_176,-40,176,0.051,ameli_map,NZL,New Zealand
cm39_m73,-39,-73,0.051,ameli_map,CHL,Chile
cm39_m72,-39,-72,0.051,ameli_map,CHL,Chile
cm39_m71,-39,-71,0.051,ameli_map,ARG,Argentina
cm39_m70,-39,-70,0.051,ameli_map,ARG,Argentina
cm39_m69,-39,-69,0.051,ameli_map,ARG,Argentina
cm39_m68,-39,-68,0.051,ameli_map,ARG,Argentina
cm39_m67,-39,-67,0.051,ameli_map,ARG,Argentina
cm39_m66,-39,-66,0.051,ameli_map,ARG,Argentina
cm39_m65,-39,-65,0.051,ameli_map,ARG,Argentina
cm39_m64,-39,-64,0.051,ameli_map,ARG,Argentina
cm39_m63,-39,-63,0.051,ameli_map,ARG,Argentina
cm39_175,-39,175,0.051,ameli_map,NZL,New Zealand
cm39_176,-39,176,0.051,ameli_map,NZL,New Zealand
cm39_177,-39,177,0.051,ameli_map,NZL,New Zealand
cm38_m73,-38,-73,0.051,ameli_map,CHL,Chile
cm38_m72,-38,-72,0.051,ameli_map,CHL,Chile
cm38_m71,-38,-71,0.051,ameli_map,ARG,Argentina
cm38_m70,-38,-70,0.051,ameli_map,ARG,Argentina
cm38_m69,-38,-69,0.051,ameli_map,ARG,Argentina
cm38_m68,-38,-68,0.051,ameli_map,ARG,Argentina
cm38_m67,-38,-67,0.051,ameli_map,ARG,Argentina
cm38_m66,-38,-66,0.051,ameli_map,ARG,Argentina
cm38_m65,-38,-65,0.051,ameli_map,ARG,Argentina
cm38_m64,-38,-64,0.051,ameli_map,ARG,Argentina
cm38_m63,-38,-63,0.051,ameli_map,ARG,Argentina
cm38_m62,-38,-62,0.051,ameli_map,ARG,Argentina
cm38_m61,-38,-61,0.051,ameli_map,ARG,Argentina
cm38_m60,-38,-60,0.051,ameli_map,ARG,Argentina
cm38_m59,-38,-59,0.051,ameli_map,ARG,Argentina
cm38_m58,-38,-58,0.051,ameli_map,ARG,Argentina
cm38_141,-38,141,0.051,ameli_map,AUS,Australia
cm38_142,-38,142,0.051,ameli_map,AUS,Australia
cm38_143,-38,143,0.051,ameli_map,AUS,Australia
cm38_144,-38,144,0.051,ameli_map,AUS,Australia
cm38_146,-38,146,0.051,ameli_map,AUS,Australia
cm38_147,-38,147,0.051,ameli_map,AUS,Australia
cm38_175,-38,175,0.051,ameli_map,NZL,New Zealand
cm38_176,-38,176,0.051,ameli_map,NZL,New Zealand
cm38_177,-38,177,0.051,ameli_map,NZL,New Zealand
cm38_178,-38,178,0.051,ameli_map,NZL,New Zealand
cm37_m73,-37,-73,0.051,ameli_map,CHL,Chile
cm37_m72,-37,-72,0.051,ameli_map,CHL,Chile
cm37_m71,-37,-71,0.051,ameli_map,ARG,Argentina
cm37_m70,-37,-70,0.051,ameli_map,ARG,Argentina
cm37_m69,-37,-69,0.051,ameli_map,ARG,Argentina
cm37_m68,-37,-68,0.051,ameli_map,ARG,Argentina
cm37_m67,-37,-67,0.051,ameli_map,ARG,Argentina
cm37_m66,-37,-66,0.051,ameli_map,ARG,Argentina
cm37_m65,-37,-65,0.051,ameli_map,ARG,Argentina
cm37_m64,-37,-64,0.051,ameli_map,ARG,Argentina
cm37_m63,-37,-63,0.051,ameli_map,ARG,Argentina
cm37_m62,-37,-62,0.051,ameli_map,ARG,Argentina
cm37_m61,-37,-61,0.051,ameli_map,ARG,Argentina
cm37_m60,-37,-60,0.051,ameli_map,ARG,Argentina
cm37_m59,-37,-59,0.051,ameli_map,ARG,Argentina
cm37_m58,-37,-58,0.051,ameli_map,ARG,Argentina
cm37_m57,-37,-57,0.051,ameli_map,ARG,Argentina
cm37_140,-37,140,0.051,ameli_map,AUS,Australia
cm37_141,-37,141,0.051,ameli_map,AUS,Australia
cm37_142,-37,142,0.051,ameli_map,AUS,Australia
cm37_143,-37,143,0.051,ameli_map,AUS,Australia
cm37_144,-37,144,0.051,ameli_map,AUS,Australia
cm37_145,-37,145,0.051,ameli_map,AUS,Australia
cm37_146,-37,146,0.051,ameli_map,AUS,Australia
cm37_147,-37,147,0.051,ameli_map,AUS,Australia
cm37_148,-37,148,0.051,ameli_map,AUS,Australia
cm37_149,-37,149,0.051,ameli_map,AUS,Australia
cm37_175,-37,175,0.051,ameli_map,NZL,New Zealand
cm36_m72,-36,-72,0.051,ameli_map,CHL,Chile
cm36_m71,-36,-71,0.051,ameli_map,CHL,Chile
cm36_m70,-36,-70,0.051,ameli_map,ARG,Argentina
cm36_m69,-36,-69,0.051,ameli_map,ARG,Argentina
cm36_m68,-36,-68,0.051,ameli_map,ARG,Argentina
cm36_m67,-36,-67,0.051,ameli_map,ARG,Argentina
cm36_m66,-36,-66,0.051,ameli_map,ARG,Argentina
cm36_m65,-36,-65,0.051,ameli_map,ARG,Argentina
cm36_m64,-36,-64,0.051,ameli_map,ARG,Argentina
cm36_m63,-36,-63,0.051,ameli_map,ARG,Argentina
cm36_m62,-36,-62,0.051,ameli_map,ARG,Argentina
cm36_m61,-36,-61,0.051,ameli_map,ARG,Argentina
cm36_m60,-36,-60,0.051,ameli_map,ARG,Argentina
cm36_m59,-36,-59,0.051,ameli_map,ARG,Argentina
cm36_m58,-36,-58,0.051,ameli_map,ARG,Argentina
cm36_137,-36,137,0.051,ameli_map,AUS,Australia
cm36_140,-36,140,0.051,ameli_map,AUS,Australia
cm36_141,-36,141,0.051,ameli_map,AUS,Australia
cm36_142,-36,142,0.051,ameli_map,AUS,Australia
cm36_143,-36,143,0.051,ameli_map,AUS,Australia
cm36_144,-36,144,0.051,ameli_map,AUS,Australia
cm36_145,-36,145,0.051,ameli_map,AUS,Australia
cm36_146,-36,146,0.051,ameli_map,AUS,Australia
cm36_147,-36,147,0.051,ameli_map,AUS,Australia
cm36_148,-36,148,0.051,ameli_map,AUS,Australia
cm36_149,-36,149,0.051,ameli_map,AUS,Australia
cm36_150,-36,150,0.051,ameli_map,AUS,Australia
cm36_174,-36,174,0.051,ameli_map,NZL,New Zealand
cm35_m72,-35,-72,0.051,ameli_map,CHL,Chile
cm35_m71,-35,-71,0.051,ameli_map,CHL,Chile
cm35_m70,-35,-70,0.051,ameli_map,ARG,Argentina
cm35_m69,-35,-69,0.051,ameli_map,ARG,Argentina
cm35_m68,-35,-68,0.051,ameli_map,ARG,Argentina
cm35_m67,-35,-67,0.051,ameli_map,ARG,Argentina
cm35_m66,-35,-66,0.051,ameli_map,ARG,Argentina
cm35_m65,-35,-65,0.051,ameli_map,ARG,Argentina
cm35_m64,-35,-64,0.051,ameli_map,ARG,Argentina
cm35_m63,-35,-63,0.051,ameli_map,ARG,Argentina
cm35_m62,-35,-62,0.051,ameli_map,ARG,Argentina
cm35_m61,-35,-61,0.051,ameli_map,ARG,Argentina
cm35_m60,-35,-60,0.051,ameli_map,ARG,Argentina
cm35_m59,-35,-59,0.051,ameli_map,ARG,Argentina
cm35_m58,-35,-58,0.051,ameli_map,ARG,Argentina
cm35_117,-35,117,0.051,ameli_map,AUS,Australia
cm35_118,-35,118,0.051,ameli_map,AUS,Australia
cm35_137,-35,137,0.051,ameli_map,AUS,Australia
cm35_139,-35,139,0.051,ameli_map,AUS,Australia
cm35_140,-35,140,0.051,ameli_map,AUS,Australia
cm35_141,-35,141,0.051,ameli_map,AUS,Australia
cm35_142,-35,142,0.051,ameli_map,AUS,Australia
cm35_143,-35,143,0.051,ameli_map,AUS,Australia
cm35_144,-35,144,0.051,ameli_map,AUS,Australia
cm35_145,-35,145,0.051,ameli_map,AUS,Australia
cm35_146,-35,146,0.051,ameli_map,AUS,Australia
cm35_147,-35,147,0.051,ameli_map,AUS,Australia
cm35_148,-35,148,0.051,ameli_map,AUS,Australia
cm35_149,-35,149,0.051,ameli_map,AUS,Australia
cm35_150,-35,150,0.051,ameli_map,AUS,Australia
cm34_m71,-34,-71,0.051,ameli_map,CHL,Chile
cm34_m70,-34,-70,0.051,ameli_map,CHL,Chile
cm34_m69,-34,-69,0.051,ameli_map,ARG,Argentina
cm34_m68,-34,-68,0.051,ameli_map,ARG,Argentina
cm34_m67,-34,-67,0.051,ameli_map,ARG,Argentina
cm34_m66,-34,-66,0.051,ameli_map,ARG,Argentina
cm34_m65,-34,-65,0.051,ameli_map,ARG,Argentina
cm34_m64,-34,-64,0.051,ameli_map,ARG,Argentina
cm34_m63,-34,-63,0.051,ameli_map,ARG,Argentina
cm34_m62,-34,-62,0.051,ameli_map,ARG,Argentina
cm34_m61,-34,-61,0.051,ameli_map,ARG,Argentina
cm34_m60,-34,-60,0.051,ameli_map,ARG,Argentina
cm34_m59,-34,-59,0.051,ameli_map,ARG,Argentina
cm34_m58,-34,-58,0.051,ameli_map,URY,Uruguay
cm34_m57,-34,-57,0.051,ameli_map,URY,Uruguay
cm34_m56,-34,-56,0.051,ameli_map,URY,Uruguay
cm34_m55,-34,-55,0.051,ameli_map,URY,Uruguay
cm34_m54,-34,-54,0.051,ameli_map,URY,Uruguay
cm34_19,-34,19,0.051,ameli_map,ZAF,South Africa
cm34_20,-34,20,0.051,ameli_map,ZAF,South Africa
cm34_21,-34,21,0.051,ameli_map,ZAF,South Africa
cm34_22,-34,22,0.051,ameli_map,ZAF,South Africa
cm34_23,-34,23,0.051,ameli_map,ZAF,South Africa
cm34_24,-34,24,0.051,ameli_map,ZAF,South Africa
cm34_115,-34,115,0.051,ameli_map,AUS,Australia
cm34_116,-34,116,0.051,ameli_map,AUS,Australia
cm34_117,-34,117,0.051,ameli_map,AUS,Australia
cm34_118,-34,118,0.051,ameli_map,AUS,Australia
cm34_119,-34,119,0.051,ameli_map,AUS,Australia
cm34_136,-34,136,0.051,ameli_map,AUS,Australia
cm34_138,-34,138,0.051,ameli_map,AUS,Australia
cm34_139,-34,139,0.051,ameli_map,AUS,Australia
cm34_140,-34,140,0.051,ameli_map,AUS,Australia
cm34_141,-34,141,0.051,ameli_map,AUS,Australia
cm34_142,-34,142,0.051,ameli_map,AUS,Australia
cm34_143,-34,143,0.051,ameli_map,AUS,Australia
cm34_144,-34,144,0.051,ameli_map,AUS,Australia
cm34_145,-34,145,0.051,ameli_map,AUS,Australia
cm34_146,-34,146,0.051,ameli_map,AUS,Australia
cm34_147,-34,147,0.051,ameli_map,AUS,Australia
cm34_148,-34,148,0.051,ameli_map,AUS,Australia
cm34_149,-34,149,0.051,ameli_map,AUS,Australia
cm34_150,-34,150,0.051,ameli_map,AUS,Australia
cm34_151,-34,151,0.051,ameli_map,AUS,Australia
cm33_m71,-33,-71,0.051,ameli_map,CHL,Chile
cm33_m70,-33,-70,0.051,ameli_map,ARG,Argentina
cm33_m69,-33,-69,0.051,ameli_map,ARG,Argentina
cm33_m68,-33,-68,0.051,ameli_map,ARG,Argentina
cm33_m67,-33,-67,0.051,ameli_map,ARG,Argentina
cm33_m66,-33,-66,0.051,ameli_map,ARG,Argentina
cm33_m65,-33,-65,0.051,ameli_map,ARG,Argentina
cm33_m64,-33,-64,0.051,ameli_map,ARG,Argentina
cm33_m63,-33,-63,0.051,ameli_map,ARG,Argentina
cm33_m62,-33,-62,0.051,ameli_map,ARG,Argentina
cm33_m61,-33,-61,0.051,ameli_map,ARG,Argentina
cm33_m60,-33,-60,0.051,ameli_map,ARG,Argentina
cm33_m59,-33,-59,0.051,ameli_map,ARG,Argentina
cm33_m58,-33,-58,0.051,ameli_map,URY,Uruguay
cm33_m57,-33,-57,0.051,ameli_map,URY,Uruguay
cm33_m56,-33,-56,0.051,ameli_map,URY,Uruguay
cm33_m55,-33,-55,0.051,ameli_map,URY,Uruguay
cm33_m54,-33,-54,0.051,ameli_map,URY,Uruguay
cm33_m53,-33,-53,0.051,ameli_map,BRA,Brazil
cm33_18,-33,18,0.051,ameli_map,ZAF,South Africa
cm33_19,-33,19,0.051,ameli_map,ZAF,South Africa
cm33_20,-33,20,0.051,ameli_map,ZAF,South Africa
cm33_21,-33,21,0.051,ameli_map,ZAF,South Africa
cm33_22,-33,22,0.051,ameli_map,ZAF,South Africa
cm33_23,-33,23,0.051,ameli_map,ZAF,South Africa
cm33_24,-33,24,0.051,ameli_map,ZAF,South Africa
cm33_25,-33,25,0.051,ameli_map,ZAF,South Africa
cm33_26,-33,26,0.051,ameli_map,ZAF,South Africa
cm33_27,-33,27,0.051,ameli_map,ZAF,South Africa
cm33_116,-33,116,0.051,ameli_map,AUS,Australia
cm33_117,-33,117,0.051,ameli_map,AUS,Australia
cm33_118,-33,118,0.051,ameli_map,AUS,Australia
cm33_119,-33,119,0.051,ameli_map,AUS,Australia
cm33_120,-33,120,0.051,ameli_map,AUS,Australia
cm33_121,-33,121,0.051,ameli_map,AUS,Australia
cm33_122,-33,122,0.051,ameli_map,AUS,Australia
cm33_123,-33,123,0.051,ameli_map,AUS,Australia
cm33_124,-33,124,0.051,ameli_map,AUS,Australia
cm33_135,-33,135,0.051,ameli_map,AUS,Australia
cm33_136,-33,136,0.051,ameli_map,AUS,Australia
cm33_137,-33,137,0.051,ameli_map,AUS,Australia
cm33_138,-33,138,0.051,ameli_map,AUS,Australia
cm33_139,-33,139,0.051,ameli_map,AUS,Australia
cm33_140,-33,140,0.051,ameli_map,AUS,Australia
cm33_141,-33,141,0.051,ameli_map,AUS,Australia
cm33_142,-33,142,0.051,ameli_map,AUS,Australia
cm33_143,-33,143,0.051,ameli_map,AUS,Australia
cm33_144,-33,144,0.051,ameli_map,AUS,Australia
cm33_145,-33,145,0.051,ameli_map,AUS,Australia
cm33_146,-33,146,0.051,ameli_map,AUS,Australia
cm33_147,-33,147,0.051,ameli_map,AUS,Australia
cm33_148,-33,148,0.051,ameli_map,AUS,Australia
cm33_149,-33,149,0.051,ameli_map,AUS,Australia
cm33_150,-33,150,0.051,ameli_map,AUS,Australia
cm33_151,-33,151,0.051,ameli_map,AUS,Australia
cm32_m71,-32,-71,0.051,ameli_map,CHL,Chile
cm32_m70,-32,-70,0.051,ameli_map,ARG,Argentina
cm32_m69,-32,-69,0.051,ameli_map,ARG,Argentina
cm32_m68,-32,-68,0.051,ameli_map,ARG,Argentina
cm32_m67,-32,-67,0.051,ameli_map,ARG,Argentina
cm32_m66,-32,-66,0.051,ameli_map,ARG,Argentina
cm32_m65,-32,-65,0.051,ameli_map,ARG,Argentina
cm32_m64,-32,-64,0.051,ameli_map,ARG,Argentina
cm32_m63,-32,-63,0.051,ameli_map,ARG,Argentina
cm32_m62,-32,-62,0.051,ameli_map,ARG,Argentina
cm32_m61,-32,-61,0.051,ameli_map,ARG,Argentina
cm32_m60,-32,-60,0.051,ameli_map,ARG,Argentina
cm32_m59,-32,-59,0.051,ameli_map,ARG,Argentina
cm32_m58,-32,-58,0.051,ameli_map,URY,Uruguay
cm32_m57,-32,-57,0.051,ameli_map,URY,Uruguay
cm32_m56,-32,-56,0.051,ameli_map,URY,Uruguay
cm32_m55,-32,-55,0.051,ameli_map,URY,Uruguay
cm32_m54,-32,-54,0.051,ameli_map,URY,Uruguay
cm32_m53,-32,-53,0.051,ameli_map,BRA,Brazil
cm32_m52,-32,-52,0.051,ameli_map,BRA,Brazil
cm32_19,-32,19,0.051,ameli_map,ZAF,South Africa
cm32_20,-32,20,0.051,ameli_map,ZAF,South Africa
cm32_21,-32,21,0.051,ameli_map,ZAF,South Africa
cm32_22,-32,22,0.051,ameli_map,ZAF,South Africa
cm32_23,-32,23,0.051,ameli_map,ZAF,South Africa
cm32_24,-32,24,0.051,ameli_map,ZAF,South Africa
cm32_25,-32,25,0.051,ameli_map,ZAF,South Africa
cm32_26,-32,26,0.051,ameli_map,ZAF,South Africa
cm32_27,-32,27,0.051,ameli_map,ZAF,South Africa
cm32_28,-32,28,0.051,ameli_map,ZAF,South Africa
cm32_29,-32,29,0.051,ameli_map,ZAF,South Africa
cm32_116,-32,116,0.051,ameli_map,AUS,Australia
cm32_117,-32,117,0.051,ameli_map,AUS,Australia
cm32_118,-32,118,0.051,ameli_map,AUS,Australia
cm32_119,-32,119,0.051,ameli_map,AUS,Australia
cm32_120,-32,120,0.051,ameli_map,AUS,Australia
cm32_121,-32,121,0.051,ameli_map,AUS,Australia
cm32_122,-32,122,0.051,ameli_map,AUS,Australia
cm32_123,-32,123,0.051,ameli_map,AUS,Australia
cm32_124,-32,124,0.051,ameli_map,AUS,Australia
cm32_125,-32,125,0.051,ameli_map,AUS,Australia
cm32_126,-32,126,0.051,ameli_map,AUS,Australia
cm32_127,-32,127,0.051,ameli_map,AUS,Australia
cm32_128,-32,128,0.051,ameli_map,AUS,Australia
cm32_133,-32,133,0.051,ameli_map,AUS,Australia
cm32_134,-32,134,0.051,ameli_map,AUS,Australia
cm32_135,-32,135,0.051,ameli_map,AUS,Australia
cm32_136,-32,136,0.051,ameli_map,AUS,Australia
cm32_137,-32,137,0.051,ameli_map,AUS,Australia
cm32_138,-32,138,0.051,ameli_map,AUS,Australia
cm32_139,-32,139,0.051,ameli_map,AUS,Australia
cm32_140,-32,140,0.051,ameli_map,AUS,Australia
cm32_141,-32,141,0.051,ameli_map,AUS,Australia
cm32_142,-32,142,0.051,ameli_map,AUS,Australia
cm32_143,-32,143,0.051,ameli_map,AUS,Australia
cm32_144,-32,144,0.051,ameli_map,AUS,Australia
cm32_145,-32,145,0.051,ameli_map,AUS,Australia
cm32_146,-32,146,0.051,ameli_map,AUS,Australia
cm32_147,-32,147,0.051,ameli_map,AUS,Australia
cm32_148,-32,148,0.051,ameli_map,AUS,Australia
cm32_149,-32,149,0.051,ameli_map,AUS,Australia
cm32_150,-32,150,0.051,ameli_map,AUS,Australia
cm32_151,-32,151,0.051,ameli_map,AUS,Australia
cm32_152,-32,152,0.051,ameli_map,AUS,Australia
cm31_m71,-31,-71,0.051,ameli_map,CHL,Chile
cm31_m70,-31,-70,0.051,ameli_map,ARG,Argentina
cm31_m69,-31,-69,0.051,ameli_map,ARG,Argentina
cm31_m68,-31,-68,0.051,ameli_map,ARG,Argentina
cm31_m67,-31,-67,0.051,ameli_map,ARG,Argentina
cm31_m66,-31,-66,0.051,ameli_map,ARG,Argentina
cm31_m65,-31,-65,0.051,ameli_map,ARG,Argentina
cm31_m64,-31,-64,0.051,ameli_map,ARG,Argentina
cm31_m63,-31,-63,0.051,ameli_map,ARG,Argentina
cm31_m62,-31,-62,0.051,ameli_map,ARG,Argentina
cm31_m61,-31,-61,0.051,ameli_map,ARG,Argentina
cm31_m60,-31,-60,0.051,ameli_map,ARG,Argentina
cm31_m59,-31,-59,0.051,ameli_map,ARG,Argentina
cm31_m58,-31,-58,0.051,ameli_map,ARG,Argentina
cm31_m57,-31,-57,0.051,ameli_map,URY,Uruguay
cm31_m56,-31,-56,0.051,ameli_map,BRA,Brazil
cm31_m55,-31,-55,0.051,ameli_map,BRA,Brazil
cm31_m54,-31,-54,0.051,ameli_map,BRA,Brazil
cm31_m53,-31,-53,0.051,ameli_map,BRA,Brazil
cm31_m52,-31,-52,0.051,ameli_map,BRA,Brazil
cm31_18,-31,18,0.051,ameli_map,ZAF,South Africa
cm31_19,-31,19,0.051,ameli_map,ZAF,South Africa
cm31_20,-31,20,0.051,ameli_map,ZAF,South Africa
cm31_21,-31,21,0.051,ameli_map,ZAF,South Africa
cm31_22,-31,22,0.051,ameli_map,ZAF,South Africa
cm31_23,-31,23,0.051,ameli_map,ZAF,South Africa
cm31_24,-31,24,0.051,ameli_map,ZAF,South Africa
cm31_25,-31,25,0.051,ameli_map,ZAF,South Africa
cm31_26,-31,26,0.051,ameli_map,ZAF,South Africa
cm31_27,-31,27,0.051,ameli_map,ZAF,South Africa
cm31_28,-31,28,0.051,ameli_map,ZAF,South Africa
cm31_29,-31,29,0.051,ameli_map,ZAF,South Africa
cm31_30,-31,30,0.051,ameli_map,ZAF,South Africa
cm31_116,-31,116,0.051,ameli_map,AUS,Australia
cm31_117,-31,117,0.051,ameli_map,AUS,Australia
cm31_118,-31,118,0.051,ameli_map,AUS,Australia
cm31_119,-31,119,0.051,ameli_map,AUS,Australia
cm31_120,-31,120,0.051,ameli_map,AUS,Australia
cm31_121,-31,121,0.051,ameli_map,AUS,Australia
cm31_122,-31,122,0.051,ameli_map,AUS,Australia
cm31_123,-31,123,0.051,ameli_map,AUS,Australia
cm31_124,-31,124,0.051,ameli_map,AUS,Australia
cm31_125,-31,125,0.051,ameli_map,AUS,Australia
cm31_126,-31,126,0.051,ameli_map,AUS,Australia
cm31_127,-31,127,0.051,ameli_map,AUS,Australia
cm31_128,-31,128,0.051,ameli_map,AUS,Australia
cm31_129,-31,129,0.051,ameli_map,AUS,Australia
cm31_130,-31,130,0.051,ameli_map,AUS,Australia
cm31_131,-31,131,0.051,ameli_map,AUS,Australia
cm31_132,-31,132,0.051,ameli_map,AUS,Australia
cm31_133,-31,133,0.051,ameli_map,AUS,Australia
cm31_134,-31,134,0.051,ameli_map,AUS,Australia
cm31_135,-31,135,0.051,ameli_map,AUS,Australia
cm31_136,-31,136,0.051,ameli_map,AUS,Australia
cm31_137,-31,137,0.051,ameli_map,AUS,Australia
cm31_138,-31,138,0.051,ameli_map,AUS,Australia
cm31_139,-31,139,0.051,ameli_map,AUS,Australia
cm31_140,-31,140,0.051,ameli_map,AUS,Australia
cm31_141,-31,141,0.051,ameli_map,AUS,Australia
cm31_142,-31,142,0.051,ameli_map,AUS,Australia
cm31_143,-31,143,0.051,ameli_map,AUS,Australia
cm31_144,-31,144,0.051,ameli_map,AUS,Australia
cm31_145,-31,145,0.051,ameli_map,AUS,Australia
cm31_146,-31,146,0.051,ameli_map,AUS,Australia
cm31_147,-31,147,0.051,ameli_map,AUS,Australia
cm31_148,-31,148,0.051,ameli_map,AUS,Australia
cm31_149,-31,149,0.051,ameli_map,AUS,Australia
cm31_150,-31,150,0.051,ameli_map,AUS,Australia
cm31_151,-31,151,0.051,ameli_map,AUS,Australia
cm31_152,-31,152,0.051,ameli_map,AUS,Australia
cm30_m71,-30,-71,0.051,ameli_map,CHL,Chile
cm30_m70,-30,-70,0.051,ameli_map,CHL,Chile
cm30_m69,-30,-69,0.051,ameli_map,ARG,Argentina
cm30_m68,-30,-68,0.051,ameli_map,ARG,Argentina
cm30_m67,-30,-67,0.051,ameli_map,ARG,Argentina
cm30_m66,-30,-66,0.051,ameli_map,ARG,Argentina
cm30_m65,-30,-65,0.051,ameli_map,ARG,Argentina
cm30_m64,-30,-64,0.051,ameli_map,ARG,Argentina
cm30_m63,-30,-63,0.051,ameli_map,ARG,Argentina
cm30_m62,-30,-62,0.051,ameli_map,ARG,Argentina
cm30_m61,-30,-61,0.051,ameli_map,ARG,Argentina
cm30_m60,-30,-60,0.051,ameli_map,ARG,Argentina
cm30_m59,-30,-59,0.051,ameli_map,ARG,Argentina
cm30_m58,-30,-58,0.051,ameli_map,ARG,Argentina
cm30_m57,-30,-57,0.051,ameli_map,BRA,Brazil
cm30_m56,-30,-56,0.051,ameli_map,BRA,Brazil
cm30_m55,-30,-55,0.051,ameli_map,BRA,Brazil
cm30_m54,-30,-54,0.051,ameli_map,BRA,Brazil
cm30_m53,-30,-53,0.051,ameli_map,BRA,Brazil
cm30_m52,-30,-52,0.051,ameli_map,BRA,Brazil
cm30_m51,-30,-51,0.051,ameli_map,BRA,Brazil
cm30_18,-30,18,0.051,ameli_map,ZAF,South Africa
cm30_19,-30,19,0.051,ameli_map,ZAF,South Africa
cm30_20,-30,20,0.051,ameli_map,ZAF,South Africa
cm30_21,-30,21,0.051,ameli_map,ZAF,South Africa
cm30_22,-30,22,0.051,ameli_map,ZAF,South Africa
cm30_23,-30,23,0.051,ameli_map,ZAF,South Africa
cm30_24,-30,24,0.051,ameli_map,ZAF,South Africa
cm30_25,-30,25,0.051,ameli_map,ZAF,South Africa
cm30_26,-30,26,0.051,ameli_map,ZAF,South Africa
cm30_27,-30,27,0.051,ameli_map,ZAF,South Africa
cm30_28,-30,28,0.051,ameli_map,LSO,Lesotho
cm30_29,-30,29,0.051,ameli_map,LSO,Lesotho
cm30_30,-30,30,0.051,ameli_map,ZAF,South Africa
cm30_115,-30,115,0.051,ameli_map,AUS,Australia
cm30_116,-30,116,0.051,ameli_map,AUS,Australia
cm30_117,-30,117,0.051,ameli_map,AUS,Australia
cm30_118,-30,118,0.051,ameli_map,AUS,Australia
cm30_119,-30,119,0.051,ameli_map,AUS,Australia
cm30_120,-30,120,0.051,ameli_map,AUS,Australia
cm30_121,-30,121,0.051,ameli_map,AUS,Australia
cm30_122,-30,122,0.051,ameli_map,AUS,Australia
cm30_123,-30,123,0.051,ameli_map,AUS,Australia
cm30_124,-30,124,0.051,ameli_map,AUS,Australia
cm30_125,-30,125,0.051,ameli_map,AUS,Australia
cm30_126,-30,126,0.051,ameli_map,AUS,Australia
cm30_127,-30,127,0.051,ameli_map,AUS,Australia
cm30_128,-30,128,0.051,ameli_map,AUS,Australia
cm30_129,-30,129,0.051,ameli_map,AUS,Australia
cm30_130,-30,130,0.051,ameli_map,AUS,Australia
cm30_131,-30,131,0.051,ameli_map,AUS,Australia
cm30_132,-30,132,0.051,ameli_map,AUS,Australia
cm30_133,-30,133,0.051,ameli_map,AUS,Australia
cm30_134,-30,134,0.051,ameli_map,AUS,Australia
cm30_135,-30,135,0.051,ameli_map,AUS,Australia
cm30_136,-30,136,0.051,ameli_map,AUS,Australia
cm30_137,-30,137,0.051,ameli_map,AUS,Australia
cm30_138,-30,138,0.051,ameli_map,AUS,Australia
cm30_139,-30,139,0.051,ameli_map,AUS,Australia
cm30_140,-30,140,0.051,ameli_map,AUS,Australia
cm30_141,-30,141,0.051,ameli_map,AUS,Australia
cm30_142,-30,142,0.051,ameli_map,AUS,Australia
cm30_143,-30,143,0.051,ameli_map,AUS,Australia
cm30_144,-30,144,0.051,ameli_map,AUS,Australia
cm30_145,-30,145,0.051,ameli_map,AUS,Australia
cm30_146,-30,146,0.051,ameli_map,AUS,Australia
cm30_147,-30,147,0.051,ameli_map,AUS,Australia
cm30_148,-30,148,0.051,ameli_map,AUS,Australia
cm30_149,-30,149,0.051,ameli_map,AUS,Australia
cm30_150,-30,150,0.051,ameli_map,AUS,Australia
cm30_151,-30,151,0.051,ameli_map,AUS,Australia
cm30_152,-30,152,0.051,ameli_map,AUS,Australia
cm30_153,-30,153,0.051,ameli_map,AUS,Australia
cm29_m71,-29,-71,0.051,ameli_map,CHL,Chile
cm29_m70,-29,-70,0.051,ameli_map,CHL,Chile
cm29_m69,-29,-69,0.051,ameli_map,ARG,Argentina
cm29_m68,-29,-68,0.051,ameli_map,ARG,Argentina
cm29_m67,-29,-67,0.051,ameli_map,ARG,Argentina
cm29_m66,-29,-66,0.051,ameli_map,ARG,Argentina
cm29_m65,-29,-65,0.051,ameli_map,ARG,Argentina
cm29_m64,-29,-64,0.051,ameli_map,ARG,Argentina
cm29_m63,-29,-63,0.051,ameli_map,ARG,Argentina
cm29_m62,-29,-62,0.051,ameli_map,ARG,Argentina
cm29_m61,-29,-61,0.051,ameli_map,ARG,Argentina
cm29_m60,-29,-60,0.051,ameli_map,ARG,Argentina
cm29_m59,-29,-59,0.051,ameli_map,ARG,Argentina
cm29_m58,-29,-58,0.051,ameli_map,ARG,Argentina
cm29_m57,-29,-57,0.051,ameli_map,ARG,Argentina
cm29_m56,-29,-56,0.051,ameli_map,BRA,Brazil
cm29_m55,-29,-55,0.051,ameli_map,BRA,Brazil
cm29_m54,-29,-54,0.051,ameli_map,BRA,Brazil
cm29_m53,-29,-53,0.051,ameli_map,BRA,Brazil
cm29_m52,-29,-52,0.051,ameli_map,BRA,Brazil
cm29_m51,-29,-51,0.051,ameli_map,BRA,Brazil
cm29_m50,-29,-50,0.051,ameli_map,BRA,Brazil
cm29_17,-29,17,0.051,ameli_map,ZAF,South Africa
cm29_18,-29,18,0.051,ameli_map,ZAF,South Africa
cm29_19,-29,19,0.051,ameli_map,ZAF,South Africa
cm29_20,-29,20,0.051,ameli_map,ZAF,South Africa
cm29_21,-29,21,0.051,ameli_map,ZAF,South Africa
cm29_22,-29,22,0.051,ameli_map,ZAF,South Africa
cm29_23,-29,23,0.051,ameli_map,ZAF,South Africa
cm29_24,-29,24,0.051,ameli_map,ZAF,South Africa
cm29_25,-29,25,0.051,ameli_map,ZAF,South Africa
cm29_26,-29,26,0.051,ameli_map,ZAF,South Africa
cm29_27,-29,27,0.051,ameli_map,ZAF,South Africa
cm29_28,-29,28,0.051,ameli_map,LSO,Lesotho
cm29_29,-29,29,0.051,ameli_map,LSO,Lesotho
cm29_30,-29,30,0.051,ameli_map,ZAF,South Africa
cm29_31,-29,31,0.051,ameli_map,ZAF,South Africa
cm29_115,-29,115,0.051,ameli_map,AUS,Australia
cm29_116,-29,116,0.051,ameli_map,AUS,Australia
cm29_117,-29,117,0.051,ameli_map,AUS,Australia
cm29_118,-29,118,0.051,ameli_map,AUS,Australia
cm29_119,-29,119,0.051,ameli_map,AUS,Australia
cm29_120,-29,120,0.051,ameli_map,AUS,Australia
cm29_121,-29,121,0.051,ameli_map,AUS,Australia
cm29_122,-29,122,0.051,ameli_map,AUS,Australia
cm29_123,-29,123,0.051,ameli_map,AUS,Australia
cm29_124,-29,124,0.051,ameli_map,AUS,Australia
cm29_125,-29,125,0.051,ameli_map,AUS,Australia
cm29_126,-29,126,0.051,ameli_map,AUS,Australia
cm29_127,-29,127,0.051,ameli_map,AUS,Australia
cm29_128,-29,128,0.051,ameli_map,AUS,Australia
cm29_129,-29,129,0.051,ameli_map,AUS,Australia
cm29_130,-29,130,0.051,ameli_map,AUS,Australia
cm29_131,-29,131,0.051,ameli_map,AUS,Australia
cm29_132,-29,132,0.051,ameli_map,AUS,Australia
cm29_133,-29,133,0.051,ameli_map,AUS,Australia
cm29_134,-29,134,0.051,ameli_map,AUS,Australia
cm29_135,-29,135,0.051,ameli_map,AUS,Australia
cm29_136,-29,136,0.051,ameli_map,AUS,Australia
cm29_138,-29,138,0.051,ameli_map,AUS,Australia
cm29_139,-29,139,0.051,ameli_map,AUS,Australia
cm29_140,-29,140,0.051,ameli_map,AUS,Australia
cm29_141,-29,141,0.051,ameli_map,AUS,Australia
cm29_142,-29,142,0.051,ameli_map,AUS,Australia
cm29_143,-29,143,0.051,ameli_map,AUS,Australia
cm29_144,-29,144,0.051,ameli_map,AUS,Australia
cm29_145,-29,145,0.051,ameli_map,AUS,Australia
cm29_146,-29,146,0.051,ameli_map,AUS,Australia
cm29_147,-29,147,0.051,ameli_map,AUS,Australia
cm29_148,-29,148,0.051,ameli_map,AUS,Australia
cm29_149,-29,149,0.051,ameli_map,AUS,Australia
cm29_150,-29,150,0.051,ameli_map,AUS,Australia
cm29_151,-29,151,0.051,ameli_map,AUS,Australia
cm29_152,-29,152,0.051,ameli_map,AUS,Australia
cm29_153,-29,153,0.051,ameli_map,AUS,Australia
cm28_m71,-28,-71,0.051,ameli_map,CHL,Chile
cm28_m70,-28,-70,0.051,ameli_map,CHL,Chile
cm28_m69,-28,-69,0.051,ameli_map,ARG,Argentina
cm28_m68,-28,-68,0.051,ameli_map,ARG,Argentina
cm28_m67,-28,-67,0.051,ameli_map,ARG,Argentina
cm28_m66,-28,-66,0.051,ameli_map,ARG,Argentina
cm28_m65,-28,-65,0.051,ameli_map,ARG,Argentina
cm28_m64,-28,-64,0.051,ameli_map,ARG,Argentina
cm28_m63,-28,-63,0.051,ameli_map,ARG,Argentina
cm28_m62,-28,-62,0.051,ameli_map,ARG,Argentina
cm28_m61,-28,-61,0.051,ameli_map,ARG,Argentina
cm28_m60,-28,-60,0.051,ameli_map,ARG,Argentina
cm28_m59,-28,-59,0.051,ameli_map,ARG,Argentina
cm28_m58,-28,-58,0.051,ameli_map,ARG,Argentina
cm28_m57,-28,-57,0.051,ameli_map,ARG,Argentina
cm28_m56,-28,-56,0.051,ameli_map,ARG,Argentina
cm28_m55,-28,-55,0.051,ameli_map,BRA,Brazil
cm28_m54,-28,-54,0.051,ameli_map,BRA,Brazil
cm28_m53,-28,-53,0.051,ameli_map,BRA,Brazil
cm28_m52,-28,-52,0.051,ameli_map,BRA,Brazil
cm28_m51,-28,-51,0.051,ameli_map,BRA,Brazil
cm28_m50,-28,-50,0.051,ameli_map,BRA,Brazil
cm28_m49,-28,-49,0.051,ameli_map,BRA,Brazil
cm28_16,-28,16,0.051,ameli_map,NAM,Namibia
cm28_17,-28,17,0.051,ameli_map,NAM,Namibia
cm28_18,-28,18,0.051,ameli_map,NAM,Namibia
cm28_19,-28,19,0.051,ameli_map,NAM,Namibia
cm28_20,-28,20,0.051,ameli_map,NAM,Namibia
cm28_21,-28,21,0.051,ameli_map,ZAF,South Africa
cm28_22,-28,22,0.051,ameli_map,ZAF,South Africa
cm28_23,-28,23,0.051,ameli_map,ZAF,South Africa
cm28_24,-28,24,0.051,ameli_map,ZAF,South Africa
cm28_25,-28,25,0.051,ameli_map,ZAF,South Africa
cm28_26,-28,26,0.051,ameli_map,ZAF,South Africa
cm28_27,-28,27,0.051,ameli_map,ZAF,South Africa
cm28_28,-28,28,0.051,ameli_map,ZAF,South Africa
cm28_29,-28,29,0.051,ameli_map,ZAF,South Africa
cm28_30,-28,30,0.051,ameli_map,ZAF,South Africa
cm28_31,-28,31,0.051,ameli_map,ZAF,South Africa
cm28_32,-28,32,0.051,ameli_map,ZAF,South Africa
cm28_115,-28,115,0.051,ameli_map,AUS,Australia
cm28_116,-28,116,0.051,ameli_map,AUS,Australia
cm28_117,-28,117,0.051,ameli_map,AUS,Australia
cm28_118,-28,118,0.051,ameli_map,AUS,Australia
cm28_119,-28,119,0.051,ameli_map,AUS,Australia
cm28_120,-28,120,0.051,ameli_map,AUS,Australia
cm28_121,-28,121,0.051,ameli_map,AUS,Australia
cm28_122,-28,122,0.051,ameli_map,AUS,Australia
cm28_123,-28,123,0.051,ameli_map,AUS,Australia
cm28_124,-28,124,0.051,ameli_map,AUS,Australia
cm28_125,-28,125,0.051,ameli_map,AUS,Australia
cm28_126,-28,126,0.051,ameli_map,AUS,Australia
cm28_127,-28,127,0.051,ameli_map,AUS,Australia
cm28_128,-28,128,0.051,ameli_map,AUS,Australia
cm28_129,-28,129,0.051,ameli_map,AUS,Australia
cm28_130,-28,130,0.051,ameli_map,AUS,Australia
cm28_131,-28,131,0.051,ameli_map,AUS,Australia
cm28_132,-28,132,0.051,ameli_map,AUS,Australia
cm28_133,-28,133,0.051,ameli_map,AUS,Australia
cm28_134,-28,134,0.051,ameli_map,AUS,Australia
cm28_135,-28,135,0.051,ameli_map,AUS,Australia
cm28_136,-28,136,0.051,ameli_map,AUS,Australia
cm28_138,-28,138,0.051,ameli_map,AUS,Australia
cm28_139,-28,139,0.051,ameli_map,AUS,Australia
cm28_140,-28,140,0.051,ameli_map,AUS,Australia
cm28_141,-28,141,0.051,ameli_map,AUS,Australia
cm28_142,-28,142,0.051,ameli_map,AUS,Australia
cm28_143,-28,143,0.051,ameli_map,AUS,Australia
cm28_144,-28,144,0.051,ameli_map,AUS,Australia
cm28_145,-28,145,0.051,ameli_map,AUS,Australia
cm28_146,-28,146,0.051,ameli_map,AUS,Australia
cm28_147,-28,147,0.051,ameli_map,AUS,Australia
cm28_148,-28,148,0.051,ameli_map,AUS,Australia
cm28_149,-28,149,0.051,ameli_map,AUS,Australia
cm28_150,-28,150,0.051,ameli_map,AUS,Australia
cm28_151,-28,151,0.051,ameli_map,AUS,Australia
cm28_152,-28,152,0.051,ameli_map,AUS,Australia
cm28_153,-28,153,0.051,ameli_map,AUS,Australia
cm27_m70,-27,-70,0.051,ameli_map,CHL,Chile
cm27_m69,-27,-69,0.051,ameli_map,CHL,Chile
cm27_m68,-27,-68,0.051,ameli_map,ARG,Argentina
cm27_m67,-27,-67,0.051,ameli_map,ARG,Argentina
cm27_m66,-27,-66,0.051,ameli_map,ARG,Argentina
cm27_m65,-27,-65,0.051,ameli_map,ARG,Argentina
cm27_m64,-27,-64,0.051,ameli_map,ARG,Argentina
cm27_m63,-27,-63,0.051,ameli_map,ARG,Argentina
cm27_m62,-27,-62,0.051,ameli_map,ARG,Argentina
cm27_m61,-27,-61,0.051,ameli_map,ARG,Argentina
cm27_m60,-27,-60,0.051,ameli_map,ARG,Argentina
cm27_m59,-27,-59,0.051,ameli_map,ARG,Argentina
cm27_m58,-27,-58,0.051,ameli_map,PRY,Paraguay
cm27_m57,-27,-57,0.051,ameli_map,PRY,Paraguay
cm27_m56,-27,-56,0.051,ameli_map,PRY,Paraguay
cm27_m55,-27,-55,0.051,ameli_map,ARG,Argentina
cm27_m54,-27,-54,0.051,ameli_map,ARG,Argentina
cm27_m53,-27,-53,0.051,ameli_map,BRA,Brazil
cm27_m52,-27,-52,0.051,ameli_map,BRA,Brazil
cm27_m51,-27,-51,0.051,ameli_map,BRA,Brazil
cm27_m50,-27,-50,0.051,ameli_map,BRA,Brazil
cm27_m49,-27,-49,0.051,ameli_map,BRA,Brazil
cm27_16,-27,16,0.051,ameli_map,NAM,Namibia
cm27_17,-27,17,0.051,ameli_map,NAM,Namibia
cm27_18,-27,18,0.051,ameli_map,NAM,Namibia
cm27_19,-27,19,0.051,ameli_map,NAM,Namibia
cm27_20,-27,20,0.051,ameli_map,NAM,Namibia
cm27_21,-27,21,0.051,ameli_map,ZAF,South Africa
cm27_22,-27,22,0.051,ameli_map,ZAF,South Africa
cm27_23,-27,23,0.051,ameli_map,ZAF,South Africa
cm27_24,-27,24,0.051,ameli_map,ZAF,South Africa
cm27_25,-27,25,0.051,ameli_map,ZAF,South Africa
cm27_26,-27,26,0.051,ameli_map,ZAF,South Africa
cm27_27,-27,27,0.051,ameli_map,ZAF,South Africa
cm27_28,-27,28,0.051,ameli_map,ZAF,South Africa
cm27_29,-27,29,0.051,ameli_map,ZAF,South Africa
cm27_30,-27,30,0.051,ameli_map,ZAF,South Africa
cm27_31,-27,31,0.051,ameli_map,SWZ,Swaziland
cm27_32,-27,32,0.051,ameli_map,ZAF,South Africa
cm27_114,-27,114,0.051,ameli_map,AUS,Australia
cm27_115,-27,115,0.051,ameli_map,AUS,Australia
cm27_116,-27,116,0.051,ameli_map,AUS,Australia
cm27_117,-27,117,0.051,ameli_map,AUS,Australia
cm27_118,-27,118,0.051,ameli_map,AUS,Australia
cm27_119,-27,119,0.051,ameli_map,AUS,Australia
cm27_120,-27,120,0.051,ameli_map,AUS,Australia
cm27_121,-27,121,0.051,ameli_map,AUS,Australia
cm27_122,-27,122,0.051,ameli_map,AUS,Australia
cm27_123,-27,123,0.051,ameli_map,AUS,Australia
cm27_124,-27,124,0.051,ameli_map,AUS,Australia
cm27_125,-27,125,0.051,ameli_map,AUS,Australia
cm27_126,-27,126,0.051,ameli_map,AUS,Australia
cm27_127,-27,127,0.051,ameli_map,AUS,Australia
cm27_128,-27,128,0.051,ameli_map,AUS,Australia
cm27_129,-27,129,0.051,ameli_map,AUS,Australia
cm27_130,-27,130,0.051,ameli_map,AUS,Australia
cm27_131,-27,131,0.051,ameli_map,AUS,Australia
cm27_132,-27,132,0.051,ameli_map,AUS,Australia
cm27_133,-27,133,0.051,ameli_map,AUS,Australia
cm27_134,-27,134,0.051,ameli_map,AUS,Australia
cm27_135,-27,135,0.051,ameli_map,AUS,Australia
cm27_136,-27,136,0.051,ameli_map,AUS,Australia
cm27_137,-27,137,0.051,ameli_map,AUS,Australia
cm27_138,-27,138,0.051,ameli_map,AUS,Australia
cm27_139,-27,139,0.051,ameli_map,AUS,Australia
cm27_140,-27,140,0.051,ameli_map,AUS,Australia
cm27_141,-27,141,0.051,ameli_map,AUS,Australia
cm27_142,-27,142,0.051,ameli_map,AUS,Australia
cm27_143,-27,143,0.051,ameli_map,AUS,Australia
cm27_144,-27,144,0.051,ameli_map,AUS,Australia
cm27_145,-27,145,0.051,ameli_map,AUS,Australia
cm27_146,-27,146,0.051,ameli_map,AUS,Australia
cm27_147,-27,147,0.051,ameli_map,AUS,Australia
cm27_148,-27,148,0.051,ameli_map,AUS,Australia
cm27_149,-27,149,0.051,ameli_map,AUS,Australia
cm27_150,-27,150,0.051,ameli_map,AUS,Australia
cm27_151,-27,151,0.051,ameli_map,AUS,Australia
cm27_152,-27,152,0.051,ameli_map,AUS,Australia
cm27_153,-27,153,0.051,ameli_map,AUS,Australia
cm26_m70,-26,-70,0.051,ameli_map,CHL,Chile
cm26_m69,-26,-69,0.051,ameli_map,CHL,Chile
cm26_m68,-26,-68,0.051,ameli_map,ARG,Argentina
cm26_m67,-26,-67,0.051,ameli_map,ARG,Argentina
cm26_m66,-26,-66,0.051,ameli_map,ARG,Argentina
cm26_m65,-26,-65,0.051,ameli_map,ARG,Argentina
cm26_m64,-26,-64,0.051,ameli_map,ARG,Argentina
cm26_m63,-26,-63,0.051,ameli_map,ARG,Argentina
cm26_m62,-26,-62,0.051,ameli_map,ARG,Argentina
cm26_m61,-26,-61,0.051,ameli_map,ARG,Argentina
cm26_m60,-26,-60,0.051,ameli_map,ARG,Argentina
cm26_m59,-26,-59,0.051,ameli_map,ARG,Argentina
cm26_m58,-26,-58,0.051,ameli_map,ARG,Argentina
cm26_m57,-26,-57,0.051,ameli_map,PRY,Paraguay
cm26_m56,-26,-56,0.051,ameli_map,PRY,Paraguay
cm26_m55,-26,-55,0.051,ameli_map,PRY,Paraguay
cm26_m54,-26,-54,0.051,ameli_map,ARG,Argentina
cm26_m53,-26,-53,0.051,ameli_map,BRA,Brazil
cm26_m52,-26,-52,0.051,ameli_map,BRA,Brazil
cm26_m51,-26,-51,0.051,ameli_map,BRA,Brazil
cm26_m50,-26,-50,0.051,ameli_map,BRA,Brazil
cm26_m49,-26,-49,0.051,ameli_map,BRA,Brazil
cm26_15,-26,15,0.051,ameli_map,NAM,Namibia
cm26_16,-26,16,0.051,ameli_map,NAM,Namibia
cm26_17,-26,17,0.051,ameli_map,NAM,Namibia
cm26_18,-26,18,0.051,ameli_map,NAM,Namibia
cm26_19,-26,19,0.051,ameli_map,NAM,Namibia
cm26_20,-26,20,0.051,ameli_map,ZAF,South Africa
cm26_21,-26,21,0.051,ameli_map,BWA,Botswana
cm26_22,-26,22,0.051,ameli_map,BWA,Botswana
cm26_23,-26,23,0.051,ameli_map,ZAF,South Africa
cm26_24,-26,24,0.051,ameli_map,ZAF,South Africa
cm26_25,-26,25,0.051,ameli_map,ZAF,South Africa
cm26_26,-26,26,0.051,ameli_map,ZAF,South Africa
cm26_27,-26,27,0.051,ameli_map,ZAF,South Africa
cm26_28,-26,28,0.051,ameli_map,ZAF,South Africa
cm26_29,-26,29,0.051,ameli_map,ZAF,South Africa
cm26_30,-26,30,0.051,ameli_map,ZAF,South Africa
cm26_31,-26,31,0.051,ameli_map,ZAF,South Africa
cm26_32,-26,32,0.051,ameli_map,SWZ,Swaziland
cm26_115,-26,115,0.051,ameli_map,AUS,Australia
cm26_116,-26,116,0.051,ameli_map,AUS,Australia
cm26_117,-26,117,0.051,ameli_map,AUS,Australia
cm26_118,-26,118,0.051,ameli_map,AUS,Australia
cm26_119,-26,119,0.051,ameli_map,AUS,Australia
cm26_120,-26,120,0.051,ameli_map,AUS,Australia
cm26_121,-26,121,0.051,ameli_map,AUS,Australia
cm26_122,-26,122,0.051,ameli_map,AUS,Australia
cm26_123,-26,123,0.051,ameli_map,AUS,Australia
cm26_124,-26,124,0.051,ameli_map,AUS,Australia
cm26_125,-26,125,0.051,ameli_map,AUS,Australia
cm26_126,-26,126,0.051,ameli_map,AUS,Australia
cm26_127,-26,127,0.051,ameli_map,AUS,Australia
cm26_128,-26,128,0.051,ameli_map,AUS,Australia
cm26_129,-26,129,0.051,ameli_map,AUS,Australia
cm26_130,-26,130,0.051,ameli_map,AUS,Australia
cm26_131,-26,131,0.051,ameli_map,AUS,Australia
cm26_132,-26,132,0.051,ameli_map,AUS,Australia
cm26_133,-26,133,0.051,ameli_map,AUS,Australia
cm26_134,-26,134,0.051,ameli_map,AUS,Australia
cm26_135,-26,135,0.051,ameli_map,AUS,Australia
cm26_136,-26,136,0.051,ameli_map,AUS,Australia
cm26_137,-26,137,0.051,ameli_map,AUS,Australia
cm26_138,-26,138,0.051,ameli_map,AUS,Australia
cm26_139,-26,139,0.051,ameli_map,AUS,Australia
cm26_140,-26,140,0.051,ameli_map,AUS,Australia
cm26_141,-26,141,0.051,ameli_map,AUS,Australia
cm26_142,-26,142,0.051,ameli_map,AUS,Australia
cm26_143,-26,143,0.051,ameli_map,AUS,Australia
cm26_144,-26,144,0.051,ameli_map,AUS,Australia
cm26_145,-26,145,0.051,ameli_map,AUS,Australia
cm26_146,-26,146,0.051,ameli_map,AUS,Australia
cm26_147,-26,147,0.051,ameli_map,AUS,Australia
cm26_148,-26,148,0.051,ameli_map,AUS,Australia
cm26_149,-26,149,0.051,ameli_map,AUS,Australia
cm26_150,-26,150,0.051,ameli_map,AUS,Australia
cm26_151,-26,151,0.051,ameli_map,AUS,Australia
cm26_152,-26,152,0.051,ameli_map,AUS,Australia
cm26_153,-26,153,0.051,ameli_map,AUS,Australia
cm25_m70,-25,-70,0.051,ameli_map,CHL,Chile
cm25_m69,-25,-69,0.051,ameli_map,CHL,Chile
cm25_m68,-25,-68,0.051,ameli_map,ARG,Argentina
cm25_m67,-25,-67,0.051,ameli_map,ARG,Argentina
cm25_m66,-25,-66,0.051,ameli_map,ARG,Argentina
cm25_m65,-25,-65,0.051,ameli_map,ARG,Argentina
cm25_m64,-25,-64,0.051,ameli_map,ARG,Argentina
cm25_m63,-25,-63,0.051,ameli_map,ARG,Argentina
cm25_m62,-25,-62,0.051,ameli_map,ARG,Argentina
cm25_m61,-25,-61,0.051,ameli_map,ARG,Argentina
cm25_m60,-25,-60,0.051,ameli_map,ARG,Argentina
cm25_m59,-25,-59,0.051,ameli_map,ARG,Argentina
cm25_m58,-25,-58,0.051,ameli_map,PRY,Paraguay
cm25_m57,-25,-57,0.051,ameli_map,PRY,Paraguay
cm25_m56,-25,-56,0.051,ameli_map,PRY,Paraguay
cm25_m55,-25,-55,0.051,ameli_map,PRY,Paraguay
cm25_m54,-25,-54,0.051,ameli_map,BRA,Brazil
cm25_m53,-25,-53,0.051,ameli_map,BRA,Brazil
cm25_m52,-25,-52,0.051,ameli_map,BRA,Brazil
cm25_m51,-25,-51,0.051,ameli_map,BRA,Brazil
cm25_m50,-25,-50,0.051,ameli_map,BRA,Brazil
cm25_m49,-25,-49,0.051,ameli_map,BRA,Brazil
cm25_m48,-25,-48,0.051,ameli_map,BRA,Brazil
cm25_15,-25,15,0.051,ameli_map,NAM,Namibia
cm25_16,-25,16,0.051,ameli_map,NAM,Namibia
cm25_17,-25,17,0.051,ameli_map,NAM,Namibia
cm25_18,-25,18,0.051,ameli_map,NAM,Namibia
cm25_19,-25,19,0.051,ameli_map,NAM,Namibia
cm25_20,-25,20,0.051,ameli_map,ZAF,South Africa
cm25_21,-25,21,0.051,ameli_map,BWA,Botswana
cm25_22,-25,22,0.051,ameli_map,BWA,Botswana
cm25_23,-25,23,0.051,ameli_map,BWA,Botswana
cm25_24,-25,24,0.051,ameli_map,BWA,Botswana
cm25_25,-25,25,0.051,ameli_map,BWA,Botswana
cm25_26,-25,26,0.051,ameli_map,ZAF,South Africa
cm25_27,-25,27,0.051,ameli_map,ZAF,South Africa
cm25_28,-25,28,0.051,ameli_map,ZAF,South Africa
cm25_29,-25,29,0.051,ameli_map,ZAF,South Africa
cm25_30,-25,30,0.051,ameli_map,ZAF,South Africa
cm25_31,-25,31,0.051,ameli_map,ZAF,South Africa
cm25_32,-25,32,0.051,ameli_map,ZAF,South Africa
cm25_33,-25,33,0.051,ameli_map,MOZ,Mozambique
cm25_34,-25,34,0.051,ameli_map,MOZ,Mozambique
cm25_45,-25,45,0.051,ameli_map,MDG,Madagascar
cm25_46,-25,46,0.051,ameli_map,MDG,Madagascar
cm25_114,-25,114,0.051,ameli_map,AUS,Australia
cm25_115,-25,115,0.051,ameli_map,AUS,Australia
cm25_116,-25,116,0.051,ameli_map,AUS,Australia
cm25_117,-25,117,0.051,ameli_map,AUS,Australia
cm25_118,-25,118,0.051,ameli_map,AUS,Australia
cm25_119,-25,119,0.051,ameli_map,AUS,Australia
cm25_120,-25,120,0.051,ameli_map,AUS,Australia
cm25_121,-25,121,0.051,ameli_map,AUS,Australia
cm25_122,-25,122,0.051,ameli_map,AUS,Australia
cm25_123,-25,123,0.051,ameli_map,AUS,Australia
cm25_124,-25,124,0.051,ameli_map,AUS,Australia
cm25_125,-25,125,0.051,ameli_map,AUS,Australia
cm25_126,-25,126,0.051,ameli_map,AUS,Australia
cm25_127,-25,127,0.051,ameli_map,AUS,Australia
cm25_128,-25,128,0.051,ameli_map,AUS,Australia
cm25_129,-25,129,0.051,ameli_map,AUS,Australia
cm25_130,-25,130,0.051,ameli_map,AUS,Australia
cm25_131,-25,131,0.051,ameli_map,AUS,Australia
cm25_132,-25,132,0.051,ameli_map,AUS,Australia
cm25_133,-25,133,0.051,ameli_map,AUS,Australia
cm25_134,-25,134,0.051,ameli_map,AUS,Australia
cm25_135,-25,135,0.051,ameli_map,AUS,Australia
cm25_136,-25,136,0.051,ameli_map,AUS,Australia
cm25_137,-25,137,0.051,ameli_map,AUS,Australia
cm25_138,-25,138,0.051,ameli_map,AUS,Australia
cm25_139,-25,139,0.051,ameli_map,AUS,Australia
cm25_140,-25,140,0.051,ameli_map,AUS,Australia
cm25_141,-25,141,0.051,ameli_map,AUS,Australia
cm25_142,-25,142,0.051,ameli_map,AUS,Australia
cm25_143,-25,143,0.051,ameli_map,AUS,Australia
cm25_144,-25,144,0.051,ameli_map,AUS,Australia
cm25_145,-25,145,0.051,ameli_map,AUS,Australia
cm25_146,-25,146,0.051,ameli_map,AUS,Australia
cm25_147,-25,147,0.051,ameli_map,AUS,Australia
cm25_148,-25,148,0.051,ameli_map,AUS,Australia
cm25_149,-25,149,0.051,ameli_map,AUS,Australia
cm25_150,-25,150,0.051,ameli_map,AUS,Australia
cm25_151,-25,151,0.051,ameli_map,AUS,Australia
cm25_152,-25,152,0.051,ameli_map,AUS,Australia
cm24_m70,-24,-70,0.051,ameli_map,CHL,Chile
cm24_m69,-24,-69,0.051,ameli_map,CHL,Chile
cm24_m68,-24,-68,0.051,ameli_map,CHL,Chile
cm24_m67,-24,-67,0.051,ameli_map,ARG,Argentina
cm24_m66,-24,-66,0.051,ameli_map,ARG,Argentina
cm24_m65,-24,-65,0.051,ameli_map,ARG,Argentina
cm24_m64,-24,-64,0.051,ameli_map,ARG,Argentina
cm24_m63,-24,-63,0.051,ameli_map,ARG,Argentina
cm24_m62,-24,-62,0.051,ameli_map,ARG,Argentina
cm24_m61,-24,-61,0.051,ameli_map,ARG,Argentina
cm24_m60,-24,-60,0.051,ameli_map,PRY,Paraguay
cm24_m59,-24,-59,0.051,ameli_map,PRY,Paraguay
cm24_m58,-24,-58,0.051,ameli_map,PRY,Paraguay
cm24_m57,-24,-57,0.051,ameli_map,PRY,Paraguay
cm24_m56,-24,-56,0.051,ameli_map,PRY,Paraguay
cm24_m55,-24,-55,0.051,ameli_map,PRY,Paraguay
cm24_m54,-24,-54,0.051,ameli_map,BRA,Brazil
cm24_m53,-24,-53,0.051,ameli_map,BRA,Brazil
cm24_m52,-24,-52,0.051,ameli_map,BRA,Brazil
cm24_m51,-24,-51,0.051,ameli_map,BRA,Brazil
cm24_m50,-24,-50,0.051,ameli_map,BRA,Brazil
cm24_m49,-24,-49,0.051,ameli_map,BRA,Brazil
cm24_m48,-24,-48,0.051,ameli_map,BRA,Brazil
cm24_m47,-24,-47,0.051,ameli_map,BRA,Brazil
cm24_15,-24,15,0.051,ameli_map,NAM,Namibia
cm24_16,-24,16,0.051,ameli_map,NAM,Namibia
cm24_17,-24,17,0.051,ameli_map,NAM,Namibia
cm24_18,-24,18,0.051,ameli_map,NAM,Namibia
cm24_19,-24,19,0.051,ameli_map,NAM,Namibia
cm24_20,-24,20,0.051,ameli_map,BWA,Botswana
cm24_21,-24,21,0.051,ameli_map,BWA,Botswana
cm24_22,-24,22,0.051,ameli_map,BWA,Botswana
cm24_23,-24,23,0.051,ameli_map,BWA,Botswana
cm24_24,-24,24,0.051,ameli_map,BWA,Botswana
cm24_25,-24,25,0.051,ameli_map,BWA,Botswana
cm24_26,-24,26,0.051,ameli_map,BWA,Botswana
cm24_27,-24,27,0.051,ameli_map,ZAF,South Africa
cm24_28,-24,28,0.051,ameli_map,ZAF,South Africa
cm24_29,-24,29,0.051,ameli_map,ZAF,South Africa
cm24_30,-24,30,0.051,ameli_map,ZAF,South Africa
cm24_31,-24,31,0.051,ameli_map,ZAF,South Africa
cm24_32,-24,32,0.051,ameli_map,MOZ,Mozambique
cm24_33,-24,33,0.051,ameli_map,MOZ,Mozambique
cm24_34,-24,34,0.051,ameli_map,MOZ,Mozambique
cm24_35,-24,35,0.051,ameli_map,MOZ,Mozambique
cm24_44,-24,44,0.051,ameli_map,MDG,Madagascar
cm24_45,-24,45,0.051,ameli_map,MDG,Madagascar
cm24_46,-24,46,0.051,ameli_map,MDG,Madagascar
cm24_47,-24,47,0.051,ameli_map,MDG,Madagascar
cm24_114,-24,114,0.051,ameli_map,AUS,Australia
cm24_115,-24,115,0.051,ameli_map,AUS,Australia
cm24_116,-24,116,0.051,ameli_map,AUS,Australia
cm24_117,-24,117,0.051,ameli_map,AUS,Australia
cm24_118,-24,118,0.051,ameli_map,AUS,Australia
cm24_119,-24,119,0.051,ameli_map,AUS,Australia
cm24_120,-24,120,0.051,ameli_map,AUS,Australia
cm24_121,-24,121,0.051,ameli_map,AUS,Australia
cm24_122,-24,122,0.051,ameli_map,AUS,Australia
cm24_123,-24,123,0.051,ameli_map,AUS,Australia
cm24_124,-24,124,0.051,ameli_map,AUS,Australia
cm24_125,-24,125,0.051,ameli_map,AUS,Australia
cm24_126,-24,126,0.051,ameli_map,AUS,Australia
cm24_127,-24,127,0.051,ameli_map,AUS,Australia
cm24_128,-24,128,0.051,ameli_map,AUS,Australia
cm24_129,-24,129,0.051,ameli_map,AUS,Australia
cm24_130,-24,130,0.051,ameli_map,AUS,Australia
cm24_131,-24,131,0.051,ameli_map,AUS,Australia
cm24_132,-24,132,0.051,ameli_map,AUS,Australia
cm24_133,-24,133,0.051,ameli_map,AUS,Australia
cm24_134,-24,134,0.051,ameli_map,AUS,Australia
cm24_135,-24,135,0.051,ameli_map,AUS,Australia
cm24_136,-24,136,0.051,ameli_map,AUS,Australia
cm24_137,-24,137,0.051,ameli_map,AUS,Australia
cm24_138,-24,138,0.051,ameli_map,AUS,Australia
cm24_139,-24,139,0.051,ameli_map,AUS,Australia
cm24_140,-24,140,0.051,ameli_map,AUS,Australia
cm24_141,-24,141,0.051,ameli_map,AUS,Australia
cm24_142,-24,142,0.051,ameli_map,AUS,Australia
cm24_143,-24,143,0.051,ameli_map,AUS,Australia
cm24_144,-24,144,0.051,ameli_map,AUS,Australia
cm24_145,-24,145,0.051,ameli_map,AUS,Australia
cm24_146,-24,146,0.051,ameli_map,AUS,Australia
cm24_147,-24,147,0.051,ameli_map,AUS,Australia
cm24_148,-24,148,0.051,ameli_map,AUS,Australia
cm24_149,-24,149,0.051,ameli_map,AUS,Australia
cm24_150,-24,150,0.051,ameli_map,AUS,Australia
cm24_151,-24,151,0.051,ameli_map,AUS,Australia
cm23_m70,-23,-70,0.051,ameli_map,CHL,Chile
cm23_m69,-23,-69,0.051,ameli_map,CHL,Chile
cm23_m68,-23,-68,0.051,ameli_map,CHL,Chile
cm23_m67,-23,-67,0.051,ameli_map,CHL,Chile
cm23_m66,-23,-66,0.051,ameli_map,ARG,Argentina
cm23_m65,-23,-65,0.051,ameli_map,ARG,Argentina
cm23_m64,-23,-64,0.051,ameli_map,ARG,Argentina
cm23_m63,-23,-63,0.051,ameli_map,ARG,Argentina
cm23_m62,-23,-62,0.051,ameli_map,ARG,Argentina
cm23_m61,-23,-61,0.051,ameli_map,PRY,Paraguay
cm23_m60,-23,-60,0.051,ameli_map,PRY,Paraguay
cm23_m59,-23,-59,0.051,ameli_map,PRY,Paraguay
cm23_m58,-23,-58,0.051,ameli_map,PRY,Paraguay
cm23_m57,-23,-57,0.051,ameli_map,PRY,Paraguay
cm23_m56,-23,-56,0.051,ameli_map,PRY,Paraguay
cm23_m55,-23,-55,0.051,ameli_map,BRA,Brazil
cm23_m54,-23,-54,0.051,ameli_map,BRA,Brazil
cm23_m53,-23,-53,0.051,ameli_map,BRA,Brazil
cm23_m52,-23,-52,0.051,ameli_map,BRA,Brazil
cm23_m51,-23,-51,0.051,ameli_map,BRA,Brazil
cm23_m50,-23,-50,0.051,ameli_map,BRA,Brazil
cm23_m49,-23,-49,0.051,ameli_map,BRA,Brazil
cm23_m48,-23,-48,0.051,ameli_map,BRA,Brazil
cm23_m47,-23,-47,0.051,ameli_map,BRA,Brazil
cm23_m46,-23,-46,0.051,ameli_map,BRA,Brazil
cm23_m45,-23,-45,0.051,ameli_map,BRA,Brazil
cm23_m42,-23,-42,0.051,ameli_map,BRA,Brazil
cm23_15,-23,15,0.051,ameli_map,NAM,Namibia
cm23_16,-23,16,0.051,ameli_map,NAM,Namibia
cm23_17,-23,17,0.051,ameli_map,NAM,Namibia
cm23_18,-23,18,0.051,ameli_map,NAM,Namibia
cm23_19,-23,19,0.051,ameli_map,NAM,Namibia
cm23_20,-23,20,0.051,ameli_map,BWA,Botswana
cm23_21,-23,21,0.051,ameli_map,BWA,Botswana
cm23_22,-23,22,0.051,ameli_map,BWA,Botswana
cm23_23,-23,23,0.051,ameli_map,BWA,Botswana
cm23_24,-23,24,0.051,ameli_map,BWA,Botswana
cm23_25,-23,25,0.051,ameli_map,BWA,Botswana
cm23_26,-23,26,0.051,ameli_map,BWA,Botswana
cm23_27,-23,27,0.051,ameli_map,BWA,Botswana
cm23_28,-23,28,0.051,ameli_map,ZAF,South Africa
cm23_29,-23,29,0.051,ameli_map,ZAF,South Africa
cm23_30,-23,30,0.051,ameli_map,ZAF,South Africa
cm23_31,-23,31,0.051,ameli_map,ZAF,South Africa
cm23_32,-23,32,0.051,ameli_map,MOZ,Mozambique
cm23_33,-23,33,0.051,ameli_map,MOZ,Mozambique
cm23_34,-23,34,0.051,ameli_map,MOZ,Mozambique
cm23_35,-23,35,0.051,ameli_map,MOZ,Mozambique
cm23_44,-23,44,0.051,ameli_map,MDG,Madagascar
cm23_45,-23,45,0.051,ameli_map,MDG,Madagascar
cm23_46,-23,46,0.051,ameli_map,MDG,Madagascar
cm23_47,-23,47,0.051,ameli_map,MDG,Madagascar
cm23_114,-23,114,0.051,ameli_map,AUS,Australia
cm23_115,-23,115,0.051,ameli_map,AUS,Australia
cm23_116,-23,116,0.051,ameli_map,AUS,Australia
cm23_117,-23,117,0.051,ameli_map,AUS,Australia
cm23_118,-23,118,0.051,ameli_map,AUS,Australia
cm23_119,-23,119,0.051,ameli_map,AUS,Australia
cm23_120,-23,120,0.051,ameli_map,AUS,Australia
cm23_121,-23,121,0.051,ameli_map,AUS,Australia
cm23_122,-23,122,0.051,ameli_map,AUS,Australia
cm23_123,-23,123,0.051,ameli_map,AUS,Australia
cm23_124,-23,124,0.051,ameli_map,AUS,Australia
cm23_125,-23,125,0.051,ameli_map,AUS,Australia
cm23_126,-23,126,0.051,ameli_map,AUS,Australia
cm23_127,-23,127,0.051,ameli_map,AUS,Australia
cm23_128,-23,128,0.051,ameli_map,AUS,Australia
cm23_129,-23,129,0.051,ameli_map,AUS,Australia
cm23_130,-23,130,0.051,ameli_map,AUS,Australia
cm23_131,-23,131,0.051,ameli_map,AUS,Australia
cm23_132,-23,132,0.051,ameli_map,AUS,Australia
cm23_133,-23,133,0.051,ameli_map,AUS,Australia
cm23_134,-23,134,0.051,ameli_map,AUS,Australia
cm23_135,-23,135,0.051,ameli_map,AUS,Australia
cm23_136,-23,136,0.051,ameli_map,AUS,Australia
cm23_137,-23,137,0.051,ameli_map,AUS,Australia
cm23_138,-23,138,0.051,ameli_map,AUS,Australia
cm23_139,-23,139,0.051,ameli_map,AUS,Australia
cm23_140,-23,140,0.051,ameli_map,AUS,Australia
cm23_141,-23,141,0.051,ameli_map,AUS,Australia
cm23_142,-23,142,0.051,ameli_map,AUS,Australia
cm23_143,-23,143,0.051,ameli_map,AUS,Australia
cm23_144,-23,144,0.051,ameli_map,AUS,Australia
cm23_145,-23,145,0.051,ameli_map,AUS,Australia
cm23_146,-23,146,0.051,ameli_map,AUS,Australia
cm23_147,-23,147,0.051,ameli_map,AUS,Australia
cm23_148,-23,148,0.051,ameli_map,AUS,Australia
cm23_149,-23,149,0.051,ameli_map,AUS,Australia
cm23_150,-23,150,0.051,ameli_map,AUS,Australia
cm22_m70,-22,-70,0.051,ameli_map,CHL,Chile
cm22_m69,-22,-69,0.051,ameli_map,CHL,Chile
cm22_m68,-22,-68,0.051,ameli_map,BOL,Bolivia
cm22_m67,-22,-67,0.051,ameli_map,BOL,Bolivia
cm22_m66,-22,-66,0.051,ameli_map,ARG,Argentina
cm22_m65,-22,-65,0.051,ameli_map,BOL,Bolivia
cm22_m64,-22,-64,0.051,ameli_map,BOL,Bolivia
cm22_m63,-22,-63,0.051,ameli_map,BOL,Bolivia
cm22_m62,-22,-62,0.051,ameli_map,PRY,Paraguay
cm22_m61,-22,-61,0.051,ameli_map,PRY,Paraguay
cm22_m60,-22,-60,0.051,ameli_map,PRY,Paraguay
cm22_m59,-22,-59,0.051,ameli_map,PRY,Paraguay
cm22_m58,-22,-58,0.051,ameli_map,PRY,Paraguay
cm22_m57,-22,-57,0.051,ameli_map,BRA,Brazil
cm22_m56,-22,-56,0.051,ameli_map,BRA,Brazil
cm22_m55,-22,-55,0.051,ameli_map,BRA,Brazil
cm22_m54,-22,-54,0.051,ameli_map,BRA,Brazil
cm22_m53,-22,-53,0.051,ameli_map,BRA,Brazil
cm22_m52,-22,-52,0.051,ameli_map,BRA,Brazil
cm22_m51,-22,-51,0.051,ameli_map,BRA,Brazil
cm22_m50,-22,-50,0.051,ameli_map,BRA,Brazil
cm22_m49,-22,-49,0.051,ameli_map,BRA,Brazil
cm22_m48,-22,-48,0.051,ameli_map,BRA,Brazil
cm22_m47,-22,-47,0.051,ameli_map,BRA,Brazil
cm22_m46,-22,-46,0.051,ameli_map,BRA,Brazil
cm22_m45,-22,-45,0.051,ameli_map,BRA,Brazil
cm22_m44,-22,-44,0.051,ameli_map,BRA,Brazil
cm22_m43,-22,-43,0.051,ameli_map,BRA,Brazil
cm22_m42,-22,-42,0.051,ameli_map,BRA,Brazil
cm22_m41,-22,-41,0.051,ameli_map,BRA,Brazil
cm22_15,-22,15,0.051,ameli_map,NAM,Namibia
cm22_16,-22,16,0.051,ameli_map,NAM,Namibia
cm22_17,-22,17,0.051,ameli_map,NAM,Namibia
cm22_18,-22,18,0.051,ameli_map,NAM,Namibia
cm22_19,-22,19,0.051,ameli_map,NAM,Namibia
cm22_20,-22,20,0.051,ameli_map,NAM,Namibia
cm22_21,-22,21,0.051,ameli_map,NAM,Namibia
cm22_22,-22,22,0.051,ameli_map,BWA,Botswana
cm22_23,-22,23,0.051,ameli_map,BWA,Botswana
cm22_24,-22,24,0.051,ameli_map,BWA,Botswana
cm22_25,-22,25,0.051,ameli_map,BWA,Botswana
cm22_26,-22,26,0.051,ameli_map,BWA,Botswana
cm22_27,-22,27,0.051,ameli_map,BWA,Botswana
cm22_28,-22,28,0.051,ameli_map,BWA,Botswana
cm22_29,-22,29,0.051,ameli_map,BWA,Botswana
cm22_30,-22,30,0.051,ameli_map,ZWE,Zimbabwe
cm22_31,-22,31,0.051,ameli_map,ZWE,Zimbabwe
cm22_32,-22,32,0.051,ameli_map,MOZ,Mozambique
cm22_33,-22,33,0.051,ameli_map,MOZ,Mozambique
cm22_34,-22,34,0.051,ameli_map,MOZ,Mozambique
cm22_35,-22,35,0.051,ameli_map,MOZ,Mozambique
cm22_44,-22,44,0.051,ameli_map,MDG,Madagascar
cm22_45,-22,45,0.051,ameli_map,MDG,Madagascar
cm22_46,-22,46,0.051,ameli_map,MDG,Madagascar
cm22_47,-22,47,0.051,ameli_map,MDG,Madagascar
cm22_48,-22,48,0.051,ameli_map,MDG,Madagascar
cm22_114,-22,114,0.051,ameli_map,AUS,Australia
cm22_115,-22,115,0.051,ameli_map,AUS,Australia
cm22_116,-22,116,0.051,ameli_map,AUS,Australia
cm22_117,-22,117,0.051,ameli_map,AUS,Australia
cm22_118,-22,118,0.051,ameli_map,AUS,Australia
cm22_119,-22,119,0.051,ameli_map,AUS,Australia
cm22_120,-22,120,0.051,ameli_map,AUS,Australia
cm22_121,-22,121,0.051,ameli_map,AUS,Australia
cm22_122,-22,122,0.051,ameli_map,AUS,Australia
cm22_123,-22,123,0.051,ameli_map,AUS,Australia
cm22_124,-22,124,0.051,ameli_map,AUS,Australia
cm22_125,-22,125,0.051,ameli_map,AUS,Australia
cm22_126,-22,126,0.051,ameli_map,AUS,Australia
cm22_127,-22,127,0.051,ameli_map,AUS,Australia
cm22_128,-22,128,0.051,ameli_map,AUS,Australia
cm22_129,-22,129,0.051,ameli_map,AUS,Australia
cm22_130,-22,130,0.051,ameli_map,AUS,Australia
cm22_131,-22,131,0.051,ameli_map,AUS,Australia
cm22_132,-22,132,0.051,ameli_map,AUS,Australia
cm22_133,-22,133,0.051,ameli_map,AUS,Australia
cm22_134,-22,134,0.051,ameli_map,AUS,Australia
cm22_135,-22,135,0.051,ameli_map,AUS,Australia
cm22_136,-22,136,0.051,ameli_map,AUS,Australia
cm22_137,-22,137,0.051,ameli_map,AUS,Australia
cm22_138,-22,138,0.051,ameli_map,AUS,Australia
cm22_139,-22,139,0.051,ameli_map,AUS,Australia
cm22_140,-22,140,0.051,ameli_map,AUS,Australia
cm22_141,-22,141,0.051,ameli_map,AUS,Australia
cm22_142,-22,142,0.051,ameli_map,AUS,Australia
cm22_143,-22,143,0.051,ameli_map,AUS,Australia
cm22_144,-22,144,0.051,ameli_map,AUS,Australia
cm22_145,-22,145,0.051,ameli_map,AUS,Australia
cm22_146,-22,146,0.051,ameli_map,AUS,Australia
cm22_147,-22,147,0.051,ameli_map,AUS,Australia
cm22_148,-22,148,0.051,ameli_map,AUS,Australia
cm22_149,-22,149,0.051,ameli_map,AUS,Australia
cm21_m175,-21,-175,0.051,default_5.1,TON,Tonga
cm21_m70,-21,-70,0.051,ameli_map,CHL,Chile
cm21_m69,-21,-69,0.051,ameli_map,CHL,Chile
cm21_m68,-21,-68,0.051,ameli_map,BOL,Bolivia
cm21_m67,-21,-67,0.051,ameli_map,BOL,Bolivia
cm21_m66,-21,-66,0.051,ameli_map,BOL,Bolivia
cm21_m65,-21,-65,0.051,ameli_map,BOL,Bolivia
cm21_m64,-21,-64,0.051,ameli_map,BOL,Bolivia
cm21_m63,-21,-63,0.051,ameli_map,BOL,Bolivia
cm21_m62,-21,-62,0.051,ameli_map,PRY,Paraguay
cm21_m61,-21,-61,0.051,ameli_map,PRY,Paraguay
cm21_m60,-21,-60,0.051,ameli_map,PRY,Paraguay
cm21_m59,-21,-59,0.051,ameli_map,PRY,Paraguay
cm21_m58,-21,-58,0.051,ameli_map,PRY,Paraguay
cm21_m57,-21,-57,0.051,ameli_map,BRA,Brazil
cm21_m56,-21,-56,0.051,ameli_map,BRA,Brazil
cm21_m55,-21,-55,0.051,ameli_map,BRA,Brazil
cm21_m54,-21,-54,0.051,ameli_map,BRA,Brazil
cm21_m53,-21,-53,0.051,ameli_map,BRA,Brazil
cm21_m52,-21,-52,0.051,ameli_map,BRA,Brazil
cm21_m51,-21,-51,0.051,ameli_map,BRA,Brazil
cm21_m50,-21,-50,0.051,ameli_map,BRA,Brazil
cm21_m49,-21,-49,0.051,ameli_map,BRA,Brazil
cm21_m48,-21,-48,0.051,ameli_map,BRA,Brazil
cm21_m47,-21,-47,0.051,ameli_map,BRA,Brazil
cm21_m46,-21,-46,0.051,ameli_map,BRA,Brazil
cm21_m45,-21,-45,0.051,ameli_map,BRA,Brazil
cm21_m44,-21,-44,0.051,ameli_map,BRA,Brazil
cm21_m43,-21,-43,0.051,ameli_map,BRA,Brazil
cm21_m42,-21,-42,0.051,ameli_map,BRA,Brazil
cm21_m41,-21,-41,0.051,ameli_map,BRA,Brazil
cm21_14,-21,14,0.051,ameli_map,NAM,Namibia
cm21_15,-21,15,0.051,ameli_map,NAM,Namibia
cm21_16,-21,16,0.051,ameli_map,NAM,Namibia
cm21_17,-21,17,0.051,ameli_map,NAM,Namibia
cm21_18,-21,18,0.051,ameli_map,NAM,Namibia
cm21_19,-21,19,0.051,ameli_map,NAM,Namibia
cm21_20,-21,20,0.051,ameli_map,NAM,Namibia
cm21_21,-21,21,0.051,ameli_map,BWA,Botswana
cm21_22,-21,22,0.051,ameli_map,BWA,Botswana
cm21_23,-21,23,0.051,ameli_map,BWA,Botswana
cm21_24,-21,24,0.051,ameli_map,BWA,Botswana
cm21_25,-21,25,0.051,ameli_map,BWA,Botswana
cm21_26,-21,26,0.051,ameli_map,BWA,Botswana
cm21_27,-21,27,0.051,ameli_map,BWA,Botswana
cm21_28,-21,28,0.051,ameli_map,ZWE,Zimbabwe
cm21_29,-21,29,0.051,ameli_map,ZWE,Zimbabwe
cm21_30,-21,30,0.051,ameli_map,ZWE,Zimbabwe
cm21_31,-21,31,0.051,ameli_map,ZWE,Zimbabwe
cm21_32,-21,32,0.051,ameli_map,ZWE,Zimbabwe
cm21_33,-21,33,0.051,ameli_map,MOZ,Mozambique
cm21_34,-21,34,0.051,ameli_map,MOZ,Mozambique
cm21_35,-21,35,0.051,ameli_map,MOZ,Mozambique
cm21_44,-21,44,0.051,ameli_map,MDG,Madagascar
cm21_45,-21,45,0.051,ameli_map,MDG,Madagascar
cm21_46,-21,46,0.051,ameli_map,MDG,Madagascar
cm21_47,-21,47,0.051,ameli_map,MDG,Madagascar
cm21_48,-21,48,0.051,ameli_map,MDG,Madagascar
cm21_117,-21,117,0.051,ameli_map,AUS,Australia
cm21_118,-21,118,0.051,ameli_map,AUS,Australia
cm21_119,-21,119,0.051,ameli_map,AUS,Australia
cm21_120,-21,120,0.051,ameli_map,AUS,Australia
cm21_121,-21,121,0.051,ameli_map,AUS,Australia
cm21_122,-21,122,0.051,ameli_map,AUS,Australia
cm21_123,-21,123,0.051,ameli_map,AUS,Australia
cm21_124,-21,124,0.051,ameli_map,AUS,Australia
cm21_125,-21,125,0.051,ameli_map,AUS,Australia
cm21_126,-21,126,0.051,ameli_map,AUS,Australia
cm21_127,-21,127,0.051,ameli_map,AUS,Australia
cm21_128,-21,128,0.051,ameli_map,AUS,Australia
cm21_129,-21,129,0.051,ameli_map,AUS,Australia
cm21_130,-21,130,0.051,ameli_map,AUS,Australia
cm21_131,-21,131,0.051,ameli_map,AUS,Australia
cm21_132,-21,132,0.051,ameli_map,AUS,Australia
cm21_133,-21,133,0.051,ameli_map,AUS,Australia
cm21_134,-21,134,0.051,ameli_map,AUS,Australia
cm21_135,-21,135,0.051,ameli_map,AUS,Australia
cm21_136,-21,136,0.051,ameli_map,AUS,Australia
cm21_137,-21,137,0.051,ameli_map,AUS,Australia
cm21_138,-21,138,0.051,ameli_map,AUS,Australia
cm21_139,-21,139,0.051,ameli_map,AUS,Australia
cm21_140,-21,140,0.051,ameli_map,AUS,Australia
cm21_141,-21,141,0.051,ameli_map,AUS,Australia
cm21_142,-21,142,0.051,ameli_map,AUS,Australia
cm21_143,-21,143,0.051,ameli_map,AUS,Australia
cm21_144,-21,144,0.051,ameli_map,AUS,Australia
cm21_145,-21,145,0.051,ameli_map,AUS,Australia
cm21_146,-21,146,0.051,ameli_map,AUS,Australia
cm21_147,-21,147,0.051,ameli_map,AUS,Australia
cm21_148,-21,148,0.051,ameli_map,AUS,Australia
cm21_149,-21,149,0.051,ameli_map,AUS,Australia
cm21_165,-21,165,0.04,ameli_map,NCL,New Caledonia
cm20_m70,-20,-70,0.051,ameli_map,CHL,Chile
cm20_m69,-20,-69,0.051,ameli_map,CHL,Chile
cm20_m68,-20,-68,0.051,ameli_map,BOL,Bolivia
cm20_m67,-20,-67,0.051,ameli_map,BOL,Bolivia
cm20_m66,-20,-66,0.051,ameli_map,BOL,Bolivia
cm20_m65,-20,-65,0.051,ameli_map,BOL,Bolivia
cm20_m64,-20,-64,0.051,ameli_map,BOL,Bolivia
cm20_m63,-20,-63,0.051,ameli_map,BOL,Bolivia
cm20_m62,-20,-62,0.051,ameli_map,BOL,Bolivia
cm20_m61,-20,-61,0.051,ameli_map,PRY,Paraguay
cm20_m60,-20,-60,0.051,ameli_map,PRY,Paraguay
cm20_m59,-20,-59,0.051,ameli_map,PRY,Paraguay
cm20_m58,-20,-58,0.051,ameli_map,BOL,Bolivia
cm20_m57,-20,-57,0.051,ameli_map,BRA,Brazil
cm20_m56,-20,-56,0.051,ameli_map,BRA,Brazil
cm20_m55,-20,-55,0.051,ameli_map,BRA,Brazil
cm20_m54,-20,-54,0.051,ameli_map,BRA,Brazil
cm20_m53,-20,-53,0.051,ameli_map,BRA,Brazil
cm20_m52,-20,-52,0.051,ameli_map,BRA,Brazil
cm20_m51,-20,-51,0.051,ameli_map,BRA,Brazil
cm20_m50,-20,-50,0.051,ameli_map,BRA,Brazil
cm20_m49,-20,-49,0.051,ameli_map,BRA,Brazil
cm20_m48,-20,-48,0.051,ameli_map,BRA,Brazil
cm20_m47,-20,-47,0.051,ameli_map,BRA,Brazil
cm20_m46,-20,-46,0.051,ameli_map,BRA,Brazil
cm20_m45,-20,-45,0.051,ameli_map,BRA,Brazil
cm20_m44,-20,-44,0.051,ameli_map,BRA,Brazil
cm20_m43,-20,-43,0.051,ameli_map,BRA,Brazil
cm20_m42,-20,-42,0.051,ameli_map,BRA,Brazil
cm20_m41,-20,-41,0.051,ameli_map,BRA,Brazil
cm20_14,-20,14,0.051,ameli_map,NAM,Namibia
cm20_15,-20,15,0.051,ameli_map,NAM,Namibia
cm20_16,-20,16,0.051,ameli_map,NAM,Namibia
cm20_17,-20,17,0.051,ameli_map,NAM,Namibia
cm20_18,-20,18,0.051,ameli_map,NAM,Namibia
cm20_19,-20,19,0.051,ameli_map,NAM,Namibia
cm20_20,-20,20,0.051,ameli_map,NAM,Namibia
cm20_21,-20,21,0.051,ameli_map,BWA,Botswana
cm20_22,-20,22,0.051,ameli_map,BWA,Botswana
cm20_23,-20,23,0.051,ameli_map,BWA,Botswana
cm20_24,-20,24,0.051,ameli_map,BWA,Botswana
cm20_25,-20,25,0.051,ameli_map,BWA,Botswana
cm20_26,-20,26,0.051,ameli_map,BWA,Botswana
cm20_27,-20,27,0.051,ameli_map,ZWE,Zimbabwe
cm20_28,-20,28,0.051,ameli_map,ZWE,Zimbabwe
cm20_29,-20,29,0.051,ameli_map,ZWE,Zimbabwe
cm20_30,-20,30,0.051,ameli_map,ZWE,Zimbabwe
cm20_31,-20,31,0.051,ameli_map,ZWE,Zimbabwe
cm20_32,-20,32,0.051,ameli_map,ZWE,Zimbabwe
cm20_33,-20,33,0.051,ameli_map,ZWE,Zimbabwe
cm20_34,-20,34,0.051,ameli_map,MOZ,Mozambique
cm20_45,-20,45,0.051,ameli_map,MDG,Madagascar
cm20_46,-20,46,0.051,ameli_map,MDG,Madagascar
cm20_47,-20,47,0.051,ameli_map,MDG,Madagascar
cm20_48,-20,48,0.051,ameli_map,MDG,Madagascar
cm20_120,-20,120,0.051,ameli_map,AUS,Australia
cm20_121,-20,121,0.051,ameli_map,AUS,Australia
cm20_122,-20,122,0.051,ameli_map,AUS,Australia
cm20_123,-20,123,0.051,ameli_map,AUS,Australia
cm20_124,-20,124,0.051,ameli_map,AUS,Australia
cm20_125,-20,125,0.051,ameli_map,AUS,Australia
cm20_126,-20,126,0.051,ameli_map,AUS,Australia
cm20_127,-20,127,0.051,ameli_map,AUS,Australia
cm20_128,-20,128,0.051,ameli_map,AUS,Australia
cm20_129,-20,129,0.051,ameli_map,AUS,Australia
cm20_130,-20,130,0.051,ameli_map,AUS,Australia
cm20_131,-20,131,0.051,ameli_map,AUS,Australia
cm20_132,-20,132,0.051,ameli_map,AUS,Australia
cm20_133,-20,133,0.051,ameli_map,AUS,Australia
cm20_134,-20,134,0.051,ameli_map,AUS,Australia
cm20_135,-20,135,0.051,ameli_map,AUS,Australia
cm20_136,-20,136,0.051,ameli_map,AUS,Australia
cm20_137,-20,137,0.051,ameli_map,AUS,Australia
cm20_138,-20,138,0.051,ameli_map,AUS,Australia
cm20_139,-20,139,0.051,ameli_map,AUS,Australia
cm20_140,-20,140,0.051,ameli_map,AUS,Australia
cm20_141,-20,141,0.051,ameli_map,AUS,Australia
cm20_142,-20,142,0.051,ameli_map,AUS,Australia
cm20_143,-20,143,0.051,ameli_map,AUS,Australia
cm20_144,-20,144,0.051,ameli_map,AUS,Australia
cm20_145,-20,145,0.051,ameli_map,AUS,Australia
cm20_146,-20,146,0.051,ameli_map,AUS,Australia
cm20_147,-20,147,0.051,ameli_map,AUS,Australia
cm20_148,-20,148,0.051,ameli_map,AUS,Australia
cm19_m70,-19,-70,0.051,ameli_map,CHL,Chile
cm19_m69,-19,-69,0.051,ameli_map,CHL,Chile
cm19_m68,-19,-68,0.051,ameli_map,BOL,Bolivia
cm19_m67,-19,-67,0.051,ameli_map,BOL,Bolivia
cm19_m66,-19,-66,0.051,ameli_map,BOL,Bolivia
cm19_m65,-19,-65,0.051,ameli_map,BOL,Bolivia
cm19_m64,-19,-64,0.051,ameli_map,BOL,Bolivia
cm19_m63,-19,-63,0.051,ameli_map,BOL,Bolivia
cm19_m62,-19,-62,0.051,ameli_map,BOL,Bolivia
cm19_m61,-19,-61,0.051,ameli_map,BOL,Bolivia
cm19_m60,-19,-60,0.051,ameli_map,BOL,Bolivia
cm19_m59,-19,-59,0.051,ameli_map,BOL,Bolivia
cm19_m58,-19,-58,0.051,ameli_map,BOL,Bolivia
cm19_m57,-19,-57,0.051,ameli_map,BRA,Brazil
cm19_m56,-19,-56,0.051,ameli_map,BRA,Brazil
cm19_m55,-19,-55,0.051,ameli_map,BRA,Brazil
cm19_m54,-19,-54,0.051,ameli_map,BRA,Brazil
cm19_m53,-19,-53,0.051,ameli_map,BRA,Brazil
cm19_m52,-19,-52,0.051,ameli_map,BRA,Brazil
cm19_m51,-19,-51,0.051,ameli_map,BRA,Brazil
cm19_m50,-19,-50,0.051,ameli_map,BRA,Brazil
cm19_m49,-19,-49,0.051,ameli_map,BRA,Brazil
cm19_m48,-19,-48,0.051,ameli_map,BRA,Brazil
cm19_m47,-19,-47,0.051,ameli_map,BRA,Brazil
cm19_m46,-19,-46,0.051,ameli_map,BRA,Brazil
cm19_m45,-19,-45,0.051,ameli_map,BRA,Brazil
cm19_m44,-19,-44,0.051,ameli_map,BRA,Brazil
cm19_m43,-19,-43,0.051,ameli_map,BRA,Brazil
cm19_m42,-19,-42,0.051,ameli_map,BRA,Brazil
cm19_m41,-19,-41,0.051,ameli_map,BRA,Brazil
cm19_m40,-19,-40,0.051,ameli_map,BRA,Brazil
cm19_13,-19,13,0.051,ameli_map,NAM,Namibia
cm19_14,-19,14,0.051,ameli_map,NAM,Namibia
cm19_15,-19,15,0.051,ameli_map,NAM,Namibia
cm19_16,-19,16,0.051,ameli_map,NAM,Namibia
cm19_17,-19,17,0.051,ameli_map,NAM,Namibia
cm19_18,-19,18,0.051,ameli_map,NAM,Namibia
cm19_19,-19,19,0.051,ameli_map,NAM,Namibia
cm19_20,-19,20,0.051,ameli_map,NAM,Namibia
cm19_21,-19,21,0.051,ameli_map,BWA,Botswana
cm19_22,-19,22,0.051,ameli_map,BWA,Botswana
cm19_23,-19,23,0.051,ameli_map,BWA,Botswana
cm19_24,-19,24,0.051,ameli_map,BWA,Botswana
cm19_25,-19,25,0.051,ameli_map,BWA,Botswana
cm19_26,-19,26,0.051,ameli_map,ZWE,Zimbabwe
cm19_27,-19,27,0.051,ameli_map,ZWE,Zimbabwe
cm19_28,-19,28,0.051,ameli_map,ZWE,Zimbabwe
cm19_29,-19,29,0.051,ameli_map,ZWE,Zimbabwe
cm19_30,-19,30,0.051,ameli_map,ZWE,Zimbabwe
cm19_31,-19,31,0.051,ameli_map,ZWE,Zimbabwe
cm19_32,-19,32,0.051,ameli_map,ZWE,Zimbabwe
cm19_33,-19,33,0.051,ameli_map,MOZ,Mozambique
cm19_34,-19,34,0.051,ameli_map,MOZ,Mozambique
cm19_35,-19,35,0.051,ameli_map,MOZ,Mozambique
cm19_45,-19,45,0.051,ameli_map,MDG,Madagascar
cm19_46,-19,46,0.051,ameli_map,MDG,Madagascar
cm19_47,-19,47,0.051,ameli_map,MDG,Madagascar
cm19_48,-19,48,0.051,ameli_map,MDG,Madagascar
cm19_49,-19,49,0.051,ameli_map,MDG,Madagascar
cm19_122,-19,122,0.051,ameli_map,AUS,Australia
cm19_123,-19,123,0.051,ameli_map,AUS,Australia
cm19_124,-19,124,0.051,ameli_map,AUS,Australia
cm19_125,-19,125,0.051,ameli_map,AUS,Australia
cm19_126,-19,126,0.051,ameli_map,AUS,Australia
cm19_127,-19,127,0.051,ameli_map,AUS,Australia
cm19_128,-19,128,0.051,ameli_map,AUS,Australia
cm19_129,-19,129,0.051,ameli_map,AUS,Australia
cm19_130,-19,130,0.051,ameli_map,AUS,Australia
cm19_131,-19,131,0.051,ameli_map,AUS,Australia
cm19_132,-19,132,0.051,ameli_map,AUS,Australia
cm19_133,-19,133,0.051,ameli_map,AUS,Australia
cm19_134,-19,134,0.051,ameli_map,AUS,Australia
cm19_135,-19,135,0.051,ameli_map,AUS,Australia
cm19_136,-19,136,0.051,ameli_map,AUS,Australia
cm19_137,-19,137,0.051,ameli_map,AUS,Australia
cm19_138,-19,138,0.051,ameli_map,AUS,Australia
cm19_139,-19,139,0.051,ameli_map,AUS,Australia
cm19_140,-19,140,0.051,ameli_map,AUS,Australia
cm19_141,-19,141,0.051,ameli_map,AUS,Australia
cm19_142,-19,142,0.051,ameli_map,AUS,Australia
cm19_143,-19,143,0.051,ameli_map,AUS,Australia
cm19_144,-19,144,0.051,ameli_map,AUS,Australia
cm19_145,-19,145,0.051,ameli_map,AUS,Australia
cm19_146,-19,146,0.051,ameli_map,AUS,Australia
cm18_m70,-18,-70,0.051,ameli_map,PER,Peru
cm18_m69,-18,-69,0.051,ameli_map,BOL,Bolivia
cm18_m68,-18,-68,0.051,ameli_map,BOL,Bolivia
cm18_m67,-18,-67,0.051,ameli_map,BOL,Bolivia
cm18_m66,-18,-66,0.051,ameli_map,BOL,Bolivia
cm18_m65,-18,-65,0.051,ameli_map,BOL,Bolivia
cm18_m64,-18,-64,0.051,ameli_map,BOL,Bolivia
cm18_m63,-18,-63,0.051,ameli_map,BOL,Bolivia
cm18_m62,-18,-62,0.051,ameli_map,BOL,Bolivia
cm18_m61,-18,-61,0.051,ameli_map,BOL,Bolivia
cm18_m60,-18,-60,0.051,ameli_map,BOL,Bolivia
cm18_m59,-18,-59,0.051,ameli_map,BOL,Bolivia
cm18_m58,-18,-58,0.051,ameli_map,BOL,Bolivia
cm18_m57,-18,-57,0.051,ameli_map,BRA,Brazil
cm18_m56,-18,-56,0.051,ameli_map,BRA,Brazil
cm18_m55,-18,-55,0.051,ameli_map,BRA,Brazil
cm18_m54,-18,-54,0.051,ameli_map,BRA,Brazil
cm18_m53,-18,-53,0.051,ameli_map,BRA,Brazil
cm18_m52,-18,-52,0.051,ameli_map,BRA,Brazil
cm18_m51,-18,-51,0.051,ameli_map,BRA,Brazil
cm18_m50,-18,-50,0.051,ameli_map,BRA,Brazil
cm18_m49,-18,-49,0.051,ameli_map,BRA,Brazil
cm18_m48,-18,-48,0.051,ameli_map,BRA,Brazil
cm18_m47,-18,-47,0.051,ameli_map,BRA,Brazil
cm18_m46,-18,-46,0.051,ameli_map,BRA,Brazil
cm18_m45,-18,-45,0.051,ameli_map,BRA,Brazil
cm18_m44,-18,-44,0.051,ameli_map,BRA,Brazil
cm18_m43,-18,-43,0.051,ameli_map,BRA,Brazil
cm18_m42,-18,-42,0.051,ameli_map,BRA,Brazil
cm18_m41,-18,-41,0.051,ameli_map,BRA,Brazil
cm18_m40,-18,-40,0.051,ameli_map,BRA,Brazil
cm18_12,-18,12,0.051,ameli_map,NAM,Namibia
cm18_13,-18,13,0.051,ameli_map,NAM,Namibia
cm18_14,-18,14,0.051,ameli_map,NAM,Namibia
cm18_15,-18,15,0.051,ameli_map,NAM,Namibia
cm18_16,-18,16,0.051,ameli_map,NAM,Namibia
cm18_17,-18,17,0.051,ameli_map,NAM,Namibia
cm18_18,-18,18,0.051,ameli_map,NAM,Namibia
cm18_19,-18,19,0.051,ameli_map,NAM,Namibia
cm18_20,-18,20,0.051,ameli_map,NAM,Namibia
cm18_21,-18,21,0.051,ameli_map,NAM,Namibia
cm18_22,-18,22,0.051,ameli_map,NAM,Namibia
cm18_23,-18,23,0.051,ameli_map,NAM,Namibia
cm18_24,-18,24,0.051,ameli_map,NAM,Namibia
cm18_25,-18,25,0.051,ameli_map,BWA,Botswana
cm18_26,-18,26,0.051,ameli_map,ZWE,Zimbabwe
cm18_27,-18,27,0.051,ameli_map,ZWE,Zimbabwe
cm18_28,-18,28,0.051,ameli_map,ZWE,Zimbabwe
cm18_29,-18,29,0.051,ameli_map,ZWE,Zimbabwe
cm18_30,-18,30,0.051,ameli_map,ZWE,Zimbabwe
cm18_31,-18,31,0.051,ameli_map,ZWE,Zimbabwe
cm18_32,-18,32,0.051,ameli_map,ZWE,Zimbabwe
cm18_33,-18,33,0.051,ameli_map,MOZ,Mozambique
cm18_34,-18,34,0.051,ameli_map,MOZ,Mozambique
cm18_35,-18,35,0.051,ameli_map,MOZ,Mozambique
cm18_36,-18,36,0.051,ameli_map,MOZ,Mozambique
cm18_45,-18,45,0.051,ameli_map,MDG,Madagascar
cm18_46,-18,46,0.051,ameli_map,MDG,Madagascar
cm18_47,-18,47,0.051,ameli_map,MDG,Madagascar
cm18_48,-18,48,0.051,ameli_map,MDG,Madagascar
cm18_49,-18,49,0.051,ameli_map,MDG,Madagascar
cm18_123,-18,123,0.051,ameli_map,AUS,Australia
cm18_124,-18,124,0.051,ameli_map,AUS,Australia
cm18_125,-18,125,0.051,ameli_map,AUS,Australia
cm18_126,-18,126,0.051,ameli_map,AUS,Australia
cm18_127,-18,127,0.051,ameli_map,AUS,Australia
cm18_128,-18,128,0.051,ameli_map,AUS,Australia
cm18_129,-18,129,0.051,ameli_map,AUS,Australia
cm18_130,-18,130,0.051,ameli_map,AUS,Australia
cm18_131,-18,131,0.051,ameli_map,AUS,Australia
cm18_132,-18,132,0.051,ameli_map,AUS,Australia
cm18_133,-18,133,0.051,ameli_map,AUS,Australia
cm18_134,-18,134,0.051,ameli_map,AUS,Australia
cm18_135,-18,135,0.051,ameli_map,AUS,Australia
cm18_136,-18,136,0.051,ameli_map,AUS,Australia
cm18_137,-18,137,0.051,ameli_map,AUS,Australia
cm18_138,-18,138,0.051,ameli_map,AUS,Australia
cm18_139,-18,139,0.051,ameli_map,AUS,Australia
cm18_140,-18,140,0.051,ameli_map,AUS,Australia
cm18_141,-18,141,0.051,ameli_map,AUS,Australia
cm18_142,-18,142,0.051,ameli_map,AUS,Australia
cm18_143,-18,143,0.051,ameli_map,AUS,Australia
cm18_144,-18,144,0.051,ameli_map,AUS,Australia
cm18_145,-18,145,0.051,ameli_map,AUS,Australia
cm18_146,-18,146,0.051,ameli_map,AUS,Australia
cm18_178,-18,178,0.051,ameli_map,FJI,Fiji
cm17_m72,-17,-72,0.051,ameli_map,PER,Peru
cm17_m71,-17,-71,0.051,ameli_map,PER,Peru
cm17_m70,-17,-70,0.051,ameli_map,PER,Peru
cm17_m69,-17,-69,0.051,ameli_map,BOL,Bolivia
cm17_m68,-17,-68,0.051,ameli_map,BOL,Bolivia
cm17_m67,-17,-67,0.051,ameli_map,BOL,Bolivia
cm17_m66,-17,-66,0.051,ameli_map,BOL,Bolivia
cm17_m65,-17,-65,0.051,ameli_map,BOL,Bolivia
cm17_m64,-17,-64,0.051,ameli_map,BOL,Bolivia
cm17_m63,-17,-63,0.051,ameli_map,BOL,Bolivia
cm17_m62,-17,-62,0.051,ameli_map,BOL,Bolivia
cm17_m61,-17,-61,0.051,ameli_map,BOL,Bolivia
cm17_m60,-17,-60,0.051,ameli_map,BOL,Bolivia
cm17_m59,-17,-59,0.051,ameli_map,BOL,Bolivia
cm17_m58,-17,-58,0.051,ameli_map,BRA,Brazil
cm17_m57,-17,-57,0.051,ameli_map,BRA,Brazil
cm17_m56,-17,-56,0.051,ameli_map,BRA,Brazil
cm17_m55,-17,-55,0.051,ameli_map,BRA,Brazil
cm17_m54,-17,-54,0.051,ameli_map,BRA,Brazil
cm17_m53,-17,-53,0.051,ameli_map,BRA,Brazil
cm17_m52,-17,-52,0.051,ameli_map,BRA,Brazil
cm17_m51,-17,-51,0.051,ameli_map,BRA,Brazil
cm17_m50,-17,-50,0.051,ameli_map,BRA,Brazil
cm17_m49,-17,-49,0.051,ameli_map,BRA,Brazil
cm17_m48,-17,-48,0.051,ameli_map,BRA,Brazil
cm17_m47,-17,-47,0.051,ameli_map,BRA,Brazil
cm17_m46,-17,-46,0.051,ameli_map,BRA,Brazil
cm17_m45,-17,-45,0.051,ameli_map,BRA,Brazil
cm17_m44,-17,-44,0.051,ameli_map,BRA,Brazil
cm17_m43,-17,-43,0.051,ameli_map,BRA,Brazil
cm17_m42,-17,-42,0.051,ameli_map,BRA,Brazil
cm17_m41,-17,-41,0.051,ameli_map,BRA,Brazil
cm17_m40,-17,-40,0.051,ameli_map,BRA,Brazil
cm17_12,-17,12,0.051,ameli_map,AGO,Angola
cm17_13,-17,13,0.051,ameli_map,NAM,Namibia
cm17_14,-17,14,0.051,ameli_map,AGO,Angola
cm17_15,-17,15,0.051,ameli_map,AGO,Angola
cm17_16,-17,16,0.051,ameli_map,AGO,Angola
cm17_17,-17,17,0.051,ameli_map,AGO,Angola
cm17_18,-17,18,0.051,ameli_map,AGO,Angola
cm17_19,-17,19,0.051,ameli_map,AGO,Angola
cm17_20,-17,20,0.051,ameli_map,AGO,Angola
cm17_21,-17,21,0.051,ameli_map,AGO,Angola
cm17_22,-17,22,0.051,ameli_map,AGO,Angola
cm17_23,-17,23,0.051,ameli_map,ZMB,Zambia
cm17_24,-17,24,0.051,ameli_map,ZMB,Zambia
cm17_25,-17,25,0.051,ameli_map,ZMB,Zambia
cm17_26,-17,26,0.051,ameli_map,ZMB,Zambia
cm17_27,-17,27,0.051,ameli_map,ZMB,Zambia
cm17_28,-17,28,0.051,ameli_map,ZWE,Zimbabwe
cm17_29,-17,29,0.051,ameli_map,ZWE,Zimbabwe
cm17_30,-17,30,0.051,ameli_map,ZWE,Zimbabwe
cm17_31,-17,31,0.051,ameli_map,ZWE,Zimbabwe
cm17_32,-17,32,0.051,ameli_map,ZWE,Zimbabwe
cm17_33,-17,33,0.051,ameli_map,MOZ,Mozambique
cm17_34,-17,34,0.051,ameli_map,MOZ,Mozambique
cm17_35,-17,35,0.051,ameli_map,MOZ,Mozambique
cm17_36,-17,36,0.051,ameli_map,MOZ,Mozambique
cm17_37,-17,37,0.051,ameli_map,MOZ,Mozambique
cm17_38,-17,38,0.051,ameli_map,MOZ,Mozambique
cm17_39,-17,39,0.051,ameli_map,MOZ,Mozambique
cm17_45,-17,45,0.051,ameli_map,MDG,Madagascar
cm17_46,-17,46,0.051,ameli_map,MDG,Madagascar
cm17_47,-17,47,0.051,ameli_map,MDG,Madagascar
cm17_48,-17,48,0.051,ameli_map,MDG,Madagascar
cm17_49,-17,49,0.051,ameli_map,MDG,Madagascar
cm17_123,-17,123,0.051,ameli_map,AUS,Australia
cm17_124,-17,124,0.051,ameli_map,AUS,Australia
cm17_125,-17,125,0.051,ameli_map,AUS,Australia
cm17_126,-17,126,0.051,ameli_map,AUS,Australia
cm17_127,-17,127,0.051,ameli_map,AUS,Australia
cm17_128,-17,128,0.051,ameli_map,AUS,Australia
cm17_129,-17,129,0.051,ameli_map,AUS,Australia
cm17_130,-17,130,0.051,ameli_map,AUS,Australia
cm17_131,-17,131,0.051,ameli_map,AUS,Australia
cm17_132,-17,132,0.051,ameli_map,AUS,Australia
cm17_133,-17,133,0.051,ameli_map,AUS,Australia
cm17_134,-17,134,0.051,ameli_map,AUS,Australia
cm17_135,-17,135,0.051,ameli_map,AUS,Australia
cm17_136,-17,136,0.051,ameli_map,AUS,Australia
cm17_137,-17,137,0.051,ameli_map,AUS,Australia
cm17_138,-17,138,0.051,ameli_map,AUS,Australia
cm17_139,-17,139,0.051,ameli_map,AUS,Australia
cm17_141,-17,141,0.051,ameli_map,AUS,Australia
cm17_142,-17,142,0.051,ameli_map,AUS,Australia
cm17_143,-17,143,0.051,ameli_map,AUS,Australia
cm17_144,-17,144,0.051,ameli_map,AUS,Australia
cm17_145,-17,145,0.051,ameli_map,AUS,Australia
cm16_m74,-16,-74,0.051,ameli_map,PER,Peru
cm16_m73,-16,-73,0.051,ameli_map,PER,Peru
cm16_m72,-16,-72,0.051,ameli_map,PER,Peru
cm16_m71,-16,-71,0.051,ameli_map,PER,Peru
cm16_m70,-16,-70,0.051,ameli_map,PER,Peru
cm16_m69,-16,-69,0.051,ameli_map,BOL,Bolivia
cm16_m68,-16,-68,0.051,ameli_map,BOL,Bolivia
cm16_m67,-16,-67,0.051,ameli_map,BOL,Bolivia
cm16_m66,-16,-66,0.051,ameli_map,BOL,Bolivia
cm16_m65,-16,-65,0.051,ameli_map,BOL,Bolivia
cm16_m64,-16,-64,0.051,ameli_map,BOL,Bolivia
cm16_m63,-16,-63,0.051,ameli_map,BOL,Bolivia
cm16_m62,-16,-62,0.051,ameli_map,BOL,Bolivia
cm16_m61,-16,-61,0.051,ameli_map,BOL,Bolivia
cm16_m60,-16,-60,0.051,ameli_map,BRA,Brazil
cm16_m59,-16,-59,0.051,ameli_map,BRA,Brazil
cm16_m58,-16,-58,0.051,ameli_map,BRA,Brazil
cm16_m57,-16,-57,0.051,ameli_map,BRA,Brazil
cm16_m56,-16,-56,0.051,ameli_map,BRA,Brazil
cm16_m55,-16,-55,0.051,ameli_map,BRA,Brazil
cm16_m54,-16,-54,0.051,ameli_map,BRA,Brazil
cm16_m53,-16,-53,0.051,ameli_map,BRA,Brazil
cm16_m52,-16,-52,0.051,ameli_map,BRA,Brazil
cm16_m51,-16,-51,0.051,ameli_map,BRA,Brazil
cm16_m50,-16,-50,0.051,ameli_map,BRA,Brazil
cm16_m49,-16,-49,0.051,ameli_map,BRA,Brazil
cm16_m48,-16,-48,0.051,ameli_map,BRA,Brazil
cm16_m47,-16,-47,0.051,ameli_map,BRA,Brazil
cm16_m46,-16,-46,0.051,ameli_map,BRA,Brazil
cm16_m45,-16,-45,0.051,ameli_map,BRA,Brazil
cm16_m44,-16,-44,0.051,ameli_map,BRA,Brazil
cm16_m43,-16,-43,0.051,ameli_map,BRA,Brazil
cm16_m42,-16,-42,0.051,ameli_map,BRA,Brazil
cm16_m41,-16,-41,0.051,ameli_map,BRA,Brazil
cm16_m40,-16,-40,0.051,ameli_map,BRA,Brazil
cm16_m39,-16,-39,0.051,ameli_map,BRA,Brazil
cm16_12,-16,12,0.051,ameli_map,AGO,Angola
cm16_13,-16,13,0.051,ameli_map,AGO,Angola
cm16_14,-16,14,0.051,ameli_map,AGO,Angola
cm16_15,-16,15,0.051,ameli_map,AGO,Angola
cm16_16,-16,16,0.051,ameli_map,AGO,Angola
cm16_17,-16,17,0.051,ameli_map,AGO,Angola
cm16_18,-16,18,0.051,ameli_map,AGO,Angola
cm16_19,-16,19,0.051,ameli_map,AGO,Angola
cm16_20,-16,20,0.051,ameli_map,AGO,Angola
cm16_21,-16,21,0.051,ameli_map,AGO,Angola
cm16_22,-16,22,0.051,ameli_map,AGO,Angola
cm16_23,-16,23,0.051,ameli_map,ZMB,Zambia
cm16_24,-16,24,0.051,ameli_map,ZMB,Zambia
cm16_25,-16,25,0.051,ameli_map,ZMB,Zambia
cm16_26,-16,26,0.051,ameli_map,ZMB,Zambia
cm16_27,-16,27,0.051,ameli_map,ZMB,Zambia
cm16_28,-16,28,0.051,ameli_map,ZMB,Zambia
cm16_29,-16,29,0.051,ameli_map,ZWE,Zimbabwe
cm16_30,-16,30,0.051,ameli_map,ZWE,Zimbabwe
cm16_31,-16,31,0.051,ameli_map,MOZ,Mozambique
cm16_32,-16,32,0.051,ameli_map,MOZ,Mozambique
cm16_33,-16,33,0.051,ameli_map,MOZ,Mozambique
cm16_34,-16,34,0.051,ameli_map,MOZ,Mozambique
cm16_35,-16,35,0.051,ameli_map,MWI,Malawi
cm16_36,-16,36,0.051,ameli_map,MOZ,Mozambique
cm16_37,-16,37,0.051,ameli_map,MOZ,Mozambique
cm16_38,-16,38,0.051,ameli_map,MOZ,Mozambique
cm16_39,-16,39,0.051,ameli_map,MOZ,Mozambique
cm16_40,-16,40,0.051,ameli_map,MOZ,Mozambique
cm16_46,-16,46,0.051,ameli_map,MDG,Madagascar
cm16_47,-16,47,0.051,ameli_map,MDG,Madagascar
cm16_48,-16,48,0.051,ameli_map,MDG,Madagascar
cm16_49,-16,49,0.051,ameli_map,MDG,Madagascar
cm16_125,-16,125,0.051,ameli_map,AUS,Australia
cm16_126,-16,126,0.051,ameli_map,AUS,Australia
cm16_127,-16,127,0.051,ameli_map,AUS,Australia
cm16_128,-16,128,0.051,ameli_map,AUS,Australia
cm16_129,-16,129,0.051,ameli_map,AUS,Australia
cm16_130,-16,130,0.051,ameli_map,AUS,Australia
cm16_131,-16,131,0.051,ameli_map,AUS,Australia
cm16_132,-16,132,0.051,ameli_map,AUS,Australia
cm16_133,-16,133,0.051,ameli_map,AUS,Australia
cm16_134,-16,134,0.051,ameli_map,AUS,Australia
cm16_135,-16,135,0.051,ameli_map,AUS,Australia
cm16_136,-16,136,0.051,ameli_map,AUS,Australia
cm16_137,-16,137,0.051,ameli_map,AUS,Australia
cm16_142,-16,142,0.051,ameli_map,AUS,Australia
cm16_143,-16,143,0.051,ameli_map,AUS,Australia
cm16_144,-16,144,0.051,ameli_map,AUS,Australia
cm16_145,-16,145,0.051,ameli_map,AUS,Australia
cm15_m75,-15,-75,0.051,ameli_map,PER,Peru
cm15_m74,-15,-74,0.051,ameli_map,PER,Peru
cm15_m73,-15,-73,0.051,ameli_map,PER,Peru
cm15_m72,-15,-72,0.051,ameli_map,PER,Peru
cm15_m71,-15,-71,0.051,ameli_map,PER,Peru
cm15_m70,-15,-70,0.051,ameli_map,PER,Peru
cm15_m69,-15,-69,0.051,ameli_map,BOL,Bolivia
cm15_m68,-15,-68,0.051,ameli_map,BOL,Bolivia
cm15_m67,-15,-67,0.051,ameli_map,BOL,Bolivia
cm15_m66,-15,-66,0.051,ameli_map,BOL,Bolivia
cm15_m65,-15,-65,0.051,ameli_map,BOL,Bolivia
cm15_m64,-15,-64,0.051,ameli_map,BOL,Bolivia
cm15_m63,-15,-63,0.051,ameli_map,BOL,Bolivia
cm15_m62,-15,-62,0.051,ameli_map,BOL,Bolivia
cm15_m61,-15,-61,0.051,ameli_map,BOL,Bolivia
cm15_m60,-15,-60,0.051,ameli_map,BRA,Brazil
cm15_m59,-15,-59,0.051,ameli_map,BRA,Brazil
cm15_m58,-15,-58,0.051,ameli_map,BRA,Brazil
cm15_m57,-15,-57,0.051,ameli_map,BRA,Brazil
cm15_m56,-15,-56,0.051,ameli_map,BRA,Brazil
cm15_m55,-15,-55,0.051,ameli_map,BRA,Brazil
cm15_m54,-15,-54,0.051,ameli_map,BRA,Brazil
cm15_m53,-15,-53,0.051,ameli_map,BRA,Brazil
cm15_m52,-15,-52,0.051,ameli_map,BRA,Brazil
cm15_m51,-15,-51,0.051,ameli_map,BRA,Brazil
cm15_m50,-15,-50,0.051,ameli_map,BRA,Brazil
cm15_m49,-15,-49,0.051,ameli_map,BRA,Brazil
cm15_m48,-15,-48,0.051,ameli_map,BRA,Brazil
cm15_m47,-15,-47,0.051,ameli_map,BRA,Brazil
cm15_m46,-15,-46,0.051,ameli_map,BRA,Brazil
cm15_m45,-15,-45,0.051,ameli_map,BRA,Brazil
cm15_m44,-15,-44,0.051,ameli_map,BRA,Brazil
cm15_m43,-15,-43,0.051,ameli_map,BRA,Brazil
cm15_m42,-15,-42,0.051,ameli_map,BRA,Brazil
cm15_m41,-15,-41,0.051,ameli_map,BRA,Brazil
cm15_m40,-15,-40,0.051,ameli_map,BRA,Brazil
cm15_m39,-15,-39,0.051,ameli_map,BRA,Brazil
cm15_13,-15,13,0.051,ameli_map,AGO,Angola
cm15_14,-15,14,0.051,ameli_map,AGO,Angola
cm15_15,-15,15,0.051,ameli_map,AGO,Angola
cm15_16,-15,16,0.051,ameli_map,AGO,Angola
cm15_17,-15,17,0.051,ameli_map,AGO,Angola
cm15_18,-15,18,0.051,ameli_map,AGO,Angola
cm15_19,-15,19,0.051,ameli_map,AGO,Angola
cm15_20,-15,20,0.051,ameli_map,AGO,Angola
cm15_21,-15,21,0.051,ameli_map,AGO,Angola
cm15_22,-15,22,0.051,ameli_map,ZMB,Zambia
cm15_23,-15,23,0.051,ameli_map,ZMB,Zambia
cm15_24,-15,24,0.051,ameli_map,ZMB,Zambia
cm15_25,-15,25,0.051,ameli_map,ZMB,Zambia
cm15_26,-15,26,0.051,ameli_map,ZMB,Zambia
cm15_27,-15,27,0.051,ameli_map,ZMB,Zambia
cm15_28,-15,28,0.051,ameli_map,ZMB,Zambia
cm15_29,-15,29,0.051,ameli_map,ZMB,Zambia
cm15_30,-15,30,0.051,ameli_map,ZMB,Zambia
cm15_31,-15,31,0.051,ameli_map,MOZ,Mozambique
cm15_32,-15,32,0.051,ameli_map,MOZ,Mozambique
cm15_33,-15,33,0.051,ameli_map,MOZ,Mozambique
cm15_34,-15,34,0.051,ameli_map,MOZ,Mozambique
cm15_35,-15,35,0.051,ameli_map,MWI,Malawi
cm15_36,-15,36,0.051,ameli_map,MOZ,Mozambique
cm15_37,-15,37,0.051,ameli_map,MOZ,Mozambique
cm15_38,-15,38,0.051,ameli_map,MOZ,Mozambique
cm15_39,-15,39,0.051,ameli_map,MOZ,Mozambique
cm15_40,-15,40,0.051,ameli_map,MOZ,Mozambique
cm15_48,-15,48,0.051,ameli_map,MDG,Madagascar
cm15_49,-15,49,0.051,ameli_map,MDG,Madagascar
cm15_50,-15,50,0.051,ameli_map,MDG,Madagascar
cm15_126,-15,126,0.051,ameli_map,AUS,Australia
cm15_127,-15,127,0.051,ameli_map,AUS,Australia
cm15_128,-15,128,0.051,ameli_map,AUS,Australia
cm15_129,-15,129,0.051,ameli_map,AUS,Australia
cm15_130,-15,130,0.051,ameli_map,AUS,Australia
cm15_131,-15,131,0.051,ameli_map,AUS,Australia
cm15_132,-15,132,0.051,ameli_map,AUS,Australia
cm15_133,-15,133,0.051,ameli_map,AUS,Australia
cm15_134,-15,134,0.051,ameli_map,AUS,Australia
cm15_135,-15,135,0.051,ameli_map,AUS,Australia
cm15_142,-15,142,0.051,ameli_map,AUS,Australia
cm15_143,-15,143,0.051,ameli_map,AUS,Australia
cm15_144,-15,144,0.051,ameli_map,AUS,Australia
cm15_145,-15,145,0.051,ameli_map,AUS,Australia
cm15_167,-15,167,0.051,ameli_map,VUT,Vanuatu
cm14_m76,-14,-76,0.051,ameli_map,PER,Peru
cm14_m75,-14,-75,0.051,ameli_map,PER,Peru
cm14_m74,-14,-74,0.051,ameli_map,PER,Peru
cm14_m73,-14,-73,0.051,ameli_map,PER,Peru
cm14_m72,-14,-72,0.051,ameli_map,PER,Peru
cm14_m71,-14,-71,0.051,ameli_map,PER,Peru
cm14_m70,-14,-70,0.051,ameli_map,PER,Peru
cm14_m69,-14,-69,0.051,ameli_map,PER,Peru
cm14_m68,-14,-68,0.051,ameli_map,BOL,Bolivia
cm14_m67,-14,-67,0.051,ameli_map,BOL,Bolivia
cm14_m66,-14,-66,0.051,ameli_map,BOL,Bolivia
cm14_m65,-14,-65,0.051,ameli_map,BOL,Bolivia
cm14_m64,-14,-64,0.051,ameli_map,BOL,Bolivia
cm14_m63,-14,-63,0.051,ameli_map,BOL,Bolivia
cm14_m62,-14,-62,0.051,ameli_map,BOL,Bolivia
cm14_m61,-14,-61,0.051,ameli_map,BOL,Bolivia
cm14_m60,-14,-60,0.051,ameli_map,BRA,Brazil
cm14_m59,-14,-59,0.051,ameli_map,BRA,Brazil
cm14_m58,-14,-58,0.051,ameli_map,BRA,Brazil
cm14_m57,-14,-57,0.051,ameli_map,BRA,Brazil
cm14_m56,-14,-56,0.051,ameli_map,BRA,Brazil
cm14_m55,-14,-55,0.051,ameli_map,BRA,Brazil
cm14_m54,-14,-54,0.051,ameli_map,BRA,Brazil
cm14_m53,-14,-53,0.051,ameli_map,BRA,Brazil
cm14_m52,-14,-52,0.051,ameli_map,BRA,Brazil
cm14_m51,-14,-51,0.051,ameli_map,BRA,Brazil
cm14_m50,-14,-50,0.051,ameli_map,BRA,Brazil
cm14_m49,-14,-49,0.051,ameli_map,BRA,Brazil
cm14_m48,-14,-48,0.051,ameli_map,BRA,Brazil
cm14_m47,-14,-47,0.051,ameli_map,BRA,Brazil
cm14_m46,-14,-46,0.051,ameli_map,BRA,Brazil
cm14_m45,-14,-45,0.051,ameli_map,BRA,Brazil
cm14_m44,-14,-44,0.051,ameli_map,BRA,Brazil
cm14_m43,-14,-43,0.051,ameli_map,BRA,Brazil
cm14_m42,-14,-42,0.051,ameli_map,BRA,Brazil
cm14_m41,-14,-41,0.051,ameli_map,BRA,Brazil
cm14_m40,-14,-40,0.051,ameli_map,BRA,Brazil
cm14_m39,-14,-39,0.051,ameli_map,BRA,Brazil
cm14_13,-14,13,0.051,ameli_map,AGO,Angola
cm14_14,-14,14,0.051,ameli_map,AGO,Angola
cm14_15,-14,15,0.051,ameli_map,AGO,Angola
cm14_16,-14,16,0.051,ameli_map,AGO,Angola
cm14_17,-14,17,0.051,ameli_map,AGO,Angola
cm14_18,-14,18,0.051,ameli_map,AGO,Angola
cm14_19,-14,19,0.051,ameli_map,AGO,Angola
cm14_20,-14,20,0.051,ameli_map,AGO,Angola
cm14_21,-14,21,0.051,ameli_map,AGO,Angola
cm14_22,-14,22,0.051,ameli_map,AGO,Angola
cm14_23,-14,23,0.051,ameli_map,ZMB,Zambia
cm14_24,-14,24,0.051,ameli_map,ZMB,Zambia
cm14_25,-14,25,0.051,ameli_map,ZMB,Zambia
cm14_26,-14,26,0.051,ameli_map,ZMB,Zambia
cm14_27,-14,27,0.051,ameli_map,ZMB,Zambia
cm14_28,-14,28,0.051,ameli_map,ZMB,Zambia
cm14_29,-14,29,0.051,ameli_map,ZMB,Zambia
cm14_30,-14,30,0.051,ameli_map,ZMB,Zambia
cm14_31,-14,31,0.051,ameli_map,ZMB,Zambia
cm14_32,-14,32,0.051,ameli_map,ZMB,Zambia
cm14_33,-14,33,0.051,ameli_map,MWI,Malawi
cm14_34,-14,34,0.051,ameli_map,MWI,Malawi
cm14_35,-14,35,0.051,ameli_map,MWI,Malawi
cm14_36,-14,36,0.051,ameli_map,MOZ,Mozambique
cm14_37,-14,37,0.051,ameli_map,MOZ,Mozambique
cm14_38,-14,38,0.051,ameli_map,MOZ,Mozambique
cm14_39,-14,39,0.051,ameli_map,MOZ,Mozambique
cm14_40,-14,40,0.051,ameli_map,MOZ,Mozambique
cm14_48,-14,48,0.051,ameli_map,MDG,Madagascar
cm14_49,-14,49,0.051,ameli_map,MDG,Madagascar
cm14_50,-14,50,0.051,ameli_map,MDG,Madagascar
cm14_127,-14,127,0.051,ameli_map,AUS,Australia
cm14_130,-14,130,0.051,ameli_map,AUS,Australia
cm14_131,-14,131,0.051,ameli_map,AUS,Australia
cm14_132,-14,132,0.051,ameli_map,AUS,Australia
cm14_133,-14,133,0.051,ameli_map,AUS,Australia
cm14_134,-14,134,0.051,ameli_map,AUS,Australia
cm14_135,-14,135,0.051,ameli_map,AUS,Australia
cm14_142,-14,142,0.051,ameli_map,AUS,Australia
cm14_143,-14,143,0.051,ameli_map,AUS,Australia
cm13_m76,-13,-76,0.051,ameli_map,PER,Peru
cm13_m75,-13,-75,0.051,ameli_map,PER,Peru
cm13_m74,-13,-74,0.051,ameli_map,PER,Peru
cm13_m73,-13,-73,0.051,ameli_map,PER,Peru
cm13_m72,-13,-72,0.051,ameli_map,PER,Peru
cm13_m71,-13,-71,0.051,ameli_map,PER,Peru
cm13_m70,-13,-70,0.051,ameli_map,PER,Peru
cm13_m69,-13,-69,0.051,ameli_map,PER,Peru
cm13_m68,-13,-68,0.051,ameli_map,BOL,Bolivia
cm13_m67,-13,-67,0.051,ameli_map,BOL,Bolivia
cm13_m66,-13,-66,0.051,ameli_map,BOL,Bolivia
cm13_m65,-13,-65,0.051,ameli_map,BOL,Bolivia
cm13_m64,-13,-64,0.051,ameli_map,BOL,Bolivia
cm13_m63,-13,-63,0.051,ameli_map,BOL,Bolivia
cm13_m62,-13,-62,0.051,ameli_map,BRA,Brazil
cm13_m61,-13,-61,0.051,ameli_map,BRA,Brazil
cm13_m60,-13,-60,0.051,ameli_map,BRA,Brazil
cm13_m59,-13,-59,0.051,ameli_map,BRA,Brazil
cm13_m58,-13,-58,0.051,ameli_map,BRA,Brazil
cm13_m57,-13,-57,0.051,ameli_map,BRA,Brazil
cm13_m56,-13,-56,0.051,ameli_map,BRA,Brazil
cm13_m55,-13,-55,0.051,ameli_map,BRA,Brazil
cm13_m54,-13,-54,0.051,ameli_map,BRA,Brazil
cm13_m53,-13,-53,0.051,ameli_map,BRA,Brazil
cm13_m52,-13,-52,0.051,ameli_map,BRA,Brazil
cm13_m51,-13,-51,0.051,ameli_map,BRA,Brazil
cm13_m50,-13,-50,0.051,ameli_map,BRA,Brazil
cm13_m49,-13,-49,0.051,ameli_map,BRA,Brazil
cm13_m48,-13,-48,0.051,ameli_map,BRA,Brazil
cm13_m47,-13,-47,0.051,ameli_map,BRA,Brazil
cm13_m46,-13,-46,0.051,ameli_map,BRA,Brazil
cm13_m45,-13,-45,0.051,ameli_map,BRA,Brazil
cm13_m44,-13,-44,0.051,ameli_map,BRA,Brazil
cm13_m43,-13,-43,0.051,ameli_map,BRA,Brazil
cm13_m42,-13,-42,0.051,ameli_map,BRA,Brazil
cm13_m41,-13,-41,0.051,ameli_map,BRA,Brazil
cm13_m40,-13,-40,0.051,ameli_map,BRA,Brazil
cm13_m39,-13,-39,0.051,ameli_map,BRA,Brazil
cm13_13,-13,13,0.051,ameli_map,AGO,Angola
cm13_14,-13,14,0.051,ameli_map,AGO,Angola
cm13_15,-13,15,0.051,ameli_map,AGO,Angola
cm13_16,-13,16,0.051,ameli_map,AGO,Angola
cm13_17,-13,17,0.051,ameli_map,AGO,Angola
cm13_18,-13,18,0.051,ameli_map,AGO,Angola
cm13_19,-13,19,0.051,ameli_map,AGO,Angola
cm13_20,-13,20,0.051,ameli_map,AGO,Angola
cm13_21,-13,21,0.051,ameli_map,AGO,Angola
cm13_22,-13,22,0.051,ameli_map,AGO,Angola
cm13_23,-13,23,0.051,ameli_map,ZMB,Zambia
cm13_24,-13,24,0.051,ameli_map,ZMB,Zambia
cm13_25,-13,25,0.051,ameli_map,ZMB,Zambia
cm13_26,-13,26,0.051,ameli_map,ZMB,Zambia
cm13_27,-13,27,0.051,ameli_map,ZMB,Zambia
cm13_28,-13,28,0.051,ameli_map,ZMB,Zambia
cm13_29,-13,29,0.051,ameli_map,COD,Democratic Republic of the Congo
cm13_30,-13,30,0.051,ameli_map,ZMB,Zambia
cm13_31,-13,31,0.051,ameli_map,ZMB,Zambia
cm13_32,-13,32,0.051,ameli_map,ZMB,Zambia
cm13_33,-13,33,0.051,ameli_map,ZMB,Zambia
cm13_34,-13,34,0.051,ameli_map,MWI,Malawi
cm13_35,-13,35,0.051,ameli_map,MOZ,Mozambique
cm13_36,-13,36,0.051,ameli_map,MOZ,Mozambique
cm13_37,-13,37,0.051,ameli_map,MOZ,Mozambique
cm13_38,-13,38,0.051,ameli_map,MOZ,Mozambique
cm13_39,-13,39,0.051,ameli_map,MOZ,Mozambique
cm13_40,-13,40,0.051,ameli_map,MOZ,Mozambique
cm13_49,-13,49,0.051,ameli_map,MDG,Madagascar
cm13_131,-13,131,0.051,ameli_map,AUS,Australia
cm13_132,-13,132,0.051,ameli_map,AUS,Australia
cm13_133,-13,133,0.051,ameli_map,AUS,Australia
cm13_134,-13,134,0.051,ameli_map,AUS,Australia
cm13_135,-13,135,0.051,ameli_map,AUS,Australia
cm13_136,-13,136,0.051,ameli_map,AUS,Australia
cm13_142,-13,142,0.051,ameli_map,AUS,Australia
cm13_143,-13,143,0.051,ameli_map,AUS,Australia
cm12_m77,-12,-77,0.051,ameli_map,PER,Peru
cm12_m76,-12,-76,0.051,ameli_map,PER,Peru
cm12_m75,-12,-75,0.051,ameli_map,PER,Peru
cm12_m74,-12,-74,0.051,ameli_map,PER,Peru
cm12_m73,-12,-73,0.051,ameli_map,PER,Peru
cm12_m72,-12,-72,0.051,ameli_map,PER,Peru
cm12_m71,-12,-71,0.051,ameli_map,PER,Peru
cm12_m70,-12,-70,0.051,ameli_map,PER,Peru
cm12_m69,-12,-69,0.051,ameli_map,PER,Peru
cm12_m68,-12,-68,0.051,ameli_map,BOL,Bolivia
cm12_m67,-12,-67,0.051,ameli_map,BOL,Bolivia
cm12_m66,-12,-66,0.051,ameli_map,BOL,Bolivia
cm12_m65,-12,-65,0.051,ameli_map,BOL,Bolivia
cm12_m64,-12,-64,0.051,ameli_map,BRA,Brazil
cm12_m63,-12,-63,0.051,ameli_map,BRA,Brazil
cm12_m62,-12,-62,0.051,ameli_map,BRA,Brazil
cm12_m61,-12,-61,0.051,ameli_map,BRA,Brazil
cm12_m60,-12,-60,0.051,ameli_map,BRA,Brazil
cm12_m59,-12,-59,0.051,ameli_map,BRA,Brazil
cm12_m58,-12,-58,0.051,ameli_map,BRA,Brazil
cm12_m57,-12,-57,0.051,ameli_map,BRA,Brazil
cm12_m56,-12,-56,0.051,ameli_map,BRA,Brazil
cm12_m55,-12,-55,0.051,ameli_map,BRA,Brazil
cm12_m54,-12,-54,0.051,ameli_map,BRA,Brazil
cm12_m53,-12,-53,0.051,ameli_map,BRA,Brazil
cm12_m52,-12,-52,0.051,ameli_map,BRA,Brazil
cm12_m51,-12,-51,0.051,ameli_map,BRA,Brazil
cm12_m50,-12,-50,0.051,ameli_map,BRA,Brazil
cm12_m49,-12,-49,0.051,ameli_map,BRA,Brazil
cm12_m48,-12,-48,0.051,ameli_map,BRA,Brazil
cm12_m47,-12,-47,0.051,ameli_map,BRA,Brazil
cm12_m46,-12,-46,0.051,ameli_map,BRA,Brazil
cm12_m45,-12,-45,0.051,ameli_map,BRA,Brazil
cm12_m44,-12,-44,0.051,ameli_map,BRA,Brazil
cm12_m43,-12,-43,0.051,ameli_map,BRA,Brazil
cm12_m42,-12,-42,0.051,ameli_map,BRA,Brazil
cm12_m41,-12,-41,0.051,ameli_map,BRA,Brazil
cm12_m40,-12,-40,0.051,ameli_map,BRA,Brazil
cm12_m39,-12,-39,0.051,ameli_map,BRA,Brazil
cm12_m38,-12,-38,0.051,ameli_map,BRA,Brazil
cm12_14,-12,14,0.051,ameli_map,AGO,Angola
cm12_15,-12,15,0.051,ameli_map,AGO,Angola
cm12_16,-12,16,0.051,ameli_map,AGO,Angola
cm12_17,-12,17,0.051,ameli_map,AGO,Angola
cm12_18,-12,18,0.051,ameli_map,AGO,Angola
cm12_19,-12,19,0.051,ameli_map,AGO,Angola
cm12_20,-12,20,0.051,ameli_map,AGO,Angola
cm12_21,-12,21,0.051,ameli_map,AGO,Angola
cm12_22,-12,22,0.051,ameli_map,AGO,Angola
cm12_23,-12,23,0.051,ameli_map,AGO,Angola
cm12_24,-12,24,0.051,ameli_map,ZMB,Zambia
cm12_25,-12,25,0.051,ameli_map,ZMB,Zambia
cm12_26,-12,26,0.051,ameli_map,ZMB,Zambia
cm12_27,-12,27,0.051,ameli_map,ZMB,Zambia
cm12_28,-12,28,0.051,ameli_map,COD,Democratic Republic of the Congo
cm12_29,-12,29,0.051,ameli_map,ZMB,Zambia
cm12_30,-12,30,0.051,ameli_map,ZMB,Zambia
cm12_31,-12,31,0.051,ameli_map,ZMB,Zambia
cm12_32,-12,32,0.051,ameli_map,ZMB,Zambia
cm12_33,-12,33,0.051,ameli_map,ZMB,Zambia
cm12_34,-12,34,0.051,ameli_map,MWI,Malawi
cm12_35,-12,35,0.051,ameli_map,MOZ,Mozambique
cm12_36,-12,36,0.051,ameli_map,MOZ,Mozambique
cm12_37,-12,37,0.051,ameli_map,MOZ,Mozambique
cm12_38,-12,38,0.051,ameli_map,MOZ,Mozambique
cm12_39,-12,39,0.051,ameli_map,MOZ,Mozambique
cm12_40,-12,40,0.051,ameli_map,MOZ,Mozambique
cm12_133,-12,133,0.051,ameli_map,AUS,Australia
cm12_134,-12,134,0.051,ameli_map,AUS,Australia
cm12_142,-12,142,0.051,ameli_map,AUS,Australia
cm12_143,-12,143,0.051,ameli_map,AUS,Australia
cm11_m77,-11,-77,0.051,ameli_map,PER,Peru
cm11_m76,-11,-76,0.051,ameli_map,PER,Peru
cm11_m75,-11,-75,0.051,ameli_map,PER,Peru
cm11_m74,-11,-74,0.051,ameli_map,PER,Peru
cm11_m73,-11,-73,0.051,ameli_map,PER,Peru
cm11_m72,-11,-72,0.051,ameli_map,PER,Peru
cm11_m71,-11,-71,0.051,ameli_map,PER,Peru
cm11_m70,-11,-70,0.051,ameli_map,PER,Peru
cm11_m69,-11,-69,0.051,ameli_map,BRA,Brazil
cm11_m68,-11,-68,0.051,ameli_map,BOL,Bolivia
cm11_m67,-11,-67,0.051,ameli_map,BOL,Bolivia
cm11_m66,-11,-66,0.051,ameli_map,BOL,Bolivia
cm11_m65,-11,-65,0.051,ameli_map,BRA,Brazil
cm11_m64,-11,-64,0.051,ameli_map,BRA,Brazil
cm11_m63,-11,-63,0.051,ameli_map,BRA,Brazil
cm11_m62,-11,-62,0.051,ameli_map,BRA,Brazil
cm11_m61,-11,-61,0.051,ameli_map,BRA,Brazil
cm11_m60,-11,-60,0.051,ameli_map,BRA,Brazil
cm11_m59,-11,-59,0.051,ameli_map,BRA,Brazil
cm11_m58,-11,-58,0.051,ameli_map,BRA,Brazil
cm11_m57,-11,-57,0.051,ameli_map,BRA,Brazil
cm11_m56,-11,-56,0.051,ameli_map,BRA,Brazil
cm11_m55,-11,-55,0.051,ameli_map,BRA,Brazil
cm11_m54,-11,-54,0.051,ameli_map,BRA,Brazil
cm11_m53,-11,-53,0.051,ameli_map,BRA,Brazil
cm11_m52,-11,-52,0.051,ameli_map,BRA,Brazil
cm11_m51,-11,-51,0.051,ameli_map,BRA,Brazil
cm11_m50,-11,-50,0.051,ameli_map,BRA,Brazil
cm11_m49,-11,-49,0.051,ameli_map,BRA,Brazil
cm11_m48,-11,-48,0.051,ameli_map,BRA,Brazil
cm11_m47,-11,-47,0.051,ameli_map,BRA,Brazil
cm11_m46,-11,-46,0.051,ameli_map,BRA,Brazil
cm11_m45,-11,-45,0.051,ameli_map,BRA,Brazil
cm11_m44,-11,-44,0.051,ameli_map,BRA,Brazil
cm11_m43,-11,-43,0.051,ameli_map,BRA,Brazil
cm11_m42,-11,-42,0.051,ameli_map,BRA,Brazil
cm11_m41,-11,-41,0.051,ameli_map,BRA,Brazil
cm11_m40,-11,-40,0.051,ameli_map,BRA,Brazil
cm11_m39,-11,-39,0.051,ameli_map,BRA,Brazil
cm11_m38,-11,-38,0.051,ameli_map,BRA,Brazil
cm11_14,-11,14,0.051,ameli_map,AGO,Angola
cm11_15,-11,15,0.051,ameli_map,AGO,Angola
cm11_16,-11,16,0.051,ameli_map,AGO,Angola
cm11_17,-11,17,0.051,ameli_map,AGO,Angola
cm11_18,-11,18,0.051,ameli_map,AGO,Angola
cm11_19,-11,19,0.051,ameli_map,AGO,Angola
cm11_20,-11,20,0.051,ameli_map,AGO,Angola
cm11_21,-11,21,0.051,ameli_map,AGO,Angola
cm11_22,-11,22,0.051,ameli_map,AGO,Angola
cm11_23,-11,23,0.051,ameli_map,COD,Democratic Republic of the Congo
cm11_24,-11,24,0.051,ameli_map,AGO,Angola
cm11_25,-11,25,0.051,ameli_map,COD,Democratic Republic of the Congo
cm11_26,-11,26,0.051,ameli_map,COD,Democratic Republic of the Congo
cm11_27,-11,27,0.051,ameli_map,COD,Democratic Republic of the Congo
cm11_28,-11,28,0.051,ameli_map,COD,Democratic Republic of the Congo
cm11_29,-11,29,0.051,ameli_map,ZMB,Zambia
cm11_30,-11,30,0.051,ameli_map,ZMB,Zambia
cm11_31,-11,31,0.051,ameli_map,ZMB,Zambia
cm11_32,-11,32,0.051,ameli_map,ZMB,Zambia
cm11_33,-11,33,0.051,ameli_map,ZMB,Zambia
cm11_34,-11,34,0.051,ameli_map,MWI,Malawi
cm11_35,-11,35,0.051,ameli_map,TZA,Tanzania
cm11_36,-11,36,0.051,ameli_map,TZA,Tanzania
cm11_37,-11,37,0.051,ameli_map,TZA,Tanzania
cm11_38,-11,38,0.051,ameli_map,TZA,Tanzania
cm11_39,-11,39,0.051,ameli_map,TZA,Tanzania
cm11_40,-11,40,0.051,ameli_map,MOZ,Mozambique
cm10_m78,-10,-78,0.051,ameli_map,PER,Peru
cm10_m77,-10,-77,0.051,ameli_map,PER,Peru
cm10_m76,-10,-76,0.051,ameli_map,PER,Peru
cm10_m75,-10,-75,0.051,ameli_map,PER,Peru
cm10_m74,-10,-74,0.051,ameli_map,PER,Peru
cm10_m73,-10,-73,0.051,ameli_map,PER,Peru
cm10_m72,-10,-72,0.051,ameli_map,PER,Peru
cm10_m71,-10,-71,0.051,ameli_map,PER,Peru
cm10_m70,-10,-70,0.051,ameli_map,BRA,Brazil
cm10_m69,-10,-69,0.051,ameli_map,BRA,Brazil
cm10_m68,-10,-68,0.051,ameli_map,BRA,Brazil
cm10_m67,-10,-67,0.051,ameli_map,BRA,Brazil
cm10_m66,-10,-66,0.051,ameli_map,BOL,Bolivia
cm10_m65,-10,-65,0.051,ameli_map,BRA,Brazil
cm10_m64,-10,-64,0.051,ameli_map,BRA,Brazil
cm10_m63,-10,-63,0.051,ameli_map,BRA,Brazil
cm10_m62,-10,-62,0.051,ameli_map,BRA,Brazil
cm10_m61,-10,-61,0.051,ameli_map,BRA,Brazil
cm10_m60,-10,-60,0.051,ameli_map,BRA,Brazil
cm10_m59,-10,-59,0.051,ameli_map,BRA,Brazil
cm10_m58,-10,-58,0.051,ameli_map,BRA,Brazil
cm10_m57,-10,-57,0.051,ameli_map,BRA,Brazil
cm10_m56,-10,-56,0.051,ameli_map,BRA,Brazil
cm10_m55,-10,-55,0.051,ameli_map,BRA,Brazil
cm10_m54,-10,-54,0.051,ameli_map,BRA,Brazil
cm10_m53,-10,-53,0.051,ameli_map,BRA,Brazil
cm10_m52,-10,-52,0.051,ameli_map,BRA,Brazil
cm10_m51,-10,-51,0.051,ameli_map,BRA,Brazil
cm10_m50,-10,-50,0.051,ameli_map,BRA,Brazil
cm10_m49,-10,-49,0.051,ameli_map,BRA,Brazil
cm10_m48,-10,-48,0.051,ameli_map,BRA,Brazil
cm10_m47,-10,-47,0.051,ameli_map,BRA,Brazil
cm10_m46,-10,-46,0.051,ameli_map,BRA,Brazil
cm10_m45,-10,-45,0.051,ameli_map,BRA,Brazil
cm10_m44,-10,-44,0.051,ameli_map,BRA,Brazil
cm10_m43,-10,-43,0.051,ameli_map,BRA,Brazil
cm10_m42,-10,-42,0.051,ameli_map,BRA,Brazil
cm10_m41,-10,-41,0.051,ameli_map,BRA,Brazil
cm10_m40,-10,-40,0.051,ameli_map,BRA,Brazil
cm10_m39,-10,-39,0.051,ameli_map,BRA,Brazil
cm10_m38,-10,-38,0.051,ameli_map,BRA,Brazil
cm10_m37,-10,-37,0.051,ameli_map,BRA,Brazil
cm10_m36,-10,-36,0.051,ameli_map,BRA,Brazil
cm10_14,-10,14,0.051,ameli_map,AGO,Angola
cm10_15,-10,15,0.051,ameli_map,AGO,Angola
cm10_16,-10,16,0.051,ameli_map,AGO,Angola
cm10_17,-10,17,0.051,ameli_map,AGO,Angola
cm10_18,-10,18,0.051,ameli_map,AGO,Angola
cm10_19,-10,19,0.051,ameli_map,AGO,Angola
cm10_20,-10,20,0.051,ameli_map,AGO,Angola
cm10_21,-10,21,0.051,ameli_map,AGO,Angola
cm10_22,-10,22,0.051,ameli_map,AGO,Angola
cm10_23,-10,23,0.051,ameli_map,COD,Democratic Republic of the Congo
cm10_24,-10,24,0.051,ameli_map,COD,Democratic Republic of the Congo
cm10_25,-10,25,0.051,ameli_map,COD,Democratic Republic of the Congo
cm10_26,-10,26,0.051,ameli_map,COD,Democratic Republic of the Congo
cm10_27,-10,27,0.051,ameli_map,COD,Democratic Republic of the Congo
cm10_28,-10,28,0.051,ameli_map,COD,Democratic Republic of the Congo
cm10_29,-10,29,0.051,ameli_map,ZMB,Zambia
cm10_30,-10,30,0.051,ameli_map,ZMB,Zambia
cm10_31,-10,31,0.051,ameli_map,ZMB,Zambia
cm10_32,-10,32,0.051,ameli_map,ZMB,Zambia
cm10_33,-10,33,0.051,ameli_map,ZMB,Zambia
cm10_34,-10,34,0.051,ameli_map,MWI,Malawi
cm10_35,-10,35,0.051,ameli_map,TZA,Tanzania
cm10_36,-10,36,0.051,ameli_map,TZA,Tanzania
cm10_37,-10,37,0.051,ameli_map,TZA,Tanzania
cm10_38,-10,38,0.051,ameli_map,TZA,Tanzania
cm10_39,-10,39,0.051,ameli_map,TZA,Tanzania
cm10_120,-10,120,0.051,ameli_map,IDN,Indonesia
cm10_124,-10,124,0.051,ameli_map,IDN,Indonesia
cm10_148,-10,148,0.051,ameli_map,PNG,Papua New Guinea
cm10_149,-10,149,0.051,ameli_map,PNG,Papua New Guinea
cm10_151,-10,151,0.051,ameli_map,PNG,Papua New Guinea
cm9_m78,-9,-78,0.051,ameli_map,PER,Peru
cm9_m77,-9,-77,0.051,ameli_map,PER,Peru
cm9_m76,-9,-76,0.051,ameli_map,PER,Peru
cm9_m75,-9,-75,0.051,ameli_map,PER,Peru
cm9_m74,-9,-74,0.051,ameli_map,PER,Peru
cm9_m73,-9,-73,0.051,ameli_map,PER,Peru
cm9_m72,-9,-72,0.051,ameli_map,BRA,Brazil
cm9_m71,-9,-71,0.051,ameli_map,BRA,Brazil
cm9_m70,-9,-70,0.051,ameli_map,BRA,Brazil
cm9_m69,-9,-69,0.051,ameli_map,BRA,Brazil
cm9_m68,-9,-68,0.051,ameli_map,BRA,Brazil
cm9_m67,-9,-67,0.051,ameli_map,BRA,Brazil
cm9_m66,-9,-66,0.051,ameli_map,BRA,Brazil
cm9_m65,-9,-65,0.051,ameli_map,BRA,Brazil
cm9_m64,-9,-64,0.051,ameli_map,BRA,Brazil
cm9_m63,-9,-63,0.051,ameli_map,BRA,Brazil
cm9_m62,-9,-62,0.051,ameli_map,BRA,Brazil
cm9_m61,-9,-61,0.051,ameli_map,BRA,Brazil
cm9_m60,-9,-60,0.051,ameli_map,BRA,Brazil
cm9_m59,-9,-59,0.051,ameli_map,BRA,Brazil
cm9_m58,-9,-58,0.051,ameli_map,BRA,Brazil
cm9_m57,-9,-57,0.051,ameli_map,BRA,Brazil
cm9_m56,-9,-56,0.051,ameli_map,BRA,Brazil
cm9_m55,-9,-55,0.051,ameli_map,BRA,Brazil
cm9_m54,-9,-54,0.051,ameli_map,BRA,Brazil
cm9_m53,-9,-53,0.051,ameli_map,BRA,Brazil
cm9_m52,-9,-52,0.051,ameli_map,BRA,Brazil
cm9_m51,-9,-51,0.051,ameli_map,BRA,Brazil
cm9_m50,-9,-50,0.051,ameli_map,BRA,Brazil
cm9_m49,-9,-49,0.051,ameli_map,BRA,Brazil
cm9_m48,-9,-48,0.051,ameli_map,BRA,Brazil
cm9_m47,-9,-47,0.051,ameli_map,BRA,Brazil
cm9_m46,-9,-46,0.051,ameli_map,BRA,Brazil
cm9_m45,-9,-45,0.051,ameli_map,BRA,Brazil
cm9_m44,-9,-44,0.051,ameli_map,BRA,Brazil
cm9_m43,-9,-43,0.051,ameli_map,BRA,Brazil
cm9_m42,-9,-42,0.051,ameli_map,BRA,Brazil
cm9_m41,-9,-41,0.051,ameli_map,BRA,Brazil
cm9_m40,-9,-40,0.051,ameli_map,BRA,Brazil
cm9_m39,-9,-39,0.051,ameli_map,BRA,Brazil
cm9_m38,-9,-38,0.051,ameli_map,BRA,Brazil
cm9_m37,-9,-37,0.051,ameli_map,BRA,Brazil
cm9_m36,-9,-36,0.051,ameli_map,BRA,Brazil
cm9_14,-9,14,0.051,ameli_map,AGO,Angola
cm9_15,-9,15,0.051,ameli_map,AGO,Angola
cm9_16,-9,16,0.051,ameli_map,AGO,Angola
cm9_17,-9,17,0.051,ameli_map,AGO,Angola
cm9_18,-9,18,0.051,ameli_map,AGO,Angola
cm9_19,-9,19,0.051,ameli_map,AGO,Angola
cm9_20,-9,20,0.051,ameli_map,AGO,Angola
cm9_21,-9,21,0.051,ameli_map,AGO,Angola
cm9_22,-9,22,0.051,ameli_map,COD,Democratic Republic of the Congo
cm9_23,-9,23,0.051,ameli_map,COD,Democratic Republic of the Congo
cm9_24,-9,24,0.051,ameli_map,COD,Democratic Republic of the Congo
cm9_25,-9,25,0.051,ameli_map,COD,Democratic Republic of the Congo
cm9_26,-9,26,0.051,ameli_map,COD,Democratic Republic of the Congo
cm9_27,-9,27,0.051,ameli_map,COD,Democratic Republic of the Congo
cm9_28,-9,28,0.051,ameli_map,COD,Democratic Republic of the Congo
cm9_29,-9,29,0.051,ameli_map,ZMB,Zambia
cm9_30,-9,30,0.051,ameli_map,ZMB,Zambia
cm9_31,-9,31,0.051,ameli_map,ZMB,Zambia
cm9_32,-9,32,0.051,ameli_map,TZA,Tanzania
cm9_33,-9,33,0.051,ameli_map,TZA,Tanzania
cm9_34,-9,34,0.051,ameli_map,TZA,Tanzania
cm9_35,-9,35,0.051,ameli_map,TZA,Tanzania
cm9_36,-9,36,0.051,ameli_map,TZA,Tanzania
cm9_37,-9,37,0.051,ameli_map,TZA,Tanzania
cm9_38,-9,38,0.051,ameli_map,TZA,Tanzania
cm9_39,-9,39,0.051,ameli_map,TZA,Tanzania
cm9_117,-9,117,0.051,ameli_map,IDN,Indonesia
cm9_125,-9,125,0.051,ameli_map,TLS,Timor-Leste
cm9_126,-9,126,0.051,ameli_map,TLS,Timor-Leste
cm9_141,-9,141,0.051,ameli_map,IDN,Indonesia
cm9_142,-9,142,0.051,ameli_map,PNG,Papua New Guinea
cm9_143,-9,143,0.051,ameli_map,PNG,Papua New Guinea
cm9_147,-9,147,0.051,ameli_map,PNG,Papua New Guinea
cm9_148,-9,148,0.051,ameli_map,PNG,Papua New Guinea
cm9_161,-9,161,0.051,ameli_map,SLB,Solomon Islands
cm8_m79,-8,-79,0.051,ameli_map,PER,Peru
cm8_m78,-8,-78,0.051,ameli_map,PER,Peru
cm8_m77,-8,-77,0.051,ameli_map,PER,Peru
cm8_m76,-8,-76,0.051,ameli_map,PER,Peru
cm8_m75,-8,-75,0.051,ameli_map,PER,Peru
cm8_m74,-8,-74,0.051,ameli_map,PER,Peru
cm8_m73,-8,-73,0.051,ameli_map,BRA,Brazil
cm8_m72,-8,-72,0.051,ameli_map,BRA,Brazil
cm8_m71,-8,-71,0.051,ameli_map,BRA,Brazil
cm8_m70,-8,-70,0.051,ameli_map,BRA,Brazil
cm8_m69,-8,-69,0.051,ameli_map,BRA,Brazil
cm8_m68,-8,-68,0.051,ameli_map,BRA,Brazil
cm8_m67,-8,-67,0.051,ameli_map,BRA,Brazil
cm8_m66,-8,-66,0.051,ameli_map,BRA,Brazil
cm8_m65,-8,-65,0.051,ameli_map,BRA,Brazil
cm8_m64,-8,-64,0.051,ameli_map,BRA,Brazil
cm8_m63,-8,-63,0.051,ameli_map,BRA,Brazil
cm8_m62,-8,-62,0.051,ameli_map,BRA,Brazil
cm8_m61,-8,-61,0.051,ameli_map,BRA,Brazil
cm8_m60,-8,-60,0.051,ameli_map,BRA,Brazil
cm8_m59,-8,-59,0.051,ameli_map,BRA,Brazil
cm8_m58,-8,-58,0.051,ameli_map,BRA,Brazil
cm8_m57,-8,-57,0.051,ameli_map,BRA,Brazil
cm8_m56,-8,-56,0.051,ameli_map,BRA,Brazil
cm8_m55,-8,-55,0.051,ameli_map,BRA,Brazil
cm8_m54,-8,-54,0.051,ameli_map,BRA,Brazil
cm8_m53,-8,-53,0.051,ameli_map,BRA,Brazil
cm8_m52,-8,-52,0.051,ameli_map,BRA,Brazil
cm8_m51,-8,-51,0.051,ameli_map,BRA,Brazil
cm8_m50,-8,-50,0.051,ameli_map,BRA,Brazil
cm8_m49,-8,-49,0.051,ameli_map,BRA,Brazil
cm8_m48,-8,-48,0.051,ameli_map,BRA,Brazil
cm8_m47,-8,-47,0.051,ameli_map,BRA,Brazil
cm8_m46,-8,-46,0.051,ameli_map,BRA,Brazil
cm8_m45,-8,-45,0.051,ameli_map,BRA,Brazil
cm8_m44,-8,-44,0.051,ameli_map,BRA,Brazil
cm8_m43,-8,-43,0.051,ameli_map,BRA,Brazil
cm8_m42,-8,-42,0.051,ameli_map,BRA,Brazil
cm8_m41,-8,-41,0.051,ameli_map,BRA,Brazil
cm8_m40,-8,-40,0.051,ameli_map,BRA,Brazil
cm8_m39,-8,-39,0.051,ameli_map,BRA,Brazil
cm8_m38,-8,-38,0.051,ameli_map,BRA,Brazil
cm8_m37,-8,-37,0.051,ameli_map,BRA,Brazil
cm8_m36,-8,-36,0.051,ameli_map,BRA,Brazil
cm8_m35,-8,-35,0.051,ameli_map,BRA,Brazil
cm8_14,-8,14,0.051,ameli_map,AGO,Angola
cm8_15,-8,15,0.051,ameli_map,AGO,Angola
cm8_16,-8,16,0.051,ameli_map,AGO,Angola
cm8_17,-8,17,0.051,ameli_map,AGO,Angola
cm8_18,-8,18,0.051,ameli_map,COD,Democratic Republic of the Congo
cm8_19,-8,19,0.051,ameli_map,AGO,Angola
cm8_20,-8,20,0.051,ameli_map,AGO,Angola
cm8_21,-8,21,0.051,ameli_map,AGO,Angola
cm8_22,-8,22,0.051,ameli_map,COD,Democratic Republic of the Congo
cm8_23,-8,23,0.051,ameli_map,COD,Democratic Republic of the Congo
cm8_24,-8,24,0.051,ameli_map,COD,Democratic Republic of the Congo
cm8_25,-8,25,0.051,ameli_map,COD,Democratic Republic of the Congo
cm8_26,-8,26,0.051,ameli_map,COD,Democratic Republic of the Congo
cm8_27,-8,27,0.051,ameli_map,COD,Democratic Republic of the Congo
cm8_28,-8,28,0.051,ameli_map,COD,Democratic Republic of the Congo
cm8_29,-8,29,0.051,ameli_map,COD,Democratic Republic of the Congo
cm8_30,-8,30,0.051,ameli_map,COD,Democratic Republic of the Congo
cm8_31,-8,31,0.051,ameli_map,TZA,Tanzania
cm8_32,-8,32,0.051,ameli_map,TZA,Tanzania
cm8_33,-8,33,0.051,ameli_map,TZA,Tanzania
cm8_34,-8,34,0.051,ameli_map,TZA,Tanzania
cm8_35,-8,35,0.051,ameli_map,TZA,Tanzania
cm8_36,-8,36,0.051,ameli_map,TZA,Tanzania
cm8_37,-8,37,0.051,ameli_map,TZA,Tanzania
cm8_38,-8,38,0.051,ameli_map,TZA,Tanzania
cm8_39,-8,39,0.051,ameli_map,TZA,Tanzania
cm8_111,-8,111,0.051,ameli_map,IDN,Indonesia
cm8_112,-8,112,0.051,ameli_map,IDN,Indonesia
cm8_113,-8,113,0.051,ameli_map,IDN,Indonesia
cm8_114,-8,114,0.051,ameli_map,IDN,Indonesia
cm8_138,-8,138,0.051,ameli_map,IDN,Indonesia
cm8_139,-8,139,0.051,ameli_map,IDN,Indonesia
cm8_140,-8,140,0.051,ameli_map,IDN,Indonesia
cm8_141,-8,141,0.051,ameli_map,IDN,Indonesia
cm8_142,-8,142,0.051,ameli_map,PNG,Papua New Guinea
cm8_143,-8,143,0.051,ameli_map,PNG,Papua New Guinea
cm8_146,-8,146,0.051,ameli_map,PNG,Papua New Guinea
cm8_147,-8,147,0.051,ameli_map,PNG,Papua New Guinea
cm8_157,-8,157,0.051,ameli_map,SLB,Solomon Islands
cm8_159,-8,159,0.051,ameli_map,SLB,Solomon Islands
cm7_m79,-7,-79,0.051,ameli_map,PER,Peru
cm7_m78,-7,-78,0.051,ameli_map,PER,Peru
cm7_m77,-7,-77,0.051,ameli_map,PER,Peru
cm7_m76,-7,-76,0.051,ameli_map,PER,Peru
cm7_m75,-7,-75,0.051,ameli_map,PER,Peru
cm7_m74,-7,-74,0.051,ameli_map,PER,Peru
cm7_m73,-7,-73,0.051,ameli_map,BRA,Brazil
cm7_m72,-7,-72,0.051,ameli_map,BRA,Brazil
cm7_m71,-7,-71,0.051,ameli_map,BRA,Brazil
cm7_m70,-7,-70,0.051,ameli_map,BRA,Brazil
cm7_m69,-7,-69,0.051,ameli_map,BRA,Brazil
cm7_m68,-7,-68,0.051,ameli_map,BRA,Brazil
cm7_m67,-7,-67,0.051,ameli_map,BRA,Brazil
cm7_m66,-7,-66,0.051,ameli_map,BRA,Brazil
cm7_m65,-7,-65,0.051,ameli_map,BRA,Brazil
cm7_m64,-7,-64,0.051,ameli_map,BRA,Brazil
cm7_m63,-7,-63,0.051,ameli_map,BRA,Brazil
cm7_m62,-7,-62,0.051,ameli_map,BRA,Brazil
cm7_m61,-7,-61,0.051,ameli_map,BRA,Brazil
cm7_m60,-7,-60,0.051,ameli_map,BRA,Brazil
cm7_m59,-7,-59,0.051,ameli_map,BRA,Brazil
cm7_m58,-7,-58,0.051,ameli_map,BRA,Brazil
cm7_m57,-7,-57,0.051,ameli_map,BRA,Brazil
cm7_m56,-7,-56,0.051,ameli_map,BRA,Brazil
cm7_m55,-7,-55,0.051,ameli_map,BRA,Brazil
cm7_m54,-7,-54,0.051,ameli_map,BRA,Brazil
cm7_m53,-7,-53,0.051,ameli_map,BRA,Brazil
cm7_m52,-7,-52,0.051,ameli_map,BRA,Brazil
cm7_m51,-7,-51,0.051,ameli_map,BRA,Brazil
cm7_m50,-7,-50,0.051,ameli_map,BRA,Brazil
cm7_m49,-7,-49,0.051,ameli_map,BRA,Brazil
cm7_m48,-7,-48,0.051,ameli_map,BRA,Brazil
cm7_m47,-7,-47,0.051,ameli_map,BRA,Brazil
cm7_m46,-7,-46,0.051,ameli_map,BRA,Brazil
cm7_m45,-7,-45,0.051,ameli_map,BRA,Brazil
cm7_m44,-7,-44,0.051,ameli_map,BRA,Brazil
cm7_m43,-7,-43,0.051,ameli_map,BRA,Brazil
cm7_m42,-7,-42,0.051,ameli_map,BRA,Brazil
cm7_m41,-7,-41,0.051,ameli_map,BRA,Brazil
cm7_m40,-7,-40,0.051,ameli_map,BRA,Brazil
cm7_m39,-7,-39,0.051,ameli_map,BRA,Brazil
cm7_m38,-7,-38,0.051,ameli_map,BRA,Brazil
cm7_m37,-7,-37,0.051,ameli_map,BRA,Brazil
cm7_m36,-7,-36,0.051,ameli_map,BRA,Brazil
cm7_m35,-7,-35,0.051,ameli_map,BRA,Brazil
cm7_13,-7,13,0.051,ameli_map,AGO,Angola
cm7_14,-7,14,0.051,ameli_map,AGO,Angola
cm7_15,-7,15,0.051,ameli_map,AGO,Angola
cm7_16,-7,16,0.051,ameli_map,AGO,Angola
cm7_17,-7,17,0.051,ameli_map,COD,Democratic Republic of the Congo
cm7_18,-7,18,0.051,ameli_map,COD,Democratic Republic of the Congo
cm7_19,-7,19,0.051,ameli_map,COD,Democratic Republic of the Congo
cm7_20,-7,20,0.051,ameli_map,AGO,Angola
cm7_21,-7,21,0.051,ameli_map,COD,Democratic Republic of the Congo
cm7_22,-7,22,0.051,ameli_map,COD,Democratic Republic of the Congo
cm7_23,-7,23,0.051,ameli_map,COD,Democratic Republic of the Congo
cm7_24,-7,24,0.051,ameli_map,COD,Democratic Republic of the Congo
cm7_25,-7,25,0.051,ameli_map,COD,Democratic Republic of the Congo
cm7_26,-7,26,0.051,ameli_map,COD,Democratic Republic of the Congo
cm7_27,-7,27,0.051,ameli_map,COD,Democratic Republic of the Congo
cm7_28,-7,28,0.051,ameli_map,COD,Democratic Republic of the Congo
cm7_29,-7,29,0.051,ameli_map,COD,Democratic Republic of the Congo
cm7_30,-7,30,0.051,ameli_map,COD,Democratic Republic of the Congo
cm7_31,-7,31,0.051,ameli_map,TZA,Tanzania
cm7_32,-7,32,0.051,ameli_map,TZA,Tanzania
cm7_33,-7,33,0.051,ameli_map,TZA,Tanzania
cm7_34,-7,34,0.051,ameli_map,TZA,Tanzania
cm7_35,-7,35,0.051,ameli_map,TZA,Tanzania
cm7_36,-7,36,0.051,ameli_map,TZA,Tanzania
cm7_37,-7,37,0.051,ameli_map,TZA,Tanzania
cm7_38,-7,38,0.051,ameli_map,TZA,Tanzania
cm7_39,-7,39,0.051,ameli_map,TZA,Tanzania
cm7_107,-7,107,0.051,ameli_map,IDN,Indonesia
cm7_108,-7,108,0.051,ameli_map,IDN,Indonesia
cm7_109,-7,109,0.051,ameli_map,IDN,Indonesia
cm7_110,-7,110,0.051,ameli_map,IDN,Indonesia
cm7_111,-7,111,0.051,ameli_map,IDN,Indonesia
cm7_112,-7,112,0.051,ameli_map,IDN,Indonesia
cm7_113,-7,113,0.051,ameli_map,IDN,Indonesia
cm7_114,-7,114,0.051,ameli_map,IDN,Indonesia
cm7_139,-7,139,0.051,ameli_map,IDN,Indonesia
cm7_140,-7,140,0.051,ameli_map,IDN,Indonesia
cm7_141,-7,141,0.051,ameli_map,IDN,Indonesia
cm7_142,-7,142,0.051,ameli_map,PNG,Papua New Guinea
cm7_143,-7,143,0.051,ameli_map,PNG,Papua New Guinea
cm7_144,-7,144,0.051,ameli_map,PNG,Papua New Guinea
cm7_145,-7,145,0.051,ameli_map,PNG,Papua New Guinea
cm7_146,-7,146,0.051,ameli_map,PNG,Papua New Guinea
cm7_157,-7,157,0.051,ameli_map,SLB,Solomon Islands
cm6_m81,-6,-81,0.051,ameli_map,PER,Peru
cm6_m80,-6,-80,0.051,ameli_map,PER,Peru
cm6_m79,-6,-79,0.051,ameli_map,PER,Peru
cm6_m78,-6,-78,0.051,ameli_map,PER,Peru
cm6_m77,-6,-77,0.051,ameli_map,PER,Peru
cm6_m76,-6,-76,0.051,ameli_map,PER,Peru
cm6_m75,-6,-75,0.051,ameli_map,PER,Peru
cm6_m74,-6,-74,0.051,ameli_map,PER,Peru
cm6_m73,-6,-73,0.051,ameli_map,BRA,Brazil
cm6_m72,-6,-72,0.051,ameli_map,BRA,Brazil
cm6_m71,-6,-71,0.051,ameli_map,BRA,Brazil
cm6_m70,-6,-70,0.051,ameli_map,BRA,Brazil
cm6_m69,-6,-69,0.051,ameli_map,BRA,Brazil
cm6_m68,-6,-68,0.051,ameli_map,BRA,Brazil
cm6_m67,-6,-67,0.051,ameli_map,BRA,Brazil
cm6_m66,-6,-66,0.051,ameli_map,BRA,Brazil
cm6_m65,-6,-65,0.051,ameli_map,BRA,Brazil
cm6_m64,-6,-64,0.051,ameli_map,BRA,Brazil
cm6_m63,-6,-63,0.051,ameli_map,BRA,Brazil
cm6_m62,-6,-62,0.051,ameli_map,BRA,Brazil
cm6_m61,-6,-61,0.051,ameli_map,BRA,Brazil
cm6_m60,-6,-60,0.051,ameli_map,BRA,Brazil
cm6_m59,-6,-59,0.051,ameli_map,BRA,Brazil
cm6_m58,-6,-58,0.051,ameli_map,BRA,Brazil
cm6_m57,-6,-57,0.051,ameli_map,BRA,Brazil
cm6_m56,-6,-56,0.051,ameli_map,BRA,Brazil
cm6_m55,-6,-55,0.051,ameli_map,BRA,Brazil
cm6_m54,-6,-54,0.051,ameli_map,BRA,Brazil
cm6_m53,-6,-53,0.051,ameli_map,BRA,Brazil
cm6_m52,-6,-52,0.051,ameli_map,BRA,Brazil
cm6_m51,-6,-51,0.051,ameli_map,BRA,Brazil
cm6_m50,-6,-50,0.051,ameli_map,BRA,Brazil
cm6_m49,-6,-49,0.051,ameli_map,BRA,Brazil
cm6_m48,-6,-48,0.051,ameli_map,BRA,Brazil
cm6_m47,-6,-47,0.051,ameli_map,BRA,Brazil
cm6_m46,-6,-46,0.051,ameli_map,BRA,Brazil
cm6_m45,-6,-45,0.051,ameli_map,BRA,Brazil
cm6_m44,-6,-44,0.051,ameli_map,BRA,Brazil
cm6_m43,-6,-43,0.051,ameli_map,BRA,Brazil
cm6_m42,-6,-42,0.051,ameli_map,BRA,Brazil
cm6_m41,-6,-41,0.051,ameli_map,BRA,Brazil
cm6_m40,-6,-40,0.051,ameli_map,BRA,Brazil
cm6_m39,-6,-39,0.051,ameli_map,BRA,Brazil
cm6_m38,-6,-38,0.051,ameli_map,BRA,Brazil
cm6_m37,-6,-37,0.051,ameli_map,BRA,Brazil
cm6_m36,-6,-36,0.051,ameli_map,BRA,Brazil
cm6_13,-6,13,0.051,ameli_map,AGO,Angola
cm6_14,-6,14,0.051,ameli_map,AGO,Angola
cm6_15,-6,15,0.051,ameli_map,AGO,Angola
cm6_16,-6,16,0.051,ameli_map,AGO,Angola
cm6_17,-6,17,0.051,ameli_map,COD,Democratic Republic of the Congo
cm6_18,-6,18,0.051,ameli_map,COD,Democratic Republic of the Congo
cm6_19,-6,19,0.051,ameli_map,COD,Democratic Republic of the Congo
cm6_20,-6,20,0.051,ameli_map,COD,Democratic Republic of the Congo
cm6_21,-6,21,0.051,ameli_map,COD,Democratic Republic of the Congo
cm6_22,-6,22,0.051,ameli_map,COD,Democratic Republic of the Congo
cm6_23,-6,23,0.051,ameli_map,COD,Democratic Republic of the Congo
cm6_24,-6,24,0.051,ameli_map,COD,Democratic Republic of the Congo
cm6_25,-6,25,0.051,ameli_map,COD,Democratic Republic of the Congo
cm6_26,-6,26,0.051,ameli_map,COD,Democratic Republic of the Congo
cm6_27,-6,27,0.051,ameli_map,COD,Democratic Republic of the Congo
cm6_28,-6,28,0.051,ameli_map,COD,Democratic Republic of the Congo
cm6_29,-6,29,0.051,ameli_map,COD,Democratic Republic of the Congo
cm6_30,-6,30,0.051,ameli_map,TZA,Tanzania
cm6_31,-6,31,0.051,ameli_map,TZA,Tanzania
cm6_32,-6,32,0.051,ameli_map,TZA,Tanzania
cm6_33,-6,33,0.051,ameli_map,TZA,Tanzania
cm6_34,-6,34,0.051,ameli_map,TZA,Tanzania
cm6_35,-6,35,0.051,ameli_map,TZA,Tanzania
cm6_36,-6,36,0.051,ameli_map,TZA,Tanzania
cm6_37,-6,37,0.051,ameli_map,TZA,Tanzania
cm6_38,-6,38,0.051,ameli_map,TZA,Tanzania
cm6_106,-6,106,0.051,ameli_map,IDN,Indonesia
cm6_139,-6,139,0.051,ameli_map,IDN,Indonesia
cm6_140,-6,140,0.051,ameli_map,IDN,Indonesia
cm6_141,-6,141,0.051,ameli_map,PNG,Papua New Guinea
cm6_142,-6,142,0.051,ameli_map,PNG,Papua New Guinea
cm6_143,-6,143,0.051,ameli_map,PNG,Papua New Guinea
cm6_144,-6,144,0.051,ameli_map,PNG,Papua New Guinea
cm6_145,-6,145,0.051,ameli_map,PNG,Papua New Guinea
cm6_146,-6,146,0.051,ameli_map,PNG,Papua New Guinea
cm6_147,-6,147,0.051,ameli_map,PNG,Papua New Guinea
cm6_149,-6,149,0.051,ameli_map,PNG,Papua New Guinea
cm6_150,-6,150,0.051,ameli_map,PNG,Papua New Guinea
cm6_151,-6,151,0.051,ameli_map,PNG,Papua New Guinea
cm6_155,-6,155,0.051,ameli_map,PNG,Papua New Guinea
cm5_m81,-5,-81,0.051,ameli_map,PER,Peru
cm5_m80,-5,-80,0.051,ameli_map,PER,Peru
cm5_m79,-5,-79,0.051,ameli_map,PER,Peru
cm5_m78,-5,-78,0.051,ameli_map,PER,Peru
cm5_m77,-5,-77,0.051,ameli_map,PER,Peru
cm5_m76,-5,-76,0.051,ameli_map,PER,Peru
cm5_m75,-5,-75,0.051,ameli_map,PER,Peru
cm5_m74,-5,-74,0.051,ameli_map,PER,Peru
cm5_m73,-5,-73,0.051,ameli_map,PER,Peru
cm5_m72,-5,-72,0.051,ameli_map,BRA,Brazil
cm5_m71,-5,-71,0.051,ameli_map,BRA,Brazil
cm5_m70,-5,-70,0.051,ameli_map,BRA,Brazil
cm5_m69,-5,-69,0.051,ameli_map,BRA,Brazil
cm5_m68,-5,-68,0.051,ameli_map,BRA,Brazil
cm5_m67,-5,-67,0.051,ameli_map,BRA,Brazil
cm5_m66,-5,-66,0.051,ameli_map,BRA,Brazil
cm5_m65,-5,-65,0.051,ameli_map,BRA,Brazil
cm5_m64,-5,-64,0.051,ameli_map,BRA,Brazil
cm5_m63,-5,-63,0.051,ameli_map,BRA,Brazil
cm5_m62,-5,-62,0.051,ameli_map,BRA,Brazil
cm5_m61,-5,-61,0.051,ameli_map,BRA,Brazil
cm5_m60,-5,-60,0.051,ameli_map,BRA,Brazil
cm5_m59,-5,-59,0.051,ameli_map,BRA,Brazil
cm5_m58,-5,-58,0.051,ameli_map,BRA,Brazil
cm5_m57,-5,-57,0.051,ameli_map,BRA,Brazil
cm5_m56,-5,-56,0.051,ameli_map,BRA,Brazil
cm5_m55,-5,-55,0.051,ameli_map,BRA,Brazil
cm5_m54,-5,-54,0.051,ameli_map,BRA,Brazil
cm5_m53,-5,-53,0.051,ameli_map,BRA,Brazil
cm5_m52,-5,-52,0.051,ameli_map,BRA,Brazil
cm5_m51,-5,-51,0.051,ameli_map,BRA,Brazil
cm5_m50,-5,-50,0.051,ameli_map,BRA,Brazil
cm5_m49,-5,-49,0.051,ameli_map,BRA,Brazil
cm5_m48,-5,-48,0.051,ameli_map,BRA,Brazil
cm5_m47,-5,-47,0.051,ameli_map,BRA,Brazil
cm5_m46,-5,-46,0.051,ameli_map,BRA,Brazil
cm5_m45,-5,-45,0.051,ameli_map,BRA,Brazil
cm5_m44,-5,-44,0.051,ameli_map,BRA,Brazil
cm5_m43,-5,-43,0.051,ameli_map,BRA,Brazil
cm5_m42,-5,-42,0.051,ameli_map,BRA,Brazil
cm5_m41,-5,-41,0.051,ameli_map,BRA,Brazil
cm5_m40,-5,-40,0.051,ameli_map,BRA,Brazil
cm5_m39,-5,-39,0.051,ameli_map,BRA,Brazil
cm5_m38,-5,-38,0.051,ameli_map,BRA,Brazil
cm5_m37,-5,-37,0.051,ameli_map,BRA,Brazil
cm5_12,-5,12,0.051,ameli_map,COG,Republic of Congo
cm5_13,-5,13,0.051,ameli_map,COD,Democratic Republic of the Congo
cm5_14,-5,14,0.051,ameli_map,COD,Democratic Republic of the Congo
cm5_15,-5,15,0.051,ameli_map,COD,Democratic Republic of the Congo
cm5_16,-5,16,0.051,ameli_map,COD,Democratic Republic of the Congo
cm5_17,-5,17,0.051,ameli_map,COD,Democratic Republic of the Congo
cm5_18,-5,18,0.051,ameli_map,COD,Democratic Republic of the Congo
cm5_19,-5,19,0.051,ameli_map,COD,Democratic Republic of the Congo
cm5_20,-5,20,0.051,ameli_map,COD,Democratic Republic of the Congo
cm5_21,-5,21,0.051,ameli_map,COD,Democratic Republic of the Congo
cm5_22,-5,22,0.051,ameli_map,COD,Democratic Republic of the Congo
cm5_23,-5,23,0.051,ameli_map,COD,Democratic Republic of the Congo
cm5_24,-5,24,0.051,ameli_map,COD,Democratic Republic of the Congo
cm5_25,-5,25,0.051,ameli_map,COD,Democratic Republic of the Congo
cm5_26,-5,26,0.051,ameli_map,COD,Democratic Republic of the Congo
cm5_27,-5,27,0.051,ameli_map,COD,Democratic Republic of the Congo
cm5_28,-5,28,0.051,ameli_map,COD,Democratic Republic of the Congo
cm5_29,-5,29,0.051,ameli_map,COD,Democratic Republic of the Congo
cm5_30,-5,30,0.051,ameli_map,TZA,Tanzania
cm5_31,-5,31,0.051,ameli_map,TZA,Tanzania
cm5_32,-5,32,0.051,ameli_map,TZA,Tanzania
cm5_33,-5,33,0.051,ameli_map,TZA,Tanzania
cm5_34,-5,34,0.051,ameli_map,TZA,Tanzania
cm5_35,-5,35,0.051,ameli_map,TZA,Tanzania
cm5_36,-5,36,0.051,ameli_map,TZA,Tanzania
cm5_37,-5,37,0.051,ameli_map,TZA,Tanzania
cm5_38,-5,38,0.051,ameli_map,TZA,Tanzania
cm5_39,-5,39,0.051,ameli_map,TZA,Tanzania
cm5_104,-5,104,0.051,ameli_map,IDN,Indonesia
cm5_105,-5,105,0.051,ameli_map,IDN,Indonesia
cm5_120,-5,120,0.051,ameli_map,IDN,Indonesia
cm5_138,-5,138,0.051,ameli_map,IDN,Indonesia
cm5_139,-5,139,0.051,ameli_map,IDN,Indonesia
cm5_140,-5,140,0.051,ameli_map,IDN,Indonesia
cm5_141,-5,141,0.051,ameli_map,IDN,Indonesia
cm5_142,-5,142,0.051,ameli_map,PNG,Papua New Guinea
cm5_143,-5,143,0.051,ameli_map,PNG,Papua New Guinea
cm5_144,-5,144,0.051,ameli_map,PNG,Papua New Guinea
cm5_145,-5,145,0.051,ameli_map,PNG,Papua New Guinea
cm4_m80,-4,-80,0.051,ameli_map,ECU,Ecuador
cm4_m79,-4,-79,0.051,ameli_map,ECU,Ecuador
cm4_m78,-4,-78,0.051,ameli_map,PER,Peru
cm4_m77,-4,-77,0.051,ameli_map,PER,Peru
cm4_m76,-4,-76,0.051,ameli_map,PER,Peru
cm4_m75,-4,-75,0.051,ameli_map,PER,Peru
cm4_m74,-4,-74,0.051,ameli_map,PER,Peru
cm4_m73,-4,-73,0.051,ameli_map,PER,Peru
cm4_m72,-4,-72,0.051,ameli_map,PER,Peru
cm4_m71,-4,-71,0.051,ameli_map,PER,Peru
cm4_m70,-4,-70,0.051,ameli_map,COL,Colombia
cm4_m69,-4,-69,0.051,ameli_map,BRA,Brazil
cm4_m68,-4,-68,0.051,ameli_map,BRA,Brazil
cm4_m67,-4,-67,0.051,ameli_map,BRA,Brazil
cm4_m66,-4,-66,0.051,ameli_map,BRA,Brazil
cm4_m65,-4,-65,0.051,ameli_map,BRA,Brazil
cm4_m64,-4,-64,0.051,ameli_map,BRA,Brazil
cm4_m63,-4,-63,0.051,ameli_map,BRA,Brazil
cm4_m62,-4,-62,0.051,ameli_map,BRA,Brazil
cm4_m61,-4,-61,0.051,ameli_map,BRA,Brazil
cm4_m60,-4,-60,0.051,ameli_map,BRA,Brazil
cm4_m59,-4,-59,0.051,ameli_map,BRA,Brazil
cm4_m58,-4,-58,0.051,ameli_map,BRA,Brazil
cm4_m57,-4,-57,0.051,ameli_map,BRA,Brazil
cm4_m56,-4,-56,0.051,ameli_map,BRA,Brazil
cm4_m55,-4,-55,0.051,ameli_map,BRA,Brazil
cm4_m54,-4,-54,0.051,ameli_map,BRA,Brazil
cm4_m53,-4,-53,0.051,ameli_map,BRA,Brazil
cm4_m52,-4,-52,0.051,ameli_map,BRA,Brazil
cm4_m51,-4,-51,0.051,ameli_map,BRA,Brazil
cm4_m50,-4,-50,0.051,ameli_map,BRA,Brazil
cm4_m49,-4,-49,0.051,ameli_map,BRA,Brazil
cm4_m48,-4,-48,0.051,ameli_map,BRA,Brazil
cm4_m47,-4,-47,0.051,ameli_map,BRA,Brazil
cm4_m46,-4,-46,0.051,ameli_map,BRA,Brazil
cm4_m45,-4,-45,0.051,ameli_map,BRA,Brazil
cm4_m44,-4,-44,0.051,ameli_map,BRA,Brazil
cm4_m43,-4,-43,0.051,ameli_map,BRA,Brazil
cm4_m42,-4,-42,0.051,ameli_map,BRA,Brazil
cm4_m41,-4,-41,0.051,ameli_map,BRA,Brazil
cm4_m40,-4,-40,0.051,ameli_map,BRA,Brazil
cm4_m39,-4,-39,0.051,ameli_map,BRA,Brazil
cm4_12,-4,12,0.051,ameli_map,COG,Republic of Congo
cm4_13,-4,13,0.051,ameli_map,COG,Republic of Congo
cm4_14,-4,14,0.051,ameli_map,COG,Republic of Congo
cm4_15,-4,15,0.051,ameli_map,COG,Republic of Congo
cm4_16,-4,16,0.051,ameli_map,COD,Democratic Republic of the Congo
cm4_17,-4,17,0.051,ameli_map,COD,Democratic Republic of the Congo
cm4_18,-4,18,0.051,ameli_map,COD,Democratic Republic of the Congo
cm4_19,-4,19,0.051,ameli_map,COD,Democratic Republic of the Congo
cm4_20,-4,20,0.051,ameli_map,COD,Democratic Republic of the Congo
cm4_21,-4,21,0.051,ameli_map,COD,Democratic Republic of the Congo
cm4_22,-4,22,0.051,ameli_map,COD,Democratic Republic of the Congo
cm4_23,-4,23,0.051,ameli_map,COD,Democratic Republic of the Congo
cm4_24,-4,24,0.051,ameli_map,COD,Democratic Republic of the Congo
cm4_25,-4,25,0.051,ameli_map,COD,Democratic Republic of the Congo
cm4_26,-4,26,0.051,ameli_map,COD,Democratic Republic of the Congo
cm4_27,-4,27,0.051,ameli_map,COD,Democratic Republic of the Congo
cm4_28,-4,28,0.051,ameli_map,COD,Democratic Republic of the Congo
cm4_29,-4,29,0.051,ameli_map,COD,Democratic Republic of the Congo
cm4_30,-4,30,0.051,ameli_map,BDI,Burundi
cm4_31,-4,31,0.051,ameli_map,TZA,Tanzania
cm4_32,-4,32,0.051,ameli_map,TZA,Tanzania
cm4_33,-4,33,0.051,ameli_map,TZA,Tanzania
cm4_34,-4,34,0.051,ameli_map,TZA,Tanzania
cm4_35,-4,35,0.051,ameli_map,TZA,Tanzania
cm4_36,-4,36,0.051,ameli_map,TZA,Tanzania
cm4_37,-4,37,0.051,ameli_map,TZA,Tanzania
cm4_38,-4,38,0.051,ameli_map,TZA,Tanzania
cm4_39,-4,39,0.051,ameli_map,KEN,Kenya
cm4_103,-4,103,0.051,ameli_map,IDN,Indonesia
cm4_104,-4,104,0.051,ameli_map,IDN,Indonesia
cm4_105,-4,105,0.051,ameli_map,IDN,Indonesia
cm4_115,-4,115,0.051,ameli_map,IDN,Indonesia
cm4_120,-4,120,0.051,ameli_map,IDN,Indonesia
cm4_122,-4,122,0.051,ameli_map,IDN,Indonesia
cm4_133,-4,133,0.051,ameli_map,IDN,Indonesia
cm4_135,-4,135,0.051,ameli_map,IDN,Indonesia
cm4_136,-4,136,0.051,ameli_map,IDN,Indonesia
cm4_137,-4,137,0.051,ameli_map,IDN,Indonesia
cm4_138,-4,138,0.051,ameli_map,IDN,Indonesia
cm4_139,-4,139,0.051,ameli_map,IDN,Indonesia
cm4_140,-4,140,0.051,ameli_map,IDN,Indonesia
cm4_141,-4,141,0.051,ameli_map,IDN,Indonesia
cm4_142,-4,142,0.051,ameli_map,PNG,Papua New Guinea
cm4_143,-4,143,0.051,ameli_map,PNG,Papua New Guinea
cm4_144,-4,144,0.051,ameli_map,PNG,Papua New Guinea
cm3_m79,-3,-79,0.051,ameli_map,ECU,Ecuador
cm3_m78,-3,-78,0.051,ameli_map,ECU,Ecuador
cm3_m77,-3,-77,0.051,ameli_map,PER,Peru
cm3_m76,-3,-76,0.051,ameli_map,PER,Peru
cm3_m75,-3,-75,0.051,ameli_map,PER,Peru
cm3_m74,-3,-74,0.051,ameli_map,PER,Peru
cm3_m73,-3,-73,0.051,ameli_map,PER,Peru
cm3_m72,-3,-72,0.051,ameli_map,PER,Peru
cm3_m71,-3,-71,0.051,ameli_map,PER,Peru
cm3_m70,-3,-70,0.051,ameli_map,COL,Colombia
cm3_m69,-3,-69,0.051,ameli_map,BRA,Brazil
cm3_m68,-3,-68,0.051,ameli_map,BRA,Brazil
cm3_m67,-3,-67,0.051,ameli_map,BRA,Brazil
cm3_m66,-3,-66,0.051,ameli_map,BRA,Brazil
cm3_m65,-3,-65,0.051,ameli_map,BRA,Brazil
cm3_m64,-3,-64,0.051,ameli_map,BRA,Brazil
cm3_m63,-3,-63,0.051,ameli_map,BRA,Brazil
cm3_m62,-3,-62,0.051,ameli_map,BRA,Brazil
cm3_m61,-3,-61,0.051,ameli_map,BRA,Brazil
cm3_m60,-3,-60,0.051,ameli_map,BRA,Brazil
cm3_m59,-3,-59,0.051,ameli_map,BRA,Brazil
cm3_m58,-3,-58,0.051,ameli_map,BRA,Brazil
cm3_m57,-3,-57,0.051,ameli_map,BRA,Brazil
cm3_m56,-3,-56,0.051,ameli_map,BRA,Brazil
cm3_m55,-3,-55,0.051,ameli_map,BRA,Brazil
cm3_m54,-3,-54,0.051,ameli_map,BRA,Brazil
cm3_m53,-3,-53,0.051,ameli_map,BRA,Brazil
cm3_m52,-3,-52,0.051,ameli_map,BRA,Brazil
cm3_m51,-3,-51,0.051,ameli_map,BRA,Brazil
cm3_m50,-3,-50,0.051,ameli_map,BRA,Brazil
cm3_m49,-3,-49,0.051,ameli_map,BRA,Brazil
cm3_m48,-3,-48,0.051,ameli_map,BRA,Brazil
cm3_m47,-3,-47,0.051,ameli_map,BRA,Brazil
cm3_m46,-3,-46,0.051,ameli_map,BRA,Brazil
cm3_m45,-3,-45,0.051,ameli_map,BRA,Brazil
cm3_m44,-3,-44,0.051,ameli_map,BRA,Brazil
cm3_m43,-3,-43,0.051,ameli_map,BRA,Brazil
cm3_m42,-3,-42,0.051,ameli_map,BRA,Brazil
cm3_m41,-3,-41,0.051,ameli_map,BRA,Brazil
cm3_m40,-3,-40,0.051,ameli_map,BRA,Brazil
cm3_11,-3,11,0.051,ameli_map,GAB,Gabon
cm3_12,-3,12,0.051,ameli_map,GAB,Gabon
cm3_13,-3,13,0.051,ameli_map,COG,Republic of Congo
cm3_14,-3,14,0.051,ameli_map,COG,Republic of Congo
cm3_15,-3,15,0.051,ameli_map,COG,Republic of Congo
cm3_16,-3,16,0.051,ameli_map,COG,Republic of Congo
cm3_17,-3,17,0.051,ameli_map,COD,Democratic Republic of the Congo
cm3_18,-3,18,0.051,ameli_map,COD,Democratic Republic of the Congo
cm3_19,-3,19,0.051,ameli_map,COD,Democratic Republic of the Congo
cm3_20,-3,20,0.051,ameli_map,COD,Democratic Republic of the Congo
cm3_21,-3,21,0.051,ameli_map,COD,Democratic Republic of the Congo
cm3_22,-3,22,0.051,ameli_map,COD,Democratic Republic of the Congo
cm3_23,-3,23,0.051,ameli_map,COD,Democratic Republic of the Congo
cm3_24,-3,24,0.051,ameli_map,COD,Democratic Republic of the Congo
cm3_25,-3,25,0.051,ameli_map,COD,Democratic Republic of the Congo
cm3_26,-3,26,0.051,ameli_map,COD,Democratic Republic of the Congo
cm3_27,-3,27,0.051,ameli_map,COD,Democratic Republic of the Congo
cm3_28,-3,28,0.051,ameli_map,COD,Democratic Republic of the Congo
cm3_29,-3,29,0.051,ameli_map,COD,Democratic Republic of the Congo
cm3_30,-3,30,0.051,ameli_map,BDI,Burundi
cm3_31,-3,31,0.051,ameli_map,TZA,Tanzania
cm3_32,-3,32,0.051,ameli_map,TZA,Tanzania
cm3_33,-3,33,0.051,ameli_map,TZA,Tanzania
cm3_34,-3,34,0.051,ameli_map,TZA,Tanzania
cm3_35,-3,35,0.051,ameli_map,TZA,Tanzania
cm3_36,-3,36,0.051,ameli_map,TZA,Tanzania
cm3_37,-3,37,0.051,ameli_map,TZA,Tanzania
cm3_38,-3,38,0.051,ameli_map,KEN,Kenya
cm3_39,-3,39,0.051,ameli_map,KEN,Kenya
cm3_40,-3,40,0.051,ameli_map,KEN,Kenya
cm3_102,-3,102,0.051,ameli_map,IDN,Indonesia
cm3_103,-3,103,0.051,ameli_map,IDN,Indonesia
cm3_104,-3,104,0.051,ameli_map,IDN,Indonesia
cm3_105,-3,105,0.051,ameli_map,IDN,Indonesia
cm3_106,-3,106,0.051,ameli_map,IDN,Indonesia
cm3_108,-3,108,0.051,ameli_map,IDN,Indonesia
cm3_111,-3,111,0.051,ameli_map,IDN,Indonesia
cm3_112,-3,112,0.051,ameli_map,IDN,Indonesia
cm3_113,-3,113,0.051,ameli_map,IDN,Indonesia
cm3_114,-3,114,0.051,ameli_map,IDN,Indonesia
cm3_115,-3,115,0.051,ameli_map,IDN,Indonesia
cm3_116,-3,116,0.051,ameli_map,IDN,Indonesia
cm3_119,-3,119,0.051,ameli_map,IDN,Indonesia
cm3_120,-3,120,0.051,ameli_map,IDN,Indonesia
cm3_122,-3,122,0.051,ameli_map,IDN,Indonesia
cm3_129,-3,129,0.051,ameli_map,IDN,Indonesia
cm3_130,-3,130,0.051,ameli_map,IDN,Indonesia
cm3_133,-3,133,0.051,ameli_map,IDN,Indonesia
cm3_134,-3,134,0.051,ameli_map,IDN,Indonesia
cm3_136,-3,136,0.051,ameli_map,IDN,Indonesia
cm3_137,-3,137,0.051,ameli_map,IDN,Indonesia
cm3_138,-3,138,0.051,ameli_map,IDN,Indonesia
cm3_139,-3,139,0.051,ameli_map,IDN,Indonesia
cm3_140,-3,140,0.051,ameli_map,IDN,Indonesia
cm3_141,-3,141,0.051,ameli_map,IDN,Indonesia
cm3_142,-3,142,0.051,ameli_map,PNG,Papua New Guinea
cm2_m80,-2,-80,0.051,ameli_map,ECU,Ecuador
cm2_m79,-2,-79,0.051,ameli_map,ECU,Ecuador
cm2_m78,-2,-78,0.051,ameli_map,ECU,Ecuador
cm2_m77,-2,-77,0.051,ameli_map,ECU,Ecuador
cm2_m76,-2,-76,0.051,ameli_map,ECU,Ecuador
cm2_m75,-2,-75,0.051,ameli_map,PER,Peru
cm2_m74,-2,-74,0.051,ameli_map,PER,Peru
cm2_m73,-2,-73,0.051,ameli_map,COL,Colombia
cm2_m72,-2,-72,0.051,ameli_map,COL,Colombia
cm2_m71,-2,-71,0.051,ameli_map,COL,Colombia
cm2_m70,-2,-70,0.051,ameli_map,COL,Colombia
cm2_m69,-2,-69,0.051,ameli_map,BRA,Brazil
cm2_m68,-2,-68,0.051,ameli_map,BRA,Brazil
cm2_m67,-2,-67,0.051,ameli_map,BRA,Brazil
cm2_m66,-2,-66,0.051,ameli_map,BRA,Brazil
cm2_m65,-2,-65,0.051,ameli_map,BRA,Brazil
cm2_m64,-2,-64,0.051,ameli_map,BRA,Brazil
cm2_m63,-2,-63,0.051,ameli_map,BRA,Brazil
cm2_m62,-2,-62,0.051,ameli_map,BRA,Brazil
cm2_m61,-2,-61,0.051,ameli_map,BRA,Brazil
cm2_m60,-2,-60,0.051,ameli_map,BRA,Brazil
cm2_m59,-2,-59,0.051,ameli_map,BRA,Brazil
cm2_m58,-2,-58,0.051,ameli_map,BRA,Brazil
cm2_m57,-2,-57,0.051,ameli_map,BRA,Brazil
cm2_m56,-2,-56,0.051,ameli_map,BRA,Brazil
cm2_m55,-2,-55,0.051,ameli_map,BRA,Brazil
cm2_m54,-2,-54,0.051,ameli_map,BRA,Brazil
cm2_m53,-2,-53,0.051,ameli_map,BRA,Brazil
cm2_m52,-2,-52,0.051,ameli_map,BRA,Brazil
cm2_m51,-2,-51,0.051,ameli_map,BRA,Brazil
cm2_m50,-2,-50,0.051,ameli_map,BRA,Brazil
cm2_m49,-2,-49,0.051,ameli_map,BRA,Brazil
cm2_m48,-2,-48,0.051,ameli_map,BRA,Brazil
cm2_m47,-2,-47,0.051,ameli_map,BRA,Brazil
cm2_m46,-2,-46,0.051,ameli_map,BRA,Brazil
cm2_m45,-2,-45,0.051,ameli_map,BRA,Brazil
cm2_10,-2,10,0.051,ameli_map,GAB,Gabon
cm2_11,-2,11,0.051,ameli_map,GAB,Gabon
cm2_12,-2,12,0.051,ameli_map,GAB,Gabon
cm2_13,-2,13,0.051,ameli_map,GAB,Gabon
cm2_14,-2,14,0.051,ameli_map,GAB,Gabon
cm2_15,-2,15,0.051,ameli_map,COG,Republic of Congo
cm2_16,-2,16,0.051,ameli_map,COG,Republic of Congo
cm2_17,-2,17,0.051,ameli_map,COD,Democratic Republic of the Congo
cm2_18,-2,18,0.051,ameli_map,COD,Democratic Republic of the Congo
cm2_19,-2,19,0.051,ameli_map,COD,Democratic Republic of the Congo
cm2_20,-2,20,0.051,ameli_map,COD,Democratic Republic of the Congo
cm2_21,-2,21,0.051,ameli_map,COD,Democratic Republic of the Congo
cm2_22,-2,22,0.051,ameli_map,COD,Democratic Republic of the Congo
cm2_23,-2,23,0.051,ameli_map,COD,Democratic Republic of the Congo
cm2_24,-2,24,0.051,ameli_map,COD,Democratic Republic of the Congo
cm2_25,-2,25,0.051,ameli_map,COD,Democratic Republic of the Congo
cm2_26,-2,26,0.051,ameli_map,COD,Democratic Republic of the Congo
cm2_27,-2,27,0.051,ameli_map,COD,Democratic Republic of the Congo
cm2_28,-2,28,0.051,ameli_map,COD,Democratic Republic of the Congo
cm2_29,-2,29,0.051,ameli_map,COD,Democratic Republic of the Congo
cm2_30,-2,30,0.051,ameli_map,RWA,Rwanda
cm2_31,-2,31,0.051,ameli_map,TZA,Tanzania
cm2_32,-2,32,0.051,ameli_map,TZA,Tanzania
cm2_33,-2,33,0.051,ameli_map,TZA,Tanzania
cm2_34,-2,34,0.051,ameli_map,TZA,Tanzania
cm2_35,-2,35,0.051,ameli_map,TZA,Tanzania
cm2_36,-2,36,0.051,ameli_map,KEN,Kenya
cm2_37,-2,37,0.051,ameli_map,KEN,Kenya
cm2_38,-2,38,0.051,ameli_map,KEN,Kenya
cm2_39,-2,39,0.051,ameli_map,KEN,Kenya
cm2_40,-2,40,0.051,ameli_map,KEN,Kenya
cm2_41,-2,41,0.051,ameli_map,KEN,Kenya
cm2_101,-2,101,0.051,ameli_map,IDN,Indonesia
cm2_102,-2,102,0.051,ameli_map,IDN,Indonesia
cm2_103,-2,103,0.051,ameli_map,IDN,Indonesia
cm2_104,-2,104,0.051,ameli_map,IDN,Indonesia
cm2_106,-2,106,0.051,ameli_map,IDN,Indonesia
cm2_111,-2,111,0.051,ameli_map,IDN,Indonesia
cm2_112,-2,112,0.051,ameli_map,IDN,Indonesia
cm2_113,-2,113,0.051,ameli_map,IDN,Indonesia
cm2_114,-2,114,0.051,ameli_map,IDN,Indonesia
cm2_115,-2,115,0.051,ameli_map,IDN,Indonesia
cm2_116,-2,116,0.051,ameli_map,IDN,Indonesia
cm2_120,-2,120,0.051,ameli_map,IDN,Indonesia
cm2_121,-2,121,0.051,ameli_map,IDN,Indonesia
cm2_130,-2,130,0.051,ameli_map,IDN,Indonesia
cm2_133,-2,133,0.051,ameli_map,IDN,Indonesia
cm2_134,-2,134,0.051,ameli_map,IDN,Indonesia
cm2_138,-2,138,0.051,ameli_map,IDN,Indonesia
cm2_139,-2,139,0.051,ameli_map,IDN,Indonesia
cm2_147,-2,147,0.051,ameli_map,PNG,Papua New Guinea
cm1_m80,-1,-80,0.051,ameli_map,ECU,Ecuador
cm1_m79,-1,-79,0.051,ameli_map,ECU,Ecuador
cm1_m78,-1,-78,0.051,ameli_map,ECU,Ecuador
cm1_m77,-1,-77,0.051,ameli_map,ECU,Ecuador
cm1_m76,-1,-76,0.051,ameli_map,ECU,Ecuador
cm1_m75,-1,-75,0.051,ameli_map,PER,Peru
cm1_m74,-1,-74,0.051,ameli_map,COL,Colombia
cm1_m73,-1,-73,0.051,ameli_map,COL,Colombia
cm1_m72,-1,-72,0.051,ameli_map,COL,Colombia
cm1_m71,-1,-71,0.051,ameli_map,COL,Colombia
cm1_m70,-1,-70,0.051,ameli_map,COL,Colombia
cm1_m69,-1,-69,0.051,ameli_map,BRA,Brazil
cm1_m68,-1,-68,0.051,ameli_map,BRA,Brazil
cm1_m67,-1,-67,0.051,ameli_map,BRA,Brazil
cm1_m66,-1,-66,0.051,ameli_map,BRA,Brazil
cm1_m65,-1,-65,0.051,ameli_map,BRA,Brazil
cm1_m64,-1,-64,0.051,ameli_map,BRA,Brazil
cm1_m63,-1,-63,0.051,ameli_map,BRA,Brazil
cm1_m62,-1,-62,0.051,ameli_map,BRA,Brazil
cm1_m61,-1,-61,0.051,ameli_map,BRA,Brazil
cm1_m60,-1,-60,0.051,ameli_map,BRA,Brazil
cm1_m59,-1,-59,0.051,ameli_map,BRA,Brazil
cm1_m58,-1,-58,0.051,ameli_map,BRA,Brazil
cm1_m57,-1,-57,0.051,ameli_map,BRA,Brazil
cm1_m56,-1,-56,0.051,ameli_map,BRA,Brazil
cm1_m55,-1,-55,0.051,ameli_map,BRA,Brazil
cm1_m54,-1,-54,0.051,ameli_map,BRA,Brazil
cm1_m53,-1,-53,0.051,ameli_map,BRA,Brazil
cm1_m52,-1,-52,0.051,ameli_map,BRA,Brazil
cm1_m51,-1,-51,0.051,ameli_map,BRA,Brazil
cm1_m50,-1,-50,0.051,ameli_map,BRA,Brazil
cm1_m49,-1,-49,0.051,ameli_map,BRA,Brazil
cm1_m48,-1,-48,0.051,ameli_map,BRA,Brazil
cm1_m47,-1,-47,0.051,ameli_map,BRA,Brazil
cm1_9,-1,9,0.051,ameli_map,GAB,Gabon
cm1_10,-1,10,0.051,ameli_map,GAB,Gabon
cm1_11,-1,11,0.051,ameli_map,GAB,Gabon
cm1_12,-1,12,0.051,ameli_map,GAB,Gabon
cm1_13,-1,13,0.051,ameli_map,GAB,Gabon
cm1_14,-1,14,0.051,ameli_map,GAB,Gabon
cm1_15,-1,15,0.051,ameli_map,COG,Republic of Congo
cm1_16,-1,16,0.051,ameli_map,COG,Republic of Congo
cm1_17,-1,17,0.051,ameli_map,COG,Republic of Congo
cm1_18,-1,18,0.051,ameli_map,COD,Democratic Republic of the Congo
cm1_19,-1,19,0.051,ameli_map,COD,Democratic Republic of the Congo
cm1_20,-1,20,0.051,ameli_map,COD,Democratic Republic of the Congo
cm1_21,-1,21,0.051,ameli_map,COD,Democratic Republic of the Congo
cm1_22,-1,22,0.051,ameli_map,COD,Democratic Republic of the Congo
cm1_23,-1,23,0.051,ameli_map,COD,Democratic Republic of the Congo
cm1_24,-1,24,0.051,ameli_map,COD,Democratic Republic of the Congo
cm1_25,-1,25,0.051,ameli_map,COD,Democratic Republic of the Congo
cm1_26,-1,26,0.051,ameli_map,COD,Democratic Republic of the Congo
cm1_27,-1,27,0.051,ameli_map,COD,Democratic Republic of the Congo
cm1_28,-1,28,0.051,ameli_map,COD,Democratic Republic of the Congo
cm1_29,-1,29,0.051,ameli_map,COD,Democratic Republic of the Congo
cm1_30,-1,30,0.051,ameli_map,UGA,Uganda
cm1_31,-1,31,0.051,ameli_map,TZA,Tanzania
cm1_32,-1,32,0.051,ameli_map,TZA,Tanzania
cm1_33,-1,33,0.051,ameli_map,TZA,Tanzania
cm1_34,-1,34,0.051,ameli_map,KEN,Kenya
cm1_35,-1,35,0.051,ameli_map,KEN,Kenya
cm1_36,-1,36,0.051,ameli_map,KEN,Kenya
cm1_37,-1,37,0.051,ameli_map,KEN,Kenya
cm1_38,-1,38,0.051,ameli_map,KEN,Kenya
cm1_39,-1,39,0.051,ameli_map,KEN,Kenya
cm1_40,-1,40,0.051,ameli_map,KEN,Kenya
cm1_41,-1,41,0.051,ameli_map,KEN,Kenya
cm1_42,-1,42,0.051,ameli_map,SOM,Somalia
cm1_101,-1,101,0.051,ameli_map,IDN,Indonesia
cm1_102,-1,102,0.051,ameli_map,IDN,Indonesia
cm1_103,-1,103,0.051,ameli_map,IDN,Indonesia
cm1_104,-1,104,0.051,ameli_map,IDN,Indonesia
cm1_110,-1,110,0.051,ameli_map,IDN,Indonesia
cm1_111,-1,111,0.051,ameli_map,IDN,Indonesia
cm1_112,-1,112,0.051,ameli_map,IDN,Indonesia
cm1_113,-1,113,0.051,ameli_map,IDN,Indonesia
cm1_114,-1,114,0.051,ameli_map,IDN,Indonesia
cm1_115,-1,115,0.051,ameli_map,IDN,Indonesia
cm1_116,-1,116,0.051,ameli_map,IDN,Indonesia
cm1_117,-1,117,0.051,ameli_map,IDN,Indonesia
cm1_120,-1,120,0.051,ameli_map,IDN,Indonesia
cm1_122,-1,122,0.051,ameli_map,IDN,Indonesia
cm1_131,-1,131,0.051,ameli_map,IDN,Indonesia
cm1_132,-1,132,0.051,ameli_map,IDN,Indonesia
cm1_133,-1,133,0.051,ameli_map,IDN,Indonesia
cm1_134,-1,134,0.051,ameli_map,IDN,Indonesia
cm1_136,-1,136,0.051,ameli_map,IDN,Indonesia
c0_m80,0,-80,0.051,ameli_map,ECU,Ecuador
c0_m79,0,-79,0.051,ameli_map,ECU,Ecuador
c0_m78,0,-78,0.051,ameli_map,ECU,Ecuador
c0_m77,0,-77,0.051,ameli_map,ECU,Ecuador
c0_m76,0,-76,0.051,ameli_map,ECU,Ecuador
c0_m75,0,-75,0.051,ameli_map,COL,Colombia
c0_m74,0,-74,0.051,ameli_map,COL,Colombia
c0_m73,0,-73,0.051,ameli_map,COL,Colombia
c0_m72,0,-72,0.051,ameli_map,COL,Colombia
c0_m71,0,-71,0.051,ameli_map,COL,Colombia
c0_m70,0,-70,0.051,ameli_map,BRA,Brazil
c0_m69,0,-69,0.051,ameli_map,BRA,Brazil
c0_m68,0,-68,0.051,ameli_map,BRA,Brazil
c0_m67,0,-67,0.051,ameli_map,BRA,Brazil
c0_m66,0,-66,0.051,ameli_map,BRA,Brazil
c0_m65,0,-65,0.051,ameli_map,BRA,Brazil
c0_m64,0,-64,0.051,ameli_map,BRA,Brazil
c0_m63,0,-63,0.051,ameli_map,BRA,Brazil
c0_m62,0,-62,0.051,ameli_map,BRA,Brazil
c0_m61,0,-61,0.051,ameli_map,BRA,Brazil
c0_m60,0,-60,0.051,ameli_map,BRA,Brazil
c0_m59,0,-59,0.051,ameli_map,BRA,Brazil
c0_m58,0,-58,0.051,ameli_map,BRA,Brazil
c0_m57,0,-57,0.051,ameli_map,BRA,Brazil
c0_m56,0,-56,0.051,ameli_map,BRA,Brazil
c0_m55,0,-55,0.051,ameli_map,BRA,Brazil
c0_m54,0,-54,0.051,ameli_map,BRA,Brazil
c0_m53,0,-53,0.051,ameli_map,BRA,Brazil
c0_m52,0,-52,0.051,ameli_map,BRA,Brazil
c0_m50,0,-50,0.051,ameli_map,BRA,Brazil
c0_10,0,10,0.051,ameli_map,GAB,Gabon
c0_11,0,11,0.051,ameli_map,GAB,Gabon
c0_12,0,12,0.051,ameli_map,GAB,Gabon
c0_13,0,13,0.051,ameli_map,GAB,Gabon
c0_14,0,14,0.051,ameli_map,COG,Republic of Congo
c0_15,0,15,0.051,ameli_map,COG,Republic of Congo
c0_16,0,16,0.051,ameli_map,COG,Republic of Congo
c0_17,0,17,0.051,ameli_map,COG,Republic of Congo
c0_18,0,18,0.051,ameli_map,COD,Democratic Republic of the Congo
c0_19,0,19,0.051,ameli_map,COD,Democratic Republic of the Congo
c0_20,0,20,0.051,ameli_map,COD,Democratic Republic of the Congo
c0_21,0,21,0.051,ameli_map,COD,Democratic Republic of the Congo
c0_22,0,22,0.051,ameli_map,COD,Democratic Republic of the Congo
c0_23,0,23,0.051,ameli_map,COD,Democratic Republic of the Congo
c0_24,0,24,0.051,ameli_map,COD,Democratic Republic of the Congo
c0_25,0,25,0.051,ameli_map,COD,Democratic Republic of the Congo
c0_26,0,26,0.051,ameli_map,COD,Democratic Republic of the Congo
c0_27,0,27,0.051,ameli_map,COD,Democratic Republic of the Congo
c0_28,0,28,0.051,ameli_map,COD,Democratic Republic of the Congo
c0_29,0,29,0.051,ameli_map,COD,Democratic Republic of the Congo
c0_30,0,30,0.051,ameli_map,UGA,Uganda
c0_31,0,31,0.051,ameli_map,UGA,Uganda
c0_32,0,32,0.051,ameli_map,UGA,Uganda
c0_33,0,33,0.051,ameli_map,UGA,Uganda
c0_34,0,34,0.051,ameli_map,KEN,Kenya
c0_35,0,35,0.051,ameli_map,KEN,Kenya
c0_36,0,36,0.051,ameli_map,KEN,Kenya
c0_37,0,37,0.051,ameli_map,KEN,Kenya
c0_38,0,38,0.051,ameli_map,KEN,Kenya
c0_39,0,39,0.051,ameli_map,KEN,Kenya
c0_40,0,40,0.051,ameli_map,KEN,Kenya
c0_41,0,41,0.051,ameli_map,KEN,Kenya
c0_42,0,42,0.051,ameli_map,SOM,Somalia
c0_100,0,100,0.051,ameli_map,IDN,Indonesia
c0_101,0,101,0.051,ameli_map,IDN,Indonesia
c0_102,0,102,0.051,ameli_map,IDN,Indonesia
c0_103,0,103,0.051,ameli_map,IDN,Indonesia
c0_110,0,110,0.051,ameli_map,IDN,Indonesia
c0_111,0,111,0.051,ameli_map,IDN,Indonesia
c0_112,0,112,0.051,ameli_map,IDN,Indonesia
c0_113,0,113,0.051,ameli_map,IDN,Indonesia
c0_114,0,114,0.051,ameli_map,IDN,Indonesia
c0_115,0,115,0.051,ameli_map,IDN,Indonesia
c0_116,0,116,0.051,ameli_map,IDN,Indonesia
c0_117,0,117,0.051,ameli_map,IDN,Indonesia
c0_120,0,120,0.051,ameli_map,IDN,Indonesia
c1_m79,1,-79,0.051,ameli_map,ECU,Ecuador
c1_m78,1,-78,0.051,ameli_map,COL,Colombia
c1_m77,1,-77,0.051,ameli_map,COL,Colombia
c1_m76,1,-76,0.051,ameli_map,COL,Colombia
c1_m75,1,-75,0.051,ameli_map,COL,Colombia
c1_m74,1,-74,0.051,ameli_map,COL,Colombia
c1_m73,1,-73,0.051,ameli_map,COL,Colombia
c1_m72,1,-72,0.051,ameli_map,COL,Colombia
c1_m71,1,-71,0.051,ameli_map,COL,Colombia
c1_m70,1,-70,0.051,ameli_map,COL,Colombia
c1_m69,1,-69,0.051,ameli_map,BRA,Brazil
c1_m68,1,-68,0.051,ameli_map,BRA,Brazil
c1_m67,1,-67,0.051,ameli_map,BRA,Brazil
c1_m66,1,-66,0.051,ameli_map,VEN,Venezuela
c1_m65,1,-65,0.051,ameli_map,BRA,Brazil
c1_m64,1,-64,0.051,ameli_map,BRA,Brazil
c1_m63,1,-63,0.051,ameli_map,BRA,Brazil
c1_m62,1,-62,0.051,ameli_map,BRA,Brazil
c1_m61,1,-61,0.051,ameli_map,BRA,Brazil
c1_m60,1,-60,0.051,ameli_map,BRA,Brazil
c1_m59,1,-59,0.051,ameli_map,BRA,Brazil
c1_m58,1,-58,0.051,ameli_map,BRA,Brazil
c1_m57,1,-57,0.051,ameli_map,BRA,Brazil
c1_m56,1,-56,0.051,ameli_map,BRA,Brazil
c1_m55,1,-55,0.051,ameli_map,BRA,Brazil
c1_m54,1,-54,0.051,ameli_map,BRA,Brazil
c1_m53,1,-53,0.051,ameli_map,BRA,Brazil
c1_m52,1,-52,0.051,ameli_map,BRA,Brazil
c1_m51,1,-51,0.051,ameli_map,BRA,Brazil
c1_m50,1,-50,0.051,ameli_map,BRA,Brazil
c1_10,1,10,0.051,ameli_map,GNQ,Equatorial Guinea
c1_11,1,11,0.051,ameli_map,GNQ,Equatorial Guinea
c1_12,1,12,0.051,ameli_map,GAB,Gabon
c1_13,1,13,0.051,ameli_map,GAB,Gabon
c1_14,1,14,0.051,ameli_map,GAB,Gabon
c1_15,1,15,0.051,ameli_map,COG,Republic of Congo
c1_16,1,16,0.051,ameli_map,COG,Republic of Congo
c1_17,1,17,0.051,ameli_map,COG,Republic of Congo
c1_18,1,18,0.051,ameli_map,COD,Democratic Republic of the Congo
c1_19,1,19,0.051,ameli_map,COD,Democratic Republic of the Congo
c1_20,1,20,0.051,ameli_map,COD,Democratic Republic of the Congo
c1_21,1,21,0.051,ameli_map,COD,Democratic Republic of the Congo
c1_22,1,22,0.051,ameli_map,COD,Democratic Republic of the Congo
c1_23,1,23,0.051,ameli_map,COD,Democratic Republic of the Congo
c1_24,1,24,0.051,ameli_map,COD,Democratic Republic of the Congo
c1_25,1,25,0.051,ameli_map,COD,Democratic Republic of the Congo
c1_26,1,26,0.051,ameli_map,COD,Democratic Republic of the Congo
c1_27,1,27,0.051,ameli_map,COD,Democratic Republic of the Congo
c1_28,1,28,0.051,ameli_map,COD,Democratic Republic of the Congo
c1_29,1,29,0.051,ameli_map,COD,Democratic Republic of the Congo
c1_30,1,30,0.051,ameli_map,COD,Democratic Republic of the Congo
c1_31,1,31,0.051,ameli_map,UGA,Uganda
c1_32,1,32,0.051,ameli_map,UGA,Uganda
c1_33,1,33,0.051,ameli_map,UGA,Uganda
c1_34,1,34,0.051,ameli_map,UGA,Uganda
c1_35,1,35,0.051,ameli_map,KEN,Kenya
c1_36,1,36,0.051,ameli_map,KEN,Kenya
c1_37,1,37,0.051,ameli_map,KEN,Kenya
c1_38,1,38,0.051,ameli_map,KEN,Kenya
c1_39,1,39,0.051,ameli_map,KEN,Kenya
c1_40,1,40,0.051,ameli_map,KEN,Kenya
c1_41,1,41,0.051,ameli_map,SOM,Somalia
c1_42,1,42,0.051,ameli_map,SOM,Somalia
c1_43,1,43,0.051,ameli_map,SOM,Somalia
c1_99,1,99,0.051,ameli_map,IDN,Indonesia
c1_100,1,100,0.051,ameli_map,IDN,Indonesia
c1_101,1,101,0.051,ameli_map,IDN,Indonesia
c1_102,1,102,0.051,ameli_map,IDN,Indonesia
c1_103,1,103,0.051,ameli_map,IDN,Indonesia
c1_109,1,109,0.051,ameli_map,IDN,Indonesia
c1_110,1,110,0.051,ameli_map,IDN,Indonesia
c1_111,1,111,0.051,ameli_map,IDN,Indonesia
c1_112,1,112,0.051,ameli_map,IDN,Indonesia
c1_113,1,113,0.051,ameli_map,IDN,Indonesia
c1_114,1,114,0.051,ameli_map,IDN,Indonesia
c1_115,1,115,0.051,ameli_map,IDN,Indonesia
c1_116,1,116,0.051,ameli_map,IDN,Indonesia
c1_117,1,117,0.051,ameli_map,IDN,Indonesia
c1_118,1,118,0.051,ameli_map,IDN,Indonesia
c1_121,1,121,0.051,ameli_map,IDN,Indonesia
c1_122,1,122,0.051,ameli_map,IDN,Indonesia
c1_128,1,128,0.051,ameli_map,IDN,Indonesia
c2_m78,2,-78,0.051,ameli_map,COL,Colombia
c2_m77,2,-77,0.051,ameli_map,COL,Colombia
c2_m76,2,-76,0.051,ameli_map,COL,Colombia
c2_m75,2,-75,0.051,ameli_map,COL,Colombia
c2_m74,2,-74,0.051,ameli_map,COL,Colombia
c2_m73,2,-73,0.051,ameli_map,COL,Colombia
c2_m72,2,-72,0.051,ameli_map,COL,Colombia
c2_m71,2,-71,0.051,ameli_map,COL,Colombia
c2_m70,2,-70,0.051,ameli_map,COL,Colombia
c2_m69,2,-69,0.051,ameli_map,COL,Colombia
c2_m68,2,-68,0.051,ameli_map,COL,Colombia
c2_m67,2,-67,0.051,ameli_map,VEN,Venezuela
c2_m66,2,-66,0.051,ameli_map,VEN,Venezuela
c2_m65,2,-65,0.051,ameli_map,VEN,Venezuela
c2_m64,2,-64,0.051,ameli_map,VEN,Venezuela
c2_m63,2,-63,0.051,ameli_map,BRA,Brazil
c2_m62,2,-62,0.051,ameli_map,BRA,Brazil
c2_m61,2,-61,0.051,ameli_map,BRA,Brazil
c2_m60,2,-60,0.051,ameli_map,BRA,Brazil
c2_m59,2,-59,0.051,ameli_map,GUY,Guyana
c2_m58,2,-58,0.051,ameli_map,GUY,Guyana
c2_m57,2,-57,0.051,ameli_map,GUY,Guyana
c2_m56,2,-56,0.051,ameli_map,SUR,Suriname
c2_m55,2,-55,0.051,ameli_map,BRA,Brazil
c2_m54,2,-54,0.051,ameli_map,BRA,Brazil
c2_m53,2,-53,0.051,ameli_map,BRA,Brazil
c2_m52,2,-52,0.051,ameli_map,BRA,Brazil
c2_m51,2,-51,0.051,ameli_map,BRA,Brazil
c2_10,2,10,0.051,ameli_map,GNQ,Equatorial Guinea
c2_11,2,11,0.051,ameli_map,GNQ,Equatorial Guinea
c2_12,2,12,0.051,ameli_map,GAB,Gabon
c2_13,2,13,0.051,ameli_map,GAB,Gabon
c2_14,2,14,0.051,ameli_map,COG,Republic of Congo
c2_15,2,15,0.051,ameli_map,COG,Republic of Congo
c2_16,2,16,0.051,ameli_map,CMR,Cameroon
c2_17,2,17,0.051,ameli_map,COG,Republic of Congo
c2_18,2,18,0.051,ameli_map,COG,Republic of Congo
c2_19,2,19,0.051,ameli_map,COD,Democratic Republic of the Congo
c2_20,2,20,0.051,ameli_map,COD,Democratic Republic of the Congo
c2_21,2,21,0.051,ameli_map,COD,Democratic Republic of the Congo
c2_22,2,22,0.051,ameli_map,COD,Democratic Republic of the Congo
c2_23,2,23,0.051,ameli_map,COD,Democratic Republic of the Congo
c2_24,2,24,0.051,ameli_map,COD,Democratic Republic of the Congo
c2_25,2,25,0.051,ameli_map,COD,Democratic Republic of the Congo
c2_26,2,26,0.051,ameli_map,COD,Democratic Republic of the Congo
c2_27,2,27,0.051,ameli_map,COD,Democratic Republic of the Congo
c2_28,2,28,0.051,ameli_map,COD,Democratic Republic of the Congo
c2_29,2,29,0.051,ameli_map,COD,Democratic Republic of the Congo
c2_30,2,30,0.051,ameli_map,COD,Democratic Republic of the Congo
c2_31,2,31,0.051,ameli_map,COD,Democratic Republic of the Congo
c2_32,2,32,0.051,ameli_map,UGA,Uganda
c2_33,2,33,0.051,ameli_map,UGA,Uganda
c2_34,2,34,0.051,ameli_map,UGA,Uganda
c2_35,2,35,0.051,ameli_map,KEN,Kenya
c2_36,2,36,0.051,ameli_map,KEN,Kenya
c2_37,2,37,0.051,ameli_map,KEN,Kenya
c2_38,2,38,0.051,ameli_map,KEN,Kenya
c2_39,2,39,0.051,ameli_map,KEN,Kenya
c2_40,2,40,0.051,ameli_map,KEN,Kenya
c2_41,2,41,0.051,ameli_map,SOM,Somalia
c2_42,2,42,0.051,ameli_map,SOM,Somalia
c2_43,2,43,0.051,ameli_map,SOM,Somalia
c2_44,2,44,0.051,ameli_map,SOM,Somalia
c2_45,2,45,0.051,ameli_map,SOM,Somalia
c2_99,2,99,0.051,ameli_map,IDN,Indonesia
c2_100,2,100,0.051,ameli_map,IDN,Indonesia
c2_101,2,101,0.051,ameli_map,IDN,Indonesia
c2_103,2,103,0.051,ameli_map,MYS,Malaysia
c2_104,2,104,0.051,ameli_map,MYS,Malaysia
c2_112,2,112,0.051,ameli_map,MYS,Malaysia
c2_113,2,113,0.051,ameli_map,MYS,Malaysia
c2_114,2,114,0.051,ameli_map,MYS,Malaysia
c2_115,2,115,0.051,ameli_map,IDN,Indonesia
c2_116,2,116,0.051,ameli_map,IDN,Indonesia
c2_117,2,117,0.051,ameli_map,IDN,Indonesia
c3_m77,3,-77,0.051,ameli_map,COL,Colombia
c3_m76,3,-76,0.051,ameli_map,COL,Colombia
c3_m75,3,-75,0.051,ameli_map,COL,Colombia
c3_m74,3,-74,0.051,ameli_map,COL,Colombia
c3_m73,3,-73,0.051,ameli_map,COL,Colombia
c3_m72,3,-72,0.051,ameli_map,COL,Colombia
c3_m71,3,-71,0.051,ameli_map,COL,Colombia
c3_m70,3,-70,0.051,ameli_map,COL,Colombia
c3_m69,3,-69,0.051,ameli_map,COL,Colombia
c3_m68,3,-68,0.051,ameli_map,COL,Colombia
c3_m67,3,-67,0.051,ameli_map,VEN,Venezuela
c3_m66,3,-66,0.051,ameli_map,VEN,Venezuela
c3_m65,3,-65,0.051,ameli_map,VEN,Venezuela
c3_m64,3,-64,0.051,ameli_map,BRA,Brazil
c3_m63,3,-63,0.051,ameli_map,BRA,Brazil
c3_m62,3,-62,0.051,ameli_map,BRA,Brazil
c3_m61,3,-61,0.051,ameli_map,BRA,Brazil
c3_m60,3,-60,0.051,ameli_map,BRA,Brazil
c3_m59,3,-59,0.051,ameli_map,GUY,Guyana
c3_m58,3,-58,0.051,ameli_map,GUY,Guyana
c3_m57,3,-57,0.051,ameli_map,SUR,Suriname
c3_m56,3,-56,0.051,ameli_map,SUR,Suriname
c3_m55,3,-55,0.051,ameli_map,SUR,Suriname
c3_m54,3,-54,0.04,ameli_map,GUF,French Guiana
c3_m53,3,-53,0.04,ameli_map,GUF,French Guiana
c3_m52,3,-52,0.051,ameli_map,BRA,Brazil
c3_m51,3,-51,0.051,ameli_map,BRA,Brazil
c3_10,3,10,0.051,ameli_map,CMR,Cameroon
c3_11,3,11,0.051,ameli_map,CMR,Cameroon
c3_12,3,12,0.051,ameli_map,CMR,Cameroon
c3_13,3,13,0.051,ameli_map,CMR,Cameroon
c3_14,3,14,0.051,ameli_map,CMR,Cameroon
c3_15,3,15,0.051,ameli_map,CMR,Cameroon
c3_16,3,16,0.051,ameli_map,CMR,Cameroon
c3_17,3,17,0.051,ameli_map,COG,Republic of Congo
c3_18,3,18,0.051,ameli_map,COG,Republic of Congo
c3_19,3,19,0.051,ameli_map,COD,Democratic Republic of the Congo
c3_20,3,20,0.051,ameli_map,COD,Democratic Republic of the Congo
c3_21,3,21,0.051,ameli_map,COD,Democratic Republic of the Congo
c3_22,3,22,0.051,ameli_map,COD,Democratic Republic of the Congo
c3_23,3,23,0.051,ameli_map,COD,Democratic Republic of the Congo
c3_24,3,24,0.051,ameli_map,COD,Democratic Republic of the Congo
c3_25,3,25,0.051,ameli_map,COD,Democratic Republic of the Congo
c3_26,3,26,0.051,ameli_map,COD,Democratic Republic of the Congo
c3_27,3,27,0.051,ameli_map,COD,Democratic Republic of the Congo
c3_28,3,28,0.051,ameli_map,COD,Democratic Republic of the Congo
c3_29,3,29,0.051,ameli_map,COD,Democratic Republic of the Congo
c3_30,3,30,0.051,ameli_map,COD,Democratic Republic of the Congo
c3_31,3,31,0.051,ameli_map,UGA,Uganda
c3_32,3,32,0.051,ameli_map,UGA,Uganda
c3_33,3,33,0.051,ameli_map,UGA,Uganda
c3_34,3,34,0.051,ameli_map,UGA,Uganda
c3_35,3,35,0.051,ameli_map,KEN,Kenya
c3_36,3,36,0.051,ameli_map,KEN,Kenya
c3_37,3,37,0.051,ameli_map,KEN,Kenya
c3_38,3,38,0.051,ameli_map,KEN,Kenya
c3_39,3,39,0.051,ameli_map,KEN,Kenya
c3_40,3,40,0.051,ameli_map,KEN,Kenya
c3_41,3,41,0.051,ameli_map,KEN,Kenya
c3_42,3,42,0.051,ameli_map,SOM,Somalia
c3_43,3,43,0.051,ameli_map,SOM,Somalia
c3_44,3,44,0.051,ameli_map,SOM,Somalia
c3_45,3,45,0.051,ameli_map,SOM,Somalia
c3_46,3,46,0.051,ameli_map,SOM,Somalia
c3_98,3,98,0.051,ameli_map,IDN,Indonesia
c3_99,3,99,0.051,ameli_map,IDN,Indonesia
c3_102,3,102,0.051,ameli_map,MYS,Malaysia
c3_103,3,103,0.051,ameli_map,MYS,Malaysia
c3_113,3,113,0.051,ameli_map,MYS,Malaysia
c3_114,3,114,0.051,ameli_map,MYS,Malaysia
c3_115,3,115,0.051,ameli_map,MYS,Malaysia
c3_116,3,116,0.051,ameli_map,IDN,Indonesia
c3_117,3,117,0.051,ameli_map,IDN,Indonesia
c4_m77,4,-77,0.051,ameli_map,COL,Colombia
c4_m76,4,-76,0.051,ameli_map,COL,Colombia
c4_m75,4,-75,0.051,ameli_map,COL,Colombia
c4_m74,4,-74,0.051,ameli_map,COL,Colombia
c4_m73,4,-73,0.051,ameli_map,COL,Colombia
c4_m72,4,-72,0.051,ameli_map,COL,Colombia
c4_m71,4,-71,0.051,ameli_map,COL,Colombia
c4_m70,4,-70,0.051,ameli_map,COL,Colombia
c4_m69,4,-69,0.051,ameli_map,COL,Colombia
c4_m68,4,-68,0.051,ameli_map,COL,Colombia
c4_m67,4,-67,0.051,ameli_map,VEN,Venezuela
c4_m66,4,-66,0.051,ameli_map,VEN,Venezuela
c4_m65,4,-65,0.051,ameli_map,VEN,Venezuela
c4_m64,4,-64,0.051,ameli_map,VEN,Venezuela
c4_m63,4,-63,0.051,ameli_map,VEN,Venezuela
c4_m62,4,-62,0.051,ameli_map,BRA,Brazil
c4_m61,4,-61,0.051,ameli_map,BRA,Brazil
c4_m60,4,-60,0.051,ameli_map,BRA,Brazil
c4_m59,4,-59,0.051,ameli_map,GUY,Guyana
c4_m58,4,-58,0.051,ameli_map,SUR,Suriname
c4_m57,4,-57,0.051,ameli_map,SUR,Suriname
c4_m56,4,-56,0.051,ameli_map,SUR,Suriname
c4_m55,4,-55,0.051,ameli_map,SUR,Suriname
c4_m54,4,-54,0.04,ameli_map,GUF,French Guiana
c4_m53,4,-53,0.04,ameli_map,GUF,French Guiana
c4_m52,4,-52,0.04,ameli_map,GUF,French Guiana
c4_10,4,10,0.051,ameli_map,CMR,Cameroon
c4_11,4,11,0.051,ameli_map,CMR,Cameroon
c4_12,4,12,0.051,ameli_map,CMR,Cameroon
c4_13,4,13,0.051,ameli_map,CMR,Cameroon
c4_14,4,14,0.051,ameli_map,CMR,Cameroon
c4_15,4,15,0.051,ameli_map,CMR,Cameroon
c4_16,4,16,0.051,ameli_map,CAF,Central African Republic
c4_17,4,17,0.051,ameli_map,CAF,Central African Republic
c4_18,4,18,0.051,ameli_map,CAF,Central African Republic
c4_19,4,19,0.051,ameli_map,COD,Democratic Republic of the Congo
c4_20,4,20,0.051,ameli_map,COD,Democratic Republic of the Congo
c4_21,4,21,0.051,ameli_map,COD,Democratic Republic of the Congo
c4_22,4,22,0.051,ameli_map,COD,Democratic Republic of the Congo
c4_23,4,23,0.051,ameli_map,COD,Democratic Republic of the Congo
c4_24,4,24,0.051,ameli_map,COD,Democratic Republic of the Congo
c4_25,4,25,0.051,ameli_map,COD,Democratic Republic of the Congo
c4_26,4,26,0.051,ameli_map,COD,Democratic Republic of the Congo
c4_27,4,27,0.051,ameli_map,COD,Democratic Republic of the Congo
c4_28,4,28,0.051,ameli_map,COD,Democratic Republic of the Congo
c4_29,4,29,0.051,ameli_map,COD,Democratic Republic of the Congo
c4_30,4,30,0.051,ameli_map,COD,Democratic Republic of the Congo
c4_31,4,31,0.051,ameli_map,SSD,South Sudan
c4_32,4,32,0.051,ameli_map,SSD,South Sudan
c4_33,4,33,0.051,ameli_map,SSD,South Sudan
c4_34,4,34,0.051,ameli_map,UGA,Uganda
c4_35,4,35,0.051,ameli_map,KEN,Kenya
c4_36,4,36,0.051,ameli_map,KEN,Kenya
c4_37,4,37,0.051,ameli_map,KEN,Kenya
c4_38,4,38,0.051,ameli_map,ETH,Ethiopia
c4_39,4,39,0.051,ameli_map,ETH,Ethiopia
c4_40,4,40,0.051,ameli_map,ETH,Ethiopia
c4_41,4,41,0.051,ameli_map,KEN,Kenya
c4_42,4,42,0.051,ameli_map,SOM,Somalia
c4_43,4,43,0.051,ameli_map,SOM,Somalia
c4_44,4,44,0.051,ameli_map,SOM,Somalia
c4_45,4,45,0.051,ameli_map,SOM,Somalia
c4_46,4,46,0.051,ameli_map,SOM,Somalia
c4_47,4,47,0.051,ameli_map,SOM,Somalia
c4_97,4,97,0.051,ameli_map,IDN,Indonesia
c4_98,4,98,0.051,ameli_map,IDN,Indonesia
c4_101,4,101,0.051,ameli_map,MYS,Malaysia
c4_102,4,102,0.051,ameli_map,MYS,Malaysia
c4_103,4,103,0.051,ameli_map,MYS,Malaysia
c4_108,4,108,0.051,ameli_map,IDN,Indonesia
c4_114,4,114,0.051,ameli_map,MYS,Malaysia
c4_115,4,115,0.051,ameli_map,MYS,Malaysia
c4_116,4,116,0.051,ameli_map,IDN,Indonesia
c4_117,4,117,0.051,ameli_map,IDN,Indonesia
c5_m77,5,-77,0.051,ameli_map,COL,Colombia
c5_m76,5,-76,0.051,ameli_map,COL,Colombia
c5_m75,5,-75,0.051,ameli_map,COL,Colombia
c5_m74,5,-74,0.051,ameli_map,COL,Colombia
c5_m73,5,-73,0.051,ameli_map,COL,Colombia
c5_m72,5,-72,0.051,ameli_map,COL,Colombia
c5_m71,5,-71,0.051,ameli_map,COL,Colombia
c5_m70,5,-70,0.051,ameli_map,COL,Colombia
c5_m69,5,-69,0.051,ameli_map,COL,Colombia
c5_m68,5,-68,0.051,ameli_map,COL,Colombia
c5_m67,5,-67,0.051,ameli_map,VEN,Venezuela
c5_m66,5,-66,0.051,ameli_map,VEN,Venezuela
c5_m65,5,-65,0.051,ameli_map,VEN,Venezuela
c5_m64,5,-64,0.051,ameli_map,VEN,Venezuela
c5_m63,5,-63,0.051,ameli_map,VEN,Venezuela
c5_m62,5,-62,0.051,ameli_map,VEN,Venezuela
c5_m61,5,-61,0.051,ameli_map,VEN,Venezuela
c5_m60,5,-60,0.051,ameli_map,BRA,Brazil
c5_m59,5,-59,0.051,ameli_map,GUY,Guyana
c5_m58,5,-58,0.051,ameli_map,GUY,Guyana
c5_m57,5,-57,0.051,ameli_map,SUR,Suriname
c5_m56,5,-56,0.051,ameli_map,SUR,Suriname
c5_m55,5,-55,0.051,ameli_map,SUR,Suriname
c5_m54,5,-54,0.04,ameli_map,GUF,French Guiana
c5_m53,5,-53,0.04,ameli_map,GUF,French Guiana
c5_m9,5,-9,0.051,ameli_map,LBR,Liberia
c5_m8,5,-8,0.051,ameli_map,LBR,Liberia
c5_m7,5,-7,0.051,ameli_map,CIV,Côte d'Ivoire
c5_m6,5,-6,0.051,ameli_map,CIV,Côte d'Ivoire
c5_m2,5,-2,0.051,ameli_map,GHA,Ghana
c5_6,5,6,0.051,ameli_map,NGA,Nigeria
c5_7,5,7,0.051,ameli_map,NGA,Nigeria
c5_8,5,8,0.051,ameli_map,NGA,Nigeria
c5_9,5,9,0.051,ameli_map,CMR,Cameroon
c5_10,5,10,0.051,ameli_map,CMR,Cameroon
c5_11,5,11,0.051,ameli_map,CMR,Cameroon
c5_12,5,12,0.051,ameli_map,CMR,Cameroon
c5_13,5,13,0.051,ameli_map,CMR,Cameroon
c5_14,5,14,0.051,ameli_map,CMR,Cameroon
c5_15,5,15,0.051,ameli_map,CAF,Central African Republic
c5_16,5,16,0.051,ameli_map,CAF,Central African Republic
c5_17,5,17,0.051,ameli_map,CAF,Central African Republic
c5_18,5,18,0.051,ameli_map,CAF,Central African Republic
c5_19,5,19,0.051,ameli_map,CAF,Central African Republic
c5_20,5,20,0.051,ameli_map,CAF,Central African Republic
c5_21,5,21,0.051,ameli_map,CAF,Central African Republic
c5_22,5,22,0.051,ameli_map,CAF,Central African Republic
c5_23,5,23,0.051,ameli_map,CAF,Central African Republic
c5_24,5,24,0.051,ameli_map,CAF,Central African Republic
c5_25,5,25,0.051,ameli_map,COD,Democratic Republic of the Congo
c5_26,5,26,0.051,ameli_map,COD,Democratic Republic of the Congo
c5_27,5,27,0.051,ameli_map,COD,Democratic Republic of the Congo
c5_28,5,28,0.051,ameli_map,SSD,South Sudan
c5_29,5,29,0.051,ameli_map,SSD,South Sudan
c5_30,5,30,0.051,ameli_map,SSD,South Sudan
c5_31,5,31,0.051,ameli_map,SSD,South Sudan
c5_32,5,32,0.051,ameli_map,SSD,South Sudan
c5_33,5,33,0.051,ameli_map,SSD,South Sudan
c5_34,5,34,0.051,ameli_map,SSD,South Sudan
c5_35,5,35,0.051,ameli_map,SSD,South Sudan
c5_36,5,36,0.051,ameli_map,ETH,Ethiopia
c5_37,5,37,0.051,ameli_map,ETH,Ethiopia
c5_38,5,38,0.051,ameli_map,ETH,Ethiopia
c5_39,5,39,0.051,ameli_map,ETH,Ethiopia
c5_40,5,40,0.051,ameli_map,ETH,Ethiopia
c5_41,5,41,0.051,ameli_map,ETH,Ethiopia
c5_42,5,42,0.051,ameli_map,ETH,Ethiopia
c5_43,5,43,0.051,ameli_map,ETH,Ethiopia
c5_44,5,44,0.051,ameli_map,ETH,Ethiopia
c5_45,5,45,0.051,ameli_map,ETH,Ethiopia
c5_46,5,46,0.051,ameli_map,SOM,Somalia
c5_47,5,47,0.051,ameli_map,SOM,Somalia
c5_48,5,48,0.051,ameli_map,SOM,Somalia
c5_96,5,96,0.051,ameli_map,IDN,Indonesia
c5_97,5,97,0.051,ameli_map,IDN,Indonesia
c5_101,5,101,0.051,ameli_map,MYS,Malaysia
c5_102,5,102,0.051,ameli_map,MYS,Malaysia
c5_103,5,103,0.051,ameli_map,MYS,Malaysia
c5_115,5,115,0.051,ameli_map,BRN,Brunei
c5_116,5,116,0.051,ameli_map,MYS,Malaysia
c5_117,5,117,0.051,ameli_map,MYS,Malaysia
c5_118,5,118,0.051,ameli_map,MYS,Malaysia
c5_120,5,120,0.051,ameli_map,PHL,Philippines
c6_m77,6,-77,0.051,ameli_map,COL,Colombia
c6_m76,6,-76,0.051,ameli_map,COL,Colombia
c6_m75,6,-75,0.051,ameli_map,COL,Colombia
c6_m74,6,-74,0.051,ameli_map,COL,Colombia
c6_m73,6,-73,0.051,ameli_map,COL,Colombia
c6_m72,6,-72,0.051,ameli_map,COL,Colombia
c6_m71,6,-71,0.051,ameli_map,COL,Colombia
c6_m70,6,-70,0.051,ameli_map,COL,Colombia
c6_m69,6,-69,0.051,ameli_map,COL,Colombia
c6_m68,6,-68,0.051,ameli_map,COL,Colombia
c6_m67,6,-67,0.051,ameli_map,VEN,Venezuela
c6_m66,6,-66,0.051,ameli_map,VEN,Venezuela
c6_m65,6,-65,0.051,ameli_map,VEN,Venezuela
c6_m64,6,-64,0.051,ameli_map,VEN,Venezuela
c6_m63,6,-63,0.051,ameli_map,VEN,Venezuela
c6_m62,6,-62,0.051,ameli_map,VEN,Venezuela
c6_m61,6,-61,0.051,ameli_map,GUY,Guyana
c6_m60,6,-60,0.051,ameli_map,GUY,Guyana
c6_m59,6,-59,0.051,ameli_map,GUY,Guyana
c6_m58,6,-58,0.051,ameli_map,GUY,Guyana
c6_m55,6,-55,0.051,ameli_map,SUR,Suriname
c6_m10,6,-10,0.051,ameli_map,LBR,Liberia
c6_m9,6,-9,0.051,ameli_map,LBR,Liberia
c6_m8,6,-8,0.051,ameli_map,LBR,Liberia
c6_m7,6,-7,0.051,ameli_map,CIV,Côte d'Ivoire
c6_m6,6,-6,0.051,ameli_map,CIV,Côte d'Ivoire
c6_m5,6,-5,0.051,ameli_map,CIV,Côte d'Ivoire
c6_m4,6,-4,0.051,ameli_map,CIV,Côte d'Ivoire
c6_m3,6,-3,0.051,ameli_map,GHA,Ghana
c6_m2,6,-2,0.051,ameli_map,GHA,Ghana
c6_m1,6,-1,0.051,ameli_map,GHA,Ghana
c6_0,6,0,0.051,ameli_map,GHA,Ghana
c6_5,6,5,0.051,ameli_map,NGA,Nigeria
c6_6,6,6,0.051,ameli_map,NGA,Nigeria
c6_7,6,7,0.051,ameli_map,NGA,Nigeria
c6_8,6,8,0.051,ameli_map,NGA,Nigeria
c6_9,6,9,0.051,ameli_map,NGA,Nigeria
c6_10,6,10,0.051,ameli_map,CMR,Cameroon
c6_11,6,11,0.051,ameli_map,CMR,Cameroon
c6_12,6,12,0.051,ameli_map,CMR,Cameroon
c6_13,6,13,0.051,ameli_map,CMR,Cameroon
c6_14,6,14,0.051,ameli_map,CMR,Cameroon
c6_15,6,15,0.051,ameli_map,CAF,Central African Republic
c6_16,6,16,0.051,ameli_map,CAF,Central African Republic
c6_17,6,17,0.051,ameli_map,CAF,Central African Republic
c6_18,6,18,0.051,ameli_map,CAF,Central African Republic
c6_19,6,19,0.051,ameli_map,CAF,Central African Republic
c6_20,6,20,0.051,ameli_map,CAF,Central African Republic
c6_21,6,21,0.051,ameli_map,CAF,Central African Republic
c6_22,6,22,0.051,ameli_map,CAF,Central African Republic
c6_23,6,23,0.051,ameli_map,CAF,Central African Republic
c6_24,6,24,0.051,ameli_map,CAF,Central African Republic
c6_25,6,25,0.051,ameli_map,CAF,Central African Republic
c6_26,6,26,0.051,ameli_map,CAF,Central African Republic
c6_27,6,27,0.051,ameli_map,SSD,South Sudan
c6_28,6,28,0.051,ameli_map,SSD,South Sudan
c6_29,6,29,0.051,ameli_map,SSD,South Sudan
c6_30,6,30,0.051,ameli_map,SSD,South Sudan
c6_31,6,31,0.051,ameli_map,SSD,South Sudan
c6_32,6,32,0.051,ameli_map,SSD,South Sudan
c6_33,6,33,0.051,ameli_map,SSD,South Sudan
c6_34,6,34,0.051,ameli_map,SSD,South Sudan
c6_35,6,35,0.051,ameli_map,SSD,South Sudan
c6_36,6,36,0.051,ameli_map,ETH,Ethiopia
c6_37,6,37,0.051,ameli_map,ETH,Ethiopia
c6_38,6,38,0.051,ameli_map,ETH,Ethiopia
c6_39,6,39,0.051,ameli_map,ETH,Ethiopia
c6_40,6,40,0.051,ameli_map,ETH,Ethiopia
c6_41,6,41,0.051,ameli_map,ETH,Ethiopia
c6_42,6,42,0.051,ameli_map,ETH,Ethiopia
c6_43,6,43,0.051,ameli_map,ETH,Ethiopia
c6_44,6,44,0.051,ameli_map,ETH,Ethiopia
c6_45,6,45,0.051,ameli_map,ETH,Ethiopia
c6_46,6,46,0.051,ameli_map,ETH,Ethiopia
c6_47,6,47,0.051,ameli_map,SOM,Somalia
c6_48,6,48,0.051,ameli_map,SOM,Somalia
c6_101,6,101,0.051,ameli_map,MYS,Malaysia
c6_102,6,102,0.051,ameli_map,MYS,Malaysia
c6_117,6,117,0.051,ameli_map,MYS,Malaysia
c6_118,6,118,0.051,ameli_map,MYS,Malaysia
c6_121,6,121,0.051,ameli_map,PHL,Philippines
c6_125,6,125,0.051,ameli_map,PHL,Philippines
c7_m77,7,-77,0.051,ameli_map,COL,Colombia
c7_m76,7,-76,0.051,ameli_map,COL,Colombia
c7_m75,7,-75,0.051,ameli_map,COL,Colombia
c7_m74,7,-74,0.051,ameli_map,COL,Colombia
c7_m73,7,-73,0.051,ameli_map,COL,Colombia
c7_m72,7,-72,0.051,ameli_map,COL,Colombia
c7_m71,7,-71,0.051,ameli_map,VEN,Venezuela
c7_m70,7,-70,0.051,ameli_map,VEN,Venezuela
c7_m69,7,-69,0.051,ameli_map,VEN,Venezuela
c7_m68,7,-68,0.051,ameli_map,VEN,Venezuela
c7_m67,7,-67,0.051,ameli_map,VEN,Venezuela
c7_m66,7,-66,0.051,ameli_map,VEN,Venezuela
c7_m65,7,-65,0.051,ameli_map,VEN,Venezuela
c7_m64,7,-64,0.051,ameli_map,VEN,Venezuela
c7_m63,7,-63,0.051,ameli_map,VEN,Venezuela
c7_m62,7,-62,0.051,ameli_map,VEN,Venezuela
c7_m61,7,-61,0.051,ameli_map,VEN,Venezuela
c7_m60,7,-60,0.051,ameli_map,GUY,Guyana
c7_m59,7,-59,0.051,ameli_map,GUY,Guyana
c7_m11,7,-11,0.051,ameli_map,LBR,Liberia
c7_m10,7,-10,0.051,ameli_map,LBR,Liberia
c7_m9,7,-9,0.051,ameli_map,LBR,Liberia
c7_m8,7,-8,0.051,ameli_map,CIV,Côte d'Ivoire
c7_m7,7,-7,0.051,ameli_map,CIV,Côte d'Ivoire
c7_m6,7,-6,0.051,ameli_map,CIV,Côte d'Ivoire
c7_m5,7,-5,0.051,ameli_map,CIV,Côte d'Ivoire
c7_m4,7,-4,0.051,ameli_map,CIV,Côte d'Ivoire
c7_m3,7,-3,0.051,ameli_map,GHA,Ghana
c7_m2,7,-2,0.051,ameli_map,GHA,Ghana
c7_m1,7,-1,0.051,ameli_map,GHA,Ghana
c7_0,7,0,0.051,ameli_map,GHA,Ghana
c7_1,7,1,0.051,ameli_map,TGO,Togo
c7_2,7,2,0.051,ameli_map,BEN,Benin
c7_3,7,3,0.051,ameli_map,NGA,Nigeria
c7_4,7,4,0.051,ameli_map,NGA,Nigeria
c7_5,7,5,0.051,ameli_map,NGA,Nigeria
c7_6,7,6,0.051,ameli_map,NGA,Nigeria
c7_7,7,7,0.051,ameli_map,NGA,Nigeria
c7_8,7,8,0.051,ameli_map,NGA,Nigeria
c7_9,7,9,0.051,ameli_map,NGA,Nigeria
c7_10,7,10,0.051,ameli_map,NGA,Nigeria
c7_11,7,11,0.051,ameli_map,NGA,Nigeria
c7_12,7,12,0.051,ameli_map,CMR,Cameroon
c7_13,7,13,0.051,ameli_map,CMR,Cameroon
c7_14,7,14,0.051,ameli_map,CMR,Cameroon
c7_15,7,15,0.051,ameli_map,CMR,Cameroon
c7_16,7,16,0.051,ameli_map,CAF,Central African Republic
c7_17,7,17,0.051,ameli_map,CAF,Central African Republic
c7_18,7,18,0.051,ameli_map,CAF,Central African Republic
c7_19,7,19,0.051,ameli_map,CAF,Central African Republic
c7_20,7,20,0.051,ameli_map,CAF,Central African Republic
c7_21,7,21,0.051,ameli_map,CAF,Central African Republic
c7_22,7,22,0.051,ameli_map,CAF,Central African Republic
c7_23,7,23,0.051,ameli_map,CAF,Central African Republic
c7_24,7,24,0.051,ameli_map,CAF,Central African Republic
c7_25,7,25,0.051,ameli_map,CAF,Central African Republic
c7_26,7,26,0.051,ameli_map,CAF,Central African Republic
c7_27,7,27,0.051,ameli_map,SSD,South Sudan
c7_28,7,28,0.051,ameli_map,SSD,South Sudan
c7_29,7,29,0.051,ameli_map,SSD,South Sudan
c7_30,7,30,0.051,ameli_map,SSD,South Sudan
c7_31,7,31,0.051,ameli_map,SSD,South Sudan
c7_32,7,32,0.051,ameli_map,SSD,South Sudan
c7_33,7,33,0.051,ameli_map,SSD,South Sudan
c7_34,7,34,0.051,ameli_map,SSD,South Sudan
c7_35,7,35,0.051,ameli_map,ETH,Ethiopia
c7_36,7,36,0.051,ameli_map,ETH,Ethiopia
c7_37,7,37,0.051,ameli_map,ETH,Ethiopia
c7_38,7,38,0.051,ameli_map,ETH,Ethiopia
c7_39,7,39,0.051,ameli_map,ETH,Ethiopia
c7_40,7,40,0.051,ameli_map,ETH,Ethiopia
c7_41,7,41,0.051,ameli_map,ETH,Ethiopia
c7_42,7,42,0.051,ameli_map,ETH,Ethiopia
c7_43,7,43,0.051,ameli_map,ETH,Ethiopia
c7_44,7,44,0.051,ameli_map,ETH,Ethiopia
c7_45,7,45,0.051,ameli_map,ETH,Ethiopia
c7_46,7,46,0.051,ameli_map,ETH,Ethiopia
c7_47,7,47,0.051,ameli_map,SOM,Somalia
c7_48,7,48,0.051,ameli_map,SOM,Somalia
c7_49,7,49,0.051,ameli_map,SOM,Somalia
c7_73,7,73,0.051,default_5.1,MDV,Maldives
c7_80,7,80,0.051,ameli_map,LKA,Sri Lanka
c7_81,7,81,0.051,ameli_map,LKA,Sri Lanka
c7_100,7,100,0.051,ameli_map,THA,Thailand
c7_122,7,122,0.051,ameli_map,PHL,Philippines
c7_124,7,124,0.051,ameli_map,PHL,Philippines
c7_125,7,125,0.051,ameli_map,PHL,Philippines
c7_126,7,126,0.051,ameli_map,PHL,Philippines
c8_m81,8,-81,0.051,ameli_map,PAN,Panama
c8_m78,8,-78,0.051,ameli_map,PAN,Panama
c8_m77,8,-77,0.051,ameli_map,COL,Colombia
c8_m76,8,-76,0.051,ameli_map,COL,Colombia
c8_m75,8,-75,0.051,ameli_map,COL,Colombia
c8_m74,8,-74,0.051,ameli_map,COL,Colombia
c8_m73,8,-73,0.051,ameli_map,COL,Colombia
c8_m72,8,-72,0.051,ameli_map,VEN,Venezuela
c8_m71,8,-71,0.051,ameli_map,VEN,Venezuela
c8_m70,8,-70,0.051,ameli_map,VEN,Venezuela
c8_m69,8,-69,0.051,ameli_map,VEN,Venezuela
c8_m68,8,-68,0.051,ameli_map,VEN,Venezuela
c8_m67,8,-67,0.051,ameli_map,VEN,Venezuela
c8_m66,8,-66,0.051,ameli_map,VEN,Venezuela
c8_m65,8,-65,0.051,ameli_map,VEN,Venezuela
c8_m64,8,-64,0.051,ameli_map,VEN,Venezuela
c8_m63,8,-63,0.051,ameli_map,VEN,Venezuela
c8_m62,8,-62,0.051,ameli_map,VEN,Venezuela
c8_m61,8,-61,0.051,ameli_map,VEN,Venezuela
c8_m60,8,-60,0.051,ameli_map,GUY,Guyana
c8_m12,8,-12,0.051,ameli_map,SLE,Sierra Leone
c8_m11,8,-11,0.051,ameli_map,SLE,Sierra Leone
c8_m10,8,-10,0.051,ameli_map,LBR,Liberia
c8_m9,8,-9,0.051,ameli_map,GIN,Guinea
c8_m8,8,-8,0.051,ameli_map,CIV,Côte d'Ivoire
c8_m7,8,-7,0.051,ameli_map,CIV,Côte d'Ivoire
c8_m6,8,-6,0.051,ameli_map,CIV,Côte d'Ivoire
c8_m5,8,-5,0.051,ameli_map,CIV,Côte d'Ivoire
c8_m4,8,-4,0.051,ameli_map,CIV,Côte d'Ivoire
c8_m3,8,-3,0.051,ameli_map,CIV,Côte d'Ivoire
c8_m2,8,-2,0.051,ameli_map,GHA,Ghana
c8_m1,8,-1,0.051,ameli_map,GHA,Ghana
c8_0,8,0,0.051,ameli_map,GHA,Ghana
c8_1,8,1,0.051,ameli_map,TGO,Togo
c8_2,8,2,0.051,ameli_map,BEN,Benin
c8_3,8,3,0.051,ameli_map,NGA,Nigeria
c8_4,8,4,0.051,ameli_map,NGA,Nigeria
c8_5,8,5,0.051,ameli_map,NGA,Nigeria
c8_6,8,6,0.051,ameli_map,NGA,Nigeria
c8_7,8,7,0.051,ameli_map,NGA,Nigeria
c8_8,8,8,0.051,ameli_map,NGA,Nigeria
c8_9,8,9,0.051,ameli_map,NGA,Nigeria
c8_10,8,10,0.051,ameli_map,NGA,Nigeria
c8_11,8,11,0.051,ameli_map,NGA,Nigeria
c8_12,8,12,0.051,ameli_map,NGA,Nigeria
c8_13,8,13,0.051,ameli_map,CMR,Cameroon
c8_14,8,14,0.051,ameli_map,CMR,Cameroon
c8_15,8,15,0.051,ameli_map,CMR,Cameroon
c8_16,8,16,0.051,ameli_map,TCD,Chad
c8_17,8,17,0.051,ameli_map,TCD,Chad
c8_18,8,18,0.051,ameli_map,TCD,Chad
c8_19,8,19,0.051,ameli_map,CAF,Central African Republic
c8_20,8,20,0.051,ameli_map,CAF,Central African Republic
c8_21,8,21,0.051,ameli_map,CAF,Central African Republic
c8_22,8,22,0.051,ameli_map,CAF,Central African Republic
c8_23,8,23,0.051,ameli_map,CAF,Central African Republic
c8_24,8,24,0.051,ameli_map,CAF,Central African Republic
c8_25,8,25,0.051,ameli_map,SSD,South Sudan
c8_26,8,26,0.051,ameli_map,SSD,South Sudan
c8_27,8,27,0.051,ameli_map,SSD,South Sudan
c8_28,8,28,0.051,ameli_map,SSD,South Sudan
c8_29,8,29,0.051,ameli_map,SSD,South Sudan
c8_30,8,30,0.051,ameli_map,SSD,South Sudan
c8_31,8,31,0.051,ameli_map,SSD,South Sudan
c8_32,8,32,0.051,ameli_map,SSD,South Sudan
c8_33,8,33,0.051,ameli_map,SSD,South Sudan
c8_34,8,34,0.051,ameli_map,ETH,Ethiopia
c8_35,8,35,0.051,ameli_map,ETH,Ethiopia
c8_36,8,36,0.051,ameli_map,ETH,Ethiopia
c8_37,8,37,0.051,ameli_map,ETH,Ethiopia
c8_38,8,38,0.051,ameli_map,ETH,Ethiopia
c8_39,8,39,0.051,ameli_map,ETH,Ethiopia
c8_40,8,40,0.051,ameli_map,ETH,Ethiopia
c8_41,8,41,0.051,ameli_map,ETH,Ethiopia
c8_42,8,42,0.051,ameli_map,ETH,Ethiopia
c8_43,8,43,0.051,ameli_map,ETH,Ethiopia
c8_44,8,44,0.051,ameli_map,ETH,Ethiopia
c8_45,8,45,0.051,ameli_map,ETH,Ethiopia
c8_46,8,46,0.051,ameli_map,ETH,Ethiopia
c8_47,8,47,0.051,ameli_map,SOM,Somalia
c8_48,8,48,0.051,ameli_map,SOM,Somalia
c8_49,8,49,0.051,ameli_map,SOM,Somalia
c8_80,8,80,0.051,ameli_map,LKA,Sri Lanka
c8_81,8,81,0.051,ameli_map,LKA,Sri Lanka
c8_99,8,99,0.051,ameli_map,THA,Thailand
c8_100,8,100,0.051,ameli_map,THA,Thailand
c8_117,8,117,0.051,ameli_map,PHL,Philippines
c8_123,8,123,0.051,ameli_map,PHL,Philippines
c8_124,8,124,0.051,ameli_map,PHL,Philippines
c8_125,8,125,0.051,ameli_map,PHL,Philippines
c8_126,8,126,0.051,ameli_map,PHL,Philippines
c9_m83,9,-83,0.051,ameli_map,CRI,Costa Rica
c9_m80,9,-80,0.051,ameli_map,PAN,Panama
c9_m79,9,-79,0.051,ameli_map,PAN,Panama
c9_m78,9,-78,0.051,ameli_map,PAN,Panama
c9_m76,9,-76,0.051,ameli_map,COL,Colombia
c9_m75,9,-75,0.051,ameli_map,COL,Colombia
c9_m74,9,-74,0.051,ameli_map,COL,Colombia
c9_m73,9,-73,0.051,ameli_map,COL,Colombia
c9_m72,9,-72,0.051,ameli_map,VEN,Venezuela
c9_m71,9,-71,0.051,ameli_map,VEN,Venezuela
c9_m70,9,-70,0.051,ameli_map,VEN,Venezuela
c9_m69,9,-69,0.051,ameli_map,VEN,Venezuela
c9_m68,9,-68,0.051,ameli_map,VEN,Venezuela
c9_m67,9,-67,0.051,ameli_map,VEN,Venezuela
c9_m66,9,-66,0.051,ameli_map,VEN,Venezuela
c9_m65,9,-65,0.051,ameli_map,VEN,Venezuela
c9_m64,9,-64,0.051,ameli_map,VEN,Venezuela
c9_m63,9,-63,0.051,ameli_map,VEN,Venezuela
c9_m62,9,-62,0.051,ameli_map,VEN,Venezuela
c9_m61,9,-61,0.051,ameli_map,VEN,Venezuela
c9_m13,9,-13,0.051,ameli_map,SLE,Sierra Leone
c9_m12,9,-12,0.051,ameli_map,SLE,Sierra Leone
c9_m11,9,-11,0.051,ameli_map,SLE,Sierra Leone
c9_m10,9,-10,0.051,ameli_map,GIN,Guinea
c9_m9,9,-9,0.051,ameli_map,GIN,Guinea
c9_m8,9,-8,0.051,ameli_map,GIN,Guinea
c9_m7,9,-7,0.051,ameli_map,CIV,Côte d'Ivoire
c9_m6,9,-6,0.051,ameli_map,CIV,Côte d'Ivoire
c9_m5,9,-5,0.051,ameli_map,CIV,Côte d'Ivoire
c9_m4,9,-4,0.051,ameli_map,CIV,Côte d'Ivoire
c9_m3,9,-3,0.051,ameli_map,CIV,Côte d'Ivoire
c9_m2,9,-2,0.051,ameli_map,GHA,Ghana
c9_m1,9,-1,0.051,ameli_map,GHA,Ghana
c9_0,9,0,0.051,ameli_map,GHA,Ghana
c9_1,9,1,0.051,ameli_map,TGO,Togo
c9_2,9,2,0.051,ameli_map,BEN,Benin
c9_3,9,3,0.051,ameli_map,NGA,Nigeria
c9_4,9,4,0.051,ameli_map,NGA,Nigeria
c9_5,9,5,0.051,ameli_map,NGA,Nigeria
c9_6,9,6,0.051,ameli_map,NGA,Nigeria
c9_7,9,7,0.051,ameli_map,NGA,Nigeria
c9_8,9,8,0.051,ameli_map,NGA,Nigeria
c9_9,9,9,0.051,ameli_map,NGA,Nigeria
c9_10,9,10,0.051,ameli_map,NGA,Nigeria
c9_11,9,11,0.051,ameli_map,NGA,Nigeria
c9_12,9,12,0.051,ameli_map,NGA,Nigeria
c9_13,9,13,0.051,ameli_map,CMR,Cameroon
c9_14,9,14,0.051,ameli_map,CMR,Cameroon
c9_15,9,15,0.051,ameli_map,TCD,Chad
c9_16,9,16,0.051,ameli_map,TCD,Chad
c9_17,9,17,0.051,ameli_map,TCD,Chad
c9_18,9,18,0.051,ameli_map,TCD,Chad
c9_19,9,19,0.051,ameli_map,TCD,Chad
c9_20,9,20,0.051,ameli_map,CAF,Central African Republic
c9_21,9,21,0.051,ameli_map,CAF,Central African Republic
c9_22,9,22,0.051,ameli_map,CAF,Central African Republic
c9_23,9,23,0.051,ameli_map,CAF,Central African Republic
c9_24,9,24,0.051,ameli_map,SDN,Sudan
c9_25,9,25,0.051,ameli_map,SSD,South Sudan
c9_26,9,26,0.051,ameli_map,SSD,South Sudan
c9_27,9,27,0.051,ameli_map,SSD,South Sudan
c9_28,9,28,0.051,ameli_map,SSD,South Sudan
c9_29,9,29,0.051,ameli_map,SSD,South Sudan
c9_30,9,30,0.051,ameli_map,SSD,South Sudan
c9_31,9,31,0.051,ameli_map,SSD,South Sudan
c9_32,9,32,0.051,ameli_map,SSD,South Sudan
c9_33,9,33,0.051,ameli_map,SSD,South Sudan
c9_34,9,34,0.051,ameli_map,SSD,South Sudan
c9_35,9,35,0.051,ameli_map,ETH,Ethiopia
c9_36,9,36,0.051,ameli_map,ETH,Ethiopia
c9_37,9,37,0.051,ameli_map,ETH,Ethiopia
c9_38,9,38,0.051,ameli_map,ETH,Ethiopia
c9_39,9,39,0.051,ameli_map,ETH,Ethiopia
c9_40,9,40,0.051,ameli_map,ETH,Ethiopia
c9_41,9,41,0.051,ameli_map,ETH,Ethiopia
c9_42,9,42,0.051,ameli_map,ETH,Ethiopia
c9_43,9,43,0.051,ameli_map,ETH,Ethiopia
c9_44,9,44,0.051,ameli_map,ETH,Ethiopia
c9_45,9,45,0.051,ameli_map,SOM,Somalia
c9_46,9,46,0.051,ameli_map,SOM,Somalia
c9_47,9,47,0.051,ameli_map,SOM,Somalia
c9_48,9,48,0.051,ameli_map,SOM,Somalia
c9_49,9,49,0.051,ameli_map,SOM,Somalia
c9_50,9,50,0.051,ameli_map,SOM,Somalia
c9_77,9,77,0.051,ameli_map,IND,India
c9_78,9,78,0.051,ameli_map,IND,India
c9_99,9,99,0.051,ameli_map,THA,Thailand
c9_105,9,105,0.051,ameli_map,VNM,Vietnam
c9_118,9,118,0.051,ameli_map,PHL,Philippines
c9_126,9,126,0.051,ameli_map,PHL,Philippines
c10_m85,10,-85,0.051,ameli_map,CRI,Costa Rica
c10_m84,10,-84,0.051,ameli_map,CRI,Costa Rica
c10_m75,10,-75,0.051,ameli_map,COL,Colombia
c10_m74,10,-74,0.051,ameli_map,COL,Colombia
c10_m73,10,-73,0.051,ameli_map,COL,Colombia
c10_m71,10,-71,0.051,ameli_map,VEN,Venezuela
c10_m70,10,-70,0.051,ameli_map,VEN,Venezuela
c10_m69,10,-69,0.051,ameli_map,VEN,Venezuela
c10_m68,10,-68,0.051,ameli_map,VEN,Venezuela
c10_m67,10,-67,0.051,ameli_map,VEN,Venezuela
c10_m66,10,-66,0.051,ameli_map,VEN,Venezuela
c10_m65,10,-65,0.051,ameli_map,VEN,Venezuela
c10_m64,10,-64,0.051,ameli_map,VEN,Venezuela
c10_m63,10,-63,0.051,ameli_map,VEN,Venezuela
c10_m14,10,-14,0.051,ameli_map,GIN,Guinea
c10_m13,10,-13,0.051,ameli_map,GIN,Guinea
c10_m12,10,-12,0.051,ameli_map,GIN,Guinea
c10_m11,10,-11,0.051,ameli_map,GIN,Guinea
c10_m10,10,-10,0.051,ameli_map,GIN,Guinea
c10_m9,10,-9,0.051,ameli_map,GIN,Guinea
c10_m8,10,-8,0.051,ameli_map,CIV,Côte d'Ivoire
c10_m7,10,-7,0.051,ameli_map,CIV,Côte d'Ivoire
c10_m6,10,-6,0.051,ameli_map,CIV,Côte d'Ivoire
c10_m5,10,-5,0.051,ameli_map,CIV,Côte d'Ivoire
c10_m4,10,-4,0.051,ameli_map,BFA,Burkina Faso
c10_m3,10,-3,0.051,ameli_map,BFA,Burkina Faso
c10_m2,10,-2,0.051,ameli_map,GHA,Ghana
c10_m1,10,-1,0.051,ameli_map,GHA,Ghana
c10_0,10,0,0.051,ameli_map,GHA,Ghana
c10_1,10,1,0.051,ameli_map,TGO,Togo
c10_2,10,2,0.051,ameli_map,BEN,Benin
c10_3,10,3,0.051,ameli_map,BEN,Benin
c10_4,10,4,0.051,ameli_map,NGA,Nigeria
c10_5,10,5,0.051,ameli_map,NGA,Nigeria
c10_6,10,6,0.051,ameli_map,NGA,Nigeria
c10_7,10,7,0.051,ameli_map,NGA,Nigeria
c10_8,10,8,0.051,ameli_map,NGA,Nigeria
c10_9,10,9,0.051,ameli_map,NGA,Nigeria
c10_10,10,10,0.051,ameli_map,NGA,Nigeria
c10_11,10,11,0.051,ameli_map,NGA,Nigeria
c10_12,10,12,0.051,ameli_map,NGA,Nigeria
c10_13,10,13,0.051,ameli_map,NGA,Nigeria
c10_14,10,14,0.051,ameli_map,CMR,Cameroon
c10_15,10,15,0.051,ameli_map,CMR,Cameroon
c10_16,10,16,0.051,ameli_map,TCD,Chad
c10_17,10,17,0.051,ameli_map,TCD,Chad
c10_18,10,18,0.051,ameli_map,TCD,Chad
c10_19,10,19,0.051,ameli_map,TCD,Chad
c10_20,10,20,0.051,ameli_map,TCD,Chad
c10_21,10,21,0.051,ameli_map,TCD,Chad
c10_22,10,22,0.051,ameli_map,CAF,Central African Republic
c10_23,10,23,0.051,ameli_map,CAF,Central African Republic
c10_24,10,24,0.051,ameli_map,SDN,Sudan
c10_25,10,25,0.051,ameli_map,SSD,South Sudan
c10_26,10,26,0.051,ameli_map,SSD,South Sudan
c10_27,10,27,0.051,ameli_map,SDN,Sudan
c10_28,10,28,0.051,ameli_map,SDN,Sudan
c10_29,10,29,0.051,ameli_map,SDN,Sudan
c10_30,10,30,0.051,ameli_map,SSD,South Sudan
c10_31,10,31,0.051,ameli_map,SDN,Sudan
c10_32,10,32,0.051,ameli_map,SSD,South Sudan
c10_33,10,33,0.051,ameli_map,SSD,South Sudan
c10_34,10,34,0.051,ameli_map,SDN,Sudan
c10_35,10,35,0.051,ameli_map,ETH,Ethiopia
c10_36,10,36,0.051,ameli_map,ETH,Ethiopia
c10_37,10,37,0.051,ameli_map,ETH,Ethiopia
c10_38,10,38,0.051,ameli_map,ETH,Ethiopia
c10_39,10,39,0.051,ameli_map,ETH,Ethiopia
c10_40,10,40,0.051,ameli_map,ETH,Ethiopia
c10_41,10,41,0.051,ameli_map,ETH,Ethiopia
c10_42,10,42,0.051,ameli_map,ETH,Ethiopia
c10_43,10,43,0.051,ameli_map,ETH,Ethiopia
c10_44,10,44,0.051,ameli_map,SOM,Somalia
c10_45,10,45,0.051,ameli_map,SOM,Somalia
c10_46,10,46,0.051,ameli_map,SOM,Somalia
c10_47,10,47,0.051,ameli_map,SOM,Somalia
c10_48,10,48,0.051,ameli_map,SOM,Somalia
c10_49,10,49,0.051,ameli_map,SOM,Somalia
c10_50,10,50,0.051,ameli_map,SOM,Somalia
c10_77,10,77,0.051,ameli_map,IND,India
c10_78,10,78,0.051,ameli_map,IND,India
c10_79,10,79,0.051,ameli_map,IND,India
c10_99,10,99,0.051,ameli_map,THA,Thailand
c10_106,10,106,0.051,ameli_map,VNM,Vietnam
c10_119,10,119,0.051,ameli_map,PHL,Philippines
c10_123,10,123,0.051,ameli_map,PHL,Philippines
c11_m85,11,-85,0.051,ameli_map,NIC,Nicaragua
c11_m84,11,-84,0.051,ameli_map,NIC,Nicaragua
c11_m74,11,-74,0.051,ameli_map,COL,Colombia
c11_m73,11,-73,0.051,ameli_map,COL,Colombia
c11_m72,11,-72,0.051,ameli_map,VEN,Venezuela
c11_m71,11,-71,0.051,ameli_map,VEN,Venezuela
c11_m70,11,-70,0.051,ameli_map,VEN,Venezuela
c11_m69,11,-69,0.051,ameli_map,VEN,Venezuela
c11_m64,11,-64,0.051,ameli_map,VEN,Venezuela
c11_m15,11,-15,0.051,ameli_map,GNB,Guinea-Bissau
c11_m14,11,-14,0.051,ameli_map,GIN,Guinea
c11_m13,11,-13,0.051,ameli_map,GIN,Guinea
c11_m12,11,-12,0.051,ameli_map,GIN,Guinea
c11_m11,11,-11,0.051,ameli_map,GIN,Guinea
c11_m10,11,-10,0.051,ameli_map,GIN,Guinea
c11_m9,11,-9,0.051,ameli_map,GIN,Guinea
c11_m8,11,-8,0.051,ameli_map,MLI,Mali
c11_m7,11,-7,0.051,ameli_map,MLI,Mali
c11_m6,11,-6,0.051,ameli_map,MLI,Mali
c11_m5,11,-5,0.051,ameli_map,BFA,Burkina Faso
c11_m4,11,-4,0.051,ameli_map,BFA,Burkina Faso
c11_m3,11,-3,0.051,ameli_map,BFA,Burkina Faso
c11_m2,11,-2,0.051,ameli_map,BFA,Burkina Faso
c11_m1,11,-1,0.051,ameli_map,BFA,Burkina Faso
c11_0,11,0,0.051,ameli_map,GHA,Ghana
c11_1,11,1,0.051,ameli_map,BEN,Benin
c11_2,11,2,0.051,ameli_map,BEN,Benin
c11_3,11,3,0.051,ameli_map,BEN,Benin
c11_4,11,4,0.051,ameli_map,NGA,Nigeria
c11_5,11,5,0.051,ameli_map,NGA,Nigeria
c11_6,11,6,0.051,ameli_map,NGA,Nigeria
c11_7,11,7,0.051,ameli_map,NGA,Nigeria
c11_8,11,8,0.051,ameli_map,NGA,Nigeria
c11_9,11,9,0.051,ameli_map,NGA,Nigeria
c11_10,11,10,0.051,ameli_map,NGA,Nigeria
c11_11,11,11,0.051,ameli_map,NGA,Nigeria
c11_12,11,12,0.051,ameli_map,NGA,Nigeria
c11_13,11,13,0.051,ameli_map,NGA,Nigeria
c11_14,11,14,0.051,ameli_map,CMR,Cameroon
c11_15,11,15,0.051,ameli_map,CMR,Cameroon
c11_16,11,16,0.051,ameli_map,TCD,Chad
c11_17,11,17,0.051,ameli_map,TCD,Chad
c11_18,11,18,0.051,ameli_map,TCD,Chad
c11_19,11,19,0.051,ameli_map,TCD,Chad
c11_20,11,20,0.051,ameli_map,TCD,Chad
c11_21,11,21,0.051,ameli_map,TCD,Chad
c11_22,11,22,0.051,ameli_map,TCD,Chad
c11_23,11,23,0.051,ameli_map,SDN,Sudan
c11_24,11,24,0.051,ameli_map,SDN,Sudan
c11_25,11,25,0.051,ameli_map,SDN,Sudan
c11_26,11,26,0.051,ameli_map,SDN,Sudan
c11_27,11,27,0.051,ameli_map,SDN,Sudan
c11_28,11,28,0.051,ameli_map,SDN,Sudan
c11_29,11,29,0.051,ameli_map,SDN,Sudan
c11_30,11,30,0.051,ameli_map,SDN,Sudan
c11_31,11,31,0.051,ameli_map,SDN,Sudan
c11_32,11,32,0.051,ameli_map,SDN,Sudan
c11_33,11,33,0.051,ameli_map,SSD,South Sudan
c11_34,11,34,0.051,ameli_map,SDN,Sudan
c11_35,11,35,0.051,ameli_map,ETH,Ethiopia
c11_36,11,36,0.051,ameli_map,ETH,Ethiopia
c11_37,11,37,0.051,ameli_map,ETH,Ethiopia
c11_38,11,38,0.051,ameli_map,ETH,Ethiopia
c11_39,11,39,0.051,ameli_map,ETH,Ethiopia
c11_40,11,40,0.051,ameli_map,ETH,Ethiopia
c11_41,11,41,0.051,ameli_map,ETH,Ethiopia
c11_42,11,42,0.051,ameli_map,DJI,Djibouti
c11_43,11,43,0.051,ameli_map,SOM,Somalia
c11_48,11,48,0.051,ameli_map,SOM,Somalia
c11_49,11,49,0.051,ameli_map,SOM,Somalia
c11_50,11,50,0.051,ameli_map,SOM,Somalia
c11_51,11,51,0.051,ameli_map,SOM,Somalia
c11_76,11,76,0.051,ameli_map,IND,India
c11_77,11,77,0.051,ameli_map,IND,India
c11_78,11,78,0.051,ameli_map,IND,India
c11_79,11,79,0.051,ameli_map,IND,India
c11_99,11,99,0.051,ameli_map,MMR,Myanmar
c11_104,11,104,0.051,ameli_map,KHM,Cambodia
c11_105,11,105,0.051,ameli_map,KHM,Cambodia
c11_106,11,106,0.051,ameli_map,KHM,Cambodia
c11_107,11,107,0.051,ameli_map,VNM,Vietnam
c11_108,11,108,0.051,ameli_map,VNM,Vietnam
c11_124,11,124,0.051,ameli_map,PHL,Philippines
c11_125,11,125,0.051,ameli_map,PHL,Philippines
c12_m86,12,-86,0.051,ameli_map,NIC,Nicaragua
c12_m85,12,-85,0.051,ameli_map,NIC,Nicaragua
c12_m84,12,-84,0.051,ameli_map,NIC,Nicaragua
c12_m72,12,-72,0.051,ameli_map,COL,Colombia
c12_m70,12,-70,0.051,ameli_map,VEN,Venezuela
c12_m16,12,-16,0.051,ameli_map,GNB,Guinea-Bissau
c12_m15,12,-15,0.051,ameli_map,GNB,Guinea-Bissau
c12_m14,12,-14,0.051,ameli_map,GNB,Guinea-Bissau
c12_m13,12,-13,0.051,ameli_map,GIN,Guinea
c12_m12,12,-12,0.051,ameli_map,GIN,Guinea
c12_m11,12,-11,0.051,ameli_map,GIN,Guinea
c12_m10,12,-10,0.051,ameli_map,GIN,Guinea
c12_m9,12,-9,0.051,ameli_map,GIN,Guinea
c12_m8,12,-8,0.051,ameli_map,MLI,Mali
c12_m7,12,-7,0.051,ameli_map,MLI,Mali
c12_m6,12,-6,0.051,ameli_map,MLI,Mali
c12_m5,12,-5,0.051,ameli_map,MLI,Mali
c12_m4,12,-4,0.051,ameli_map,BFA,Burkina Faso
c12_m3,12,-3,0.051,ameli_map,BFA,Burkina Faso
c12_m2,12,-2,0.051,ameli_map,BFA,Burkina Faso
c12_m1,12,-1,0.051,ameli_map,BFA,Burkina Faso
c12_0,12,0,0.051,ameli_map,BFA,Burkina Faso
c12_1,12,1,0.051,ameli_map,BFA,Burkina Faso
c12_2,12,2,0.051,ameli_map,BFA,Burkina Faso
c12_3,12,3,0.051,ameli_map,BEN,Benin
c12_4,12,4,0.051,ameli_map,NGA,Nigeria
c12_5,12,5,0.051,ameli_map,NGA,Nigeria
c12_6,12,6,0.051,ameli_map,NGA,Nigeria
c12_7,12,7,0.051,ameli_map,NGA,Nigeria
c12_8,12,8,0.051,ameli_map,NGA,Nigeria
c12_9,12,9,0.051,ameli_map,NGA,Nigeria
c12_10,12,10,0.051,ameli_map,NGA,Nigeria
c12_11,12,11,0.051,ameli_map,NGA,Nigeria
c12_12,12,12,0.051,ameli_map,NGA,Nigeria
c12_13,12,13,0.051,ameli_map,NGA,Nigeria
c12_14,12,14,0.051,ameli_map,NGA,Nigeria
c12_15,12,15,0.051,ameli_map,CMR,Cameroon
c12_16,12,16,0.051,ameli_map,TCD,Chad
c12_17,12,17,0.051,ameli_map,TCD,Chad
c12_18,12,18,0.051,ameli_map,TCD,Chad
c12_19,12,19,0.051,ameli_map,TCD,Chad
c12_20,12,20,0.051,ameli_map,TCD,Chad
c12_21,12,21,0.051,ameli_map,TCD,Chad
c12_22,12,22,0.051,ameli_map,TCD,Chad
c12_23,12,23,0.051,ameli_map,SDN,Sudan
c12_24,12,24,0.051,ameli_map,SDN,Sudan
c12_25,12,25,0.051,ameli_map,SDN,Sudan
c12_26,12,26,0.051,ameli_map,SDN,Sudan
c12_27,12,27,0.051,ameli_map,SDN,Sudan
c12_28,12,28,0.051,ameli_map,SDN,Sudan
c12_29,12,29,0.051,ameli_map,SDN,Sudan
c12_30,12,30,0.051,ameli_map,SDN,Sudan
c12_31,12,31,0.051,ameli_map,SDN,Sudan
c12_32,12,32,0.051,ameli_map,SDN,Sudan
c12_33,12,33,0.051,ameli_map,SSD,South Sudan
c12_34,12,34,0.051,ameli_map,SDN,Sudan
c12_35,12,35,0.051,ameli_map,SDN,Sudan
c12_36,12,36,0.051,ameli_map,ETH,Ethiopia
c12_37,12,37,0.051,ameli_map,ETH,Ethiopia
c12_38,12,38,0.051,ameli_map,ETH,Ethiopia
c12_39,12,39,0.051,ameli_map,ETH,Ethiopia
c12_40,12,40,0.051,ameli_map,ETH,Ethiopia
c12_41,12,41,0.051,ameli_map,ETH,Ethiopia
c12_42,12,42,0.051,ameli_map,ETH,Ethiopia
c12_43,12,43,0.051,ameli_map,DJI,Djibouti
c12_76,12,76,0.051,ameli_map,IND,India
c12_77,12,77,0.051,ameli_map,IND,India
c12_78,12,78,0.051,ameli_map,IND,India
c12_79,12,79,0.051,ameli_map,IND,India
c12_93,12,93,0.051,ameli_map,IND,India
c12_98,12,98,0.051,ameli_map,MMR,Myanmar
c12_99,12,99,0.051,ameli_map,MMR,Myanmar
c12_103,12,103,0.051,ameli_map,KHM,Cambodia
c12_104,12,104,0.051,ameli_map,KHM,Cambodia
c12_105,12,105,0.051,ameli_map,KHM,Cambodia
c12_106,12,106,0.051,ameli_map,KHM,Cambodia
c12_107,12,107,0.051,ameli_map,VNM,Vietnam
c12_108,12,108,0.051,ameli_map,VNM,Vietnam
c12_109,12,109,0.051,ameli_map,VNM,Vietnam
c12_120,12,120,0.051,ameli_map,PHL,Philippines
c12_124,12,124,0.051,ameli_map,PHL,Philippines
c12_125,12,125,0.051,ameli_map,PHL,Philippines
c13_m87,13,-87,0.051,ameli_map,NIC,Nicaragua
c13_m86,13,-86,0.051,ameli_map,NIC,Nicaragua
c13_m85,13,-85,0.051,ameli_map,NIC,Nicaragua
c13_m84,13,-84,0.051,ameli_map,NIC,Nicaragua
c13_m16,13,-16,0.051,ameli_map,SEN,Senegal
c13_m15,13,-15,0.051,ameli_map,SEN,Senegal
c13_m14,13,-14,0.051,ameli_map,SEN,Senegal
c13_m13,13,-13,0.051,ameli_map,SEN,Senegal
c13_m12,13,-12,0.051,ameli_map,SEN,Senegal
c13_m11,13,-11,0.051,ameli_map,MLI,Mali
c13_m10,13,-10,0.051,ameli_map,MLI,Mali
c13_m9,13,-9,0.051,ameli_map,MLI,Mali
c13_m8,13,-8,0.051,ameli_map,MLI,Mali
c13_m7,13,-7,0.051,ameli_map,MLI,Mali
c13_m6,13,-6,0.051,ameli_map,MLI,Mali
c13_m5,13,-5,0.051,ameli_map,MLI,Mali
c13_m4,13,-4,0.051,ameli_map,BFA,Burkina Faso
c13_m3,13,-3,0.051,ameli_map,BFA,Burkina Faso
c13_m2,13,-2,0.051,ameli_map,BFA,Burkina Faso
c13_m1,13,-1,0.051,ameli_map,BFA,Burkina Faso
c13_0,13,0,0.051,ameli_map,BFA,Burkina Faso
c13_1,13,1,0.051,ameli_map,NER,Niger
c13_2,13,2,0.051,ameli_map,NER,Niger
c13_3,13,3,0.051,ameli_map,NER,Niger
c13_4,13,4,0.051,ameli_map,NER,Niger
c13_5,13,5,0.051,ameli_map,NGA,Nigeria
c13_6,13,6,0.051,ameli_map,NGA,Nigeria
c13_7,13,7,0.051,ameli_map,NER,Niger
c13_8,13,8,0.051,ameli_map,NGA,Nigeria
c13_9,13,9,0.051,ameli_map,NER,Niger
c13_10,13,10,0.051,ameli_map,NGA,Nigeria
c13_11,13,11,0.051,ameli_map,NGA,Nigeria
c13_12,13,12,0.051,ameli_map,NGA,Nigeria
c13_13,13,13,0.051,ameli_map,NGA,Nigeria
c13_14,13,14,0.051,ameli_map,NGA,Nigeria
c13_15,13,15,0.051,ameli_map,TCD,Chad
c13_16,13,16,0.051,ameli_map,TCD,Chad
c13_17,13,17,0.051,ameli_map,TCD,Chad
c13_18,13,18,0.051,ameli_map,TCD,Chad
c13_19,13,19,0.051,ameli_map,TCD,Chad
c13_20,13,20,0.051,ameli_map,TCD,Chad
c13_21,13,21,0.051,ameli_map,TCD,Chad
c13_22,13,22,0.051,ameli_map,SDN,Sudan
c13_23,13,23,0.051,ameli_map,SDN,Sudan
c13_24,13,24,0.051,ameli_map,SDN,Sudan
c13_25,13,25,0.051,ameli_map,SDN,Sudan
c13_26,13,26,0.051,ameli_map,SDN,Sudan
c13_27,13,27,0.051,ameli_map,SDN,Sudan
c13_28,13,28,0.051,ameli_map,SDN,Sudan
c13_29,13,29,0.051,ameli_map,SDN,Sudan
c13_30,13,30,0.051,ameli_map,SDN,Sudan
c13_31,13,31,0.051,ameli_map,SDN,Sudan
c13_32,13,32,0.051,ameli_map,SDN,Sudan
c13_33,13,33,0.051,ameli_map,SDN,Sudan
c13_34,13,34,0.051,ameli_map,SDN,Sudan
c13_35,13,35,0.051,ameli_map,SDN,Sudan
c13_36,13,36,0.051,ameli_map,SDN,Sudan
c13_37,13,37,0.051,ameli_map,ETH,Ethiopia
c13_38,13,38,0.051,ameli_map,ETH,Ethiopia
c13_39,13,39,0.051,ameli_map,ETH,Ethiopia
c13_40,13,40,0.051,ameli_map,ETH,Ethiopia
c13_41,13,41,0.051,ameli_map,ETH,Ethiopia
c13_42,13,42,0.051,ameli_map,ERI,Eritrea
c13_44,13,44,0.051,ameli_map,YEM,Yemen
c13_45,13,45,0.051,ameli_map,YEM,Yemen
c13_75,13,75,0.051,ameli_map,IND,India
c13_76,13,76,0.051,ameli_map,IND,India
c13_77,13,77,0.051,ameli_map,IND,India
c13_78,13,78,0.051,ameli_map,IND,India
c13_79,13,79,0.051,ameli_map,IND,India
c13_80,13,80,0.051,ameli_map,IND,India
c13_99,13,99,0.051,ameli_map,MMR,Myanmar
c13_100,13,100,0.051,ameli_map,THA,Thailand
c13_101,13,101,0.051,ameli_map,THA,Thailand
c13_102,13,102,0.051,ameli_map,THA,Thailand
c13_103,13,103,0.051,ameli_map,KHM,Cambodia
c13_104,13,104,0.051,ameli_map,KHM,Cambodia
c13_105,13,105,0.051,ameli_map,KHM,Cambodia
c13_106,13,106,0.051,ameli_map,KHM,Cambodia
c13_107,13,107,0.051,ameli_map,KHM,Cambodia
c13_108,13,108,0.051,ameli_map,VNM,Vietnam
c13_109,13,109,0.051,ameli_map,VNM,Vietnam
c13_121,13,121,0.051,ameli_map,PHL,Philippines
c13_124,13,124,0.051,ameli_map,PHL,Philippines
c14_m91,14,-91,0.051,ameli_map,GTM,Guatemala
c14_m90,14,-90,0.051,ameli_map,GTM,Guatemala
c14_m89,14,-89,0.051,ameli_map,SLV,El Salvador
c14_m88,14,-88,0.051,ameli_map,HND,Honduras
c14_m87,14,-87,0.051,ameli_map,HND,Honduras
c14_m86,14,-86,0.051,ameli_map,HND,Honduras
c14_m85,14,-85,0.051,ameli_map,NIC,Nicaragua
c14_m84,14,-84,0.051,ameli_map,NIC,Nicaragua
c14_m61,14,-61,0.051,default_5.1,LCA,Saint Lucia
c14_m16,14,-16,0.051,ameli_map,SEN,Senegal
c14_m15,14,-15,0.051,ameli_map,SEN,Senegal
c14_m14,14,-14,0.051,ameli_map,SEN,Senegal
c14_m13,14,-13,0.051,ameli_map,SEN,Senegal
c14_m12,14,-12,0.051,ameli_map,MLI,Mali
c14_m11,14,-11,0.051,ameli_map,MLI,Mali
c14_m10,14,-10,0.051,ameli_map,MLI,Mali
c14_m9,14,-9,0.051,ameli_map,MLI,Mali
c14_m8,14,-8,0.051,ameli_map,MLI,Mali
c14_m7,14,-7,0.051,ameli_map,MLI,Mali
c14_m6,14,-6,0.051,ameli_map,MLI,Mali
c14_m5,14,-5,0.051,ameli_map,MLI,Mali
c14_m4,14,-4,0.051,ameli_map,MLI,Mali
c14_m3,14,-3,0.051,ameli_map,MLI,Mali
c14_m2,14,-2,0.051,ameli_map,BFA,Burkina Faso
c14_m1,14,-1,0.051,ameli_map,BFA,Burkina Faso
c14_0,14,0,0.051,ameli_map,BFA,Burkina Faso
c14_1,14,1,0.051,ameli_map,NER,Niger
c14_2,14,2,0.051,ameli_map,NER,Niger
c14_3,14,3,0.051,ameli_map,NER,Niger
c14_4,14,4,0.051,ameli_map,NER,Niger
c14_5,14,5,0.051,ameli_map,NER,Niger
c14_6,14,6,0.051,ameli_map,NER,Niger
c14_7,14,7,0.051,ameli_map,NER,Niger
c14_8,14,8,0.051,ameli_map,NER,Niger
c14_9,14,9,0.051,ameli_map,NER,Niger
c14_10,14,10,0.051,ameli_map,NER,Niger
c14_11,14,11,0.051,ameli_map,NER,Niger
c14_12,14,12,0.051,ameli_map,NER,Niger
c14_13,14,13,0.051,ameli_map,NER,Niger
c14_14,14,14,0.051,ameli_map,TCD,Chad
c14_15,14,15,0.051,ameli_map,TCD,Chad
c14_16,14,16,0.051,ameli_map,TCD,Chad
c14_17,14,17,0.051,ameli_map,TCD,Chad
c14_18,14,18,0.051,ameli_map,TCD,Chad
c14_19,14,19,0.051,ameli_map,TCD,Chad
c14_20,14,20,0.051,ameli_map,TCD,Chad
c14_21,14,21,0.051,ameli_map,TCD,Chad
c14_22,14,22,0.051,ameli_map,TCD,Chad
c14_23,14,23,0.051,ameli_map,SDN,Sudan
c14_24,14,24,0.051,ameli_map,SDN,Sudan
c14_25,14,25,0.051,ameli_map,SDN,Sudan
c14_26,14,26,0.051,ameli_map,SDN,Sudan
c14_27,14,27,0.051,ameli_map,SDN,Sudan
c14_28,14,28,0.051,ameli_map,SDN,Sudan
c14_29,14,29,0.051,ameli_map,SDN,Sudan
c14_30,14,30,0.051,ameli_map,SDN,Sudan
c14_31,14,31,0.051,ameli_map,SDN,Sudan
c14_32,14,32,0.051,ameli_map,SDN,Sudan
c14_33,14,33,0.051,ameli_map,SDN,Sudan
c14_34,14,34,0.051,ameli_map,SDN,Sudan
c14_35,14,35,0.051,ameli_map,SDN,Sudan
c14_36,14,36,0.051,ameli_map,SDN,Sudan
c14_37,14,37,0.051,ameli_map,ETH,Ethiopia
c14_38,14,38,0.051,ameli_map,ETH,Ethiopia
c14_39,14,39,0.051,ameli_map,ETH,Ethiopia
c14_40,14,40,0.051,ameli_map,ETH,Ethiopia
c14_41,14,41,0.051,ameli_map,ERI,Eritrea
c14_44,14,44,0.051,ameli_map,YEM,Yemen
c14_45,14,45,0.051,ameli_map,YEM,Yemen
c14_46,14,46,0.051,ameli_map,YEM,Yemen
c14_47,14,47,0.051,ameli_map,YEM,Yemen
c14_75,14,75,0.051,ameli_map,IND,India
c14_76,14,76,0.051,ameli_map,IND,India
c14_77,14,77,0.051,ameli_map,IND,India
c14_78,14,78,0.051,ameli_map,IND,India
c14_79,14,79,0.051,ameli_map,IND,India
c14_80,14,80,0.051,ameli_map,IND,India
c14_99,14,99,0.051,ameli_map,MMR,Myanmar
c14_100,14,100,0.051,ameli_map,THA,Thailand
c14_101,14,101,0.051,ameli_map,THA,Thailand
c14_102,14,102,0.051,ameli_map,THA,Thailand
c14_103,14,103,0.051,ameli_map,KHM,Cambodia
c14_104,14,104,0.051,ameli_map,KHM,Cambodia
c14_105,14,105,0.051,ameli_map,KHM,Cambodia
c14_106,14,106,0.051,ameli_map,LAO,Laos
c14_107,14,107,0.051,ameli_map,KHM,Cambodia
c14_108,14,108,0.051,ameli_map,VNM,Vietnam
c14_109,14,109,0.051,ameli_map,VNM,Vietnam
c14_121,14,121,0.051,ameli_map,PHL,Philippines
c14_123,14,123,0.051,ameli_map,PHL,Philippines
c15_m92,15,-92,0.051,ameli_map,GTM,Guatemala
c15_m91,15,-91,0.051,ameli_map,GTM,Guatemala
c15_m90,15,-90,0.051,ameli_map,GTM,Guatemala
c15_m89,15,-89,0.051,ameli_map,HND,Honduras
c15_m88,15,-88,0.051,ameli_map,HND,Honduras
c15_m87,15,-87,0.051,ameli_map,HND,Honduras
c15_m86,15,-86,0.051,ameli_map,HND,Honduras
c15_m85,15,-85,0.051,ameli_map,HND,Honduras
c15_m84,15,-84,0.051,ameli_map,HND,Honduras
c15_m17,15,-17,0.051,ameli_map,SEN,Senegal
c15_m16,15,-16,0.051,ameli_map,SEN,Senegal
c15_m15,15,-15,0.051,ameli_map,SEN,Senegal
c15_m14,15,-14,0.051,ameli_map,SEN,Senegal
c15_m13,15,-13,0.051,ameli_map,SEN,Senegal
c15_m12,15,-12,0.051,ameli_map,MRT,Mauritania
c15_m11,15,-11,0.051,ameli_map,MLI,Mali
c15_m10,15,-10,0.051,ameli_map,MLI,Mali
c15_m9,15,-9,0.051,ameli_map,MLI,Mali
c15_m8,15,-8,0.051,ameli_map,MLI,Mali
c15_m7,15,-7,0.051,ameli_map,MLI,Mali
c15_m6,15,-6,0.051,ameli_map,MLI,Mali
c15_m5,15,-5,0.051,ameli_map,MLI,Mali
c15_m4,15,-4,0.051,ameli_map,MLI,Mali
c15_m3,15,-3,0.051,ameli_map,MLI,Mali
c15_m2,15,-2,0.051,ameli_map,MLI,Mali
c15_m1,15,-1,0.051,ameli_map,MLI,Mali
c15_0,15,0,0.051,ameli_map,MLI,Mali
c15_1,15,1,0.051,ameli_map,NER,Niger
c15_2,15,2,0.051,ameli_map,NER,Niger
c15_3,15,3,0.051,ameli_map,NER,Niger
c15_4,15,4,0.051,ameli_map,NER,Niger
c15_5,15,5,0.051,ameli_map,NER,Niger
c15_6,15,6,0.051,ameli_map,NER,Niger
c15_7,15,7,0.051,ameli_map,NER,Niger
c15_8,15,8,0.051,ameli_map,NER,Niger
c15_9,15,9,0.051,ameli_map,NER,Niger
c15_10,15,10,0.051,ameli_map,NER,Niger
c15_11,15,11,0.051,ameli_map,NER,Niger
c15_12,15,12,0.051,ameli_map,NER,Niger
c15_13,15,13,0.051,ameli_map,NER,Niger
c15_14,15,14,0.051,ameli_map,TCD,Chad
c15_15,15,15,0.051,ameli_map,TCD,Chad
c15_16,15,16,0.051,ameli_map,TCD,Chad
c15_17,15,17,0.051,ameli_map,TCD,Chad
c15_18,15,18,0.051,ameli_map,TCD,Chad
c15_19,15,19,0.051,ameli_map,TCD,Chad
c15_20,15,20,0.051,ameli_map,TCD,Chad
c15_21,15,21,0.051,ameli_map,TCD,Chad
c15_22,15,22,0.051,ameli_map,TCD,Chad
c15_23,15,23,0.051,ameli_map,SDN,Sudan
c15_24,15,24,0.051,ameli_map,SDN,Sudan
c15_25,15,25,0.051,ameli_map,SDN,Sudan
c15_26,15,26,0.051,ameli_map,SDN,Sudan
c15_27,15,27,0.051,ameli_map,SDN,Sudan
c15_28,15,28,0.051,ameli_map,SDN,Sudan
c15_29,15,29,0.051,ameli_map,SDN,Sudan
c15_30,15,30,0.051,ameli_map,SDN,Sudan
c15_31,15,31,0.051,ameli_map,SDN,Sudan
c15_32,15,32,0.051,ameli_map,SDN,Sudan
c15_33,15,33,0.051,ameli_map,SDN,Sudan
c15_34,15,34,0.051,ameli_map,SDN,Sudan
c15_35,15,35,0.051,ameli_map,SDN,Sudan
c15_36,15,36,0.051,ameli_map,SDN,Sudan
c15_37,15,37,0.051,ameli_map,ERI,Eritrea
c15_38,15,38,0.051,ameli_map,ERI,Eritrea
c15_39,15,39,0.051,ameli_map,ERI,Eritrea
c15_40,15,40,0.051,ameli_map,ERI,Eritrea
c15_43,15,43,0.051,ameli_map,YEM,Yemen
c15_44,15,44,0.051,ameli_map,YEM,Yemen
c15_45,15,45,0.051,ameli_map,YEM,Yemen
c15_46,15,46,0.051,ameli_map,YEM,Yemen
c15_47,15,47,0.051,ameli_map,YEM,Yemen
c15_48,15,48,0.051,ameli_map,YEM,Yemen
c15_49,15,49,0.051,ameli_map,YEM,Yemen
c15_50,15,50,0.051,ameli_map,YEM,Yemen
c15_75,15,75,0.051,ameli_map,IND,India
c15_76,15,76,0.051,ameli_map,IND,India
c15_77,15,77,0.051,ameli_map,IND,India
c15_78,15,78,0.051,ameli_map,IND,India
c15_79,15,79,0.051,ameli_map,IND,India
c15_80,15,80,0.051,ameli_map,IND,India
c15_98,15,98,0.051,ameli_map,MMR,Myanmar
c15_99,15,99,0.051,ameli_map,THA,Thailand
c15_100,15,100,0.051,ameli_map,THA,Thailand
c15_101,15,101,0.051,ameli_map,THA,Thailand
c15_102,15,102,0.051,ameli_map,THA,Thailand
c15_103,15,103,0.051,ameli_map,THA,Thailand
c15_104,15,104,0.051,ameli_map,THA,Thailand
c15_105,15,105,0.051,ameli_map,THA,Thailand
c15_106,15,106,0.051,ameli_map,LAO,Laos
c15_107,15,107,0.051,ameli_map,LAO,Laos
c15_108,15,108,0.051,ameli_map,VNM,Vietnam
c15_121,15,121,0.051,ameli_map,PHL,Philippines
c15_122,15,122,0.051,ameli_map,PHL,Philippines
c16_m97,16,-97,0.051,ameli_map,MEX,Mexico
c16_m96,16,-96,0.051,ameli_map,MEX,Mexico
c16_m94,16,-94,0.051,ameli_map,MEX,Mexico
c16_m93,16,-93,0.051,ameli_map,MEX,Mexico
c16_m92,16,-92,0.051,ameli_map,MEX,Mexico
c16_m91,16,-91,0.051,ameli_map,GTM,Guatemala
c16_m90,16,-90,0.051,ameli_map,GTM,Guatemala
c16_m89,16,-89,0.051,ameli_map,BLZ,Belize
c16_m16,16,-16,0.051,ameli_map,SEN,Senegal
c16_m15,16,-15,0.051,ameli_map,SEN,Senegal
c16_m14,16,-14,0.051,ameli_map,SEN,Senegal
c16_m13,16,-13,0.051,ameli_map,MRT,Mauritania
c16_m12,16,-12,0.051,ameli_map,MRT,Mauritania
c16_m11,16,-11,0.051,ameli_map,MRT,Mauritania
c16_m10,16,-10,0.051,ameli_map,MRT,Mauritania
c16_m9,16,-9,0.051,ameli_map,MRT,Mauritania
c16_m8,16,-8,0.051,ameli_map,MRT,Mauritania
c16_m7,16,-7,0.051,ameli_map,MRT,Mauritania
c16_m6,16,-6,0.051,ameli_map,MRT,Mauritania
c16_m5,16,-5,0.051,ameli_map,MLI,Mali
c16_m4,16,-4,0.051,ameli_map,MLI,Mali
c16_m3,16,-3,0.051,ameli_map,MLI,Mali
c16_m2,16,-2,0.051,ameli_map,MLI,Mali
c16_m1,16,-1,0.051,ameli_map,MLI,Mali
c16_0,16,0,0.051,ameli_map,MLI,Mali
c16_1,16,1,0.051,ameli_map,MLI,Mali
c16_2,16,2,0.051,ameli_map,MLI,Mali
c16_3,16,3,0.051,ameli_map,MLI,Mali
c16_4,16,4,0.051,ameli_map,MLI,Mali
c16_5,16,5,0.051,ameli_map,NER,Niger
c16_6,16,6,0.051,ameli_map,NER,Niger
c16_7,16,7,0.051,ameli_map,NER,Niger
c16_8,16,8,0.051,ameli_map,NER,Niger
c16_9,16,9,0.051,ameli_map,NER,Niger
c16_10,16,10,0.051,ameli_map,NER,Niger
c16_11,16,11,0.051,ameli_map,NER,Niger
c16_12,16,12,0.051,ameli_map,NER,Niger
c16_13,16,13,0.051,ameli_map,NER,Niger
c16_14,16,14,0.051,ameli_map,NER,Niger
c16_15,16,15,0.051,ameli_map,TCD,Chad
c16_16,16,16,0.051,ameli_map,TCD,Chad
c16_17,16,17,0.051,ameli_map,TCD,Chad
c16_18,16,18,0.051,ameli_map,TCD,Chad
c16_19,16,19,0.051,ameli_map,TCD,Chad
c16_20,16,20,0.051,ameli_map,TCD,Chad
c16_21,16,21,0.051,ameli_map,TCD,Chad
c16_22,16,22,0.051,ameli_map,TCD,Chad
c16_23,16,23,0.051,ameli_map,TCD,Chad
c16_24,16,24,0.051,ameli_map,TCD,Chad
c16_25,16,25,0.051,ameli_map,SDN,Sudan
c16_26,16,26,0.051,ameli_map,SDN,Sudan
c16_27,16,27,0.051,ameli_map,SDN,Sudan
c16_28,16,28,0.051,ameli_map,SDN,Sudan
c16_29,16,29,0.051,ameli_map,SDN,Sudan
c16_30,16,30,0.051,ameli_map,SDN,Sudan
c16_31,16,31,0.051,ameli_map,SDN,Sudan
c16_32,16,32,0.051,ameli_map,SDN,Sudan
c16_33,16,33,0.051,ameli_map,SDN,Sudan
c16_34,16,34,0.051,ameli_map,SDN,Sudan
c16_35,16,35,0.051,ameli_map,SDN,Sudan
c16_36,16,36,0.051,ameli_map,SDN,Sudan
c16_37,16,37,0.051,ameli_map,ERI,Eritrea
c16_38,16,38,0.051,ameli_map,ERI,Eritrea
c16_39,16,39,0.051,ameli_map,ERI,Eritrea
c16_43,16,43,0.051,ameli_map,YEM,Yemen
c16_44,16,44,0.051,ameli_map,YEM,Yemen
c16_45,16,45,0.051,ameli_map,YEM,Yemen
c16_46,16,46,0.051,ameli_map,YEM,Yemen
c16_47,16,47,0.051,ameli_map,YEM,Yemen
c16_48,16,48,0.051,ameli_map,YEM,Yemen
c16_49,16,49,0.051,ameli_map,YEM,Yemen
c16_50,16,50,0.051,ameli_map,YEM,Yemen
c16_51,16,51,0.051,ameli_map,YEM,Yemen
c16_52,16,52,0.051,ameli_map,YEM,Yemen
c16_74,16,74,0.051,ameli_map,IND,India
c16_75,16,75,0.051,ameli_map,IND,India
c16_76,16,76,0.051,ameli_map,IND,India
c16_77,16,77,0.051,ameli_map,IND,India
c16_78,16,78,0.051,ameli_map,IND,India
c16_79,16,79,0.051,ameli_map,IND,India
c16_80,16,80,0.051,ameli_map,IND,India
c16_81,16,81,0.051,ameli_map,IND,India
c16_95,16,95,0.051,ameli_map,MMR,Myanmar
c16_98,16,98,0.051,ameli_map,MMR,Myanmar
c16_99,16,99,0.051,ameli_map,THA,Thailand
c16_100,16,100,0.051,ameli_map,THA,Thailand
c16_101,16,101,0.051,ameli_map,THA,Thailand
c16_102,16,102,0.051,ameli_map,THA,Thailand
c16_103,16,103,0.051,ameli_map,THA,Thailand
c16_104,16,104,0.051,ameli_map,THA,Thailand
c16_105,16,105,0.051,ameli_map,THA,Thailand
c16_106,16,106,0.051,ameli_map,LAO,Laos
c16_107,16,107,0.051,ameli_map,LAO,Laos
c16_108,16,108,0.051,ameli_map,VNM,Vietnam
c16_120,16,120,0.051,ameli_map,PHL,Philippines
c16_121,16,121,0.051,ameli_map,PHL,Philippines
c17_m100,17,-100,0.051,ameli_map,MEX,Mexico
c17_m99,17,-99,0.051,ameli_map,MEX,Mexico
c17_m98,17,-98,0.051,ameli_map,MEX,Mexico
c17_m97,17,-97,0.051,ameli_map,MEX,Mexico
c17_m96,17,-96,0.051,ameli_map,MEX,Mexico
c17_m95,17,-95,0.051,ameli_map,MEX,Mexico
c17_m94,17,-94,0.051,ameli_map,MEX,Mexico
c17_m93,17,-93,0.051,ameli_map,MEX,Mexico
c17_m92,17,-92,0.051,ameli_map,MEX,Mexico
c17_m91,17,-91,0.051,ameli_map,GTM,Guatemala
c17_m90,17,-90,0.051,ameli_map,GTM,Guatemala
c17_m89,17,-89,0.051,ameli_map,BLZ,Belize
c17_m16,17,-16,0.051,ameli_map,MRT,Mauritania
c17_m15,17,-15,0.051,ameli_map,MRT,Mauritania
c17_m14,17,-14,0.051,ameli_map,MRT,Mauritania
c17_m13,17,-13,0.051,ameli_map,MRT,Mauritania
c17_m12,17,-12,0.051,ameli_map,MRT,Mauritania
c17_m11,17,-11,0.051,ameli_map,MRT,Mauritania
c17_m10,17,-10,0.051,ameli_map,MRT,Mauritania
c17_m9,17,-9,0.051,ameli_map,MRT,Mauritania
c17_m8,17,-8,0.051,ameli_map,MRT,Mauritania
c17_m7,17,-7,0.051,ameli_map,MRT,Mauritania
c17_m6,17,-6,0.051,ameli_map,MRT,Mauritania
c17_m5,17,-5,0.051,ameli_map,MLI,Mali
c17_m4,17,-4,0.051,ameli_map,MLI,Mali
c17_m3,17,-3,0.051,ameli_map,MLI,Mali
c17_m2,17,-2,0.051,ameli_map,MLI,Mali
c17_m1,17,-1,0.051,ameli_map,MLI,Mali
c17_0,17,0,0.051,ameli_map,MLI,Mali
c17_1,17,1,0.051,ameli_map,MLI,Mali
c17_2,17,2,0.051,ameli_map,MLI,Mali
c17_3,17,3,0.051,ameli_map,MLI,Mali
c17_4,17,4,0.051,ameli_map,MLI,Mali
c17_5,17,5,0.051,ameli_map,NER,Niger
c17_6,17,6,0.051,ameli_map,NER,Niger
c17_7,17,7,0.051,ameli_map,NER,Niger
c17_8,17,8,0.051,ameli_map,NER,Niger
c17_9,17,9,0.051,ameli_map,NER,Niger
c17_10,17,10,0.051,ameli_map,NER,Niger
c17_11,17,11,0.051,ameli_map,NER,Niger
c17_12,17,12,0.051,ameli_map,NER,Niger
c17_13,17,13,0.051,ameli_map,NER,Niger
c17_14,17,14,0.051,ameli_map,NER,Niger
c17_15,17,15,0.051,ameli_map,NER,Niger
c17_16,17,16,0.051,ameli_map,TCD,Chad
c17_17,17,17,0.051,ameli_map,TCD,Chad
c17_18,17,18,0.051,ameli_map,TCD,Chad
c17_19,17,19,0.051,ameli_map,TCD,Chad
c17_20,17,20,0.051,ameli_map,TCD,Chad
c17_21,17,21,0.051,ameli_map,TCD,Chad
c17_22,17,22,0.051,ameli_map,TCD,Chad
c17_23,17,23,0.051,ameli_map,TCD,Chad
c17_24,17,24,0.051,ameli_map,TCD,Chad
c17_25,17,25,0.051,ameli_map,SDN,Sudan
c17_26,17,26,0.051,ameli_map,SDN,Sudan
c17_27,17,27,0.051,ameli_map,SDN,Sudan
c17_28,17,28,0.051,ameli_map,SDN,Sudan
c17_29,17,29,0.051,ameli_map,SDN,Sudan
c17_30,17,30,0.051,ameli_map,SDN,Sudan
c17_31,17,31,0.051,ameli_map,SDN,Sudan
c17_32,17,32,0.051,ameli_map,SDN,Sudan
c17_33,17,33,0.051,ameli_map,SDN,Sudan
c17_34,17,34,0.051,ameli_map,SDN,Sudan
c17_35,17,35,0.051,ameli_map,SDN,Sudan
c17_36,17,36,0.051,ameli_map,SDN,Sudan
c17_37,17,37,0.051,ameli_map,ERI,Eritrea
c17_38,17,38,0.051,ameli_map,ERI,Eritrea
c17_39,17,39,0.051,ameli_map,ERI,Eritrea
c17_43,17,43,0.051,ameli_map,SAU,Saudi Arabia
c17_44,17,44,0.051,ameli_map,YEM,Yemen
c17_45,17,45,0.051,ameli_map,YEM,Yemen
c17_46,17,46,0.051,ameli_map,YEM,Yemen
c17_47,17,47,0.051,ameli_map,SAU,Saudi Arabia
c17_48,17,48,0.051,ameli_map,YEM,Yemen
c17_49,17,49,0.051,ameli_map,YEM,Yemen
c17_50,17,50,0.051,ameli_map,YEM,Yemen
c17_51,17,51,0.051,ameli_map,YEM,Yemen
c17_52,17,52,0.051,ameli_map,YEM,Yemen
c17_53,17,53,0.051,ameli_map,OMN,Oman
c17_54,17,54,0.051,ameli_map,OMN,Oman
c17_74,17,74,0.051,ameli_map,IND,India
c17_75,17,75,0.051,ameli_map,IND,India
c17_76,17,76,0.051,ameli_map,IND,India
c17_77,17,77,0.051,ameli_map,IND,India
c17_78,17,78,0.051,ameli_map,IND,India
c17_79,17,79,0.051,ameli_map,IND,India
c17_80,17,80,0.051,ameli_map,IND,India
c17_81,17,81,0.051,ameli_map,IND,India
c17_82,17,82,0.051,ameli_map,IND,India
c17_95,17,95,0.051,ameli_map,MMR,Myanmar
c17_96,17,96,0.051,ameli_map,MMR,Myanmar
c17_98,17,98,0.051,ameli_map,MMR,Myanmar
c17_99,17,99,0.051,ameli_map,THA,Thailand
c17_100,17,100,0.051,ameli_map,THA,Thailand
c17_101,17,101,0.051,ameli_map,THA,Thailand
c17_102,17,102,0.051,ameli_map,THA,Thailand
c17_103,17,103,0.051,ameli_map,THA,Thailand
c17_104,17,104,0.051,ameli_map,THA,Thailand
c17_105,17,105,0.051,ameli_map,LAO,Laos
c17_106,17,106,0.051,ameli_map,LAO,Laos
c17_107,17,107,0.051,ameli_map,VNM,Vietnam
c17_121,17,121,0.051,ameli_map,PHL,Philippines
c17_122,17,122,0.051,ameli_map,PHL,Philippines
c18_m102,18,-102,0.051,ameli_map,MEX,Mexico
c18_m101,18,-101,0.051,ameli_map,MEX,Mexico
c18_m100,18,-100,0.051,ameli_map,MEX,Mexico
c18_m99,18,-99,0.051,ameli_map,MEX,Mexico
c18_m98,18,-98,0.051,ameli_map,MEX,Mexico
c18_m97,18,-97,0.051,ameli_map,MEX,Mexico
c18_m96,18,-96,0.051,ameli_map,MEX,Mexico
c18_m95,18,-95,0.051,ameli_map,MEX,Mexico
c18_m94,18,-94,0.051,ameli_map,MEX,Mexico
c18_m93,18,-93,0.051,ameli_map,MEX,Mexico
c18_m92,18,-92,0.051,ameli_map,MEX,Mexico
c18_m91,18,-91,0.051,ameli_map,MEX,Mexico
c18_m90,18,-90,0.051,ameli_map,MEX,Mexico
c18_m89,18,-89,0.051,ameli_map,MEX,Mexico
c18_m77,18,-77,0.051,ameli_map,JAM,Jamaica
c18_m67,18,-67,0.051,ameli_map,PRI,Puerto Rico
c18_m66,18,-66,0.051,ameli_map,PRI,Puerto Rico
c18_m16,18,-16,0.051,ameli_map,MRT,Mauritania
c18_m15,18,-15,0.051,ameli_map,MRT,Mauritania
c18_m14,18,-14,0.051,ameli_map,MRT,Mauritania
c18_m13,18,-13,0.051,ameli_map,MRT,Mauritania
c18_m12,18,-12,0.051,ameli_map,MRT,Mauritania
c18_m11,18,-11,0.051,ameli_map,MRT,Mauritania
c18_m10,18,-10,0.051,ameli_map,MRT,Mauritania
c18_m9,18,-9,0.051,ameli_map,MRT,Mauritania
c18_m8,18,-8,0.051,ameli_map,MRT,Mauritania
c18_m7,18,-7,0.051,ameli_map,MRT,Mauritania
c18_m6,18,-6,0.051,ameli_map,MRT,Mauritania
c18_m5,18,-5,0.051,ameli_map,MLI,Mali
c18_m4,18,-4,0.051,ameli_map,MLI,Mali
c18_m3,18,-3,0.051,ameli_map,MLI,Mali
c18_m2,18,-2,0.051,ameli_map,MLI,Mali
c18_m1,18,-1,0.051,ameli_map,MLI,Mali
c18_0,18,0,0.051,ameli_map,MLI,Mali
c18_1,18,1,0.051,ameli_map,MLI,Mali
c18_2,18,2,0.051,ameli_map,MLI,Mali
c18_3,18,3,0.051,ameli_map,MLI,Mali
c18_4,18,4,0.051,ameli_map,MLI,Mali
c18_5,18,5,0.051,ameli_map,NER,Niger
c18_6,18,6,0.051,ameli_map,NER,Niger
c18_7,18,7,0.051,ameli_map,NER,Niger
c18_8,18,8,0.051,ameli_map,NER,Niger
c18_9,18,9,0.051,ameli_map,NER,Niger
c18_10,18,10,0.051,ameli_map,NER,Niger
c18_11,18,11,0.051,ameli_map,NER,Niger
c18_12,18,12,0.051,ameli_map,NER,Niger
c18_13,18,13,0.051,ameli_map,NER,Niger
c18_14,18,14,0.051,ameli_map,NER,Niger
c18_15,18,15,0.051,ameli_map,NER,Niger
c18_16,18,16,0.051,ameli_map,TCD,Chad
c18_17,18,17,0.051,ameli_map,TCD,Chad
c18_18,18,18,0.051,ameli_map,TCD,Chad
c18_19,18,19,0.051,ameli_map,TCD,Chad
c18_20,18,20,0.051,ameli_map,TCD,Chad
c18_21,18,21,0.051,ameli_map,TCD,Chad
c18_22,18,22,0.051,ameli_map,TCD,Chad
c18_23,18,23,0.051,ameli_map,TCD,Chad
c18_24,18,24,0.051,ameli_map,TCD,Chad
c18_25,18,25,0.051,ameli_map,SDN,Sudan
c18_26,18,26,0.051,ameli_map,SDN,Sudan
c18_27,18,27,0.051,ameli_map,SDN,Sudan
c18_28,18,28,0.051,ameli_map,SDN,Sudan
c18_29,18,29,0.051,ameli_map,SDN,Sudan
c18_30,18,30,0.051,ameli_map,SDN,Sudan
c18_31,18,31,0.051,ameli_map,SDN,Sudan
c18_32,18,32,0.051,ameli_map,SDN,Sudan
c18_33,18,33,0.051,ameli_map,SDN,Sudan
c18_34,18,34,0.051,ameli_map,SDN,Sudan
c18_35,18,35,0.051,ameli_map,SDN,Sudan
c18_36,18,36,0.051,ameli_map,SDN,Sudan
c18_37,18,37,0.051,ameli_map,SDN,Sudan
c18_38,18,38,0.051,ameli_map,SDN,Sudan
c18_42,18,42,0.051,ameli_map,SAU,Saudi Arabia
c18_43,18,43,0.051,ameli_map,SAU,Saudi Arabia
c18_44,18,44,0.051,ameli_map,SAU,Saudi Arabia
c18_45,18,45,0.051,ameli_map,SAU,Saudi Arabia
c18_46,18,46,0.051,ameli_map,SAU,Saudi Arabia
c18_47,18,47,0.051,ameli_map,SAU,Saudi Arabia
c18_48,18,48,0.051,ameli_map,SAU,Saudi Arabia
c18_49,18,49,0.051,ameli_map,YEM,Yemen
c18_50,18,50,0.051,ameli_map,YEM,Yemen
c18_51,18,51,0.051,ameli_map,YEM,Yemen
c18_52,18,52,0.051,ameli_map,YEM,Yemen
c18_53,18,53,0.051,ameli_map,OMN,Oman
c18_54,18,54,0.051,ameli_map,OMN,Oman
c18_55,18,55,0.051,ameli_map,OMN,Oman
c18_56,18,56,0.051,ameli_map,OMN,Oman
c18_74,18,74,0.051,ameli_map,IND,India
c18_75,18,75,0.051,ameli_map,IND,India
c18_76,18,76,0.051,ameli_map,IND,India
c18_77,18,77,0.051,ameli_map,IND,India
c18_78,18,78,0.051,ameli_map,IND,India
c18_79,18,79,0.051,ameli_map,IND,India
c18_80,18,80,0.051,ameli_map,IND,India
c18_81,18,81,0.051,ameli_map,IND,India
c18_82,18,82,0.051,ameli_map,IND,India
c18_83,18,83,0.051,ameli_map,IND,India
c18_95,18,95,0.051,ameli_map,MMR,Myanmar
c18_96,18,96,0.051,ameli_map,MMR,Myanmar
c18_97,18,97,0.051,ameli_map,MMR,Myanmar
c18_98,18,98,0.051,ameli_map,THA,Thailand
c18_99,18,99,0.051,ameli_map,THA,Thailand
c18_100,18,100,0.051,ameli_map,THA,Thailand
c18_101,18,101,0.051,ameli_map,THA,Thailand
c18_102,18,102,0.051,ameli_map,THA,Thailand
c18_103,18,103,0.051,ameli_map,LAO,Laos
c18_104,18,104,0.051,ameli_map,THA,Thailand
c18_105,18,105,0.051,ameli_map,LAO,Laos
c18_106,18,106,0.051,ameli_map,VNM,Vietnam
c18_121,18,121,0.051,ameli_map,PHL,Philippines
c18_122,18,122,0.051,ameli_map,PHL,Philippines
c19_m104,19,-104,0.051,ameli_map,MEX,Mexico
c19_m103,19,-103,0.051,ameli_map,MEX,Mexico
c19_m102,19,-102,0.051,ameli_map,MEX,Mexico
c19_m101,19,-101,0.051,ameli_map,MEX,Mexico
c19_m100,19,-100,0.051,ameli_map,MEX,Mexico
c19_m99,19,-99,0.051,ameli_map,MEX,Mexico
c19_m98,19,-98,0.051,ameli_map,MEX,Mexico
c19_m97,19,-97,0.051,ameli_map,MEX,Mexico
c19_m96,19,-96,0.051,ameli_map,MEX,Mexico
c19_m91,19,-91,0.051,ameli_map,MEX,Mexico
c19_m90,19,-90,0.051,ameli_map,MEX,Mexico
c19_m89,19,-89,0.051,ameli_map,MEX,Mexico
c19_m88,19,-88,0.051,ameli_map,MEX,Mexico
c19_m72,19,-72,0.051,ameli_map,HTI,Haiti
c19_m71,19,-71,0.051,ameli_map,DOM,Dominican Republic
c19_m70,19,-70,0.051,ameli_map,DOM,Dominican Republic
c19_m69,19,-69,0.051,ameli_map,DOM,Dominican Republic
c19_m15,19,-15,0.051,ameli_map,MRT,Mauritania
c19_m14,19,-14,0.051,ameli_map,MRT,Mauritania
c19_m13,19,-13,0.051,ameli_map,MRT,Mauritania
c19_m12,19,-12,0.051,ameli_map,MRT,Mauritania
c19_m11,19,-11,0.051,ameli_map,MRT,Mauritania
c19_m10,19,-10,0.051,ameli_map,MRT,Mauritania
c19_m9,19,-9,0.051,ameli_map,MRT,Mauritania
c19_m8,19,-8,0.051,ameli_map,MRT,Mauritania
c19_m7,19,-7,0.051,ameli_map,MRT,Mauritania
c19_m6,19,-6,0.051,ameli_map,MRT,Mauritania
c19_m5,19,-5,0.051,ameli_map,MLI,Mali
c19_m4,19,-4,0.051,ameli_map,MLI,Mali
c19_m3,19,-3,0.051,ameli_map,MLI,Mali
c19_m2,19,-2,0.051,ameli_map,MLI,Mali
c19_m1,19,-1,0.051,ameli_map,MLI,Mali
c19_0,19,0,0.051,ameli_map,MLI,Mali
c19_1,19,1,0.051,ameli_map,MLI,Mali
c19_2,19,2,0.051,ameli_map,MLI,Mali
c19_3,19,3,0.051,ameli_map,MLI,Mali
c19_4,19,4,0.051,ameli_map,MLI,Mali
c19_5,19,5,0.051,ameli_map,NER,Niger
c19_6,19,6,0.051,ameli_map,NER,Niger
c19_7,19,7,0.051,ameli_map,NER,Niger
c19_8,19,8,0.051,ameli_map,NER,Niger
c19_9,19,9,0.051,ameli_map,NER,Niger
c19_10,19,10,0.051,ameli_map,NER,Niger
c19_11,19,11,0.051,ameli_map,NER,Niger
c19_12,19,12,0.051,ameli_map,NER,Niger
c19_13,19,13,0.051,ameli_map,NER,Niger
c19_14,19,14,0.051,ameli_map,NER,Niger
c19_15,19,15,0.051,ameli_map,NER,Niger
c19_16,19,16,0.051,ameli_map,TCD,Chad
c19_17,19,17,0.051,ameli_map,TCD,Chad
c19_18,19,18,0.051,ameli_map,TCD,Chad
c19_19,19,19,0.051,ameli_map,TCD,Chad
c19_20,19,20,0.051,ameli_map,TCD,Chad
c19_21,19,21,0.051,ameli_map,TCD,Chad
c19_22,19,22,0.051,ameli_map,TCD,Chad
c19_23,19,23,0.051,ameli_map,TCD,Chad
c19_24,19,24,0.051,ameli_map,TCD,Chad
c19_25,19,25,0.051,ameli_map,SDN,Sudan
c19_26,19,26,0.051,ameli_map,SDN,Sudan
c19_27,19,27,0.051,ameli_map,SDN,Sudan
c19_28,19,28,0.051,ameli_map,SDN,Sudan
c19_29,19,29,0.051,ameli_map,SDN,Sudan
c19_30,19,30,0.051,ameli_map,SDN,Sudan
c19_31,19,31,0.051,ameli_map,SDN,Sudan
c19_32,19,32,0.051,ameli_map,SDN,Sudan
c19_33,19,33,0.051,ameli_map,SDN,Sudan
c19_34,19,34,0.051,ameli_map,SDN,Sudan
c19_35,19,35,0.051,ameli_map,SDN,Sudan
c19_36,19,36,0.051,ameli_map,SDN,Sudan
c19_37,19,37,0.051,ameli_map,SDN,Sudan
c19_42,19,42,0.051,ameli_map,SAU,Saudi Arabia
c19_43,19,43,0.051,ameli_map,SAU,Saudi Arabia
c19_44,19,44,0.051,ameli_map,SAU,Saudi Arabia
c19_45,19,45,0.051,ameli_map,SAU,Saudi Arabia
c19_46,19,46,0.051,ameli_map,SAU,Saudi Arabia
c19_47,19,47,0.051,ameli_map,SAU,Saudi Arabia
c19_48,19,48,0.051,ameli_map,SAU,Saudi Arabia
c19_49,19,49,0.051,ameli_map,SAU,Saudi Arabia
c19_50,19,50,0.051,ameli_map,SAU,Saudi Arabia
c19_51,19,51,0.051,ameli_map,SAU,Saudi Arabia
c19_52,19,52,0.051,ameli_map,SAU,Saudi Arabia
c19_53,19,53,0.051,ameli_map,OMN,Oman
c19_54,19,54,0.051,ameli_map,OMN,Oman
c19_55,19,55,0.051,ameli_map,OMN,Oman
c19_56,19,56,0.051,ameli_map,OMN,Oman
c19_57,19,57,0.051,ameli_map,OMN,Oman
c19_74,19,74,0.051,ameli_map,IND,India
c19_75,19,75,0.051,ameli_map,IND,India
c19_76,19,76,0.051,ameli_map,IND,India
c19_77,19,77,0.051,ameli_map,IND,India
c19_78,19,78,0.051,ameli_map,IND,India
c19_79,19,79,0.051,ameli_map,IND,India
c19_80,19,80,0.051,ameli_map,IND,India
c19_81,19,81,0.051,ameli_map,IND,India
c19_82,19,82,0.051,ameli_map,IND,India
c19_83,19,83,0.051,ameli_map,IND,India
c19_84,19,84,0.051,ameli_map,IND,India
c19_95,19,95,0.051,ameli_map,MMR,Myanmar
c19_96,19,96,0.051,ameli_map,MMR,Myanmar
c19_97,19,97,0.051,ameli_map,MMR,Myanmar
c19_98,19,98,0.051,ameli_map,THA,Thailand
c19_99,19,99,0.051,ameli_map,THA,Thailand
c19_100,19,100,0.051,ameli_map,THA,Thailand
c19_101,19,101,0.051,ameli_map,THA,Thailand
c19_102,19,102,0.051,ameli_map,LAO,Laos
c19_103,19,103,0.051,ameli_map,LAO,Laos
c19_104,19,104,0.051,ameli_map,LAO,Laos
c19_105,19,105,0.051,ameli_map,VNM,Vietnam
c19_109,19,109,0.051,ameli_map,CHN,China
c19_110,19,110,0.051,ameli_map,CHN,China
c20_m105,20,-105,0.051,ameli_map,MEX,Mexico
c20_m104,20,-104,0.051,ameli_map,MEX,Mexico
c20_m103,20,-103,0.051,ameli_map,MEX,Mexico
c20_m102,20,-102,0.051,ameli_map,MEX,Mexico
c20_m101,20,-101,0.051,ameli_map,MEX,Mexico
c20_m100,20,-100,0.051,ameli_map,MEX,Mexico
c20_m99,20,-99,0.051,ameli_map,MEX,Mexico
c20_m98,20,-98,0.051,ameli_map,MEX,Mexico
c20_m97,20,-97,0.051,ameli_map,MEX,Mexico
c20_m90,20,-90,0.051,ameli_map,MEX,Mexico
c20_m89,20,-89,0.051,ameli_map,MEX,Mexico
c20_m88,20,-88,0.051,ameli_map,MEX,Mexico
c20_m77,20,-77,0.051,ameli_map,CUB,Cuba
c20_m76,20,-76,0.051,ameli_map,CUB,Cuba
c20_m75,20,-75,0.051,ameli_map,CUB,Cuba
c20_m16,20,-16,0.051,ameli_map,MRT,Mauritania
c20_m15,20,-15,0.051,ameli_map,MRT,Mauritania
c20_m14,20,-14,0.051,ameli_map,MRT,Mauritania
c20_m13,20,-13,0.051,ameli_map,MRT,Mauritania
c20_m12,20,-12,0.051,ameli_map,MRT,Mauritania
c20_m11,20,-11,0.051,ameli_map,MRT,Mauritania
c20_m10,20,-10,0.051,ameli_map,MRT,Mauritania
c20_m9,20,-9,0.051,ameli_map,MRT,Mauritania
c20_m8,20,-8,0.051,ameli_map,MRT,Mauritania
c20_m7,20,-7,0.051,ameli_map,MRT,Mauritania
c20_m6,20,-6,0.051,ameli_map,MRT,Mauritania
c20_m5,20,-5,0.051,ameli_map,MLI,Mali
c20_m4,20,-4,0.051,ameli_map,MLI,Mali
c20_m3,20,-3,0.051,ameli_map,MLI,Mali
c20_m2,20,-2,0.051,ameli_map,MLI,Mali
c20_m1,20,-1,0.051,ameli_map,MLI,Mali
c20_0,20,0,0.051,ameli_map,MLI,Mali
c20_1,20,1,0.051,ameli_map,MLI,Mali
c20_2,20,2,0.051,ameli_map,MLI,Mali
c20_3,20,3,0.051,ameli_map,DZA,Algeria
c20_4,20,4,0.051,ameli_map,DZA,Algeria
c20_5,20,5,0.051,ameli_map,DZA,Algeria
c20_6,20,6,0.051,ameli_map,DZA,Algeria
c20_7,20,7,0.051,ameli_map,NER,Niger
c20_8,20,8,0.051,ameli_map,NER,Niger
c20_9,20,9,0.051,ameli_map,NER,Niger
c20_10,20,10,0.051,ameli_map,NER,Niger
c20_11,20,11,0.051,ameli_map,NER,Niger
c20_12,20,12,0.051,ameli_map,NER,Niger
c20_13,20,13,0.051,ameli_map,NER,Niger
c20_14,20,14,0.051,ameli_map,NER,Niger
c20_15,20,15,0.051,ameli_map,NER,Niger
c20_16,20,16,0.051,ameli_map,TCD,Chad
c20_17,20,17,0.051,ameli_map,TCD,Chad
c20_18,20,18,0.051,ameli_map,TCD,Chad
c20_19,20,19,0.051,ameli_map,TCD,Chad
c20_20,20,20,0.051,ameli_map,TCD,Chad
c20_21,20,21,0.051,ameli_map,TCD,Chad
c20_22,20,22,0.051,ameli_map,TCD,Chad
c20_23,20,23,0.051,ameli_map,TCD,Chad
c20_24,20,24,0.051,ameli_map,LBY,Libya
c20_25,20,25,0.051,ameli_map,SDN,Sudan
c20_26,20,26,0.051,ameli_map,SDN,Sudan
c20_27,20,27,0.051,ameli_map,SDN,Sudan
c20_28,20,28,0.051,ameli_map,SDN,Sudan
c20_29,20,29,0.051,ameli_map,SDN,Sudan
c20_30,20,30,0.051,ameli_map,SDN,Sudan
c20_31,20,31,0.051,ameli_map,SDN,Sudan
c20_32,20,32,0.051,ameli_map,SDN,Sudan
c20_33,20,33,0.051,ameli_map,SDN,Sudan
c20_34,20,34,0.051,ameli_map,SDN,Sudan
c20_35,20,35,0.051,ameli_map,SDN,Sudan
c20_36,20,36,0.051,ameli_map,SDN,Sudan
c20_37,20,37,0.051,ameli_map,SDN,Sudan
c20_41,20,41,0.051,ameli_map,SAU,Saudi Arabia
c20_42,20,42,0.051,ameli_map,SAU,Saudi Arabia
c20_43,20,43,0.051,ameli_map,SAU,Saudi Arabia
c20_44,20,44,0.051,ameli_map,SAU,Saudi Arabia
c20_45,20,45,0.051,ameli_map,SAU,Saudi Arabia
c20_46,20,46,0.051,ameli_map,SAU,Saudi Arabia
c20_47,20,47,0.051,ameli_map,SAU,Saudi Arabia
c20_48,20,48,0.051,ameli_map,SAU,Saudi Arabia
c20_49,20,49,0.051,ameli_map,SAU,Saudi Arabia
c20_50,20,50,0.051,ameli_map,SAU,Saudi Arabia
c20_51,20,51,0.051,ameli_map,SAU,Saudi Arabia
c20_52,20,52,0.051,ameli_map,SAU,Saudi Arabia
c20_53,20,53,0.051,ameli_map,SAU,Saudi Arabia
c20_54,20,54,0.051,ameli_map,SAU,Saudi Arabia
c20_55,20,55,0.051,ameli_map,OMN,Oman
c20_56,20,56,0.051,ameli_map,OMN,Oman
c20_57,20,57,0.051,ameli_map,OMN,Oman
c20_73,20,73,0.051,ameli_map,IND,India
c20_74,20,74,0.051,ameli_map,IND,India
c20_75,20,75,0.051,ameli_map,IND,India
c20_76,20,76,0.051,ameli_map,IND,India
c20_77,20,77,0.051,ameli_map,IND,India
c20_78,20,78,0.051,ameli_map,IND,India
c20_79,20,79,0.051,ameli_map,IND,India
c20_80,20,80,0.051,ameli_map,IND,India
c20_81,20,81,0.051,ameli_map,IND,India
c20_82,20,82,0.051,ameli_map,IND,India
c20_83,20,83,0.051,ameli_map,IND,India
c20_84,20,84,0.051,ameli_map,IND,India
c20_85,20,85,0.051,ameli_map,IND,India
c20_86,20,86,0.051,ameli_map,IND,India
c20_94,20,94,0.051,ameli_map,MMR,Myanmar
c20_95,20,95,0.051,ameli_map,MMR,Myanmar
c20_96,20,96,0.051,ameli_map,MMR,Myanmar
c20_97,20,97,0.051,ameli_map,MMR,Myanmar
c20_98,20,98,0.051,ameli_map,MMR,Myanmar
c20_99,20,99,0.051,ameli_map,MMR,Myanmar
c20_100,20,100,0.051,ameli_map,THA,Thailand
c20_101,20,101,0.051,ameli_map,LAO,Laos
c20_102,20,102,0.051,ameli_map,LAO,Laos
c20_103,20,103,0.051,ameli_map,LAO,Laos
c20_104,20,104,0.051,ameli_map,LAO,Laos
c20_105,20,105,0.051,ameli_map,VNM,Vietnam
c20_106,20,106,0.051,ameli_map,VNM,Vietnam
c21_m105,21,-105,0.051,ameli_map,MEX,Mexico
c21_m104,21,-104,0.051,ameli_map,MEX,Mexico
c21_m103,21,-103,0.051,ameli_map,MEX,Mexico
c21_m102,21,-102,0.051,ameli_map,MEX,Mexico
c21_m101,21,-101,0.051,ameli_map,MEX,Mexico
c21_m100,21,-100,0.051,ameli_map,MEX,Mexico
c21_m99,21,-99,0.051,ameli_map,MEX,Mexico
c21_m98,21,-98,0.051,ameli_map,MEX,Mexico
c21_m90,21,-90,0.051,ameli_map,MEX,Mexico
c21_m89,21,-89,0.051,ameli_map,MEX,Mexico
c21_m88,21,-88,0.051,ameli_map,MEX,Mexico
c21_m87,21,-87,0.051,ameli_map,MEX,Mexico
c21_m78,21,-78,0.051,ameli_map,CUB,Cuba
c21_m77,21,-77,0.051,ameli_map,CUB,Cuba
c21_m76,21,-76,0.051,ameli_map,CUB,Cuba
c21_m16,21,-16,0.051,ameli_map,MRT,Mauritania
c21_m15,21,-15,0.051,ameli_map,MRT,Mauritania
c21_m14,21,-14,0.051,ameli_map,MRT,Mauritania
c21_m13,21,-13,0.051,ameli_map,MRT,Mauritania
c21_m12,21,-12,0.051,ameli_map,MRT,Mauritania
c21_m11,21,-11,0.051,ameli_map,MRT,Mauritania
c21_m10,21,-10,0.051,ameli_map,MRT,Mauritania
c21_m9,21,-9,0.051,ameli_map,MRT,Mauritania
c21_m8,21,-8,0.051,ameli_map,MRT,Mauritania
c21_m7,21,-7,0.051,ameli_map,MRT,Mauritania
c21_m6,21,-6,0.051,ameli_map,MLI,Mali
c21_m5,21,-5,0.051,ameli_map,MLI,Mali
c21_m4,21,-4,0.051,ameli_map,MLI,Mali
c21_m3,21,-3,0.051,ameli_map,MLI,Mali
c21_m2,21,-2,0.051,ameli_map,MLI,Mali
c21_m1,21,-1,0.051,ameli_map,MLI,Mali
c21_0,21,0,0.051,ameli_map,MLI,Mali
c21_1,21,1,0.051,ameli_map,MLI,Mali
c21_2,21,2,0.051,ameli_map,DZA,Algeria
c21_3,21,3,0.051,ameli_map,DZA,Algeria
c21_4,21,4,0.051,ameli_map,DZA,Algeria
c21_5,21,5,0.051,ameli_map,DZA,Algeria
c21_6,21,6,0.051,ameli_map,DZA,Algeria
c21_7,21,7,0.051,ameli_map,DZA,Algeria
c21_8,21,8,0.051,ameli_map,NER,Niger
c21_9,21,9,0.051,ameli_map,NER,Niger
c21_10,21,10,0.051,ameli_map,NER,Niger
c21_11,21,11,0.051,ameli_map,NER,Niger
c21_12,21,12,0.051,ameli_map,NER,Niger
c21_13,21,13,0.051,ameli_map,NER,Niger
c21_14,21,14,0.051,ameli_map,NER,Niger
c21_15,21,15,0.051,ameli_map,NER,Niger
c21_16,21,16,0.051,ameli_map,TCD,Chad
c21_17,21,17,0.051,ameli_map,TCD,Chad
c21_18,21,18,0.051,ameli_map,TCD,Chad
c21_19,21,19,0.051,ameli_map,TCD,Chad
c21_20,21,20,0.051,ameli_map,TCD,Chad
c21_21,21,21,0.051,ameli_map,TCD,Chad
c21_22,21,22,0.051,ameli_map,LBY,Libya
c21_23,21,23,0.051,ameli_map,LBY,Libya
c21_24,21,24,0.051,ameli_map,LBY,Libya
c21_25,21,25,0.051,ameli_map,SDN,Sudan
c21_26,21,26,0.051,ameli_map,SDN,Sudan
c21_27,21,27,0.051,ameli_map,SDN,Sudan
c21_28,21,28,0.051,ameli_map,SDN,Sudan
c21_29,21,29,0.051,ameli_map,SDN,Sudan
c21_30,21,30,0.051,ameli_map,SDN,Sudan
c21_31,21,31,0.051,ameli_map,SDN,Sudan
c21_32,21,32,0.051,ameli_map,SDN,Sudan
c21_33,21,33,0.051,ameli_map,SDN,Sudan
c21_34,21,34,0.051,ameli_map,SDN,Sudan
c21_35,21,35,0.051,ameli_map,SDN,Sudan
c21_36,21,36,0.051,ameli_map,SDN,Sudan
c21_37,21,37,0.051,ameli_map,SDN,Sudan
c21_40,21,40,0.051,ameli_map,SAU,Saudi Arabia
c21_41,21,41,0.051,ameli_map,SAU,Saudi Arabia
c21_42,21,42,0.051,ameli_map,SAU,Saudi Arabia
c21_43,21,43,0.051,ameli_map,SAU,Saudi Arabia
c21_44,21,44,0.051,ameli_map,SAU,Saudi Arabia
c21_45,21,45,0.051,ameli_map,SAU,Saudi Arabia
c21_46,21,46,0.051,ameli_map,SAU,Saudi Arabia
c21_47,21,47,0.051,ameli_map,SAU,Saudi Arabia
c21_48,21,48,0.051,ameli_map,SAU,Saudi Arabia
c21_49,21,49,0.051,ameli_map,SAU,Saudi Arabia
c21_50,21,50,0.051,ameli_map,SAU,Saudi Arabia
c21_51,21,51,0.051,ameli_map,SAU,Saudi Arabia
c21_52,21,52,0.051,ameli_map,SAU,Saudi Arabia
c21_53,21,53,0.051,ameli_map,SAU,Saudi Arabia
c21_54,21,54,0.051,ameli_map,SAU,Saudi Arabia
c21_55,21,55,0.051,ameli_map,SAU,Saudi Arabia
c21_56,21,56,0.051,ameli_map,OMN,Oman
c21_57,21,57,0.051,ameli_map,OMN,Oman
c21_58,21,58,0.051,ameli_map,OMN,Oman
c21_71,21,71,0.051,ameli_map,IND,India
c21_73,21,73,0.051,ameli_map,IND,India
c21_74,21,74,0.051,ameli_map,IND,India
c21_75,21,75,0.051,ameli_map,IND,India
c21_76,21,76,0.051,ameli_map,IND,India
c21_77,21,77,0.051,ameli_map,IND,India
c21_78,21,78,0.051,ameli_map,IND,India
c21_79,21,79,0.051,ameli_map,IND,India
c21_80,21,80,0.051,ameli_map,IND,India
c21_81,21,81,0.051,ameli_map,IND,India
c21_82,21,82,0.051,ameli_map,IND,India
c21_83,21,83,0.051,ameli_map,IND,India
c21_84,21,84,0.051,ameli_map,IND,India
c21_85,21,85,0.051,ameli_map,IND,India
c21_86,21,86,0.051,ameli_map,IND,India
c21_93,21,93,0.051,ameli_map,MMR,Myanmar
c21_94,21,94,0.051,ameli_map,MMR,Myanmar
c21_95,21,95,0.051,ameli_map,MMR,Myanmar
c21_96,21,96,0.051,ameli_map,MMR,Myanmar
c21_97,21,97,0.051,ameli_map,MMR,Myanmar
c21_98,21,98,0.051,ameli_map,MMR,Myanmar
c21_99,21,99,0.051,ameli_map,MMR,Myanmar
c21_100,21,100,0.051,ameli_map,MMR,Myanmar
c21_101,21,101,0.051,ameli_map,LAO,Laos
c21_102,21,102,0.051,ameli_map,LAO,Laos
c21_103,21,103,0.051,ameli_map,LAO,Laos
c21_104,21,104,0.051,ameli_map,VNM,Vietnam
c21_105,21,105,0.051,ameli_map,VNM,Vietnam
c21_106,21,106,0.051,ameli_map,VNM,Vietnam
c21_107,21,107,0.051,ameli_map,VNM,Vietnam
c21_110,21,110,0.051,ameli_map,CHN,China
c22_m105,22,-105,0.051,ameli_map,MEX,Mexico
c22_m104,22,-104,0.051,ameli_map,MEX,Mexico
c22_m103,22,-103,0.051,ameli_map,MEX,Mexico
c22_m102,22,-102,0.051,ameli_map,MEX,Mexico
c22_m101,22,-101,0.051,ameli_map,MEX,Mexico
c22_m100,22,-100,0.051,ameli_map,MEX,Mexico
c22_m99,22,-99,0.051,ameli_map,MEX,Mexico
c22_m98,22,-98,0.051,ameli_map,MEX,Mexico
c22_m84,22,-84,0.051,ameli_map,CUB,Cuba
c22_m80,22,-80,0.051,ameli_map,CUB,Cuba
c22_m79,22,-79,0.051,ameli_map,CUB,Cuba
c22_m16,22,-16,0.051,ameli_map,ESH,Western Sahara
c22_m15,22,-15,0.051,ameli_map,ESH,Western Sahara
c22_m14,22,-14,0.051,ameli_map,ESH,Western Sahara
c22_m13,22,-13,0.051,ameli_map,MRT,Mauritania
c22_m12,22,-12,0.051,ameli_map,MRT,Mauritania
c22_m11,22,-11,0.051,ameli_map,MRT,Mauritania
c22_m10,22,-10,0.051,ameli_map,MRT,Mauritania
c22_m9,22,-9,0.051,ameli_map,MRT,Mauritania
c22_m8,22,-8,0.051,ameli_map,MRT,Mauritania
c22_m7,22,-7,0.051,ameli_map,MRT,Mauritania
c22_m6,22,-6,0.051,ameli_map,MLI,Mali
c22_m5,22,-5,0.051,ameli_map,MLI,Mali
c22_m4,22,-4,0.051,ameli_map,MLI,Mali
c22_m3,22,-3,0.051,ameli_map,MLI,Mali
c22_m2,22,-2,0.051,ameli_map,MLI,Mali
c22_m1,22,-1,0.051,ameli_map,MLI,Mali
c22_0,22,0,0.051,ameli_map,DZA,Algeria
c22_1,22,1,0.051,ameli_map,DZA,Algeria
c22_2,22,2,0.051,ameli_map,DZA,Algeria
c22_3,22,3,0.051,ameli_map,DZA,Algeria
c22_4,22,4,0.051,ameli_map,DZA,Algeria
c22_5,22,5,0.051,ameli_map,DZA,Algeria
c22_6,22,6,0.051,ameli_map,DZA,Algeria
c22_7,22,7,0.051,ameli_map,DZA,Algeria
c22_8,22,8,0.051,ameli_map,DZA,Algeria
c22_9,22,9,0.051,ameli_map,DZA,Algeria
c22_10,22,10,0.051,ameli_map,NER,Niger
c22_11,22,11,0.051,ameli_map,NER,Niger
c22_12,22,12,0.051,ameli_map,NER,Niger
c22_13,22,13,0.051,ameli_map,NER,Niger
c22_14,22,14,0.051,ameli_map,NER,Niger
c22_15,22,15,0.051,ameli_map,NER,Niger
c22_16,22,16,0.051,ameli_map,TCD,Chad
c22_17,22,17,0.051,ameli_map,TCD,Chad
c22_18,22,18,0.051,ameli_map,TCD,Chad
c22_19,22,19,0.051,ameli_map,TCD,Chad
c22_20,22,20,0.051,ameli_map,LBY,Libya
c22_21,22,21,0.051,ameli_map,LBY,Libya
c22_22,22,22,0.051,ameli_map,LBY,Libya
c22_23,22,23,0.051,ameli_map,LBY,Libya
c22_24,22,24,0.051,ameli_map,LBY,Libya
c22_25,22,25,0.051,ameli_map,EGY,Egypt
c22_26,22,26,0.051,ameli_map,SDN,Sudan
c22_27,22,27,0.051,ameli_map,SDN,Sudan
c22_28,22,28,0.051,ameli_map,SDN,Sudan
c22_29,22,29,0.051,ameli_map,SDN,Sudan
c22_30,22,30,0.051,ameli_map,SDN,Sudan
c22_31,22,31,0.051,ameli_map,SDN,Sudan
c22_32,22,32,0.051,ameli_map,SDN,Sudan
c22_33,22,33,0.051,ameli_map,SDN,Sudan
c22_34,22,34,0.051,ameli_map,EGY,Egypt
c22_35,22,35,0.051,ameli_map,SDN,Sudan
c22_36,22,36,0.051,ameli_map,SDN,Sudan
c22_40,22,40,0.051,ameli_map,SAU,Saudi Arabia
c22_41,22,41,0.051,ameli_map,SAU,Saudi Arabia
c22_42,22,42,0.051,ameli_map,SAU,Saudi Arabia
c22_43,22,43,0.051,ameli_map,SAU,Saudi Arabia
c22_44,22,44,0.051,ameli_map,SAU,Saudi Arabia
c22_45,22,45,0.051,ameli_map,SAU,Saudi Arabia
c22_46,22,46,0.051,ameli_map,SAU,Saudi Arabia
c22_47,22,47,0.051,ameli_map,SAU,Saudi Arabia
c22_48,22,48,0.051,ameli_map,SAU,Saudi Arabia
c22_49,22,49,0.051,ameli_map,SAU,Saudi Arabia
c22_50,22,50,0.051,ameli_map,SAU,Saudi Arabia
c22_51,22,51,0.051,ameli_map,SAU,Saudi Arabia
c22_52,22,52,0.051,ameli_map,SAU,Saudi Arabia
c22_53,22,53,0.051,ameli_map,SAU,Saudi Arabia
c22_54,22,54,0.051,ameli_map,SAU,Saudi Arabia
c22_55,22,55,0.051,ameli_map,SAU,Saudi Arabia
c22_56,22,56,0.051,ameli_map,OMN,Oman
c22_57,22,57,0.051,ameli_map,OMN,Oman
c22_58,22,58,0.051,ameli_map,OMN,Oman
c22_59,22,59,0.051,ameli_map,OMN,Oman
c22_70,22,70,0.051,ameli_map,IND,India
c22_71,22,71,0.051,ameli_map,IND,India
c22_72,22,72,0.051,ameli_map,IND,India
c22_73,22,73,0.051,ameli_map,IND,India
c22_74,22,74,0.051,ameli_map,IND,India
c22_75,22,75,0.051,ameli_map,IND,India
c22_76,22,76,0.051,ameli_map,IND,India
c22_77,22,77,0.051,ameli_map,IND,India
c22_78,22,78,0.051,ameli_map,IND,India
c22_79,22,79,0.051,ameli_map,IND,India
c22_80,22,80,0.051,ameli_map,IND,India
c22_81,22,81,0.051,ameli_map,IND,India
c22_82,22,82,0.051,ameli_map,IND,India
c22_83,22,83,0.051,ameli_map,IND,India
c22_84,22,84,0.051,ameli_map,IND,India
c22_85,22,85,0.051,ameli_map,IND,India
c22_86,22,86,0.051,ameli_map,IND,India
c22_87,22,87,0.051,ameli_map,IND,India
c22_88,22,88,0.051,ameli_map,IND,India
c22_89,22,89,0.051,ameli_map,IND,India
c22_90,22,90,0.051,ameli_map,BGD,Bangladesh
c22_92,22,92,0.051,ameli_map,BGD,Bangladesh
c22_93,22,93,0.051,ameli_map,IND,India
c22_94,22,94,0.051,ameli_map,MMR,Myanmar
c22_95,22,95,0.051,ameli_map,MMR,Myanmar
c22_96,22,96,0.051,ameli_map,MMR,Myanmar
c22_97,22,97,0.051,ameli_map,MMR,Myanmar
c22_98,22,98,0.051,ameli_map,MMR,Myanmar
c22_99,22,99,0.051,ameli_map,MMR,Myanmar
c22_100,22,100,0.051,ameli_map,CHN,China
c22_101,22,101,0.051,ameli_map,CHN,China
c22_102,22,102,0.051,ameli_map,LAO,Laos
c22_103,22,103,0.051,ameli_map,VNM,Vietnam
c22_104,22,104,0.051,ameli_map,VNM,Vietnam
c22_105,22,105,0.051,ameli_map,VNM,Vietnam
c22_106,22,106,0.051,ameli_map,VNM,Vietnam
c22_107,22,107,0.051,ameli_map,CHN,China
c22_108,22,108,0.051,ameli_map,CHN,China
c22_109,22,109,0.051,ameli_map,CHN,China
c22_110,22,110,0.051,ameli_map,CHN,China
c22_111,22,111,0.051,ameli_map,CHN,China
c22_112,22,112,0.051,ameli_map,CHN,China
c22_113,22,113,0.051,ameli_map,CHN,China
c23_m110,23,-110,0.051,ameli_map,MEX,Mexico
c23_m106,23,-106,0.051,ameli_map,MEX,Mexico
c23_m105,23,-105,0.051,ameli_map,MEX,Mexico
c23_m104,23,-104,0.051,ameli_map,MEX,Mexico
c23_m103,23,-103,0.051,ameli_map,MEX,Mexico
c23_m102,23,-102,0.051,ameli_map,MEX,Mexico
c23_m101,23,-101,0.051,ameli_map,MEX,Mexico
c23_m100,23,-100,0.051,ameli_map,MEX,Mexico
c23_m99,23,-99,0.051,ameli_map,MEX,Mexico
c23_m98,23,-98,0.051,ameli_map,MEX,Mexico
c23_m83,23,-83,0.051,ameli_map,CUB,Cuba
c23_m82,23,-82,0.051,ameli_map,CUB,Cuba
c23_m81,23,-81,0.051,ameli_map,CUB,Cuba
c23_m16,23,-16,0.051,ameli_map,ESH,Western Sahara
c23_m15,23,-15,0.051,ameli_map,ESH,Western Sahara
c23_m14,23,-14,0.051,ameli_map,ESH,Western Sahara
c23_m13,23,-13,0.051,ameli_map,MRT,Mauritania
c23_m12,23,-12,0.051,ameli_map,MRT,Mauritania
c23_m11,23,-11,0.051,ameli_map,MRT,Mauritania
c23_m10,23,-10,0.051,ameli_map,MRT,Mauritania
c23_m9,23,-9,0.051,ameli_map,MRT,Mauritania
c23_m8,23,-8,0.051,ameli_map,MRT,Mauritania
c23_m7,23,-7,0.051,ameli_map,MRT,Mauritania
c23_m6,23,-6,0.051,ameli_map,MLI,Mali
c23_m5,23,-5,0.051,ameli_map,MLI,Mali
c23_m4,23,-4,0.051,ameli_map,MLI,Mali
c23_m3,23,-3,0.051,ameli_map,MLI,Mali
c23_m2,23,-2,0.051,ameli_map,MLI,Mali
c23_m1,23,-1,0.051,ameli_map,DZA,Algeria
c23_0,23,0,0.051,ameli_map,DZA,Algeria
c23_1,23,1,0.051,ameli_map,DZA,Algeria
c23_2,23,2,0.051,ameli_map,DZA,Algeria
c23_3,23,3,0.051,ameli_map,DZA,Algeria
c23_4,23,4,0.051,ameli_map,DZA,Algeria
c23_5,23,5,0.051,ameli_map,DZA,Algeria
c23_6,23,6,0.051,ameli_map,DZA,Algeria
c23_7,23,7,0.051,ameli_map,DZA,Algeria
c23_8,23,8,0.051,ameli_map,DZA,Algeria
c23_9,23,9,0.051,ameli_map,DZA,Algeria
c23_10,23,10,0.051,ameli_map,DZA,Algeria
c23_11,23,11,0.051,ameli_map,DZA,Algeria
c23_12,23,12,0.051,ameli_map,NER,Niger
c23_13,23,13,0.051,ameli_map,NER,Niger
c23_14,23,14,0.051,ameli_map,LBY,Libya
c23_15,23,15,0.051,ameli_map,TCD,Chad
c23_16,23,16,0.051,ameli_map,TCD,Chad
c23_17,23,17,0.051,ameli_map,LBY,Libya
c23_18,23,18,0.051,ameli_map,LBY,Libya
c23_19,23,19,0.051,ameli_map,LBY,Libya
c23_20,23,20,0.051,ameli_map,LBY,Libya
c23_21,23,21,0.051,ameli_map,LBY,Libya
c23_22,23,22,0.051,ameli_map,LBY,Libya
c23_23,23,23,0.051,ameli_map,LBY,Libya
c23_24,23,24,0.051,ameli_map,LBY,Libya
c23_25,23,25,0.051,ameli_map,EGY,Egypt
c23_26,23,26,0.051,ameli_map,EGY,Egypt
c23_27,23,27,0.051,ameli_map,EGY,Egypt
c23_28,23,28,0.051,ameli_map,EGY,Egypt
c23_29,23,29,0.051,ameli_map,EGY,Egypt
c23_30,23,30,0.051,ameli_map,EGY,Egypt
c23_31,23,31,0.051,ameli_map,EGY,Egypt
c23_32,23,32,0.051,ameli_map,EGY,Egypt
c23_33,23,33,0.051,ameli_map,EGY,Egypt
c23_34,23,34,0.051,ameli_map,EGY,Egypt
c23_35,23,35,0.051,ameli_map,EGY,Egypt
c23_39,23,39,0.051,ameli_map,SAU,Saudi Arabia
c23_40,23,40,0.051,ameli_map,SAU,Saudi Arabia
c23_41,23,41,0.051,ameli_map,SAU,Saudi Arabia
c23_42,23,42,0.051,ameli_map,SAU,Saudi Arabia
c23_43,23,43,0.051,ameli_map,SAU,Saudi Arabia
c23_44,23,44,0.051,ameli_map,SAU,Saudi Arabia
c23_45,23,45,0.051,ameli_map,SAU,Saudi Arabia
c23_46,23,46,0.051,ameli_map,SAU,Saudi Arabia
c23_47,23,47,0.051,ameli_map,SAU,Saudi Arabia
c23_48,23,48,0.051,ameli_map,SAU,Saudi Arabia
c23_49,23,49,0.051,ameli_map,SAU,Saudi Arabia
c23_50,23,50,0.051,ameli_map,SAU,Saudi Arabia
c23_51,23,51,0.051,ameli_map,SAU,Saudi Arabia
c23_52,23,52,0.051,ameli_map,SAU,Saudi Arabia
c23_53,23,53,0.051,ameli_map,ARE,United Arab Emirates
c23_54,23,54,0.051,ameli_map,ARE,United Arab Emirates
c23_55,23,55,0.051,ameli_map,ARE,United Arab Emirates
c23_56,23,56,0.051,ameli_map,OMN,Oman
c23_57,23,57,0.051,ameli_map,OMN,Oman
c23_58,23,58,0.051,ameli_map,OMN,Oman
c23_59,23,59,0.051,ameli_map,OMN,Oman
c23_69,23,69,0.051,ameli_map,IND,India
c23_70,23,70,0.051,ameli_map,IND,India
c23_71,23,71,0.051,ameli_map,IND,India
c23_72,23,72,0.051,ameli_map,IND,India
c23_73,23,73,0.051,ameli_map,IND,India
c23_74,23,74,0.051,ameli_map,IND,India
c23_75,23,75,0.051,ameli_map,IND,India
c23_76,23,76,0.051,ameli_map,IND,India
c23_77,23,77,0.051,ameli_map,IND,India
c23_78,23,78,0.051,ameli_map,IND,India
c23_79,23,79,0.051,ameli_map,IND,India
c23_80,23,80,0.051,ameli_map,IND,India
c23_81,23,81,0.051,ameli_map,IND,India
c23_82,23,82,0.051,ameli_map,IND,India
c23_83,23,83,0.051,ameli_map,IND,India
c23_84,23,84,0.051,ameli_map,IND,India
c23_85,23,85,0.051,ameli_map,IND,India
c23_86,23,86,0.051,ameli_map,IND,India
c23_87,23,87,0.051,ameli_map,IND,India
c23_88,23,88,0.051,ameli_map,IND,India
c23_89,23,89,0.051,ameli_map,BGD,Bangladesh
c23_90,23,90,0.051,ameli_map,BGD,Bangladesh
c23_91,23,91,0.051,ameli_map,BGD,Bangladesh
c23_92,23,92,0.051,ameli_map,BGD,Bangladesh
c23_93,23,93,0.051,ameli_map,IND,India
c23_94,23,94,0.051,ameli_map,MMR,Myanmar
c23_95,23,95,0.051,ameli_map,MMR,Myanmar
c23_96,23,96,0.051,ameli_map,MMR,Myanmar
c23_97,23,97,0.051,ameli_map,MMR,Myanmar
c23_98,23,98,0.051,ameli_map,MMR,Myanmar
c23_99,23,99,0.051,ameli_map,MMR,Myanmar
c23_100,23,100,0.051,ameli_map,CHN,China
c23_101,23,101,0.051,ameli_map,CHN,China
c23_102,23,102,0.051,ameli_map,CHN,China
c23_103,23,103,0.051,ameli_map,CHN,China
c23_104,23,104,0.051,ameli_map,CHN,China
c23_105,23,105,0.051,ameli_map,VNM,Vietnam
c23_106,23,106,0.051,ameli_map,CHN,China
c23_107,23,107,0.051,ameli_map,CHN,China
c23_108,23,108,0.051,ameli_map,CHN,China
c23_109,23,109,0.051,ameli_map,CHN,China
c23_110,23,110,0.051,ameli_map,CHN,China
c23_111,23,111,0.051,ameli_map,CHN,China
c23_112,23,112,0.051,ameli_map,CHN,China
c23_113,23,113,0.051,ameli_map,CHN,China
c23_114,23,114,0.051,ameli_map,CHN,China
c23_115,23,115,0.051,ameli_map,CHN,China
c23_116,23,116,0.051,ameli_map,CHN,China
c23_121,23,121,0.051,ameli_map,TWN,Taiwan
c24_m110,24,-110,0.051,ameli_map,MEX,Mexico
c24_m107,24,-107,0.051,ameli_map,MEX,Mexico
c24_m106,24,-106,0.051,ameli_map,MEX,Mexico
c24_m105,24,-105,0.051,ameli_map,MEX,Mexico
c24_m104,24,-104,0.051,ameli_map,MEX,Mexico
c24_m103,24,-103,0.051,ameli_map,MEX,Mexico
c24_m102,24,-102,0.051,ameli_map,MEX,Mexico
c24_m101,24,-101,0.051,ameli_map,MEX,Mexico
c24_m100,24,-100,0.051,ameli_map,MEX,Mexico
c24_m99,24,-99,0.051,ameli_map,MEX,Mexico
c24_m98,24,-98,0.051,ameli_map,MEX,Mexico
c24_m15,24,-15,0.051,ameli_map,ESH,Western Sahara
c24_m14,24,-14,0.051,ameli_map,ESH,Western Sahara
c24_m13,24,-13,0.051,ameli_map,ESH,Western Sahara
c24_m12,24,-12,0.051,ameli_map,MRT,Mauritania
c24_m11,24,-11,0.051,ameli_map,MRT,Mauritania
c24_m10,24,-10,0.051,ameli_map,MRT,Mauritania
c24_m9,24,-9,0.051,ameli_map,MRT,Mauritania
c24_m8,24,-8,0.051,ameli_map,MRT,Mauritania
c24_m7,24,-7,0.051,ameli_map,MRT,Mauritania
c24_m6,24,-6,0.051,ameli_map,MLI,Mali
c24_m5,24,-5,0.051,ameli_map,MLI,Mali
c24_m4,24,-4,0.051,ameli_map,MLI,Mali
c24_m3,24,-3,0.051,ameli_map,DZA,Algeria
c24_m2,24,-2,0.051,ameli_map,DZA,Algeria
c24_m1,24,-1,0.051,ameli_map,DZA,Algeria
c24_0,24,0,0.051,ameli_map,DZA,Algeria
c24_1,24,1,0.051,ameli_map,DZA,Algeria
c24_2,24,2,0.051,ameli_map,DZA,Algeria
c24_3,24,3,0.051,ameli_map,DZA,Algeria
c24_4,24,4,0.051,ameli_map,DZA,Algeria
c24_5,24,5,0.051,ameli_map,DZA,Algeria
c24_6,24,6,0.051,ameli_map,DZA,Algeria
c24_7,24,7,0.051,ameli_map,DZA,Algeria
c24_8,24,8,0.051,ameli_map,DZA,Algeria
c24_9,24,9,0.051,ameli_map,DZA,Algeria
c24_10,24,10,0.051,ameli_map,DZA,Algeria
c24_11,24,11,0.051,ameli_map,DZA,Algeria
c24_12,24,12,0.051,ameli_map,LBY,Libya
c24_13,24,13,0.051,ameli_map,LBY,Libya
c24_14,24,14,0.051,ameli_map,LBY,Libya
c24_15,24,15,0.051,ameli_map,LBY,Libya
c24_16,24,16,0.051,ameli_map,LBY,Libya
c24_17,24,17,0.051,ameli_map,LBY,Libya
c24_18,24,18,0.051,ameli_map,LBY,Libya
c24_19,24,19,0.051,ameli_map,LBY,Libya
c24_20,24,20,0.051,ameli_map,LBY,Libya
c24_21,24,21,0.051,ameli_map,LBY,Libya
c24_22,24,22,0.051,ameli_map,LBY,Libya
c24_23,24,23,0.051,ameli_map,LBY,Libya
c24_24,24,24,0.051,ameli_map,LBY,Libya
c24_25,24,25,0.051,ameli_map,EGY,Egypt
c24_26,24,26,0.051,ameli_map,EGY,Egypt
c24_27,24,27,0.051,ameli_map,EGY,Egypt
c24_28,24,28,0.051,ameli_map,EGY,Egypt
c24_29,24,29,0.051,ameli_map,EGY,Egypt
c24_30,24,30,0.051,ameli_map,EGY,Egypt
c24_31,24,31,0.051,ameli_map,EGY,Egypt
c24_32,24,32,0.051,ameli_map,EGY,Egypt
c24_33,24,33,0.051,ameli_map,EGY,Egypt
c24_34,24,34,0.051,ameli_map,EGY,Egypt
c24_35,24,35,0.051,ameli_map,EGY,Egypt
c24_39,24,39,0.051,ameli_map,SAU,Saudi Arabia
c24_40,24,40,0.051,ameli_map,SAU,Saudi Arabia
c24_41,24,41,0.051,ameli_map,SAU,Saudi Arabia
c24_42,24,42,0.051,ameli_map,SAU,Saudi Arabia
c24_43,24,43,0.051,ameli_map,SAU,Saudi Arabia
c24_44,24,44,0.051,ameli_map,SAU,Saudi Arabia
c24_45,24,45,0.051,ameli_map,SAU,Saudi Arabia
c24_46,24,46,0.051,ameli_map,SAU,Saudi Arabia
c24_47,24,47,0.051,ameli_map,SAU,Saudi Arabia
c24_48,24,48,0.051,ameli_map,SAU,Saudi Arabia
c24_49,24,49,0.051,ameli_map,SAU,Saudi Arabia
c24_50,24,50,0.051,ameli_map,SAU,Saudi Arabia
c24_51,24,51,0.051,ameli_map,SAU,Saudi Arabia
c24_53,24,53,0.051,ameli_map,ARE,United Arab Emirates
c24_54,24,54,0.051,ameli_map,ARE,United Arab Emirates
c24_55,24,55,0.051,ameli_map,ARE,United Arab Emirates
c24_56,24,56,0.051,ameli_map,OMN,Oman
c24_57,24,57,0.051,ameli_map,OMN,Oman
c24_68,24,68,0.051,ameli_map,PAK,Pakistan
c24_70,24,70,0.051,ameli_map,IND,India
c24_71,24,71,0.051,ameli_map,IND,India
c24_72,24,72,0.051,ameli_map,IND,India
c24_73,24,73,0.051,ameli_map,IND,India
c24_74,24,74,0.051,ameli_map,IND,India
c24_75,24,75,0.051,ameli_map,IND,India
c24_76,24,76,0.051,ameli_map,IND,India
c24_77,24,77,0.051,ameli_map,IND,India
c24_78,24,78,0.051,ameli_map,IND,India
c24_79,24,79,0.051,ameli_map,IND,India
c24_80,24,80,0.051,ameli_map,IND,India
c24_81,24,81,0.051,ameli_map,IND,India
c24_82,24,82,0.051,ameli_map,IND,India
c24_83,24,83,0.051,ameli_map,IND,India
c24_84,24,84,0.051,ameli_map,IND,India
c24_85,24,85,0.051,ameli_map,IND,India
c24_86,24,86,0.051,ameli_map,IND,India
c24_87,24,87,0.051,ameli_map,IND,India
c24_88,24,88,0.051,ameli_map,IND,India
c24_89,24,89,0.051,ameli_map,BGD,Bangladesh
c24_90,24,90,0.051,ameli_map,BGD,Bangladesh
c24_91,24,91,0.051,ameli_map,BGD,Bangladesh
c24_92,24,92,0.051,ameli_map,IND,India
c24_93,24,93,0.051,ameli_map,IND,India
c24_94,24,94,0.051,ameli_map,IND,India
c24_95,24,95,0.051,ameli_map,MMR,Myanmar
c24_96,24,96,0.051,ameli_map,MMR,Myanmar
c24_97,24,97,0.051,ameli_map,MMR,Myanmar
c24_98,24,98,0.051,ameli_map,MMR,Myanmar
c24_99,24,99,0.051,ameli_map,CHN,China
c24_100,24,100,0.051,ameli_map,CHN,China
c24_101,24,101,0.051,ameli_map,CHN,China
c24_102,24,102,0.051,ameli_map,CHN,China
c24_103,24,103,0.051,ameli_map,CHN,China
c24_104,24,104,0.051,ameli_map,CHN,China
c24_105,24,105,0.051,ameli_map,CHN,China
c24_106,24,106,0.051,ameli_map,CHN,China
c24_107,24,107,0.051,ameli_map,CHN,China
c24_108,24,108,0.051,ameli_map,CHN,China
c24_109,24,109,0.051,ameli_map,CHN,China
c24_110,24,110,0.051,ameli_map,CHN,China
c24_111,24,111,0.051,ameli_map,CHN,China
c24_112,24,112,0.051,ameli_map,CHN,China
c24_113,24,113,0.051,ameli_map,CHN,China
c24_114,24,114,0.051,ameli_map,CHN,China
c24_115,24,115,0.051,ameli_map,CHN,China
c24_116,24,116,0.051,ameli_map,CHN,China
c24_117,24,117,0.051,ameli_map,CHN,China
c24_121,24,121,0.051,ameli_map,TWN,Taiwan
c25_m112,25,-112,0.051,ameli_map,MEX,Mexico
c25_m111,25,-111,0.051,ameli_map,MEX,Mexico
c25_m108,25,-108,0.051,ameli_map,MEX,Mexico
c25_m107,25,-107,0.051,ameli_map,MEX,Mexico
c25_m106,25,-106,0.051,ameli_map,MEX,Mexico
c25_m105,25,-105,0.051,ameli_map,MEX,Mexico
c25_m104,25,-104,0.051,ameli_map,MEX,Mexico
c25_m103,25,-103,0.051,ameli_map,MEX,Mexico
c25_m102,25,-102,0.051,ameli_map,MEX,Mexico
c25_m101,25,-101,0.051,ameli_map,MEX,Mexico
c25_m100,25,-100,0.051,ameli_map,MEX,Mexico
c25_m99,25,-99,0.051,ameli_map,MEX,Mexico
c25_m98,25,-98,0.051,ameli_map,MEX,Mexico
c25_m78,25,-78,0.051,ameli_map,BHS,Bahamas
c25_m14,25,-14,0.051,ameli_map,ESH,Western Sahara
c25_m13,25,-13,0.051,ameli_map,ESH,Western Sahara
c25_m12,25,-12,0.051,ameli_map,MRT,Mauritania
c25_m11,25,-11,0.051,ameli_map,MRT,Mauritania
c25_m10,25,-10,0.051,ameli_map,MRT,Mauritania
c25_m9,25,-9,0.051,ameli_map,MRT,Mauritania
c25_m8,25,-8,0.051,ameli_map,MRT,Mauritania
c25_m7,25,-7,0.051,ameli_map,MRT,Mauritania
c25_m6,25,-6,0.051,ameli_map,MLI,Mali
c25_m5,25,-5,0.051,ameli_map,MLI,Mali
c25_m4,25,-4,0.051,ameli_map,DZA,Algeria
c25_m3,25,-3,0.051,ameli_map,DZA,Algeria
c25_m2,25,-2,0.051,ameli_map,DZA,Algeria
c25_m1,25,-1,0.051,ameli_map,DZA,Algeria
c25_0,25,0,0.051,ameli_map,DZA,Algeria
c25_1,25,1,0.051,ameli_map,DZA,Algeria
c25_2,25,2,0.051,ameli_map,DZA,Algeria
c25_3,25,3,0.051,ameli_map,DZA,Algeria
c25_4,25,4,0.051,ameli_map,DZA,Algeria
c25_5,25,5,0.051,ameli_map,DZA,Algeria
c25_6,25,6,0.051,ameli_map,DZA,Algeria
c25_7,25,7,0.051,ameli_map,DZA,Algeria
c25_8,25,8,0.051,ameli_map,DZA,Algeria
c25_9,25,9,0.051,ameli_map,DZA,Algeria
c25_10,25,10,0.051,ameli_map,DZA,Algeria
c25_11,25,11,0.051,ameli_map,LBY,Libya
c25_12,25,12,0.051,ameli_map,LBY,Libya
c25_13,25,13,0.051,ameli_map,LBY,Libya
c25_14,25,14,0.051,ameli_map,LBY,Libya
c25_15,25,15,0.051,ameli_map,LBY,Libya
c25_16,25,16,0.051,ameli_map,LBY,Libya
c25_17,25,17,0.051,ameli_map,LBY,Libya
c25_18,25,18,0.051,ameli_map,LBY,Libya
c25_19,25,19,0.051,ameli_map,LBY,Libya
c25_20,25,20,0.051,ameli_map,LBY,Libya
c25_21,25,21,0.051,ameli_map,LBY,Libya
c25_22,25,22,0.051,ameli_map,LBY,Libya
c25_23,25,23,0.051,ameli_map,LBY,Libya
c25_24,25,24,0.051,ameli_map,LBY,Libya
c25_25,25,25,0.051,ameli_map,EGY,Egypt
c25_26,25,26,0.051,ameli_map,EGY,Egypt
c25_27,25,27,0.051,ameli_map,EGY,Egypt
c25_28,25,28,0.051,ameli_map,EGY,Egypt
c25_29,25,29,0.051,ameli_map,EGY,Egypt
c25_30,25,30,0.051,ameli_map,EGY,Egypt
c25_31,25,31,0.051,ameli_map,EGY,Egypt
c25_32,25,32,0.051,ameli_map,EGY,Egypt
c25_33,25,33,0.051,ameli_map,EGY,Egypt
c25_34,25,34,0.051,ameli_map,EGY,Egypt
c25_38,25,38,0.051,ameli_map,SAU,Saudi Arabia
c25_39,25,39,0.051,ameli_map,SAU,Saudi Arabia
c25_40,25,40,0.051,ameli_map,SAU,Saudi Arabia
c25_41,25,41,0.051,ameli_map,SAU,Saudi Arabia
c25_42,25,42,0.051,ameli_map,SAU,Saudi Arabia
c25_43,25,43,0.051,ameli_map,SAU,Saudi Arabia
c25_44,25,44,0.051,ameli_map,SAU,Saudi Arabia
c25_45,25,45,0.051,ameli_map,SAU,Saudi Arabia
c25_46,25,46,0.051,ameli_map,SAU,Saudi Arabia
c25_47,25,47,0.051,ameli_map,SAU,Saudi Arabia
c25_48,25,48,0.051,ameli_map,SAU,Saudi Arabia
c25_49,25,49,0.051,ameli_map,SAU,Saudi Arabia
c25_50,25,50,0.051,ameli_map,SAU,Saudi Arabia
c25_51,25,51,0.051,ameli_map,QAT,Qatar
c25_56,25,56,0.051,ameli_map,ARE,United Arab Emirates
c25_67,25,67,0.051,ameli_map,PAK,Pakistan
c25_68,25,68,0.051,ameli_map,PAK,Pakistan
c25_69,25,69,0.051,ameli_map,PAK,Pakistan
c25_70,25,70,0.051,ameli_map,PAK,Pakistan
c25_71,25,71,0.051,ameli_map,IND,India
c25_72,25,72,0.051,ameli_map,IND,India
c25_73,25,73,0.051,ameli_map,IND,India
c25_74,25,74,0.051,ameli_map,IND,India
c25_75,25,75,0.051,ameli_map,IND,India
c25_76,25,76,0.051,ameli_map,IND,India
c25_77,25,77,0.051,ameli_map,IND,India
c25_78,25,78,0.051,ameli_map,IND,India
c25_79,25,79,0.051,ameli_map,IND,India
c25_80,25,80,0.051,ameli_map,IND,India
c25_81,25,81,0.051,ameli_map,IND,India
c25_82,25,82,0.051,ameli_map,IND,India
c25_83,25,83,0.051,ameli_map,IND,India
c25_84,25,84,0.051,ameli_map,IND,India
c25_85,25,85,0.051,ameli_map,IND,India
c25_86,25,86,0.051,ameli_map,IND,India
c25_87,25,87,0.051,ameli_map,IND,India
c25_88,25,88,0.051,ameli_map,IND,India
c25_89,25,89,0.051,ameli_map,BGD,Bangladesh
c25_90,25,90,0.051,ameli_map,BGD,Bangladesh
c25_91,25,91,0.051,ameli_map,BGD,Bangladesh
c25_92,25,92,0.051,ameli_map,BGD,Bangladesh
c25_93,25,93,0.051,ameli_map,IND,India
c25_94,25,94,0.051,ameli_map,IND,India
c25_95,25,95,0.051,ameli_map,MMR,Myanmar
c25_96,25,96,0.051,ameli_map,MMR,Myanmar
c25_97,25,97,0.051,ameli_map,MMR,Myanmar
c25_98,25,98,0.051,ameli_map,CHN,China
c25_99,25,99,0.051,ameli_map,CHN,China
c25_100,25,100,0.051,ameli_map,CHN,China
c25_101,25,101,0.051,ameli_map,CHN,China
c25_102,25,102,0.051,ameli_map,CHN,China
c25_103,25,103,0.051,ameli_map,CHN,China
c25_104,25,104,0.051,ameli_map,CHN,China
c25_105,25,105,0.051,ameli_map,CHN,China
c25_106,25,106,0.051,ameli_map,CHN,China
c25_107,25,107,0.051,ameli_map,CHN,China
c25_108,25,108,0.051,ameli_map,CHN,China
c25_109,25,109,0.051,ameli_map,CHN,China
c25_110,25,110,0.051,ameli_map,CHN,China
c25_111,25,111,0.051,ameli_map,CHN,China
c25_112,25,112,0.051,ameli_map,CHN,China
c25_113,25,113,0.051,ameli_map,CHN,China
c25_114,25,114,0.051,ameli_map,CHN,China
c25_115,25,115,0.051,ameli_map,CHN,China
c25_116,25,116,0.051,ameli_map,CHN,China
c25_117,25,117,0.051,ameli_map,CHN,China
c25_118,25,118,0.051,ameli_map,CHN,China
c25_119,25,119,0.051,ameli_map,CHN,China
c26_m112,26,-112,0.051,ameli_map,MEX,Mexico
c26_m109,26,-109,0.051,ameli_map,MEX,Mexico
c26_m108,26,-108,0.051,ameli_map,MEX,Mexico
c26_m107,26,-107,0.051,ameli_map,MEX,Mexico
c26_m106,26,-106,0.051,ameli_map,MEX,Mexico
c26_m105,26,-105,0.051,ameli_map,MEX,Mexico
c26_m104,26,-104,0.051,ameli_map,MEX,Mexico
c26_m103,26,-103,0.051,ameli_map,MEX,Mexico
c26_m102,26,-102,0.051,ameli_map,MEX,Mexico
c26_m101,26,-101,0.051,ameli_map,MEX,Mexico
c26_m100,26,-100,0.051,ameli_map,MEX,Mexico
c26_m99,26,-99,0.051,ameli_map,MEX,Mexico
c26_m98,26,-98,0.051,ameli_map,MEX,Mexico
c26_m81,26,-81,0.044,ameli_map,USA,United States
c26_m14,26,-14,0.051,ameli_map,ESH,Western Sahara
c26_m13,26,-13,0.051,ameli_map,ESH,Western Sahara
c26_m12,26,-12,0.051,ameli_map,ESH,Western Sahara
c26_m11,26,-11,0.051,ameli_map,ESH,Western Sahara
c26_m10,26,-10,0.051,ameli_map,ESH,Western Sahara
c26_m9,26,-9,0.051,ameli_map,ESH,Western Sahara
c26_m8,26,-8,0.051,ameli_map,MRT,Mauritania
c26_m7,26,-7,0.051,ameli_map,MRT,Mauritania
c26_m6,26,-6,0.051,ameli_map,DZA,Algeria
c26_m5,26,-5,0.051,ameli_map,DZA,Algeria
c26_m4,26,-4,0.051,ameli_map,DZA,Algeria
c26_m3,26,-3,0.051,ameli_map,DZA,Algeria
c26_m2,26,-2,0.051,ameli_map,DZA,Algeria
c26_m1,26,-1,0.051,ameli_map,DZA,Algeria
c26_0,26,0,0.051,ameli_map,DZA,Algeria
c26_1,26,1,0.051,ameli_map,DZA,Algeria
c26_2,26,2,0.051,ameli_map,DZA,Algeria
c26_3,26,3,0.051,ameli_map,DZA,Algeria
c26_4,26,4,0.051,ameli_map,DZA,Algeria
c26_5,26,5,0.051,ameli_map,DZA,Algeria
c26_6,26,6,0.051,ameli_map,DZA,Algeria
c26_7,26,7,0.051,ameli_map,DZA,Algeria
c26_8,26,8,0.051,ameli_map,DZA,Algeria
c26_9,26,9,0.051,ameli_map,DZA,Algeria
c26_10,26,10,0.051,ameli_map,LBY,Libya
c26_11,26,11,0.051,ameli_map,LBY,Libya
c26_12,26,12,0.051,ameli_map,LBY,Libya
c26_13,26,13,0.051,ameli_map,LBY,Libya
c26_14,26,14,0.051,ameli_map,LBY,Libya
c26_15,26,15,0.051,ameli_map,LBY,Libya
c26_16,26,16,0.051,ameli_map,LBY,Libya
c26_17,26,17,0.051,ameli_map,LBY,Libya
c26_18,26,18,0.051,ameli_map,LBY,Libya
c26_19,26,19,0.051,ameli_map,LBY,Libya
c26_20,26,20,0.051,ameli_map,LBY,Libya
c26_21,26,21,0.051,ameli_map,LBY,Libya
c26_22,26,22,0.051,ameli_map,LBY,Libya
c26_23,26,23,0.051,ameli_map,LBY,Libya
c26_24,26,24,0.051,ameli_map,LBY,Libya
c26_25,26,25,0.051,ameli_map,EGY,Egypt
c26_26,26,26,0.051,ameli_map,EGY,Egypt
c26_27,26,27,0.051,ameli_map,EGY,Egypt
c26_28,26,28,0.051,ameli_map,EGY,Egypt
c26_29,26,29,0.051,ameli_map,EGY,Egypt
c26_30,26,30,0.051,ameli_map,EGY,Egypt
c26_31,26,31,0.051,ameli_map,EGY,Egypt
c26_32,26,32,0.051,ameli_map,EGY,Egypt
c26_33,26,33,0.051,ameli_map,EGY,Egypt
c26_34,26,34,0.051,ameli_map,EGY,Egypt
c26_37,26,37,0.051,ameli_map,SAU,Saudi Arabia
c26_38,26,38,0.051,ameli_map,SAU,Saudi Arabia
c26_39,26,39,0.051,ameli_map,SAU,Saudi Arabia
c26_40,26,40,0.051,ameli_map,SAU,Saudi Arabia
c26_41,26,41,0.051,ameli_map,SAU,Saudi Arabia
c26_42,26,42,0.051,ameli_map,SAU,Saudi Arabia
c26_43,26,43,0.051,ameli_map,SAU,Saudi Arabia
c26_44,26,44,0.051,ameli_map,SAU,Saudi Arabia
c26_45,26,45,0.051,ameli_map,SAU,Saudi Arabia
c26_46,26,46,0.051,ameli_map,SAU,Saudi Arabia
c26_47,26,47,0.051,ameli_map,SAU,Saudi Arabia
c26_48,26,48,0.051,ameli_map,SAU,Saudi Arabia
c26_49,26,49,0.051,ameli_map,SAU,Saudi Arabia
c26_50,26,50,0.051,ameli_map,SAU,Saudi Arabia
c26_58,26,58,0.051,ameli_map,IRN,Iran
c26_59,26,59,0.051,ameli_map,IRN,Iran
c26_60,26,60,0.051,ameli_map,IRN,Iran
c26_61,26,61,0.051,ameli_map,IRN,Iran
c26_62,26,62,0.051,ameli_map,PAK,Pakistan
c26_63,26,63,0.051,ameli_map,PAK,Pakistan
c26_64,26,64,0.051,ameli_map,PAK,Pakistan
c26_65,26,65,0.051,ameli_map,PAK,Pakistan
c26_66,26,66,0.051,ameli_map,PAK,Pakistan
c26_67,26,67,0.051,ameli_map,PAK,Pakistan
c26_68,26,68,0.051,ameli_map,PAK,Pakistan
c26_69,26,69,0.051,ameli_map,PAK,Pakistan
c26_70,26,70,0.051,ameli_map,PAK,Pakistan
c26_71,26,71,0.051,ameli_map,IND,India
c26_72,26,72,0.051,ameli_map,IND,India
c26_73,26,73,0.051,ameli_map,IND,India
c26_74,26,74,0.051,ameli_map,IND,India
c26_75,26,75,0.051,ameli_map,IND,India
c26_76,26,76,0.051,ameli_map,IND,India
c26_77,26,77,0.051,ameli_map,IND,India
c26_78,26,78,0.051,ameli_map,IND,India
c26_79,26,79,0.051,ameli_map,IND,India
c26_80,26,80,0.051,ameli_map,IND,India
c26_81,26,81,0.051,ameli_map,IND,India
c26_82,26,82,0.051,ameli_map,IND,India
c26_83,26,83,0.051,ameli_map,IND,India
c26_84,26,84,0.051,ameli_map,IND,India
c26_85,26,85,0.051,ameli_map,IND,India
c26_86,26,86,0.051,ameli_map,IND,India
c26_87,26,87,0.051,ameli_map,IND,India
c26_88,26,88,0.051,ameli_map,IND,India
c26_89,26,89,0.051,ameli_map,BGD,Bangladesh
c26_90,26,90,0.051,ameli_map,IND,India
c26_91,26,91,0.051,ameli_map,IND,India
c26_92,26,92,0.051,ameli_map,IND,India
c26_93,26,93,0.051,ameli_map,IND,India
c26_94,26,94,0.051,ameli_map,IND,India
c26_95,26,95,0.051,ameli_map,IND,India
c26_96,26,96,0.051,ameli_map,MMR,Myanmar
c26_97,26,97,0.051,ameli_map,MMR,Myanmar
c26_98,26,98,0.051,ameli_map,MMR,Myanmar
c26_99,26,99,0.051,ameli_map,CHN,China
c26_100,26,100,0.051,ameli_map,CHN,China
c26_101,26,101,0.051,ameli_map,CHN,China
c26_102,26,102,0.051,ameli_map,CHN,China
c26_103,26,103,0.051,ameli_map,CHN,China
c26_104,26,104,0.051,ameli_map,CHN,China
c26_105,26,105,0.051,ameli_map,CHN,China
c26_106,26,106,0.051,ameli_map,CHN,China
c26_107,26,107,0.051,ameli_map,CHN,China
c26_108,26,108,0.051,ameli_map,CHN,China
c26_109,26,109,0.051,ameli_map,CHN,China
c26_110,26,110,0.051,ameli_map,CHN,China
c26_111,26,111,0.051,ameli_map,CHN,China
c26_112,26,112,0.051,ameli_map,CHN,China
c26_113,26,113,0.051,ameli_map,CHN,China
c26_114,26,114,0.051,ameli_map,CHN,China
c26_115,26,115,0.051,ameli_map,CHN,China
c26_116,26,116,0.051,ameli_map,CHN,China
c26_117,26,117,0.051,ameli_map,CHN,China
c26_118,26,118,0.051,ameli_map,CHN,China
c26_119,26,119,0.051,ameli_map,CHN,China
c27_m114,27,-114,0.051,ameli_map,MEX,Mexico
c27_m113,27,-113,0.051,ameli_map,MEX,Mexico
c27_m109,27,-109,0.051,ameli_map,MEX,Mexico
c27_m108,27,-108,0.051,ameli_map,MEX,Mexico
c27_m107,27,-107,0.051,ameli_map,MEX,Mexico
c27_m106,27,-106,0.051,ameli_map,MEX,Mexico
c27_m105,27,-105,0.051,ameli_map,MEX,Mexico
c27_m104,27,-104,0.051,ameli_map,MEX,Mexico
c27_m103,27,-103,0.051,ameli_map,MEX,Mexico
c27_m102,27,-102,0.051,ameli_map,MEX,Mexico
c27_m101,27,-101,0.051,ameli_map,MEX,Mexico
c27_m100,27,-100,0.051,ameli_map,MEX,Mexico
c27_m99,27,-99,0.044,ameli_map,USA,United States
c27_m98,27,-98,0.044,ameli_map,USA,United States
c27_m82,27,-82,0.044,ameli_map,USA,United States
c27_m13,27,-13,0.051,ameli_map,ESH,Western Sahara
c27_m12,27,-12,0.051,ameli_map,ESH,Western Sahara
c27_m11,27,-11,0.051,ameli_map,ESH,Western Sahara
c27_m10,27,-10,0.051,ameli_map,ESH,Western Sahara
c27_m9,27,-9,0.051,ameli_map,ESH,Western Sahara
c27_m8,27,-8,0.051,ameli_map,DZA,Algeria
c27_m7,27,-7,0.051,ameli_map,DZA,Algeria
c27_m6,27,-6,0.051,ameli_map,DZA,Algeria
c27_m5,27,-5,0.051,ameli_map,DZA,Algeria
c27_m4,27,-4,0.051,ameli_map,DZA,Algeria
c27_m3,27,-3,0.051,ameli_map,DZA,Algeria
c27_m2,27,-2,0.051,ameli_map,DZA,Algeria
c27_m1,27,-1,0.051,ameli_map,DZA,Algeria
c27_0,27,0,0.051,ameli_map,DZA,Algeria
c27_1,27,1,0.051,ameli_map,DZA,Algeria
c27_2,27,2,0.051,ameli_map,DZA,Algeria
c27_3,27,3,0.051,ameli_map,DZA,Algeria
c27_4,27,4,0.051,ameli_map,DZA,Algeria
c27_5,27,5,0.051,ameli_map,DZA,Algeria
c27_6,27,6,0.051,ameli_map,DZA,Algeria
c27_7,27,7,0.051,ameli_map,DZA,Algeria
c27_8,27,8,0.051,ameli_map,DZA,Algeria
c27_9,27,9,0.051,ameli_map,DZA,Algeria
c27_10,27,10,0.051,ameli_map,LBY,Libya
c27_11,27,11,0.051,ameli_map,LBY,Libya
c27_12,27,12,0.051,ameli_map,LBY,Libya
c27_13,27,13,0.051,ameli_map,LBY,Libya
c27_14,27,14,0.051,ameli_map,LBY,Libya
c27_15,27,15,0.051,ameli_map,LBY,Libya
c27_16,27,16,0.051,ameli_map,LBY,Libya
c27_17,27,17,0.051,ameli_map,LBY,Libya
c27_18,27,18,0.051,ameli_map,LBY,Libya
c27_19,27,19,0.051,ameli_map,LBY,Libya
c27_20,27,20,0.051,ameli_map,LBY,Libya
c27_21,27,21,0.051,ameli_map,LBY,Libya
c27_22,27,22,0.051,ameli_map,LBY,Libya
c27_23,27,23,0.051,ameli_map,LBY,Libya
c27_24,27,24,0.051,ameli_map,LBY,Libya
c27_25,27,25,0.051,ameli_map,EGY,Egypt
c27_26,27,26,0.051,ameli_map,EGY,Egypt
c27_27,27,27,0.051,ameli_map,EGY,Egypt
c27_28,27,28,0.051,ameli_map,EGY,Egypt
c27_29,27,29,0.051,ameli_map,EGY,Egypt
c27_30,27,30,0.051,ameli_map,EGY,Egypt
c27_31,27,31,0.051,ameli_map,EGY,Egypt
c27_32,27,32,0.051,ameli_map,EGY,Egypt
c27_33,27,33,0.051,ameli_map,EGY,Egypt
c27_36,27,36,0.051,ameli_map,SAU,Saudi Arabia
c27_37,27,37,0.051,ameli_map,SAU,Saudi Arabia
c27_38,27,38,0.051,ameli_map,SAU,Saudi Arabia
c27_39,27,39,0.051,ameli_map,SAU,Saudi Arabia
c27_40,27,40,0.051,ameli_map,SAU,Saudi Arabia
c27_41,27,41,0.051,ameli_map,SAU,Saudi Arabia
c27_42,27,42,0.051,ameli_map,SAU,Saudi Arabia
c27_43,27,43,0.051,ameli_map,SAU,Saudi Arabia
c27_44,27,44,0.051,ameli_map,SAU,Saudi Arabia
c27_45,27,45,0.051,ameli_map,SAU,Saudi Arabia
c27_46,27,46,0.051,ameli_map,SAU,Saudi Arabia
c27_47,27,47,0.051,ameli_map,SAU,Saudi Arabia
c27_48,27,48,0.051,ameli_map,SAU,Saudi Arabia
c27_49,27,49,0.051,ameli_map,SAU,Saudi Arabia
c27_54,27,54,0.051,ameli_map,IRN,Iran
c27_55,27,55,0.051,ameli_map,IRN,Iran
c27_57,27,57,0.051,ameli_map,IRN,Iran
c27_58,27,58,0.051,ameli_map,IRN,Iran
c27_59,27,59,0.051,ameli_map,IRN,Iran
c27_60,27,60,0.051,ameli_map,IRN,Iran
c27_61,27,61,0.051,ameli_map,IRN,Iran
c27_62,27,62,0.051,ameli_map,IRN,Iran
c27_63,27,63,0.051,ameli_map,IRN,Iran
c27_64,27,64,0.051,ameli_map,PAK,Pakistan
c27_65,27,65,0.051,ameli_map,PAK,Pakistan
c27_66,27,66,0.051,ameli_map,PAK,Pakistan
c27_67,27,67,0.051,ameli_map,PAK,Pakistan
c27_68,27,68,0.051,ameli_map,PAK,Pakistan
c27_69,27,69,0.051,ameli_map,PAK,Pakistan
c27_70,27,70,0.051,ameli_map,IND,India
c27_71,27,71,0.051,ameli_map,IND,India
c27_72,27,72,0.051,ameli_map,IND,India
c27_73,27,73,0.051,ameli_map,IND,India
c27_74,27,74,0.051,ameli_map,IND,India
c27_75,27,75,0.051,ameli_map,IND,India
c27_76,27,76,0.051,ameli_map,IND,India
c27_77,27,77,0.051,ameli_map,IND,India
c27_78,27,78,0.051,ameli_map,IND,India
c27_79,27,79,0.051,ameli_map,IND,India
c27_80,27,80,0.051,ameli_map,IND,India
c27_81,27,81,0.051,ameli_map,IND,India
c27_82,27,82,0.051,ameli_map,IND,India
c27_83,27,83,0.051,ameli_map,IND,India
c27_84,27,84,0.051,ameli_map,IND,India
c27_85,27,85,0.051,ameli_map,NPL,Nepal
c27_86,27,86,0.051,ameli_map,NPL,Nepal
c27_87,27,87,0.051,ameli_map,NPL,Nepal
c27_88,27,88,0.051,ameli_map,NPL,Nepal
c27_89,27,89,0.051,ameli_map,BTN,Bhutan
c27_90,27,90,0.051,ameli_map,BTN,Bhutan
c27_91,27,91,0.051,ameli_map,BTN,Bhutan
c27_92,27,92,0.051,ameli_map,BTN,Bhutan
c27_93,27,93,0.051,ameli_map,IND,India
c27_94,27,94,0.051,ameli_map,IND,India
c27_95,27,95,0.051,ameli_map,IND,India
c27_96,27,96,0.051,ameli_map,MMR,Myanmar
c27_97,27,97,0.051,ameli_map,MMR,Myanmar
c27_98,27,98,0.051,ameli_map,MMR,Myanmar
c27_99,27,99,0.051,ameli_map,CHN,China
c27_100,27,100,0.051,ameli_map,CHN,China
c27_101,27,101,0.051,ameli_map,CHN,China
c27_102,27,102,0.051,ameli_map,CHN,China
c27_103,27,103,0.051,ameli_map,CHN,China
c27_104,27,104,0.051,ameli_map,CHN,China
c27_105,27,105,0.051,ameli_map,CHN,China
c27_106,27,106,0.051,ameli_map,CHN,China
c27_107,27,107,0.051,ameli_map,CHN,China
c27_108,27,108,0.051,ameli_map,CHN,China
c27_109,27,109,0.051,ameli_map,CHN,China
c27_110,27,110,0.051,ameli_map,CHN,China
c27_111,27,111,0.051,ameli_map,CHN,China
c27_112,27,112,0.051,ameli_map,CHN,China
c27_113,27,113,0.051,ameli_map,CHN,China
c27_114,27,114,0.051,ameli_map,CHN,China
c27_115,27,115,0.051,ameli_map,CHN,China
c27_116,27,116,0.051,ameli_map,CHN,China
c27_117,27,117,0.051,ameli_map,CHN,China
c27_118,27,118,0.051,ameli_map,CHN,China
c27_119,27,119,0.051,ameli_map,CHN,China
c27_120,27,120,0.051,ameli_map,CHN,China
c28_m114,28,-114,0.051,ameli_map,MEX,Mexico
c28_m113,28,-113,0.051,ameli_map,MEX,Mexico
c28_m111,28,-111,0.051,ameli_map,MEX,Mexico
c28_m110,28,-110,0.051,ameli_map,MEX,Mexico
c28_m109,28,-109,0.051,ameli_map,MEX,Mexico
c28_m108,28,-108,0.051,ameli_map,MEX,Mexico
c28_m107,28,-107,0.051,ameli_map,MEX,Mexico
c28_m106,28,-106,0.051,ameli_map,MEX,Mexico
c28_m105,28,-105,0.051,ameli_map,MEX,Mexico
c28_m104,28,-104,0.051,ameli_map,MEX,Mexico
c28_m103,28,-103,0.051,ameli_map,MEX,Mexico
c28_m102,28,-102,0.051,ameli_map,MEX,Mexico
c28_m101,28,-101,0.051,ameli_map,MEX,Mexico
c28_m100,28,-100,0.051,ameli_map,MEX,Mexico
c28_m99,28,-99,0.044,ameli_map,USA,United States
c28_m98,28,-98,0.044,ameli_map,USA,United States
c28_m82,28,-82,0.044,ameli_map,USA,United States
c28_m81,28,-81,0.044,ameli_map,USA,United States
c28_m12,28,-12,0.051,ameli_map,MAR,Morocco
c28_m11,28,-11,0.051,ameli_map,MAR,Morocco
c28_m10,28,-10,0.051,ameli_map,MAR,Morocco
c28_m9,28,-9,0.051,ameli_map,MAR,Morocco
c28_m8,28,-8,0.051,ameli_map,DZA,Algeria
c28_m7,28,-7,0.051,ameli_map,DZA,Algeria
c28_m6,28,-6,0.051,ameli_map,DZA,Algeria
c28_m5,28,-5,0.051,ameli_map,DZA,Algeria
c28_m4,28,-4,0.051,ameli_map,DZA,Algeria
c28_m3,28,-3,0.051,ameli_map,DZA,Algeria
c28_m2,28,-2,0.051,ameli_map,DZA,Algeria
c28_m1,28,-1,0.051,ameli_map,DZA,Algeria
c28_0,28,0,0.051,ameli_map,DZA,Algeria
c28_1,28,1,0.051,ameli_map,DZA,Algeria
c28_2,28,2,0.051,ameli_map,DZA,Algeria
c28_3,28,3,0.051,ameli_map,DZA,Algeria
c28_4,28,4,0.051,ameli_map,DZA,Algeria
c28_5,28,5,0.051,ameli_map,DZA,Algeria
c28_6,28,6,0.051,ameli_map,DZA,Algeria
c28_7,28,7,0.051,ameli_map,DZA,Algeria
c28_8,28,8,0.051,ameli_map,DZA,Algeria
c28_9,28,9,0.051,ameli_map,DZA,Algeria
c28_10,28,10,0.051,ameli_map,LBY,Libya
c28_11,28,11,0.051,ameli_map,LBY,Libya
c28_12,28,12,0.051,ameli_map,LBY,Libya
c28_13,28,13,0.051,ameli_map,LBY,Libya
c28_14,28,14,0.051,ameli_map,LBY,Libya
c28_15,28,15,0.051,ameli_map,LBY,Libya
c28_16,28,16,0.051,ameli_map,LBY,Libya
c28_17,28,17,0.051,ameli_map,LBY,Libya
c28_18,28,18,0.051,ameli_map,LBY,Libya
c28_19,28,19,0.051,ameli_map,LBY,Libya
c28_20,28,20,0.051,ameli_map,LBY,Libya
c28_21,28,21,0.051,ameli_map,LBY,Libya
c28_22,28,22,0.051,ameli_map,LBY,Libya
c28_23,28,23,0.051,ameli_map,LBY,Libya
c28_24,28,24,0.051,ameli_map,LBY,Libya
c28_25,28,25,0.051,ameli_map,EGY,Egypt
c28_26,28,26,0.051,ameli_map,EGY,Egypt
c28_27,28,27,0.051,ameli_map,EGY,Egypt
c28_28,28,28,0.051,ameli_map,EGY,Egypt
c28_29,28,29,0.051,ameli_map,EGY,Egypt
c28_30,28,30,0.051,ameli_map,EGY,Egypt
c28_31,28,31,0.051,ameli_map,EGY,Egypt
c28_32,28,32,0.051,ameli_map,EGY,Egypt
c28_33,28,33,0.051,ameli_map,EGY,Egypt
c28_34,28,34,0.051,ameli_map,EGY,Egypt
c28_36,28,36,0.051,ameli_map,SAU,Saudi Arabia
c28_37,28,37,0.051,ameli_map,SAU,Saudi Arabia
c28_38,28,38,0.051,ameli_map,SAU,Saudi Arabia
c28_39,28,39,0.051,ameli_map,SAU,Saudi Arabia
c28_40,28,40,0.051,ameli_map,SAU,Saudi Arabia
c28_41,28,41,0.051,ameli_map,SAU,Saudi Arabia
c28_42,28,42,0.051,ameli_map,SAU,Saudi Arabia
c28_43,28,43,0.051,ameli_map,SAU,Saudi Arabia
c28_44,28,44,0.051,ameli_map,SAU,Saudi Arabia
c28_45,28,45,0.051,ameli_map,SAU,Saudi Arabia
c28_46,28,46,0.051,ameli_map,SAU,Saudi Arabia
c28_47,28,47,0.051,ameli_map,SAU,Saudi Arabia
c28_48,28,48,0.051,ameli_map,SAU,Saudi Arabia
c28_52,28,52,0.051,ameli_map,IRN,Iran
c28_53,28,53,0.051,ameli_map,IRN,Iran
c28_54,28,54,0.051,ameli_map,IRN,Iran
c28_55,28,55,0.051,ameli_map,IRN,Iran
c28_56,28,56,0.051,ameli_map,IRN,Iran
c28_57,28,57,0.051,ameli_map,IRN,Iran
c28_58,28,58,0.051,ameli_map,IRN,Iran
c28_59,28,59,0.051,ameli_map,IRN,Iran
c28_60,28,60,0.051,ameli_map,IRN,Iran
c28_61,28,61,0.051,ameli_map,IRN,Iran
c28_62,28,62,0.051,ameli_map,IRN,Iran
c28_63,28,63,0.051,ameli_map,PAK,Pakistan
c28_64,28,64,0.051,ameli_map,PAK,Pakistan
c28_65,28,65,0.051,ameli_map,PAK,Pakistan
c28_66,28,66,0.051,ameli_map,PAK,Pakistan
c28_67,28,67,0.051,ameli_map,PAK,Pakistan
c28_68,28,68,0.051,ameli_map,PAK,Pakistan
c28_69,28,69,0.051,ameli_map,PAK,Pakistan
c28_70,28,70,0.051,ameli_map,PAK,Pakistan
c28_71,28,71,0.051,ameli_map,PAK,Pakistan
c28_72,28,72,0.051,ameli_map,IND,India
c28_73,28,73,0.051,ameli_map,IND,India
c28_74,28,74,0.051,ameli_map,IND,India
c28_75,28,75,0.051,ameli_map,IND,India
c28_76,28,76,0.051,ameli_map,IND,India
c28_77,28,77,0.051,ameli_map,IND,India
c28_78,28,78,0.051,ameli_map,IND,India
c28_79,28,79,0.051,ameli_map,IND,India
c28_80,28,80,0.051,ameli_map,IND,India
c28_81,28,81,0.051,ameli_map,IND,India
c28_82,28,82,0.051,ameli_map,NPL,Nepal
c28_83,28,83,0.051,ameli_map,NPL,Nepal
c28_84,28,84,0.051,ameli_map,NPL,Nepal
c28_85,28,85,0.051,ameli_map,NPL,Nepal
c28_86,28,86,0.051,ameli_map,CHN,China
c28_87,28,87,0.051,ameli_map,CHN,China
c28_88,28,88,0.051,ameli_map,CHN,China
c28_89,28,89,0.051,ameli_map,CHN,China
c28_90,28,90,0.051,ameli_map,BTN,Bhutan
c28_91,28,91,0.051,ameli_map,BTN,Bhutan
c28_92,28,92,0.051,ameli_map,CHN,China
c28_93,28,93,0.051,ameli_map,IND,India
c28_94,28,94,0.051,ameli_map,IND,India
c28_95,28,95,0.051,ameli_map,IND,India
c28_96,28,96,0.051,ameli_map,IND,India
c28_97,28,97,0.051,ameli_map,IND,India
c28_98,28,98,0.051,ameli_map,MMR,Myanmar
c28_99,28,99,0.051,ameli_map,CHN,China
c28_100,28,100,0.051,ameli_map,CHN,China
c28_101,28,101,0.051,ameli_map,CHN,China
c28_102,28,102,0.051,ameli_map,CHN,China
c28_103,28,103,0.051,ameli_map,CHN,China
c28_104,28,104,0.051,ameli_map,CHN,China
c28_105,28,105,0.051,ameli_map,CHN,China
c28_106,28,106,0.051,ameli_map,CHN,China
c28_107,28,107,0.051,ameli_map,CHN,China
c28_108,28,108,0.051,ameli_map,CHN,China
c28_109,28,109,0.051,ameli_map,CHN,China
c28_110,28,110,0.051,ameli_map,CHN,China
c28_111,28,111,0.051,ameli_map,CHN,China
c28_112,28,112,0.051,ameli_map,CHN,China
c28_113,28,113,0.051,ameli_map,CHN,China
c28_114,28,114,0.051,ameli_map,CHN,China
c28_115,28,115,0.051,ameli_map,CHN,China
c28_116,28,116,0.051,ameli_map,CHN,China
c28_117,28,117,0.051,ameli_map,CHN,China
c28_118,28,118,0.051,ameli_map,CHN,China
c28_119,28,119,0.051,ameli_map,CHN,China
c28_120,28,120,0.051,ameli_map,CHN,China
c29_m114,29,-114,0.051,ameli_map,MEX,Mexico
c29_m112,29,-112,0.051,ameli_map,MEX,Mexico
c29_m111,29,-111,0.051,ameli_map,MEX,Mexico
c29_m110,29,-110,0.051,ameli_map,MEX,Mexico
c29_m109,29,-109,0.051,ameli_map,MEX,Mexico
c29_m108,29,-108,0.051,ameli_map,MEX,Mexico
c29_m107,29,-107,0.051,ameli_map,MEX,Mexico
c29_m106,29,-106,0.051,ameli_map,MEX,Mexico
c29_m105,29,-105,0.051,ameli_map,MEX,Mexico
c29_m104,29,-104,0.051,ameli_map,MEX,Mexico
c29_m103,29,-103,0.051,ameli_map,MEX,Mexico
c29_m102,29,-102,0.051,ameli_map,MEX,Mexico
c29_m101,29,-101,0.051,ameli_map,MEX,Mexico
c29_m100,29,-100,0.044,ameli_map,USA,United States
c29_m99,29,-99,0.044,ameli_map,USA,United States
c29_m98,29,-98,0.044,ameli_map,USA,United States
c29_m97,29,-97,0.044,ameli_map,USA,United States
c29_m96,29,-96,0.044,ameli_map,USA,United States
c29_m82,29,-82,0.044,ameli_map,USA,United States
c29_m81,29,-81,0.044,ameli_map,USA,United States
c29_m10,29,-10,0.051,ameli_map,MAR,Morocco
c29_m9,29,-9,0.051,ameli_map,MAR,Morocco
c29_m8,29,-8,0.051,ameli_map,DZA,Algeria
c29_m7,29,-7,0.051,ameli_map,DZA,Algeria
c29_m6,29,-6,0.051,ameli_map,DZA,Algeria
c29_m5,29,-5,0.051,ameli_map,DZA,Algeria
c29_m4,29,-4,0.051,ameli_map,DZA,Algeria
c29_m3,29,-3,0.051,ameli_map,DZA,Algeria
c29_m2,29,-2,0.051,ameli_map,DZA,Algeria
c29_m1,29,-1,0.051,ameli_map,DZA,Algeria
c29_0,29,0,0.051,ameli_map,DZA,Algeria
c29_1,29,1,0.051,ameli_map,DZA,Algeria
c29_2,29,2,0.051,ameli_map,DZA,Algeria
c29_3,29,3,0.051,ameli_map,DZA,Algeria
c29_4,29,4,0.051,ameli_map,DZA,Algeria
c29_5,29,5,0.051,ameli_map,DZA,Algeria
c29_6,29,6,0.051,ameli_map,DZA,Algeria
c29_7,29,7,0.051,ameli_map,DZA,Algeria
c29_8,29,8,0.051,ameli_map,DZA,Algeria
c29_9,29,9,0.051,ameli_map,DZA,Algeria
c29_10,29,10,0.051,ameli_map,LBY,Libya
c29_11,29,11,0.051,ameli_map,LBY,Libya
c29_12,29,12,0.051,ameli_map,LBY,Libya
c29_13,29,13,0.051,ameli_map,LBY,Libya
c29_14,29,14,0.051,ameli_map,LBY,Libya
c29_15,29,15,0.051,ameli_map,LBY,Libya
c29_16,29,16,0.051,ameli_map,LBY,Libya
c29_17,29,17,0.051,ameli_map,LBY,Libya
c29_18,29,18,0.051,ameli_map,LBY,Libya
c29_19,29,19,0.051,ameli_map,LBY,Libya
c29_20,29,20,0.051,ameli_map,LBY,Libya
c29_21,29,21,0.051,ameli_map,LBY,Libya
c29_22,29,22,0.051,ameli_map,LBY,Libya
c29_23,29,23,0.051,ameli_map,LBY,Libya
c29_24,29,24,0.051,ameli_map,LBY,Libya
c29_25,29,25,0.051,ameli_map,EGY,Egypt
c29_26,29,26,0.051,ameli_map,EGY,Egypt
c29_28,29,28,0.051,ameli_map,EGY,Egypt
c29_29,29,29,0.051,ameli_map,EGY,Egypt
c29_30,29,30,0.051,ameli_map,EGY,Egypt
c29_31,29,31,0.051,ameli_map,EGY,Egypt
c29_32,29,32,0.051,ameli_map,EGY,Egypt
c29_34,29,34,0.051,ameli_map,EGY,Egypt
c29_35,29,35,0.051,ameli_map,SAU,Saudi Arabia
c29_36,29,36,0.051,ameli_map,SAU,Saudi Arabia
c29_37,29,37,0.051,ameli_map,SAU,Saudi Arabia
c29_38,29,38,0.051,ameli_map,SAU,Saudi Arabia
c29_39,29,39,0.051,ameli_map,SAU,Saudi Arabia
c29_40,29,40,0.051,ameli_map,SAU,Saudi Arabia
c29_41,29,41,0.051,ameli_map,SAU,Saudi Arabia
c29_42,29,42,0.051,ameli_map,SAU,Saudi Arabia
c29_43,29,43,0.051,ameli_map,SAU,Saudi Arabia
c29_44,29,44,0.051,ameli_map,SAU,Saudi Arabia
c29_45,29,45,0.051,ameli_map,SAU,Saudi Arabia
c29_46,29,46,0.051,ameli_map,SAU,Saudi Arabia
c29_47,29,47,0.051,ameli_map,SAU,Saudi Arabia
c29_48,29,48,0.051,ameli_map,KWT,Kuwait
c29_51,29,51,0.051,ameli_map,IRN,Iran
c29_52,29,52,0.051,ameli_map,IRN,Iran
c29_53,29,53,0.051,ameli_map,IRN,Iran
c29_54,29,54,0.051,ameli_map,IRN,Iran
c29_55,29,55,0.051,ameli_map,IRN,Iran
c29_56,29,56,0.051,ameli_map,IRN,Iran
c29_57,29,57,0.051,ameli_map,IRN,Iran
c29_58,29,58,0.051,ameli_map,IRN,Iran
c29_59,29,59,0.051,ameli_map,IRN,Iran
c29_60,29,60,0.051,ameli_map,IRN,Iran
c29_61,29,61,0.051,ameli_map,IRN,Iran
c29_62,29,62,0.051,ameli_map,PAK,Pakistan
c29_63,29,63,0.051,ameli_map,PAK,Pakistan
c29_64,29,64,0.051,ameli_map,PAK,Pakistan
c29_65,29,65,0.051,ameli_map,PAK,Pakistan
c29_66,29,66,0.051,ameli_map,PAK,Pakistan
c29_67,29,67,0.051,ameli_map,PAK,Pakistan
c29_68,29,68,0.051,ameli_map,PAK,Pakistan
c29_69,29,69,0.051,ameli_map,PAK,Pakistan
c29_70,29,70,0.051,ameli_map,PAK,Pakistan
c29_71,29,71,0.051,ameli_map,PAK,Pakistan
c29_72,29,72,0.051,ameli_map,PAK,Pakistan
c29_73,29,73,0.051,ameli_map,IND,India
c29_74,29,74,0.051,ameli_map,IND,India
c29_75,29,75,0.051,ameli_map,IND,India
c29_76,29,76,0.051,ameli_map,IND,India
c29_77,29,77,0.051,ameli_map,IND,India
c29_78,29,78,0.051,ameli_map,IND,India
c29_79,29,79,0.051,ameli_map,IND,India
c29_80,29,80,0.051,ameli_map,IND,India
c29_81,29,81,0.051,ameli_map,NPL,Nepal
c29_82,29,82,0.051,ameli_map,NPL,Nepal
c29_83,29,83,0.051,ameli_map,NPL,Nepal
c29_84,29,84,0.051,ameli_map,NPL,Nepal
c29_85,29,85,0.051,ameli_map,CHN,China
c29_86,29,86,0.051,ameli_map,CHN,China
c29_87,29,87,0.051,ameli_map,CHN,China
c29_88,29,88,0.051,ameli_map,CHN,China
c29_89,29,89,0.051,ameli_map,CHN,China
c29_90,29,90,0.051,ameli_map,CHN,China
c29_91,29,91,0.051,ameli_map,CHN,China
c29_92,29,92,0.051,ameli_map,CHN,China
c29_93,29,93,0.051,ameli_map,CHN,China
c29_94,29,94,0.051,ameli_map,CHN,China
c29_95,29,95,0.051,ameli_map,IND,India
c29_96,29,96,0.051,ameli_map,IND,India
c29_97,29,97,0.051,ameli_map,CHN,China
c29_98,29,98,0.051,ameli_map,CHN,China
c29_99,29,99,0.051,ameli_map,CHN,China
c29_100,29,100,0.051,ameli_map,CHN,China
c29_101,29,101,0.051,ameli_map,CHN,China
c29_102,29,102,0.051,ameli_map,CHN,China
c29_103,29,103,0.051,ameli_map,CHN,China
c29_104,29,104,0.051,ameli_map,CHN,China
c29_105,29,105,0.051,ameli_map,CHN,China
c29_106,29,106,0.051,ameli_map,CHN,China
c29_107,29,107,0.051,ameli_map,CHN,China
c29_108,29,108,0.051,ameli_map,CHN,China
c29_109,29,109,0.051,ameli_map,CHN,China
c29_110,29,110,0.051,ameli_map,CHN,China
c29_111,29,111,0.051,ameli_map,CHN,China
c29_112,29,112,0.051,ameli_map,CHN,China
c29_113,29,113,0.051,ameli_map,CHN,China
c29_114,29,114,0.051,ameli_map,CHN,China
c29_115,29,115,0.051,ameli_map,CHN,China
c29_116,29,116,0.051,ameli_map,CHN,China
c29_117,29,117,0.051,ameli_map,CHN,China
c29_118,29,118,0.051,ameli_map,CHN,China
c29_119,29,119,0.051,ameli_map,CHN,China
c29_120,29,120,0.051,ameli_map,CHN,China
c29_121,29,121,0.051,ameli_map,CHN,China
c30_m115,30,-115,0.051,ameli_map,MEX,Mexico
c30_m112,30,-112,0.051,ameli_map,MEX,Mexico
c30_m111,30,-111,0.051,ameli_map,MEX,Mexico
c30_m110,30,-110,0.051,ameli_map,MEX,Mexico
c30_m109,30,-109,0.051,ameli_map,MEX,Mexico
c30_m108,30,-108,0.051,ameli_map,MEX,Mexico
c30_m107,30,-107,0.051,ameli_map,MEX,Mexico
c30_m106,30,-106,0.051,ameli_map,MEX,Mexico
c30_m105,30,-105,0.051,ameli_map,MEX,Mexico
c30_m104,30,-104,0.044,ameli_map,USA,United States
c30_m103,30,-103,0.044,ameli_map,USA,United States
c30_m102,30,-102,0.044,ameli_map,USA,United States
c30_m101,30,-101,0.044,ameli_map,USA,United States
c30_m100,30,-100,0.044,ameli_map,USA,United States
c30_m99,30,-99,0.044,ameli_map,USA,United States
c30_m98,30,-98,0.044,ameli_map,USA,United States
c30_m97,30,-97,0.044,ameli_map,USA,United States
c30_m96,30,-96,0.044,ameli_map,USA,United States
c30_m95,30,-95,0.044,ameli_map,USA,United States
c30_m94,30,-94,0.044,ameli_map,USA,United States
c30_m93,30,-93,0.044,ameli_map,USA,United States
c30_m92,30,-92,0.044,ameli_map,USA,United States
c30_m91,30,-91,0.044,ameli_map,USA,United States
c30_m90,30,-90,0.044,ameli_map,USA,United States
c30_m85,30,-85,0.044,ameli_map,USA,United States
c30_m83,30,-83,0.044,ameli_map,USA,United States
c30_m82,30,-82,0.044,ameli_map,USA,United States
c30_m9,30,-9,0.051,ameli_map,MAR,Morocco
c30_m8,30,-8,0.051,ameli_map,MAR,Morocco
c30_m7,30,-7,0.051,ameli_map,MAR,Morocco
c30_m6,30,-6,0.051,ameli_map,MAR,Morocco
c30_m5,30,-5,0.051,ameli_map,DZA,Algeria
c30_m4,30,-4,0.051,ameli_map,DZA,Algeria
c30_m3,30,-3,0.051,ameli_map,DZA,Algeria
c30_m2,30,-2,0.051,ameli_map,DZA,Algeria
c30_m1,30,-1,0.051,ameli_map,DZA,Algeria
c30_0,30,0,0.051,ameli_map,DZA,Algeria
c30_1,30,1,0.051,ameli_map,DZA,Algeria
c30_2,30,2,0.051,ameli_map,DZA,Algeria
c30_3,30,3,0.051,ameli_map,DZA,Algeria
c30_4,30,4,0.051,ameli_map,DZA,Algeria
c30_5,30,5,0.051,ameli_map,DZA,Algeria
c30_6,30,6,0.051,ameli_map,DZA,Algeria
c30_7,30,7,0.051,ameli_map,DZA,Algeria
c30_8,30,8,0.051,ameli_map,DZA,Algeria
c30_9,30,9,0.051,ameli_map,DZA,Algeria
c30_10,30,10,0.051,ameli_map,LBY,Libya
c30_11,30,11,0.051,ameli_map,LBY,Libya
c30_12,30,12,0.051,ameli_map,LBY,Libya
c30_13,30,13,0.051,ameli_map,LBY,Libya
c30_14,30,14,0.051,ameli_map,LBY,Libya
c30_15,30,15,0.051,ameli_map,LBY,Libya
c30_16,30,16,0.051,ameli_map,LBY,Libya
c30_17,30,17,0.051,ameli_map,LBY,Libya
c30_18,30,18,0.051,ameli_map,LBY,Libya
c30_19,30,19,0.051,ameli_map,LBY,Libya
c30_20,30,20,0.051,ameli_map,LBY,Libya
c30_22,30,22,0.051,ameli_map,LBY,Libya
c30_23,30,23,0.051,ameli_map,LBY,Libya
c30_24,30,24,0.051,ameli_map,LBY,Libya
c30_25,30,25,0.051,ameli_map,EGY,Egypt
c30_26,30,26,0.051,ameli_map,EGY,Egypt
c30_29,30,29,0.051,ameli_map,EGY,Egypt
c30_30,30,30,0.051,ameli_map,EGY,Egypt
c30_31,30,31,0.051,ameli_map,EGY,Egypt
c30_32,30,32,0.051,ameli_map,EGY,Egypt
c30_33,30,33,0.051,ameli_map,EGY,Egypt
c30_34,30,34,0.051,ameli_map,EGY,Egypt
c30_35,30,35,0.051,ameli_map,ISR,Israel
c30_36,30,36,0.051,ameli_map,JOR,Jordan
c30_37,30,37,0.051,ameli_map,JOR,Jordan
c30_38,30,38,0.051,ameli_map,SAU,Saudi Arabia
c30_39,30,39,0.051,ameli_map,SAU,Saudi Arabia
c30_40,30,40,0.051,ameli_map,SAU,Saudi Arabia
c30_41,30,41,0.051,ameli_map,SAU,Saudi Arabia
c30_42,30,42,0.051,ameli_map,SAU,Saudi Arabia
c30_43,30,43,0.051,ameli_map,SAU,Saudi Arabia
c30_44,30,44,0.051,ameli_map,IRQ,Iraq
c30_45,30,45,0.051,ameli_map,IRQ,Iraq
c30_46,30,46,0.051,ameli_map,IRQ,Iraq
c30_47,30,47,0.051,ameli_map,IRQ,Iraq
c30_51,30,51,0.051,ameli_map,IRN,Iran
c30_52,30,52,0.051,ameli_map,IRN,Iran
c30_53,30,53,0.051,ameli_map,IRN,Iran
c30_54,30,54,0.051,ameli_map,IRN,Iran
c30_55,30,55,0.051,ameli_map,IRN,Iran
c30_56,30,56,0.051,ameli_map,IRN,Iran
c30_57,30,57,0.051,ameli_map,IRN,Iran
c30_58,30,58,0.051,ameli_map,IRN,Iran
c30_59,30,59,0.051,ameli_map,IRN,Iran
c30_60,30,60,0.051,ameli_map,IRN,Iran
c30_61,30,61,0.051,ameli_map,IRN,Iran
c30_62,30,62,0.051,ameli_map,AFG,Afghanistan
c30_63,30,63,0.051,ameli_map,AFG,Afghanistan
c30_64,30,64,0.051,ameli_map,AFG,Afghanistan
c30_65,30,65,0.051,ameli_map,AFG,Afghanistan
c30_66,30,66,0.051,ameli_map,AFG,Afghanistan
c30_67,30,67,0.051,ameli_map,PAK,Pakistan
c30_68,30,68,0.051,ameli_map,PAK,Pakistan
c30_69,30,69,0.051,ameli_map,PAK,Pakistan
c30_70,30,70,0.051,ameli_map,PAK,Pakistan
c30_71,30,71,0.051,ameli_map,PAK,Pakistan
c30_72,30,72,0.051,ameli_map,PAK,Pakistan
c30_73,30,73,0.051,ameli_map,PAK,Pakistan
c30_74,30,74,0.051,ameli_map,IND,India
c30_75,30,75,0.051,ameli_map,IND,India
c30_76,30,76,0.051,ameli_map,IND,India
c30_77,30,77,0.051,ameli_map,IND,India
c30_78,30,78,0.051,ameli_map,IND,India
c30_79,30,79,0.051,ameli_map,IND,India
c30_80,30,80,0.051,ameli_map,IND,India
c30_81,30,81,0.051,ameli_map,NPL,Nepal
c30_82,30,82,0.051,ameli_map,NPL,Nepal
c30_83,30,83,0.051,ameli_map,CHN,China
c30_84,30,84,0.051,ameli_map,CHN,China
c30_85,30,85,0.051,ameli_map,CHN,China
c30_86,30,86,0.051,ameli_map,CHN,China
c30_87,30,87,0.051,ameli_map,CHN,China
c30_88,30,88,0.051,ameli_map,CHN,China
c30_89,30,89,0.051,ameli_map,CHN,China
c30_90,30,90,0.051,ameli_map,CHN,China
c30_91,30,91,0.051,ameli_map,CHN,China
c30_92,30,92,0.051,ameli_map,CHN,China
c30_93,30,93,0.051,ameli_map,CHN,China
c30_94,30,94,0.051,ameli_map,CHN,China
c30_95,30,95,0.051,ameli_map,CHN,China
c30_96,30,96,0.051,ameli_map,CHN,China
c30_97,30,97,0.051,ameli_map,CHN,China
c30_98,30,98,0.051,ameli_map,CHN,China
c30_99,30,99,0.051,ameli_map,CHN,China
c30_100,30,100,0.051,ameli_map,CHN,China
c30_101,30,101,0.051,ameli_map,CHN,China
c30_102,30,102,0.051,ameli_map,CHN,China
c30_103,30,103,0.051,ameli_map,CHN,China
c30_104,30,104,0.051,ameli_map,CHN,China
c30_105,30,105,0.051,ameli_map,CHN,China
c30_106,30,106,0.051,ameli_map,CHN,China
c30_107,30,107,0.051,ameli_map,CHN,China
c30_108,30,108,0.051,ameli_map,CHN,China
c30_109,30,109,0.051,ameli_map,CHN,China
c30_110,30,110,0.051,ameli_map,CHN,China
c30_111,30,111,0.051,ameli_map,CHN,China
c30_112,30,112,0.051,ameli_map,CHN,China
c30_113,30,113,0.051,ameli_map,CHN,China
c30_114,30,114,0.051,ameli_map,CHN,China
c30_115,30,115,0.051,ameli_map,CHN,China
c30_116,30,116,0.051,ameli_map,CHN,China
c30_117,30,117,0.051,ameli_map,CHN,China
c30_118,30,118,0.051,ameli_map,CHN,China
c30_119,30,119,0.051,ameli_map,CHN,China
c30_120,30,120,0.051,ameli_map,CHN,China
c30_121,30,121,0.051,ameli_map,CHN,China
c31_m116,31,-116,0.051,ameli_map,MEX,Mexico
c31_m115,31,-115,0.051,ameli_map,MEX,Mexico
c31_m113,31,-113,0.051,ameli_map,MEX,Mexico
c31_m112,31,-112,0.051,ameli_map,MEX,Mexico
c31_m111,31,-111,0.051,ameli_map,MEX,Mexico
c31_m110,31,-110,0.051,ameli_map,MEX,Mexico
c31_m109,31,-109,0.051,ameli_map,MEX,Mexico
c31_m108,31,-108,0.051,ameli_map,MEX,Mexico
c31_m107,31,-107,0.051,ameli_map,MEX,Mexico
c31_m106,31,-106,0.051,ameli_map,MEX,Mexico
c31_m105,31,-105,0.044,ameli_map,USA,United States
c31_m104,31,-104,0.044,ameli_map,USA,United States
c31_m103,31,-103,0.044,ameli_map,USA,United States
c31_m102,31,-102,0.044,ameli_map,USA,United States
c31_m101,31,-101,0.044,ameli_map,USA,United States
c31_m100,31,-100,0.044,ameli_map,USA,United States
c31_m99,31,-99,0.044,ameli_map,USA,United States
c31_m98,31,-98,0.044,ameli_map,USA,United States
c31_m97,31,-97,0.044,ameli_map,USA,United States
c31_m96,31,-96,0.044,ameli_map,USA,United States
c31_m95,31,-95,0.044,ameli_map,USA,United States
c31_m94,31,-94,0.044,ameli_map,USA,United States
c31_m93,31,-93,0.044,ameli_map,USA,United States
c31_m92,31,-92,0.044,ameli_map,USA,United States
c31_m91,31,-91,0.044,ameli_map,USA,United States
c31_m90,31,-90,0.044,ameli_map,USA,United States
c31_m89,31,-89,0.044,ameli_map,USA,United States
c31_m88,31,-88,0.044,ameli_map,USA,United States
c31_m87,31,-87,0.044,ameli_map,USA,United States
c31_m86,31,-86,0.044,ameli_map,USA,United States
c31_m85,31,-85,0.044,ameli_map,USA,United States
c31_m84,31,-84,0.044,ameli_map,USA,United States
c31_m83,31,-83,0.044,ameli_map,USA,United States
c31_m82,31,-82,0.044,ameli_map,USA,United States
c31_m9,31,-9,0.051,ameli_map,MAR,Morocco
c31_m8,31,-8,0.051,ameli_map,MAR,Morocco
c31_m7,31,-7,0.051,ameli_map,MAR,Morocco
c31_m6,31,-6,0.051,ameli_map,MAR,Morocco
c31_m5,31,-5,0.051,ameli_map,MAR,Morocco
c31_m4,31,-4,0.051,ameli_map,MAR,Morocco
c31_m3,31,-3,0.051,ameli_map,DZA,Algeria
c31_m2,31,-2,0.051,ameli_map,DZA,Algeria
c31_m1,31,-1,0.051,ameli_map,DZA,Algeria
c31_0,31,0,0.051,ameli_map,DZA,Algeria
c31_1,31,1,0.051,ameli_map,DZA,Algeria
c31_2,31,2,0.051,ameli_map,DZA,Algeria
c31_3,31,3,0.051,ameli_map,DZA,Algeria
c31_4,31,4,0.051,ameli_map,DZA,Algeria
c31_5,31,5,0.051,ameli_map,DZA,Algeria
c31_6,31,6,0.051,ameli_map,DZA,Algeria
c31_7,31,7,0.051,ameli_map,DZA,Algeria
c31_8,31,8,0.051,ameli_map,DZA,Algeria
c31_9,31,9,0.051,ameli_map,DZA,Algeria
c31_10,31,10,0.051,ameli_map,TUN,Tunisia
c31_11,31,11,0.051,ameli_map,LBY,Libya
c31_12,31,12,0.051,ameli_map,LBY,Libya
c31_13,31,13,0.051,ameli_map,LBY,Libya
c31_14,31,14,0.051,ameli_map,LBY,Libya
c31_15,31,15,0.051,ameli_map,LBY,Libya
c31_16,31,16,0.051,ameli_map,LBY,Libya
c31_17,31,17,0.051,ameli_map,LBY,Libya
c31_21,31,21,0.051,ameli_map,LBY,Libya
c31_22,31,22,0.051,ameli_map,LBY,Libya
c31_23,31,23,0.051,ameli_map,LBY,Libya
c31_24,31,24,0.051,ameli_map,LBY,Libya
c31_25,31,25,0.051,ameli_map,EGY,Egypt
c31_26,31,26,0.051,ameli_map,EGY,Egypt
c31_27,31,27,0.051,ameli_map,EGY,Egypt
c31_28,31,28,0.051,ameli_map,EGY,Egypt
c31_31,31,31,0.051,ameli_map,EGY,Egypt
c31_32,31,32,0.051,ameli_map,EGY,Egypt
c31_33,31,33,0.051,ameli_map,EGY,Egypt
c31_34,31,34,0.051,ameli_map,EGY,Egypt
c31_35,31,35,0.051,ameli_map,ISR,Israel
c31_36,31,36,0.051,ameli_map,JOR,Jordan
c31_37,31,37,0.051,ameli_map,JOR,Jordan
c31_38,31,38,0.051,ameli_map,SAU,Saudi Arabia
c31_39,31,39,0.051,ameli_map,SAU,Saudi Arabia
c31_40,31,40,0.051,ameli_map,SAU,Saudi Arabia
c31_41,31,41,0.051,ameli_map,SAU,Saudi Arabia
c31_42,31,42,0.051,ameli_map,IRQ,Iraq
c31_43,31,43,0.051,ameli_map,IRQ,Iraq
c31_44,31,44,0.051,ameli_map,IRQ,Iraq
c31_45,31,45,0.051,ameli_map,IRQ,Iraq
c31_46,31,46,0.051,ameli_map,IRQ,Iraq
c31_47,31,47,0.051,ameli_map,IRQ,Iraq
c31_48,31,48,0.051,ameli_map,IRN,Iran
c31_49,31,49,0.051,ameli_map,IRN,Iran
c31_50,31,50,0.051,ameli_map,IRN,Iran
c31_51,31,51,0.051,ameli_map,IRN,Iran
c31_52,31,52,0.051,ameli_map,IRN,Iran
c31_53,31,53,0.051,ameli_map,IRN,Iran
c31_54,31,54,0.051,ameli_map,IRN,Iran
c31_55,31,55,0.051,ameli_map,IRN,Iran
c31_56,31,56,0.051,ameli_map,IRN,Iran
c31_57,31,57,0.051,ameli_map,IRN,Iran
c31_58,31,58,0.051,ameli_map,IRN,Iran
c31_59,31,59,0.051,ameli_map,IRN,Iran
c31_60,31,60,0.051,ameli_map,IRN,Iran
c31_61,31,61,0.051,ameli_map,IRN,Iran
c31_62,31,62,0.051,ameli_map,AFG,Afghanistan
c31_63,31,63,0.051,ameli_map,AFG,Afghanistan
c31_64,31,64,0.051,ameli_map,AFG,Afghanistan
c31_65,31,65,0.051,ameli_map,AFG,Afghanistan
c31_66,31,66,0.051,ameli_map,AFG,Afghanistan
c31_67,31,67,0.051,ameli_map,PAK,Pakistan
c31_68,31,68,0.051,ameli_map,PAK,Pakistan
c31_69,31,69,0.051,ameli_map,PAK,Pakistan
c31_70,31,70,0.051,ameli_map,PAK,Pakistan
c31_71,31,71,0.051,ameli_map,PAK,Pakistan
c31_72,31,72,0.051,ameli_map,PAK,Pakistan
c31_73,31,73,0.051,ameli_map,PAK,Pakistan
c31_74,31,74,0.051,ameli_map,PAK,Pakistan
c31_75,31,75,0.051,ameli_map,IND,India
c31_76,31,76,0.051,ameli_map,IND,India
c31_77,31,77,0.051,ameli_map,IND,India
c31_78,31,78,0.051,ameli_map,IND,India
c31_79,31,79,0.051,ameli_map,IND,India
c31_80,31,80,0.051,ameli_map,CHN,China
c31_81,31,81,0.051,ameli_map,CHN,China
c31_82,31,82,0.051,ameli_map,CHN,China
c31_83,31,83,0.051,ameli_map,CHN,China
c31_84,31,84,0.051,ameli_map,CHN,China
c31_85,31,85,0.051,ameli_map,CHN,China
c31_86,31,86,0.051,ameli_map,CHN,China
c31_87,31,87,0.051,ameli_map,CHN,China
c31_88,31,88,0.051,ameli_map,CHN,China
c31_89,31,89,0.051,ameli_map,CHN,China
c31_90,31,90,0.051,ameli_map,CHN,China
c31_91,31,91,0.051,ameli_map,CHN,China
c31_92,31,92,0.051,ameli_map,CHN,China
c31_93,31,93,0.051,ameli_map,CHN,China
c31_94,31,94,0.051,ameli_map,CHN,China
c31_95,31,95,0.051,ameli_map,CHN,China
c31_96,31,96,0.051,ameli_map,CHN,China
c31_97,31,97,0.051,ameli_map,CHN,China
c31_98,31,98,0.051,ameli_map,CHN,China
c31_99,31,99,0.051,ameli_map,CHN,China
c31_100,31,100,0.051,ameli_map,CHN,China
c31_101,31,101,0.051,ameli_map,CHN,China
c31_102,31,102,0.051,ameli_map,CHN,China
c31_103,31,103,0.051,ameli_map,CHN,China
c31_104,31,104,0.051,ameli_map,CHN,China
c31_105,31,105,0.051,ameli_map,CHN,China
c31_106,31,106,0.051,ameli_map,CHN,China
c31_107,31,107,0.051,ameli_map,CHN,China
c31_108,31,108,0.051,ameli_map,CHN,China
c31_109,31,109,0.051,ameli_map,CHN,China
c31_110,31,110,0.051,ameli_map,CHN,China
c31_111,31,111,0.051,ameli_map,CHN,China
c31_112,31,112,0.051,ameli_map,CHN,China
c31_113,31,113,0.051,ameli_map,CHN,China
c31_114,31,114,0.051,ameli_map,CHN,China
c31_115,31,115,0.051,ameli_map,CHN,China
c31_116,31,116,0.051,ameli_map,CHN,China
c31_117,31,117,0.051,ameli_map,CHN,China
c31_118,31,118,0.051,ameli_map,CHN,China
c31_119,31,119,0.051,ameli_map,CHN,China
c31_120,31,120,0.051,ameli_map,CHN,China
c31_121,31,121,0.051,ameli_map,CHN,China
c32_m116,32,-116,0.051,ameli_map,MEX,Mexico
c32_m115,32,-115,0.051,ameli_map,MEX,Mexico
c32_m114,32,-114,0.051,ameli_map,MEX,Mexico
c32_m113,32,-113,0.044,ameli_map,USA,United States
c32_m112,32,-112,0.044,ameli_map,USA,United States
c32_m111,32,-111,0.044,ameli_map,USA,United States
c32_m110,32,-110,0.044,ameli_map,USA,United States
c32_m109,32,-109,0.044,ameli_map,USA,United States
c32_m108,32,-108,0.044,ameli_map,USA,United States
c32_m107,32,-107,0.044,ameli_map,USA,United States
c32_m106,32,-106,0.044,ameli_map,USA,United States
c32_m105,32,-105,0.044,ameli_map,USA,United States
c32_m104,32,-104,0.044,ameli_map,USA,United States
c32_m103,32,-103,0.044,ameli_map,USA,United States
c32_m102,32,-102,0.044,ameli_map,USA,United States
c32_m101,32,-101,0.044,ameli_map,USA,United States
c32_m100,32,-100,0.044,ameli_map,USA,United States
c32_m99,32,-99,0.044,ameli_map,USA,United States
c32_m98,32,-98,0.044,ameli_map,USA,United States
c32_m97,32,-97,0.044,ameli_map,USA,United States
c32_m96,32,-96,0.044,ameli_map,USA,United States
c32_m95,32,-95,0.044,ameli_map,USA,United States
c32_m94,32,-94,0.044,ameli_map,USA,United States
c32_m93,32,-93,0.044,ameli_map,USA,United States
c32_m92,32,-92,0.044,ameli_map,USA,United States
c32_m91,32,-91,0.044,ameli_map,USA,United States
c32_m90,32,-90,0.044,ameli_map,USA,United States
c32_m89,32,-89,0.044,ameli_map,USA,United States
c32_m88,32,-88,0.044,ameli_map,USA,United States
c32_m87,32,-87,0.044,ameli_map,USA,United States
c32_m86,32,-86,0.044,ameli_map,USA,United States
c32_m85,32,-85,0.044,ameli_map,USA,United States
c32_m84,32,-84,0.044,ameli_map,USA,United States
c32_m83,32,-83,0.044,ameli_map,USA,United States
c32_m82,32,-82,0.044,ameli_map,USA,United States
c32_m9,32,-9,0.051,ameli_map,MAR,Morocco
c32_m8,32,-8,0.051,ameli_map,MAR,Morocco
c32_m7,32,-7,0.051,ameli_map,MAR,Morocco
c32_m6,32,-6,0.051,ameli_map,MAR,Morocco
c32_m5,32,-5,0.051,ameli_map,MAR,Morocco
c32_m4,32,-4,0.051,ameli_map,MAR,Morocco
c32_m3,32,-3,0.051,ameli_map,MAR,Morocco
c32_m2,32,-2,0.051,ameli_map,DZA,Algeria
c32_m1,32,-1,0.051,ameli_map,DZA,Algeria
c32_0,32,0,0.051,ameli_map,DZA,Algeria
c32_1,32,1,0.051,ameli_map,DZA,Algeria
c32_2,32,2,0.051,ameli_map,DZA,Algeria
c32_3,32,3,0.051,ameli_map,DZA,Algeria
c32_4,32,4,0.051,ameli_map,DZA,Algeria
c32_5,32,5,0.051,ameli_map,DZA,Algeria
c32_6,32,6,0.051,ameli_map,DZA,Algeria
c32_7,32,7,0.051,ameli_map,DZA,Algeria
c32_8,32,8,0.051,ameli_map,DZA,Algeria
c32_9,32,9,0.051,ameli_map,DZA,Algeria
c32_10,32,10,0.051,ameli_map,TUN,Tunisia
c32_11,32,11,0.051,ameli_map,LBY,Libya
c32_12,32,12,0.051,ameli_map,LBY,Libya
c32_13,32,13,0.051,ameli_map,LBY,Libya
c32_14,32,14,0.051,ameli_map,LBY,Libya
c32_15,32,15,0.051,ameli_map,LBY,Libya
c32_20,32,20,0.051,ameli_map,LBY,Libya
c32_21,32,21,0.051,ameli_map,LBY,Libya
c32_22,32,22,0.051,ameli_map,LBY,Libya
c32_23,32,23,0.051,ameli_map,LBY,Libya
c32_24,32,24,0.051,ameli_map,LBY,Libya
c32_35,32,35,0.051,default_5.1,PSE,Palestina
c32_36,32,36,0.051,ameli_map,JOR,Jordan
c32_37,32,37,0.051,ameli_map,JOR,Jordan
c32_38,32,38,0.051,ameli_map,JOR,Jordan
c32_39,32,39,0.051,ameli_map,JOR,Jordan
c32_40,32,40,0.051,ameli_map,SAU,Saudi Arabia
c32_41,32,41,0.051,ameli_map,IRQ,Iraq
c32_42,32,42,0.051,ameli_map,IRQ,Iraq
c32_43,32,43,0.051,ameli_map,IRQ,Iraq
c32_44,32,44,0.051,ameli_map,IRQ,Iraq
c32_45,32,45,0.051,ameli_map,IRQ,Iraq
c32_46,32,46,0.051,ameli_map,IRQ,Iraq
c32_47,32,47,0.051,ameli_map,IRQ,Iraq
c32_48,32,48,0.051,ameli_map,IRN,Iran
c32_49,32,49,0.051,ameli_map,IRN,Iran
c32_50,32,50,0.051,ameli_map,IRN,Iran
c32_51,32,51,0.051,ameli_map,IRN,Iran
c32_52,32,52,0.051,ameli_map,IRN,Iran
c32_53,32,53,0.051,ameli_map,IRN,Iran
c32_54,32,54,0.051,ameli_map,IRN,Iran
c32_55,32,55,0.051,ameli_map,IRN,Iran
c32_56,32,56,0.051,ameli_map,IRN,Iran
c32_57,32,57,0.051,ameli_map,IRN,Iran
c32_58,32,58,0.051,ameli_map,IRN,Iran
c32_59,32,59,0.051,ameli_map,IRN,Iran
c32_60,32,60,0.051,ameli_map,IRN,Iran
c32_61,32,61,0.051,ameli_map,AFG,Afghanistan
c32_62,32,62,0.051,ameli_map,AFG,Afghanistan
c32_63,32,63,0.051,ameli_map,AFG,Afghanistan
c32_64,32,64,0.051,ameli_map,AFG,Afghanistan
c32_65,32,65,0.051,ameli_map,AFG,Afghanistan
c32_66,32,66,0.051,ameli_map,AFG,Afghanistan
c32_67,32,67,0.051,ameli_map,AFG,Afghanistan
c32_68,32,68,0.051,ameli_map,AFG,Afghanistan
c32_69,32,69,0.051,ameli_map,AFG,Afghanistan
c32_70,32,70,0.051,ameli_map,PAK,Pakistan
c32_71,32,71,0.051,ameli_map,PAK,Pakistan
c32_72,32,72,0.051,ameli_map,PAK,Pakistan
c32_73,32,73,0.051,ameli_map,PAK,Pakistan
c32_74,32,74,0.051,ameli_map,PAK,Pakistan
c32_75,32,75,0.051,ameli_map,IND,India
c32_76,32,76,0.051,ameli_map,IND,India
c32_77,32,77,0.051,ameli_map,IND,India
c32_78,32,78,0.051,ameli_map,IND,India
c32_79,32,79,0.051,ameli_map,CHN,China
c32_80,32,80,0.051,ameli_map,CHN,China
c32_81,32,81,0.051,ameli_map,CHN,China
c32_82,32,82,0.051,ameli_map,CHN,China
c32_83,32,83,0.051,ameli_map,CHN,China
c32_84,32,84,0.051,ameli_map,CHN,China
c32_85,32,85,0.051,ameli_map,CHN,China
c32_86,32,86,0.051,ameli_map,CHN,China
c32_87,32,87,0.051,ameli_map,CHN,China
c32_88,32,88,0.051,ameli_map,CHN,China
c32_89,32,89,0.051,ameli_map,CHN,China
c32_90,32,90,0.051,ameli_map,CHN,China
c32_91,32,91,0.051,ameli_map,CHN,China
c32_92,32,92,0.051,ameli_map,CHN,China
c32_93,32,93,0.051,ameli_map,CHN,China
c32_94,32,94,0.051,ameli_map,CHN,China
c32_95,32,95,0.051,ameli_map,CHN,China
c32_96,32,96,0.051,ameli_map,CHN,China
c32_97,32,97,0.051,ameli_map,CHN,China
c32_98,32,98,0.051,ameli_map,CHN,China
c32_99,32,99,0.051,ameli_map,CHN,China
c32_100,32,100,0.051,ameli_map,CHN,China
c32_101,32,101,0.051,ameli_map,CHN,China
c32_102,32,102,0.051,ameli_map,CHN,China
c32_103,32,103,0.051,ameli_map,CHN,China
c32_104,32,104,0.051,ameli_map,CHN,China
c32_105,32,105,0.051,ameli_map,CHN,China
c32_106,32,106,0.051,ameli_map,CHN,China
c32_107,32,107,0.051,ameli_map,CHN,China
c32_108,32,108,0.051,ameli_map,CHN,China
c32_109,32,109,0.051,ameli_map,CHN,China
c32_110,32,110,0.051,ameli_map,CHN,China
c32_111,32,111,0.051,ameli_map,CHN,China
c32_112,32,112,0.051,ameli_map,CHN,China
c32_113,32,113,0.051,ameli_map,CHN,China
c32_114,32,114,0.051,ameli_map,CHN,China
c32_115,32,115,0.051,ameli_map,CHN,China
c32_116,32,116,0.051,ameli_map,CHN,China
c32_117,32,117,0.051,ameli_map,CHN,China
c32_118,32,118,0.051,ameli_map,CHN,China
c32_119,32,119,0.051,ameli_map,CHN,China
c32_120,32,120,0.051,ameli_map,CHN,China
c32_121,32,121,0.051,ameli_map,CHN,China
c32_131,32,131,0.018,ameli_map,JPN,Japan
c33_m117,33,-117,0.044,ameli_map,USA,United States
c33_m116,33,-116,0.044,ameli_map,USA,United States
c33_m115,33,-115,0.044,ameli_map,USA,United States
c33_m114,33,-114,0.044,ameli_map,USA,United States
c33_m113,33,-113,0.044,ameli_map,USA,United States
c33_m112,33,-112,0.044,ameli_map,USA,United States
c33_m111,33,-111,0.044,ameli_map,USA,United States
c33_m110,33,-110,0.044,ameli_map,USA,United States
c33_m109,33,-109,0.044,ameli_map,USA,United States
c33_m108,33,-108,0.044,ameli_map,USA,United States
c33_m107,33,-107,0.044,ameli_map,USA,United States
c33_m106,33,-106,0.044,ameli_map,USA,United States
c33_m105,33,-105,0.044,ameli_map,USA,United States
c33_m104,33,-104,0.044,ameli_map,USA,United States
c33_m103,33,-103,0.044,ameli_map,USA,United States
c33_m102,33,-102,0.044,ameli_map,USA,United States
c33_m101,33,-101,0.044,ameli_map,USA,United States
c33_m100,33,-100,0.044,ameli_map,USA,United States
c33_m99,33,-99,0.044,ameli_map,USA,United States
c33_m98,33,-98,0.044,ameli_map,USA,United States
c33_m97,33,-97,0.044,ameli_map,USA,United States
c33_m96,33,-96,0.044,ameli_map,USA,United States
c33_m95,33,-95,0.044,ameli_map,USA,United States
c33_m94,33,-94,0.044,ameli_map,USA,United States
c33_m93,33,-93,0.044,ameli_map,USA,United States
c33_m92,33,-92,0.044,ameli_map,USA,United States
c33_m91,33,-91,0.044,ameli_map,USA,United States
c33_m90,33,-90,0.044,ameli_map,USA,United States
c33_m89,33,-89,0.044,ameli_map,USA,United States
c33_m88,33,-88,0.044,ameli_map,USA,United States
c33_m87,33,-87,0.044,ameli_map,USA,United States
c33_m86,33,-86,0.044,ameli_map,USA,United States
c33_m85,33,-85,0.044,ameli_map,USA,United States
c33_m84,33,-84,0.044,ameli_map,USA,United States
c33_m83,33,-83,0.044,ameli_map,USA,United States
c33_m82,33,-82,0.044,ameli_map,USA,United States
c33_m81,33,-81,0.044,ameli_map,USA,United States
c33_m80,33,-80,0.044,ameli_map,USA,United States
c33_m8,33,-8,0.051,ameli_map,MAR,Morocco
c33_m7,33,-7,0.051,ameli_map,MAR,Morocco
c33_m6,33,-6,0.051,ameli_map,MAR,Morocco
c33_m5,33,-5,0.051,ameli_map,MAR,Morocco
c33_m4,33,-4,0.051,ameli_map,MAR,Morocco
c33_m3,33,-3,0.051,ameli_map,MAR,Morocco
c33_m2,33,-2,0.051,ameli_map,MAR,Morocco
c33_m1,33,-1,0.051,ameli_map,DZA,Algeria
c33_0,33,0,0.051,ameli_map,DZA,Algeria
c33_1,33,1,0.051,ameli_map,DZA,Algeria
c33_2,33,2,0.051,ameli_map,DZA,Algeria
c33_3,33,3,0.051,ameli_map,DZA,Algeria
c33_4,33,4,0.051,ameli_map,DZA,Algeria
c33_5,33,5,0.051,ameli_map,DZA,Algeria
c33_6,33,6,0.051,ameli_map,DZA,Algeria
c33_7,33,7,0.051,ameli_map,DZA,Algeria
c33_8,33,8,0.051,ameli_map,DZA,Algeria
c33_9,33,9,0.051,ameli_map,TUN,Tunisia
c33_10,33,10,0.051,ameli_map,TUN,Tunisia
c33_11,33,11,0.051,ameli_map,TUN,Tunisia
c33_36,33,36,0.051,ameli_map,SYR,Syria
c33_37,33,37,0.051,ameli_map,SYR,Syria
c33_38,33,38,0.051,ameli_map,SYR,Syria
c33_39,33,39,0.051,ameli_map,IRQ,Iraq
c33_40,33,40,0.051,ameli_map,IRQ,Iraq
c33_41,33,41,0.051,ameli_map,IRQ,Iraq
c33_42,33,42,0.051,ameli_map,IRQ,Iraq
c33_43,33,43,0.051,ameli_map,IRQ,Iraq
c33_44,33,44,0.051,ameli_map,IRQ,Iraq
c33_45,33,45,0.051,ameli_map,IRQ,Iraq
c33_46,33,46,0.051,ameli_map,IRQ,Iraq
c33_47,33,47,0.051,ameli_map,IRN,Iran
c33_48,33,48,0.051,ameli_map,IRN,Iran
c33_49,33,49,0.051,ameli_map,IRN,Iran
c33_50,33,50,0.051,ameli_map,IRN,Iran
c33_51,33,51,0.051,ameli_map,IRN,Iran
c33_52,33,52,0.051,ameli_map,IRN,Iran
c33_53,33,53,0.051,ameli_map,IRN,Iran
c33_54,33,54,0.051,ameli_map,IRN,Iran
c33_55,33,55,0.051,ameli_map,IRN,Iran
c33_56,33,56,0.051,ameli_map,IRN,Iran
c33_57,33,57,0.051,ameli_map,IRN,Iran
c33_58,33,58,0.051,ameli_map,IRN,Iran
c33_59,33,59,0.051,ameli_map,IRN,Iran
c33_60,33,60,0.051,ameli_map,IRN,Iran
c33_61,33,61,0.051,ameli_map,AFG,Afghanistan
c33_62,33,62,0.051,ameli_map,AFG,Afghanistan
c33_63,33,63,0.051,ameli_map,AFG,Afghanistan
c33_64,33,64,0.051,ameli_map,AFG,Afghanistan
c33_65,33,65,0.051,ameli_map,AFG,Afghanistan
c33_66,33,66,0.051,ameli_map,AFG,Afghanistan
c33_67,33,67,0.051,ameli_map,AFG,Afghanistan
c33_68,33,68,0.051,ameli_map,AFG,Afghanistan
c33_69,33,69,0.051,ameli_map,AFG,Afghanistan
c33_70,33,70,0.051,ameli_map,PAK,Pakistan
c33_71,33,71,0.051,ameli_map,PAK,Pakistan
c33_72,33,72,0.051,ameli_map,PAK,Pakistan
c33_73,33,73,0.051,ameli_map,PAK,Pakistan
c33_74,33,74,0.051,ameli_map,PAK,Pakistan
c33_75,33,75,0.051,ameli_map,IND,India
c33_76,33,76,0.051,ameli_map,IND,India
c33_77,33,77,0.051,ameli_map,IND,India
c33_78,33,78,0.051,ameli_map,IND,India
c33_79,33,79,0.051,ameli_map,IND,India
c33_80,33,80,0.051,ameli_map,CHN,China
c33_81,33,81,0.051,ameli_map,CHN,China
c33_82,33,82,0.051,ameli_map,CHN,China
c33_83,33,83,0.051,ameli_map,CHN,China
c33_84,33,84,0.051,ameli_map,CHN,China
c33_85,33,85,0.051,ameli_map,CHN,China
c33_86,33,86,0.051,ameli_map,CHN,China
c33_87,33,87,0.051,ameli_map,CHN,China
c33_88,33,88,0.051,ameli_map,CHN,China
c33_89,33,89,0.051,ameli_map,CHN,China
c33_90,33,90,0.051,ameli_map,CHN,China
c33_91,33,91,0.051,ameli_map,CHN,China
c33_92,33,92,0.051,ameli_map,CHN,China
c33_93,33,93,0.051,ameli_map,CHN,China
c33_94,33,94,0.051,ameli_map,CHN,China
c33_95,33,95,0.051,ameli_map,CHN,China
c33_96,33,96,0.051,ameli_map,CHN,China
c33_97,33,97,0.051,ameli_map,CHN,China
c33_98,33,98,0.051,ameli_map,CHN,China
c33_99,33,99,0.051,ameli_map,CHN,China
c33_100,33,100,0.051,ameli_map,CHN,China
c33_101,33,101,0.051,ameli_map,CHN,China
c33_102,33,102,0.051,ameli_map,CHN,China
c33_103,33,103,0.051,ameli_map,CHN,China
c33_104,33,104,0.051,ameli_map,CHN,China
c33_105,33,105,0.051,ameli_map,CHN,China
c33_106,33,106,0.051,ameli_map,CHN,China
c33_107,33,107,0.051,ameli_map,CHN,China
c33_108,33,108,0.051,ameli_map,CHN,China
c33_109,33,109,0.051,ameli_map,CHN,China
c33_110,33,110,0.051,ameli_map,CHN,China
c33_111,33,111,0.051,ameli_map,CHN,China
c33_112,33,112,0.051,ameli_map,CHN,China
c33_113,33,113,0.051,ameli_map,CHN,China
c33_114,33,114,0.051,ameli_map,CHN,China
c33_115,33,115,0.051,ameli_map,CHN,China
c33_116,33,116,0.051,ameli_map,CHN,China
c33_117,33,117,0.051,ameli_map,CHN,China
c33_118,33,118,0.051,ameli_map,CHN,China
c33_119,33,119,0.051,ameli_map,CHN,China
c33_120,33,120,0.051,ameli_map,CHN,China
c33_130,33,130,0.018,ameli_map,JPN,Japan
c33_131,33,131,0.018,ameli_map,JPN,Japan
c33_133,33,133,0.018,ameli_map,JPN,Japan
c34_m118,34,-118,0.044,ameli_map,USA,United States
c34_m117,34,-117,0.044,ameli_map,USA,United States
c34_m116,34,-116,0.044,ameli_map,USA,United States
c34_m115,34,-115,0.044,ameli_map,USA,United States
c34_m114,34,-114,0.044,ameli_map,USA,United States
c34_m113,34,-113,0.044,ameli_map,USA,United States
c34_m112,34,-112,0.044,ameli_map,USA,United States
c34_m111,34,-111,0.044,ameli_map,USA,United States
c34_m110,34,-110,0.044,ameli_map,USA,United States
c34_m109,34,-109,0.044,ameli_map,USA,United States
c34_m108,34,-108,0.044,ameli_map,USA,United States
c34_m107,34,-107,0.044,ameli_map,USA,United States
c34_m106,34,-106,0.044,ameli_map,USA,United States
c34_m105,34,-105,0.044,ameli_map,USA,United States
c34_m104,34,-104,0.044,ameli_map,USA,United States
c34_m103,34,-103,0.044,ameli_map,USA,United States
c34_m102,34,-102,0.044,ameli_map,USA,United States
c34_m101,34,-101,0.044,ameli_map,USA,United States
c34_m100,34,-100,0.044,ameli_map,USA,United States
c34_m99,34,-99,0.044,ameli_map,USA,United States
c34_m98,34,-98,0.044,ameli_map,USA,United States
c34_m97,34,-97,0.044,ameli_map,USA,United States
c34_m96,34,-96,0.044,ameli_map,USA,United States
c34_m95,34,-95,0.044,ameli_map,USA,United States
c34_m94,34,-94,0.044,ameli_map,USA,United States
c34_m93,34,-93,0.044,ameli_map,USA,United States
c34_m92,34,-92,0.044,ameli_map,USA,United States
c34_m91,34,-91,0.044,ameli_map,USA,United States
c34_m90,34,-90,0.044,ameli_map,USA,United States
c34_m89,34,-89,0.044,ameli_map,USA,United States
c34_m88,34,-88,0.044,ameli_map,USA,United States
c34_m87,34,-87,0.044,ameli_map,USA,United States
c34_m86,34,-86,0.044,ameli_map,USA,United States
c34_m85,34,-85,0.044,ameli_map,USA,United States
c34_m84,34,-84,0.044,ameli_map,USA,United States
c34_m83,34,-83,0.044,ameli_map,USA,United States
c34_m82,34,-82,0.044,ameli_map,USA,United States
c34_m81,34,-81,0.044,ameli_map,USA,United States
c34_m80,34,-80,0.044,ameli_map,USA,United States
c34_m79,34,-79,0.044,ameli_map,USA,United States
c34_m78,34,-78,0.044,ameli_map,USA,United States
c34_m6,34,-6,0.051,ameli_map,MAR,Morocco
c34_m5,34,-5,0.051,ameli_map,MAR,Morocco
c34_m4,34,-4,0.051,ameli_map,MAR,Morocco
c34_m3,34,-3,0.051,ameli_map,MAR,Morocco
c34_m2,34,-2,0.051,ameli_map,MAR,Morocco
c34_m1,34,-1,0.051,ameli_map,DZA,Algeria
c34_0,34,0,0.051,ameli_map,DZA,Algeria
c34_1,34,1,0.051,ameli_map,DZA,Algeria
c34_2,34,2,0.051,ameli_map,DZA,Algeria
c34_3,34,3,0.051,ameli_map,DZA,Algeria
c34_4,34,4,0.051,ameli_map,DZA,Algeria
c34_5,34,5,0.051,ameli_map,DZA,Algeria
c34_9,34,9,0.051,ameli_map,TUN,Tunisia
c34_10,34,10,0.051,ameli_map,TUN,Tunisia
c34_36,34,36,0.051,ameli_map,LBN,Lebanon
c34_37,34,37,0.051,ameli_map,SYR,Syria
c34_38,34,38,0.051,ameli_map,SYR,Syria
c34_39,34,39,0.051,ameli_map,SYR,Syria
c34_40,34,40,0.051,ameli_map,SYR,Syria
c34_41,34,41,0.051,ameli_map,IRQ,Iraq
c34_42,34,42,0.051,ameli_map,IRQ,Iraq
c34_43,34,43,0.051,ameli_map,IRQ,Iraq
c34_44,34,44,0.051,ameli_map,IRQ,Iraq
c34_45,34,45,0.051,ameli_map,IRQ,Iraq
c34_46,34,46,0.051,ameli_map,IRN,Iran
c34_47,34,47,0.051,ameli_map,IRN,Iran
c34_48,34,48,0.051,ameli_map,IRN,Iran
c34_49,34,49,0.051,ameli_map,IRN,Iran
c34_50,34,50,0.051,ameli_map,IRN,Iran
c34_51,34,51,0.051,ameli_map,IRN,Iran
c34_52,34,52,0.051,ameli_map,IRN,Iran
c34_53,34,53,0.051,ameli_map,IRN,Iran
c34_54,34,54,0.051,ameli_map,IRN,Iran
c34_55,34,55,0.051,ameli_map,IRN,Iran
c34_56,34,56,0.051,ameli_map,IRN,Iran
c34_57,34,57,0.051,ameli_map,IRN,Iran
c34_58,34,58,0.051,ameli_map,IRN,Iran
c34_59,34,59,0.051,ameli_map,IRN,Iran
c34_60,34,60,0.051,ameli_map,IRN,Iran
c34_61,34,61,0.051,ameli_map,AFG,Afghanistan
c34_62,34,62,0.051,ameli_map,AFG,Afghanistan
c34_63,34,63,0.051,ameli_map,AFG,Afghanistan
c34_64,34,64,0.051,ameli_map,AFG,Afghanistan
c34_65,34,65,0.051,ameli_map,AFG,Afghanistan
c34_66,34,66,0.051,ameli_map,AFG,Afghanistan
c34_67,34,67,0.051,ameli_map,AFG,Afghanistan
c34_68,34,68,0.051,ameli_map,AFG,Afghanistan
c34_69,34,69,0.051,ameli_map,AFG,Afghanistan
c34_70,34,70,0.051,ameli_map,PAK,Pakistan
c34_71,34,71,0.051,ameli_map,PAK,Pakistan
c34_72,34,72,0.051,ameli_map,PAK,Pakistan
c34_73,34,73,0.051,ameli_map,PAK,Pakistan
c34_74,34,74,0.051,ameli_map,PAK,Pakistan
c34_75,34,75,0.051,ameli_map,IND,India
c34_76,34,76,0.051,ameli_map,IND,India
c34_77,34,77,0.051,ameli_map,IND,India
c34_78,34,78,0.051,ameli_map,IND,India
c34_79,34,79,0.051,ameli_map,CHN,China
c34_80,34,80,0.051,ameli_map,CHN,China
c34_81,34,81,0.051,ameli_map,CHN,China
c34_82,34,82,0.051,ameli_map,CHN,China
c34_83,34,83,0.051,ameli_map,CHN,China
c34_84,34,84,0.051,ameli_map,CHN,China
c34_85,34,85,0.051,ameli_map,CHN,China
c34_86,34,86,0.051,ameli_map,CHN,China
c34_87,34,87,0.051,ameli_map,CHN,China
c34_88,34,88,0.051,ameli_map,CHN,China
c34_89,34,89,0.051,ameli_map,CHN,China
c34_90,34,90,0.051,ameli_map,CHN,China
c34_91,34,91,0.051,ameli_map,CHN,China
c34_92,34,92,0.051,ameli_map,CHN,China
c34_93,34,93,0.051,ameli_map,CHN,China
c34_94,34,94,0.051,ameli_map,CHN,China
c34_95,34,95,0.051,ameli_map,CHN,China
c34_96,34,96,0.051,ameli_map,CHN,China
c34_97,34,97,0.051,ameli_map,CHN,China
c34_98,34,98,0.051,ameli_map,CHN,China
c34_99,34,99,0.051,ameli_map,CHN,China
c34_100,34,100,0.051,ameli_map,CHN,China
c34_101,34,101,0.051,ameli_map,CHN,China
c34_102,34,102,0.051,ameli_map,CHN,China
c34_103,34,103,0.051,ameli_map,CHN,China
c34_104,34,104,0.051,ameli_map,CHN,China
c34_105,34,105,0.051,ameli_map,CHN,China
c34_106,34,106,0.051,ameli_map,CHN,China
c34_107,34,107,0.051,ameli_map,CHN,China
c34_108,34,108,0.051,ameli_map,CHN,China
c34_109,34,109,0.051,ameli_map,CHN,China
c34_110,34,110,0.051,ameli_map,CHN,China
c34_111,34,111,0.051,ameli_map,CHN,China
c34_112,34,112,0.051,ameli_map,CHN,China
c34_113,34,113,0.051,ameli_map,CHN,China
c34_114,34,114,0.051,ameli_map,CHN,China
c34_115,34,115,0.051,ameli_map,CHN,China
c34_116,34,116,0.051,ameli_map,CHN,China
c34_117,34,117,0.051,ameli_map,CHN,China
c34_118,34,118,0.051,ameli_map,CHN,China
c34_119,34,119,0.051,ameli_map,CHN,China
c34_120,34,120,0.051,ameli_map,CHN,China
c34_132,34,132,0.018,ameli_map,JPN,Japan
c34_133,34,133,0.018,ameli_map,JPN,Japan
c34_134,34,134,0.018,ameli_map,JPN,Japan
c34_136,34,136,0.018,ameli_map,JPN,Japan
c35_m120,35,-120,0.044,ameli_map,USA,United States
c35_m119,35,-119,0.044,ameli_map,USA,United States
c35_m118,35,-118,0.044,ameli_map,USA,United States
c35_m117,35,-117,0.044,ameli_map,USA,United States
c35_m116,35,-116,0.044,ameli_map,USA,United States
c35_m115,35,-115,0.044,ameli_map,USA,United States
c35_m114,35,-114,0.044,ameli_map,USA,United States
c35_m113,35,-113,0.044,ameli_map,USA,United States
c35_m112,35,-112,0.044,ameli_map,USA,United States
c35_m111,35,-111,0.044,ameli_map,USA,United States
c35_m110,35,-110,0.044,ameli_map,USA,United States
c35_m109,35,-109,0.044,ameli_map,USA,United States
c35_m108,35,-108,0.044,ameli_map,USA,United States
c35_m107,35,-107,0.044,ameli_map,USA,United States
c35_m106,35,-106,0.044,ameli_map,USA,United States
c35_m105,35,-105,0.044,ameli_map,USA,United States
c35_m104,35,-104,0.044,ameli_map,USA,United States
c35_m103,35,-103,0.044,ameli_map,USA,United States
c35_m102,35,-102,0.044,ameli_map,USA,United States
c35_m101,35,-101,0.044,ameli_map,USA,United States
c35_m100,35,-100,0.044,ameli_map,USA,United States
c35_m99,35,-99,0.044,ameli_map,USA,United States
c35_m98,35,-98,0.044,ameli_map,USA,United States
c35_m97,35,-97,0.044,ameli_map,USA,United States
c35_m96,35,-96,0.044,ameli_map,USA,United States
c35_m95,35,-95,0.044,ameli_map,USA,United States
c35_m94,35,-94,0.044,ameli_map,USA,United States
c35_m93,35,-93,0.044,ameli_map,USA,United States
c35_m92,35,-92,0.044,ameli_map,USA,United States
c35_m91,35,-91,0.044,ameli_map,USA,United States
c35_m90,35,-90,0.044,ameli_map,USA,United States
c35_m89,35,-89,0.044,ameli_map,USA,United States
c35_m88,35,-88,0.044,ameli_map,USA,United States
c35_m87,35,-87,0.044,ameli_map,USA,United States
c35_m86,35,-86,0.044,ameli_map,USA,United States
c35_m85,35,-85,0.044,ameli_map,USA,United States
c35_m84,35,-84,0.044,ameli_map,USA,United States
c35_m83,35,-83,0.044,ameli_map,USA,United States
c35_m82,35,-82,0.044,ameli_map,USA,United States
c35_m81,35,-81,0.044,ameli_map,USA,United States
c35_m80,35,-80,0.044,ameli_map,USA,United States
c35_m79,35,-79,0.044,ameli_map,USA,United States
c35_m78,35,-78,0.044,ameli_map,USA,United States
c35_m77,35,-77,0.044,ameli_map,USA,United States
c35_m6,35,-6,0.051,ameli_map,MAR,Morocco
c35_m5,35,-5,0.051,ameli_map,MAR,Morocco
c35_m4,35,-4,0.051,ameli_map,MAR,Morocco
c35_m3,35,-3,0.051,ameli_map,MAR,Morocco
c35_m2,35,-2,0.051,ameli_map,DZA,Algeria
c35_m1,35,-1,0.051,ameli_map,DZA,Algeria
c35_0,35,0,0.051,ameli_map,DZA,Algeria
c35_1,35,1,0.051,ameli_map,DZA,Algeria
c35_2,35,2,0.051,ameli_map,DZA,Algeria
c35_3,35,3,0.051,ameli_map,DZA,Algeria
c35_4,35,4,0.051,ameli_map,DZA,Algeria
c35_5,35,5,0.051,ameli_map,DZA,Algeria
c35_6,35,6,0.051,ameli_map,DZA,Algeria
c35_7,35,7,0.051,ameli_map,DZA,Algeria
c35_8,35,8,0.051,ameli_map,DZA,Algeria
c35_9,35,9,0.051,ameli_map,TUN,Tunisia
c35_10,35,10,0.051,ameli_map,TUN,Tunisia
c35_25,35,25,0.04,ameli_map,GRC,Greece
c35_33,35,33,0.051,ameli_map,CYP,Cyprus
c35_34,35,34,0.051,ameli_map,CYP,Cyprus
c35_36,35,36,0.051,ameli_map,SYR,Syria
c35_37,35,37,0.051,ameli_map,SYR,Syria
c35_38,35,38,0.051,ameli_map,SYR,Syria
c35_39,35,39,0.051,ameli_map,SYR,Syria
c35_40,35,40,0.051,ameli_map,SYR,Syria
c35_41,35,41,0.051,ameli_map,SYR,Syria
c35_42,35,42,0.051,ameli_map,IRQ,Iraq
c35_43,35,43,0.051,ameli_map,IRQ,Iraq
c35_44,35,44,0.051,ameli_map,IRQ,Iraq
c35_45,35,45,0.051,ameli_map,IRQ,Iraq
c35_46,35,46,0.051,ameli_map,IRN,Iran
c35_47,35,47,0.051,ameli_map,IRN,Iran
c35_48,35,48,0.051,ameli_map,IRN,Iran
c35_49,35,49,0.051,ameli_map,IRN,Iran
c35_50,35,50,0.051,ameli_map,IRN,Iran
c35_51,35,51,0.051,ameli_map,IRN,Iran
c35_52,35,52,0.051,ameli_map,IRN,Iran
c35_53,35,53,0.051,ameli_map,IRN,Iran
c35_54,35,54,0.051,ameli_map,IRN,Iran
c35_55,35,55,0.051,ameli_map,IRN,Iran
c35_56,35,56,0.051,ameli_map,IRN,Iran
c35_57,35,57,0.051,ameli_map,IRN,Iran
c35_58,35,58,0.051,ameli_map,IRN,Iran
c35_59,35,59,0.051,ameli_map,IRN,Iran
c35_60,35,60,0.051,ameli_map,IRN,Iran
c35_61,35,61,0.051,ameli_map,IRN,Iran
c35_62,35,62,0.051,ameli_map,AFG,Afghanistan
c35_63,35,63,0.051,ameli_map,AFG,Afghanistan
c35_64,35,64,0.051,ameli_map,AFG,Afghanistan
c35_65,35,65,0.051,ameli_map,AFG,Afghanistan
c35_66,35,66,0.051,ameli_map,AFG,Afghanistan
c35_67,35,67,0.051,ameli_map,AFG,Afghanistan
c35_68,35,68,0.051,ameli_map,AFG,Afghanistan
c35_69,35,69,0.051,ameli_map,AFG,Afghanistan
c35_70,35,70,0.051,ameli_map,AFG,Afghanistan
c35_71,35,71,0.051,ameli_map,AFG,Afghanistan
c35_72,35,72,0.051,ameli_map,PAK,Pakistan
c35_73,35,73,0.051,ameli_map,PAK,Pakistan
c35_74,35,74,0.051,ameli_map,PAK,Pakistan
c35_75,35,75,0.051,ameli_map,PAK,Pakistan
c35_76,35,76,0.051,ameli_map,PAK,Pakistan
c35_77,35,77,0.051,ameli_map,PAK,Pakistan
c35_78,35,78,0.051,ameli_map,IND,India
c35_79,35,79,0.051,ameli_map,CHN,China
c35_80,35,80,0.051,ameli_map,CHN,China
c35_81,35,81,0.051,ameli_map,CHN,China
c35_82,35,82,0.051,ameli_map,CHN,China
c35_83,35,83,0.051,ameli_map,CHN,China
c35_84,35,84,0.051,ameli_map,CHN,China
c35_85,35,85,0.051,ameli_map,CHN,China
c35_86,35,86,0.051,ameli_map,CHN,China
c35_87,35,87,0.051,ameli_map,CHN,China
c35_88,35,88,0.051,ameli_map,CHN,China
c35_89,35,89,0.051,ameli_map,CHN,China
c35_90,35,90,0.051,ameli_map,CHN,China
c35_91,35,91,0.051,ameli_map,CHN,China
c35_92,35,92,0.051,ameli_map,CHN,China
c35_93,35,93,0.051,ameli_map,CHN,China
c35_94,35,94,0.051,ameli_map,CHN,China
c35_95,35,95,0.051,ameli_map,CHN,China
c35_96,35,96,0.051,ameli_map,CHN,China
c35_97,35,97,0.051,ameli_map,CHN,China
c35_98,35,98,0.051,ameli_map,CHN,China
c35_99,35,99,0.051,ameli_map,CHN,China
c35_100,35,100,0.051,ameli_map,CHN,China
c35_101,35,101,0.051,ameli_map,CHN,China
c35_102,35,102,0.051,ameli_map,CHN,China
c35_103,35,103,0.051,ameli_map,CHN,China
c35_104,35,104,0.051,ameli_map,CHN,China
c35_105,35,105,0.051,ameli_map,CHN,China
c35_106,35,106,0.051,ameli_map,CHN,China
c35_107,35,107,0.051,ameli_map,CHN,China
c35_108,35,108,0.051,ameli_map,CHN,China
c35_109,35,109,0.051,ameli_map,CHN,China
c35_110,35,110,0.051,ameli_map,CHN,China
c35_111,35,111,0.051,ameli_map,CHN,China
c35_112,35,112,0.051,ameli_map,CHN,China
c35_113,35,113,0.051,ameli_map,CHN,China
c35_114,35,114,0.051,ameli_map,CHN,China
c35_115,35,115,0.051,ameli_map,CHN,China
c35_116,35,116,0.051,ameli_map,CHN,China
c35_117,35,117,0.051,ameli_map,CHN,China
c35_118,35,118,0.051,ameli_map,CHN,China
c35_119,35,119,0.051,ameli_map,CHN,China
c35_127,35,127,0.051,ameli_map,KOR,South Korea
c35_128,35,128,0.051,ameli_map,KOR,South Korea
c35_133,35,133,0.018,ameli_map,JPN,Japan
c35_134,35,134,0.018,ameli_map,JPN,Japan
c35_135,35,135,0.018,ameli_map,JPN,Japan
c35_136,35,136,0.018,ameli_map,JPN,Japan
c35_137,35,137,0.018,ameli_map,JPN,Japan
c35_138,35,138,0.018,ameli_map,JPN,Japan
c35_139,35,139,0.018,ameli_map,JPN,Japan
c36_m121,36,-121,0.044,ameli_map,USA,United States
c36_m120,36,-120,0.044,ameli_map,USA,United States
c36_m119,36,-119,0.044,ameli_map,USA,United States
c36_m118,36,-118,0.044,ameli_map,USA,United States
c36_m117,36,-117,0.044,ameli_map,USA,United States
c36_m116,36,-116,0.044,ameli_map,USA,United States
c36_m115,36,-115,0.044,ameli_map,USA,United States
c36_m114,36,-114,0.044,ameli_map,USA,United States
c36_m113,36,-113,0.044,ameli_map,USA,United States
c36_m112,36,-112,0.044,ameli_map,USA,United States
c36_m111,36,-111,0.044,ameli_map,USA,United States
c36_m110,36,-110,0.044,ameli_map,USA,United States
c36_m109,36,-109,0.044,ameli_map,USA,United States
c36_m108,36,-108,0.044,ameli_map,USA,United States
c36_m107,36,-107,0.044,ameli_map,USA,United States
c36_m106,36,-106,0.044,ameli_map,USA,United States
c36_m105,36,-105,0.044,ameli_map,USA,United States
c36_m104,36,-104,0.044,ameli_map,USA,United States
c36_m103,36,-103,0.044,ameli_map,USA,United States
c36_m102,36,-102,0.044,ameli_map,USA,United States
c36_m101,36,-101,0.044,ameli_map,USA,United States
c36_m100,36,-100,0.044,ameli_map,USA,United States
c36_m99,36,-99,0.044,ameli_map,USA,United States
c36_m98,36,-98,0.044,ameli_map,USA,United States
c36_m97,36,-97,0.044,ameli_map,USA,United States
c36_m96,36,-96,0.044,ameli_map,USA,United States
c36_m95,36,-95,0.044,ameli_map,USA,United States
c36_m94,36,-94,0.044,ameli_map,USA,United States
c36_m93,36,-93,0.044,ameli_map,USA,United States
c36_m92,36,-92,0.044,ameli_map,USA,United States
c36_m91,36,-91,0.044,ameli_map,USA,United States
c36_m90,36,-90,0.044,ameli_map,USA,United States
c36_m89,36,-89,0.044,ameli_map,USA,United States
c36_m88,36,-88,0.044,ameli_map,USA,United States
c36_m87,36,-87,0.044,ameli_map,USA,United States
c36_m86,36,-86,0.044,ameli_map,USA,United States
c36_m85,36,-85,0.044,ameli_map,USA,United States
c36_m84,36,-84,0.044,ameli_map,USA,United States
c36_m83,36,-83,0.044,ameli_map,USA,United States
c36_m82,36,-82,0.044,ameli_map,USA,United States
c36_m81,36,-81,0.044,ameli_map,USA,United States
c36_m80,36,-80,0.044,ameli_map,USA,United States
c36_m79,36,-79,0.044,ameli_map,USA,United States
c36_m78,36,-78,0.044,ameli_map,USA,United States
c36_m77,36,-77,0.044,ameli_map,USA,United States
c36_1,36,1,0.051,ameli_map,DZA,Algeria
c36_2,36,2,0.051,ameli_map,DZA,Algeria
c36_3,36,3,0.051,ameli_map,DZA,Algeria
c36_4,36,4,0.051,ameli_map,DZA,Algeria
c36_5,36,5,0.051,ameli_map,DZA,Algeria
c36_6,36,6,0.051,ameli_map,DZA,Algeria
c36_7,36,7,0.051,ameli_map,DZA,Algeria
c36_8,36,8,0.051,ameli_map,DZA,Algeria
c36_9,36,9,0.051,ameli_map,TUN,Tunisia
c36_10,36,10,0.051,ameli_map,TUN,Tunisia
c36_36,36,36,0.051,ameli_map,TUR,Turkey
c36_37,36,37,0.051,ameli_map,SYR,Syria
c36_38,36,38,0.051,ameli_map,SYR,Syria
c36_39,36,39,0.051,ameli_map,SYR,Syria
c36_40,36,40,0.051,ameli_map,SYR,Syria
c36_41,36,41,0.051,ameli_map,SYR,Syria
c36_42,36,42,0.051,ameli_map,IRQ,Iraq
c36_43,36,43,0.051,ameli_map,IRQ,Iraq
c36_44,36,44,0.051,ameli_map,IRQ,Iraq
c36_45,36,45,0.051,ameli_map,IRQ,Iraq
c36_46,36,46,0.051,ameli_map,IRN,Iran
c36_47,36,47,0.051,ameli_map,IRN,Iran
c36_48,36,48,0.051,ameli_map,IRN,Iran
c36_49,36,49,0.051,ameli_map,IRN,Iran
c36_50,36,50,0.051,ameli_map,IRN,Iran
c36_51,36,51,0.051,ameli_map,IRN,Iran
c36_52,36,52,0.051,ameli_map,IRN,Iran
c36_53,36,53,0.051,ameli_map,IRN,Iran
c36_54,36,54,0.051,ameli_map,IRN,Iran
c36_55,36,55,0.051,ameli_map,IRN,Iran
c36_56,36,56,0.051,ameli_map,IRN,Iran
c36_57,36,57,0.051,ameli_map,IRN,Iran
c36_58,36,58,0.051,ameli_map,IRN,Iran
c36_59,36,59,0.051,ameli_map,IRN,Iran
c36_60,36,60,0.051,ameli_map,IRN,Iran
c36_61,36,61,0.051,ameli_map,IRN,Iran
c36_62,36,62,0.051,ameli_map,TKM,Turkmenistan
c36_63,36,63,0.051,ameli_map,TKM,Turkmenistan
c36_64,36,64,0.051,ameli_map,AFG,Afghanistan
c36_65,36,65,0.051,ameli_map,AFG,Afghanistan
c36_66,36,66,0.051,ameli_map,AFG,Afghanistan
c36_67,36,67,0.051,ameli_map,AFG,Afghanistan
c36_68,36,68,0.051,ameli_map,AFG,Afghanistan
c36_69,36,69,0.051,ameli_map,AFG,Afghanistan
c36_70,36,70,0.051,ameli_map,AFG,Afghanistan
c36_71,36,71,0.051,ameli_map,AFG,Afghanistan
c36_72,36,72,0.051,ameli_map,PAK,Pakistan
c36_73,36,73,0.051,ameli_map,PAK,Pakistan
c36_74,36,74,0.051,ameli_map,PAK,Pakistan
c36_75,36,75,0.051,ameli_map,PAK,Pakistan
c36_76,36,76,0.051,ameli_map,PAK,Pakistan
c36_77,36,77,0.051,ameli_map,CHN,China
c36_78,36,78,0.051,ameli_map,CHN,China
c36_79,36,79,0.051,ameli_map,CHN,China
c36_80,36,80,0.051,ameli_map,CHN,China
c36_81,36,81,0.051,ameli_map,CHN,China
c36_82,36,82,0.051,ameli_map,CHN,China
c36_83,36,83,0.051,ameli_map,CHN,China
c36_84,36,84,0.051,ameli_map,CHN,China
c36_85,36,85,0.051,ameli_map,CHN,China
c36_86,36,86,0.051,ameli_map,CHN,China
c36_87,36,87,0.051,ameli_map,CHN,China
c36_88,36,88,0.051,ameli_map,CHN,China
c36_89,36,89,0.051,ameli_map,CHN,China
c36_90,36,90,0.051,ameli_map,CHN,China
c36_91,36,91,0.051,ameli_map,CHN,China
c36_92,36,92,0.051,ameli_map,CHN,China
c36_93,36,93,0.051,ameli_map,CHN,China
c36_94,36,94,0.051,ameli_map,CHN,China
c36_95,36,95,0.051,ameli_map,CHN,China
c36_96,36,96,0.051,ameli_map,CHN,China
c36_97,36,97,0.051,ameli_map,CHN,China
c36_98,36,98,0.051,ameli_map,CHN,China
c36_99,36,99,0.051,ameli_map,CHN,China
c36_100,36,100,0.051,ameli_map,CHN,China
c36_101,36,101,0.051,ameli_map,CHN,China
c36_102,36,102,0.051,ameli_map,CHN,China
c36_103,36,103,0.051,ameli_map,CHN,China
c36_104,36,104,0.051,ameli_map,CHN,China
c36_105,36,105,0.051,ameli_map,CHN,China
c36_106,36,106,0.051,ameli_map,CHN,China
c36_107,36,107,0.051,ameli_map,CHN,China
c36_108,36,108,0.051,ameli_map,CHN,China
c36_109,36,109,0.051,ameli_map,CHN,China
c36_110,36,110,0.051,ameli_map,CHN,China
c36_111,36,111,0.051,ameli_map,CHN,China
c36_112,36,112,0.051,ameli_map,CHN,China
c36_113,36,113,0.051,ameli_map,CHN,China
c36_114,36,114,0.051,ameli_map,CHN,China
c36_115,36,115,0.051,ameli_map,CHN,China
c36_116,36,116,0.051,ameli_map,CHN,China
c36_117,36,117,0.051,ameli_map,CHN,China
c36_118,36,118,0.051,ameli_map,CHN,China
c36_119,36,119,0.051,ameli_map,CHN,China
c36_120,36,120,0.051,ameli_map,CHN,China
c36_127,36,127,0.051,ameli_map,KOR,South Korea
c36_128,36,128,0.051,ameli_map,KOR,South Korea
c36_129,36,129,0.051,ameli_map,KOR,South Korea
c36_136,36,136,0.018,ameli_map,JPN,Japan
c36_137,36,137,0.018,ameli_map,JPN,Japan
c36_138,36,138,0.018,ameli_map,JPN,Japan
c36_139,36,139,0.018,ameli_map,JPN,Japan
c36_140,36,140,0.018,ameli_map,JPN,Japan
c37_m122,37,-122,0.044,ameli_map,USA,United States
c37_m121,37,-121,0.044,ameli_map,USA,United States
c37_m120,37,-120,0.044,ameli_map,USA,United States
c37_m119,37,-119,0.044,ameli_map,USA,United States
c37_m118,37,-118,0.044,ameli_map,USA,United States
c37_m117,37,-117,0.044,ameli_map,USA,United States
c37_m116,37,-116,0.044,ameli_map,USA,United States
c37_m115,37,-115,0.044,ameli_map,USA,United States
c37_m114,37,-114,0.044,ameli_map,USA,United States
c37_m113,37,-113,0.044,ameli_map,USA,United States
c37_m112,37,-112,0.044,ameli_map,USA,United States
c37_m111,37,-111,0.044,ameli_map,USA,United States
c37_m110,37,-110,0.044,ameli_map,USA,United States
c37_m109,37,-109,0.044,ameli_map,USA,United States
c37_m108,37,-108,0.044,ameli_map,USA,United States
c37_m107,37,-107,0.044,ameli_map,USA,United States
c37_m106,37,-106,0.044,ameli_map,USA,United States
c37_m105,37,-105,0.044,ameli_map,USA,United States
c37_m104,37,-104,0.044,ameli_map,USA,United States
c37_m103,37,-103,0.044,ameli_map,USA,United States
c37_m102,37,-102,0.044,ameli_map,USA,United States
c37_m101,37,-101,0.044,ameli_map,USA,United States
c37_m100,37,-100,0.044,ameli_map,USA,United States
c37_m99,37,-99,0.044,ameli_map,USA,United States
c37_m98,37,-98,0.044,ameli_map,USA,United States
c37_m97,37,-97,0.044,ameli_map,USA,United States
c37_m96,37,-96,0.044,ameli_map,USA,United States
c37_m95,37,-95,0.044,ameli_map,USA,United States
c37_m94,37,-94,0.044,ameli_map,USA,United States
c37_m93,37,-93,0.044,ameli_map,USA,United States
c37_m92,37,-92,0.044,ameli_map,USA,United States
c37_m91,37,-91,0.044,ameli_map,USA,United States
c37_m90,37,-90,0.044,ameli_map,USA,United States
c37_m89,37,-89,0.044,ameli_map,USA,United States
c37_m88,37,-88,0.044,ameli_map,USA,United States
c37_m87,37,-87,0.044,ameli_map,USA,United States
c37_m86,37,-86,0.044,ameli_map,USA,United States
c37_m85,37,-85,0.044,ameli_map,USA,United States
c37_m84,37,-84,0.044,ameli_map,USA,United States
c37_m83,37,-83,0.044,ameli_map,USA,United States
c37_m82,37,-82,0.044,ameli_map,USA,United States
c37_m81,37,-81,0.044,ameli_map,USA,United States
c37_m80,37,-80,0.044,ameli_map,USA,United States
c37_m79,37,-79,0.044,ameli_map,USA,United States
c37_m78,37,-78,0.044,ameli_map,USA,United States
c37_m77,37,-77,0.044,ameli_map,USA,United States
c37_m6,37,-6,0.04,ameli_map,ESP,Spain
c37_m5,37,-5,0.04,ameli_map,ESP,Spain
c37_m4,37,-4,0.04,ameli_map,ESP,Spain
c37_m3,37,-3,0.04,ameli_map,ESP,Spain
c37_m2,37,-2,0.04,ameli_map,ESP,Spain
c37_9,37,9,0.051,ameli_map,TUN,Tunisia
c37_10,37,10,0.051,ameli_map,TUN,Tunisia
c37_11,37,11,0.051,ameli_map,TUN,Tunisia
c37_15,37,15,0.04,ameli_map,ITA,Italy
c37_23,37,23,0.04,ameli_map,GRC,Greece
c37_27,37,27,0.04,ameli_map,GRC,Greece
c37_29,37,29,0.051,ameli_map,TUR,Turkey
c37_30,37,30,0.051,ameli_map,TUR,Turkey
c37_31,37,31,0.051,ameli_map,TUR,Turkey
c37_32,37,32,0.051,ameli_map,TUR,Turkey
c37_33,37,33,0.051,ameli_map,TUR,Turkey
c37_34,37,34,0.051,ameli_map,TUR,Turkey
c37_35,37,35,0.051,ameli_map,TUR,Turkey
c37_36,37,36,0.051,ameli_map,TUR,Turkey
c37_37,37,37,0.051,ameli_map,TUR,Turkey
c37_38,37,38,0.051,ameli_map,TUR,Turkey
c37_39,37,39,0.051,ameli_map,TUR,Turkey
c37_40,37,40,0.051,ameli_map,TUR,Turkey
c37_41,37,41,0.051,ameli_map,SYR,Syria
c37_42,37,42,0.051,ameli_map,SYR,Syria
c37_43,37,43,0.051,ameli_map,IRQ,Iraq
c37_44,37,44,0.051,ameli_map,IRQ,Iraq
c37_45,37,45,0.051,ameli_map,IRN,Iran
c37_46,37,46,0.051,ameli_map,IRN,Iran
c37_47,37,47,0.051,ameli_map,IRN,Iran
c37_48,37,48,0.051,ameli_map,IRN,Iran
c37_49,37,49,0.051,ameli_map,IRN,Iran
c37_50,37,50,0.051,ameli_map,IRN,Iran
c37_55,37,55,0.051,ameli_map,IRN,Iran
c37_56,37,56,0.051,ameli_map,IRN,Iran
c37_57,37,57,0.051,ameli_map,IRN,Iran
c37_58,37,58,0.051,ameli_map,IRN,Iran
c37_59,37,59,0.051,ameli_map,IRN,Iran
c37_60,37,60,0.051,ameli_map,IRN,Iran
c37_61,37,61,0.051,ameli_map,TKM,Turkmenistan
c37_62,37,62,0.051,ameli_map,TKM,Turkmenistan
c37_63,37,63,0.051,ameli_map,TKM,Turkmenistan
c37_64,37,64,0.051,ameli_map,TKM,Turkmenistan
c37_65,37,65,0.051,ameli_map,AFG,Afghanistan
c37_66,37,66,0.051,ameli_map,AFG,Afghanistan
c37_67,37,67,0.051,ameli_map,AFG,Afghanistan
c37_68,37,68,0.051,ameli_map,TJK,Tajikistan
c37_69,37,69,0.051,ameli_map,AFG,Afghanistan
c37_70,37,70,0.051,ameli_map,AFG,Afghanistan
c37_71,37,71,0.051,ameli_map,AFG,Afghanistan
c37_72,37,72,0.051,ameli_map,TJK,Tajikistan
c37_73,37,73,0.051,ameli_map,AFG,Afghanistan
c37_74,37,74,0.051,ameli_map,AFG,Afghanistan
c37_75,37,75,0.051,ameli_map,CHN,China
c37_76,37,76,0.051,ameli_map,CHN,China
c37_77,37,77,0.051,ameli_map,CHN,China
c37_78,37,78,0.051,ameli_map,CHN,China
c37_79,37,79,0.051,ameli_map,CHN,China
c37_80,37,80,0.051,ameli_map,CHN,China
c37_81,37,81,0.051,ameli_map,CHN,China
c37_82,37,82,0.051,ameli_map,CHN,China
c37_83,37,83,0.051,ameli_map,CHN,China
c37_84,37,84,0.051,ameli_map,CHN,China
c37_85,37,85,0.051,ameli_map,CHN,China
c37_86,37,86,0.051,ameli_map,CHN,China
c37_87,37,87,0.051,ameli_map,CHN,China
c37_88,37,88,0.051,ameli_map,CHN,China
c37_89,37,89,0.051,ameli_map,CHN,China
c37_90,37,90,0.051,ameli_map,CHN,China
c37_91,37,91,0.051,ameli_map,CHN,China
c37_92,37,92,0.051,ameli_map,CHN,China
c37_93,37,93,0.051,ameli_map,CHN,China
c37_94,37,94,0.051,ameli_map,CHN,China
c37_95,37,95,0.051,ameli_map,CHN,China
c37_96,37,96,0.051,ameli_map,CHN,China
c37_97,37,97,0.051,ameli_map,CHN,China
c37_98,37,98,0.051,ameli_map,CHN,China
c37_99,37,99,0.051,ameli_map,CHN,China
c37_100,37,100,0.051,ameli_map,CHN,China
c37_101,37,101,0.051,ameli_map,CHN,China
c37_102,37,102,0.051,ameli_map,CHN,China
c37_103,37,103,0.051,ameli_map,CHN,China
c37_104,37,104,0.051,ameli_map,CHN,China
c37_105,37,105,0.051,ameli_map,CHN,China
c37_106,37,106,0.051,ameli_map,CHN,China
c37_107,37,107,0.051,ameli_map,CHN,China
c37_108,37,108,0.051,ameli_map,CHN,China
c37_109,37,109,0.051,ameli_map,CHN,China
c37_110,37,110,0.051,ameli_map,CHN,China
c37_111,37,111,0.051,ameli_map,CHN,China
c37_112,37,112,0.051,ameli_map,CHN,China
c37_113,37,113,0.051,ameli_map,CHN,China
c37_114,37,114,0.051,ameli_map,CHN,China
c37_115,37,115,0.051,ameli_map,CHN,China
c37_116,37,116,0.051,ameli_map,CHN,China
c37_117,37,117,0.051,ameli_map,CHN,China
c37_118,37,118,0.051,ameli_map,CHN,China
c37_119,37,119,0.051,ameli_map,CHN,China
c37_120,37,120,0.051,ameli_map,CHN,China
c37_121,37,121,0.051,ameli_map,CHN,China
c37_122,37,122,0.051,ameli_map,CHN,China
c37_127,37,127,0.051,ameli_map,KOR,South Korea
c37_128,37,128,0.051,ameli_map,KOR,South Korea
c37_129,37,129,0.051,ameli_map,KOR,South Korea
c37_137,37,137,0.018,ameli_map,JPN,Japan
c37_138,37,138,0.018,ameli_map,JPN,Japan
c37_139,37,139,0.018,ameli_map,JPN,Japan
c37_140,37,140,0.018,ameli_map,JPN,Japan
c38_m123,38,-123,0.044,ameli_map,USA,United States
c38_m122,38,-122,0.044,ameli_map,USA,United States
c38_m121,38,-121,0.044,ameli_map,USA,United States
c38_m120,38,-120,0.044,ameli_map,USA,United States
c38_m119,38,-119,0.044,ameli_map,USA,United States
c38_m118,38,-118,0.044,ameli_map,USA,United States
c38_m117,38,-117,0.044,ameli_map,USA,United States
c38_m116,38,-116,0.044,ameli_map,USA,United States
c38_m115,38,-115,0.044,ameli_map,USA,United States
c38_m114,38,-114,0.044,ameli_map,USA,United States
c38_m113,38,-113,0.044,ameli_map,USA,United States
c38_m112,38,-112,0.044,ameli_map,USA,United States
c38_m111,38,-111,0.044,ameli_map,USA,United States
c38_m110,38,-110,0.044,ameli_map,USA,United States
c38_m109,38,-109,0.044,ameli_map,USA,United States
c38_m108,38,-108,0.044,ameli_map,USA,United States
c38_m107,38,-107,0.044,ameli_map,USA,United States
c38_m106,38,-106,0.044,ameli_map,USA,United States
c38_m105,38,-105,0.044,ameli_map,USA,United States
c38_m104,38,-104,0.044,ameli_map,USA,United States
c38_m103,38,-103,0.044,ameli_map,USA,United States
c38_m102,38,-102,0.044,ameli_map,USA,United States
c38_m101,38,-101,0.044,ameli_map,USA,United States
c38_m100,38,-100,0.044,ameli_map,USA,United States
c38_m99,38,-99,0.044,ameli_map,USA,United States
c38_m98,38,-98,0.044,ameli_map,USA,United States
c38_m97,38,-97,0.044,ameli_map,USA,United States
c38_m96,38,-96,0.044,ameli_map,USA,United States
c38_m95,38,-95,0.044,ameli_map,USA,United States
c38_m94,38,-94,0.044,ameli_map,USA,United States
c38_m93,38,-93,0.044,ameli_map,USA,United States
c38_m92,38,-92,0.044,ameli_map,USA,United States
c38_m91,38,-91,0.044,ameli_map,USA,United States
c38_m90,38,-90,0.044,ameli_map,USA,United States
c38_m89,38,-89,0.044,ameli_map,USA,United States
c38_m88,38,-88,0.044,ameli_map,USA,United States
c38_m87,38,-87,0.044,ameli_map,USA,United States
c38_m86,38,-86,0.044,ameli_map,USA,United States
c38_m85,38,-85,0.044,ameli_map,USA,United States
c38_m84,38,-84,0.044,ameli_map,USA,United States
c38_m83,38,-83,0.044,ameli_map,USA,United States
c38_m82,38,-82,0.044,ameli_map,USA,United States
c38_m81,38,-81,0.044,ameli_map,USA,United States
c38_m80,38,-80,0.044,ameli_map,USA,United States
c38_m79,38,-79,0.044,ameli_map,USA,United States
c38_m78,38,-78,0.044,ameli_map,USA,United States
c38_m77,38,-77,0.044,ameli_map,USA,United States
c38_m8,38,-8,0.04,ameli_map,PRT,Portugal
c38_m7,38,-7,0.04,ameli_map,ESP,Spain
c38_m6,38,-6,0.04,ameli_map,ESP,Spain
c38_m5,38,-5,0.04,ameli_map,ESP,Spain
c38_m4,38,-4,0.04,ameli_map,ESP,Spain
c38_m3,38,-3,0.04,ameli_map,ESP,Spain
c38_m2,38,-2,0.04,ameli_map,ESP,Spain
c38_m1,38,-1,0.04,ameli_map,ESP,Spain
c38_13,38,13,0.04,ameli_map,ITA,Italy
c38_14,38,14,0.04,ameli_map,ITA,Italy
c38_15,38,15,0.04,ameli_map,ITA,Italy
c38_16,38,16,0.04,ameli_map,ITA,Italy
c38_22,38,22,0.04,ameli_map,GRC,Greece
c38_23,38,23,0.04,ameli_map,GRC,Greece
c38_24,38,24,0.04,ameli_map,GRC,Greece
c38_28,38,28,0.051,ameli_map,TUR,Turkey
c38_29,38,29,0.051,ameli_map,TUR,Turkey
c38_30,38,30,0.051,ameli_map,TUR,Turkey
c38_31,38,31,0.051,ameli_map,TUR,Turkey
c38_32,38,32,0.051,ameli_map,TUR,Turkey
c38_33,38,33,0.051,ameli_map,TUR,Turkey
c38_34,38,34,0.051,ameli_map,TUR,Turkey
c38_35,38,35,0.051,ameli_map,TUR,Turkey
c38_36,38,36,0.051,ameli_map,TUR,Turkey
c38_37,38,37,0.051,ameli_map,TUR,Turkey
c38_38,38,38,0.051,ameli_map,TUR,Turkey
c38_39,38,39,0.051,ameli_map,TUR,Turkey
c38_40,38,40,0.051,ameli_map,TUR,Turkey
c38_41,38,41,0.051,ameli_map,TUR,Turkey
c38_42,38,42,0.051,ameli_map,TUR,Turkey
c38_43,38,43,0.051,ameli_map,TUR,Turkey
c38_44,38,44,0.051,ameli_map,TUR,Turkey
c38_45,38,45,0.051,ameli_map,IRN,Iran
c38_46,38,46,0.051,ameli_map,IRN,Iran
c38_47,38,47,0.051,ameli_map,IRN,Iran
c38_48,38,48,0.051,ameli_map,IRN,Iran
c38_55,38,55,0.051,ameli_map,TKM,Turkmenistan
c38_56,38,56,0.051,ameli_map,IRN,Iran
c38_57,38,57,0.051,ameli_map,IRN,Iran
c38_58,38,58,0.051,ameli_map,TKM,Turkmenistan
c38_59,38,59,0.051,ameli_map,TKM,Turkmenistan
c38_60,38,60,0.051,ameli_map,TKM,Turkmenistan
c38_61,38,61,0.051,ameli_map,TKM,Turkmenistan
c38_62,38,62,0.051,ameli_map,TKM,Turkmenistan
c38_63,38,63,0.051,ameli_map,TKM,Turkmenistan
c38_64,38,64,0.051,ameli_map,TKM,Turkmenistan
c38_65,38,65,0.051,ameli_map,TKM,Turkmenistan
c38_66,38,66,0.051,ameli_map,TKM,Turkmenistan
c38_67,38,67,0.051,ameli_map,UZB,Uzbekistan
c38_68,38,68,0.051,ameli_map,UZB,Uzbekistan
c38_69,38,69,0.051,ameli_map,TJK,Tajikistan
c38_70,38,70,0.051,ameli_map,TJK,Tajikistan
c38_71,38,71,0.051,ameli_map,AFG,Afghanistan
c38_72,38,72,0.051,ameli_map,TJK,Tajikistan
c38_73,38,73,0.051,ameli_map,TJK,Tajikistan
c38_74,38,74,0.051,ameli_map,TJK,Tajikistan
c38_75,38,75,0.051,ameli_map,CHN,China
c38_76,38,76,0.051,ameli_map,CHN,China
c38_77,38,77,0.051,ameli_map,CHN,China
c38_78,38,78,0.051,ameli_map,CHN,China
c38_79,38,79,0.051,ameli_map,CHN,China
c38_80,38,80,0.051,ameli_map,CHN,China
c38_81,38,81,0.051,ameli_map,CHN,China
c38_82,38,82,0.051,ameli_map,CHN,China
c38_83,38,83,0.051,ameli_map,CHN,China
c38_84,38,84,0.051,ameli_map,CHN,China
c38_85,38,85,0.051,ameli_map,CHN,China
c38_86,38,86,0.051,ameli_map,CHN,China
c38_87,38,87,0.051,ameli_map,CHN,China
c38_88,38,88,0.051,ameli_map,CHN,China
c38_89,38,89,0.051,ameli_map,CHN,China
c38_90,38,90,0.051,ameli_map,CHN,China
c38_91,38,91,0.051,ameli_map,CHN,China
c38_92,38,92,0.051,ameli_map,CHN,China
c38_93,38,93,0.051,ameli_map,CHN,China
c38_94,38,94,0.051,ameli_map,CHN,China
c38_95,38,95,0.051,ameli_map,CHN,China
c38_96,38,96,0.051,ameli_map,CHN,China
c38_97,38,97,0.051,ameli_map,CHN,China
c38_98,38,98,0.051,ameli_map,CHN,China
c38_99,38,99,0.051,ameli_map,CHN,China
c38_100,38,100,0.051,ameli_map,CHN,China
c38_101,38,101,0.051,ameli_map,CHN,China
c38_102,38,102,0.051,ameli_map,CHN,China
c38_103,38,103,0.051,ameli_map,CHN,China
c38_104,38,104,0.051,ameli_map,CHN,China
c38_105,38,105,0.051,ameli_map,CHN,China
c38_106,38,106,0.051,ameli_map,CHN,China
c38_107,38,107,0.051,ameli_map,CHN,China
c38_108,38,108,0.051,ameli_map,CHN,China
c38_109,38,109,0.051,ameli_map,CHN,China
c38_110,38,110,0.051,ameli_map,CHN,China
c38_111,38,111,0.051,ameli_map,CHN,China
c38_112,38,112,0.051,ameli_map,CHN,China
c38_113,38,113,0.051,ameli_map,CHN,China
c38_114,38,114,0.051,ameli_map,CHN,China
c38_115,38,115,0.051,ameli_map,CHN,China
c38_116,38,116,0.051,ameli_map,CHN,China
c38_117,38,117,0.051,ameli_map,CHN,China
c38_118,38,118,0.051,ameli_map,CHN,China
c38_126,38,126,0.051,ameli_map,PRK,North Korea
c38_127,38,127,0.051,ameli_map,KOR,South Korea
c38_128,38,128,0.051,ameli_map,KOR,South Korea
c38_140,38,140,0.018,ameli_map,JPN,Japan
c39_m123,39,-123,0.044,ameli_map,USA,United States
c39_m122,39,-122,0.044,ameli_map,USA,United States
c39_m121,39,-121,0.044,ameli_map,USA,United States
c39_m120,39,-120,0.044,ameli_map,USA,United States
c39_m119,39,-119,0.044,ameli_map,USA,United States
c39_m118,39,-118,0.044,ameli_map,USA,United States
c39_m117,39,-117,0.044,ameli_map,USA,United States
c39_m116,39,-116,0.044,ameli_map,USA,United States
c39_m115,39,-115,0.044,ameli_map,USA,United States
c39_m114,39,-114,0.044,ameli_map,USA,United States
c39_m113,39,-113,0.044,ameli_map,USA,United States
c39_m112,39,-112,0.044,ameli_map,USA,United States
c39_m111,39,-111,0.044,ameli_map,USA,United States
c39_m110,39,-110,0.044,ameli_map,USA,United States
c39_m109,39,-109,0.044,ameli_map,USA,United States
c39_m108,39,-108,0.044,ameli_map,USA,United States
c39_m107,39,-107,0.044,ameli_map,USA,United States
c39_m106,39,-106,0.044,ameli_map,USA,United States
c39_m105,39,-105,0.044,ameli_map,USA,United States
c39_m104,39,-104,0.044,ameli_map,USA,United States
c39_m103,39,-103,0.044,ameli_map,USA,United States
c39_m102,39,-102,0.044,ameli_map,USA,United States
c39_m101,39,-101,0.044,ameli_map,USA,United States
c39_m100,39,-100,0.044,ameli_map,USA,United States
c39_m99,39,-99,0.044,ameli_map,USA,United States
c39_m98,39,-98,0.044,ameli_map,USA,United States
c39_m97,39,-97,0.044,ameli_map,USA,United States
c39_m96,39,-96,0.044,ameli_map,USA,United States
c39_m95,39,-95,0.044,ameli_map,USA,United States
c39_m94,39,-94,0.044,ameli_map,USA,United States
c39_m93,39,-93,0.044,ameli_map,USA,United States
c39_m92,39,-92,0.044,ameli_map,USA,United States
c39_m91,39,-91,0.044,ameli_map,USA,United States
c39_m90,39,-90,0.044,ameli_map,USA,United States
c39_m89,39,-89,0.044,ameli_map,USA,United States
c39_m88,39,-88,0.044,ameli_map,USA,United States
c39_m87,39,-87,0.044,ameli_map,USA,United States
c39_m86,39,-86,0.044,ameli_map,USA,United States
c39_m85,39,-85,0.044,ameli_map,USA,United States
c39_m84,39,-84,0.044,ameli_map,USA,United States
c39_m83,39,-83,0.044,ameli_map,USA,United States
c39_m82,39,-82,0.044,ameli_map,USA,United States
c39_m81,39,-81,0.044,ameli_map,USA,United States
c39_m80,39,-80,0.044,ameli_map,USA,United States
c39_m79,39,-79,0.044,ameli_map,USA,United States
c39_m78,39,-78,0.044,ameli_map,USA,United States
c39_m77,39,-77,0.044,ameli_map,USA,United States
c39_m76,39,-76,0.044,ameli_map,USA,United States
c39_m9,39,-9,0.04,ameli_map,PRT,Portugal
c39_m8,39,-8,0.04,ameli_map,PRT,Portugal
c39_m7,39,-7,0.04,ameli_map,PRT,Portugal
c39_m6,39,-6,0.04,ameli_map,ESP,Spain
c39_m5,39,-5,0.04,ameli_map,ESP,Spain
c39_m4,39,-4,0.04,ameli_map,ESP,Spain
c39_m3,39,-3,0.04,ameli_map,ESP,Spain
c39_m2,39,-2,0.04,ameli_map,ESP,Spain
c39_m1,39,-1,0.04,ameli_map,ESP,Spain
c39_9,39,9,0.04,ameli_map,ITA,Italy
c39_17,39,17,0.04,ameli_map,ITA,Italy
c39_22,39,22,0.04,ameli_map,GRC,Greece
c39_23,39,23,0.04,ameli_map,GRC,Greece
c39_27,39,27,0.051,ameli_map,TUR,Turkey
c39_28,39,28,0.051,ameli_map,TUR,Turkey
c39_29,39,29,0.051,ameli_map,TUR,Turkey
c39_30,39,30,0.051,ameli_map,TUR,Turkey
c39_31,39,31,0.051,ameli_map,TUR,Turkey
c39_32,39,32,0.051,ameli_map,TUR,Turkey
c39_33,39,33,0.051,ameli_map,TUR,Turkey
c39_34,39,34,0.051,ameli_map,TUR,Turkey
c39_35,39,35,0.051,ameli_map,TUR,Turkey
c39_36,39,36,0.051,ameli_map,TUR,Turkey
c39_37,39,37,0.051,ameli_map,TUR,Turkey
c39_38,39,38,0.051,ameli_map,TUR,Turkey
c39_39,39,39,0.051,ameli_map,TUR,Turkey
c39_40,39,40,0.051,ameli_map,TUR,Turkey
c39_41,39,41,0.051,ameli_map,TUR,Turkey
c39_42,39,42,0.051,ameli_map,TUR,Turkey
c39_43,39,43,0.051,ameli_map,TUR,Turkey
c39_44,39,44,0.051,ameli_map,TUR,Turkey
c39_45,39,45,0.051,ameli_map,IRN,Iran
c39_46,39,46,0.051,ameli_map,AZE,Azerbaijan
c39_47,39,47,0.051,ameli_map,IRN,Iran
c39_48,39,48,0.051,ameli_map,IRN,Iran
c39_55,39,55,0.051,ameli_map,TKM,Turkmenistan
c39_56,39,56,0.051,ameli_map,TKM,Turkmenistan
c39_57,39,57,0.051,ameli_map,TKM,Turkmenistan
c39_58,39,58,0.051,ameli_map,TKM,Turkmenistan
c39_59,39,59,0.051,ameli_map,TKM,Turkmenistan
c39_60,39,60,0.051,ameli_map,TKM,Turkmenistan
c39_61,39,61,0.051,ameli_map,TKM,Turkmenistan
c39_62,39,62,0.051,ameli_map,TKM,Turkmenistan
c39_63,39,63,0.051,ameli_map,TKM,Turkmenistan
c39_64,39,64,0.051,ameli_map,TKM,Turkmenistan
c39_65,39,65,0.051,ameli_map,UZB,Uzbekistan
c39_66,39,66,0.051,ameli_map,UZB,Uzbekistan
c39_67,39,67,0.051,ameli_map,UZB,Uzbekistan
c39_68,39,68,0.051,ameli_map,UZB,Uzbekistan
c39_69,39,69,0.051,ameli_map,TJK,Tajikistan
c39_70,39,70,0.051,ameli_map,TJK,Tajikistan
c39_71,39,71,0.051,ameli_map,TJK,Tajikistan
c39_72,39,72,0.051,ameli_map,TJK,Tajikistan
c39_73,39,73,0.051,ameli_map,TJK,Tajikistan
c39_74,39,74,0.051,ameli_map,CHN,China
c39_75,39,75,0.051,ameli_map,CHN,China
c39_76,39,76,0.051,ameli_map,CHN,China
c39_77,39,77,0.051,ameli_map,CHN,China
c39_78,39,78,0.051,ameli_map,CHN,China
c39_79,39,79,0.051,ameli_map,CHN,China
c39_80,39,80,0.051,ameli_map,CHN,China
c39_81,39,81,0.051,ameli_map,CHN,China
c39_82,39,82,0.051,ameli_map,CHN,China
c39_83,39,83,0.051,ameli_map,CHN,China
c39_84,39,84,0.051,ameli_map,CHN,China
c39_85,39,85,0.051,ameli_map,CHN,China
c39_86,39,86,0.051,ameli_map,CHN,China
c39_87,39,87,0.051,ameli_map,CHN,China
c39_88,39,88,0.051,ameli_map,CHN,China
c39_89,39,89,0.051,ameli_map,CHN,China
c39_90,39,90,0.051,ameli_map,CHN,China
c39_91,39,91,0.051,ameli_map,CHN,China
c39_92,39,92,0.051,ameli_map,CHN,China
c39_93,39,93,0.051,ameli_map,CHN,China
c39_94,39,94,0.051,ameli_map,CHN,China
c39_95,39,95,0.051,ameli_map,CHN,China
c39_96,39,96,0.051,ameli_map,CHN,China
c39_97,39,97,0.051,ameli_map,CHN,China
c39_98,39,98,0.051,ameli_map,CHN,China
c39_99,39,99,0.051,ameli_map,CHN,China
c39_100,39,100,0.051,ameli_map,CHN,China
c39_101,39,101,0.051,ameli_map,CHN,China
c39_102,39,102,0.051,ameli_map,CHN,China
c39_103,39,103,0.051,ameli_map,CHN,China
c39_104,39,104,0.051,ameli_map,CHN,China
c39_105,39,105,0.051,ameli_map,CHN,China
c39_106,39,106,0.051,ameli_map,CHN,China
c39_107,39,107,0.051,ameli_map,CHN,China
c39_108,39,108,0.051,ameli_map,CHN,China
c39_109,39,109,0.051,ameli_map,CHN,China
c39_110,39,110,0.051,ameli_map,CHN,China
c39_111,39,111,0.051,ameli_map,CHN,China
c39_112,39,112,0.051,ameli_map,CHN,China
c39_113,39,113,0.051,ameli_map,CHN,China
c39_114,39,114,0.051,ameli_map,CHN,China
c39_115,39,115,0.051,ameli_map,CHN,China
c39_116,39,116,0.051,ameli_map,CHN,China
c39_117,39,117,0.051,ameli_map,CHN,China
c39_126,39,126,0.051,ameli_map,PRK,North Korea
c39_127,39,127,0.051,ameli_map,PRK,North Korea
c39_140,39,140,0.018,ameli_map,JPN,Japan
c39_141,39,141,0.018,ameli_map,JPN,Japan
c40_m124,40,-124,0.044,ameli_map,USA,United States
c40_m123,40,-123,0.044,ameli_map,USA,United States
c40_m122,40,-122,0.044,ameli_map,USA,United States
c40_m121,40,-121,0.044,ameli_map,USA,United States
c40_m120,40,-120,0.044,ameli_map,USA,United States
c40_m119,40,-119,0.044,ameli_map,USA,United States
c40_m118,40,-118,0.044,ameli_map,USA,United States
c40_m117,40,-117,0.044,ameli_map,USA,United States
c40_m116,40,-116,0.044,ameli_map,USA,United States
c40_m115,40,-115,0.044,ameli_map,USA,United States
c40_m114,40,-114,0.044,ameli_map,USA,United States
c40_m113,40,-113,0.044,ameli_map,USA,United States
c40_m112,40,-112,0.044,ameli_map,USA,United States
c40_m111,40,-111,0.044,ameli_map,USA,United States
c40_m110,40,-110,0.044,ameli_map,USA,United States
c40_m109,40,-109,0.044,ameli_map,USA,United States
c40_m108,40,-108,0.044,ameli_map,USA,United States
c40_m107,40,-107,0.044,ameli_map,USA,United States
c40_m106,40,-106,0.044,ameli_map,USA,United States
c40_m105,40,-105,0.044,ameli_map,USA,United States
c40_m104,40,-104,0.044,ameli_map,USA,United States
c40_m103,40,-103,0.044,ameli_map,USA,United States
c40_m102,40,-102,0.044,ameli_map,USA,United States
c40_m101,40,-101,0.044,ameli_map,USA,United States
c40_m100,40,-100,0.044,ameli_map,USA,United States
c40_m99,40,-99,0.044,ameli_map,USA,United States
c40_m98,40,-98,0.044,ameli_map,USA,United States
c40_m97,40,-97,0.044,ameli_map,USA,United States
c40_m96,40,-96,0.044,ameli_map,USA,United States
c40_m95,40,-95,0.044,ameli_map,USA,United States
c40_m94,40,-94,0.044,ameli_map,USA,United States
c40_m93,40,-93,0.044,ameli_map,USA,United States
c40_m92,40,-92,0.044,ameli_map,USA,United States
c40_m91,40,-91,0.044,ameli_map,USA,United States
c40_m90,40,-90,0.044,ameli_map,USA,United States
c40_m89,40,-89,0.044,ameli_map,USA,United States
c40_m88,40,-88,0.044,ameli_map,USA,United States
c40_m87,40,-87,0.044,ameli_map,USA,United States
c40_m86,40,-86,0.044,ameli_map,USA,United States
c40_m85,40,-85,0.044,ameli_map,USA,United States
c40_m84,40,-84,0.044,ameli_map,USA,United States
c40_m83,40,-83,0.044,ameli_map,USA,United States
c40_m82,40,-82,0.044,ameli_map,USA,United States
c40_m81,40,-81,0.044,ameli_map,USA,United States
c40_m80,40,-80,0.044,ameli_map,USA,United States
c40_m79,40,-79,0.044,ameli_map,USA,United States
c40_m78,40,-78,0.044,ameli_map,USA,United States
c40_m77,40,-77,0.044,ameli_map,USA,United States
c40_m76,40,-76,0.044,ameli_map,USA,United States
c40_m75,40,-75,0.044,ameli_map,USA,United States
c40_m8,40,-8,0.04,ameli_map,PRT,Portugal
c40_m7,40,-7,0.04,ameli_map,PRT,Portugal
c40_m6,40,-6,0.04,ameli_map,ESP,Spain
c40_m5,40,-5,0.04,ameli_map,ESP,Spain
c40_m4,40,-4,0.04,ameli_map,ESP,Spain
c40_m3,40,-3,0.04,ameli_map,ESP,Spain
c40_m2,40,-2,0.04,ameli_map,ESP,Spain
c40_m1,40,-1,0.04,ameli_map,ESP,Spain
c40_0,40,0,0.04,ameli_map,ESP,Spain
c40_4,40,4,0.04,ameli_map,ESP,Spain
c40_9,40,9,0.04,ameli_map,ITA,Italy
c40_16,40,16,0.04,ameli_map,ITA,Italy
c40_20,40,20,0.051,ameli_map,ALB,Albania
c40_21,40,21,0.04,ameli_map,GRC,Greece
c40_22,40,22,0.04,ameli_map,GRC,Greece
c40_27,40,27,0.051,ameli_map,TUR,Turkey
c40_28,40,28,0.051,ameli_map,TUR,Turkey
c40_29,40,29,0.051,ameli_map,TUR,Turkey
c40_30,40,30,0.051,ameli_map,TUR,Turkey
c40_31,40,31,0.051,ameli_map,TUR,Turkey
c40_32,40,32,0.051,ameli_map,TUR,Turkey
c40_33,40,33,0.051,ameli_map,TUR,Turkey
c40_34,40,34,0.051,ameli_map,TUR,Turkey
c40_35,40,35,0.051,ameli_map,TUR,Turkey
c40_36,40,36,0.051,ameli_map,TUR,Turkey
c40_37,40,37,0.051,ameli_map,TUR,Turkey
c40_38,40,38,0.051,ameli_map,TUR,Turkey
c40_39,40,39,0.051,ameli_map,TUR,Turkey
c40_40,40,40,0.051,ameli_map,TUR,Turkey
c40_41,40,41,0.051,ameli_map,TUR,Turkey
c40_42,40,42,0.051,ameli_map,TUR,Turkey
c40_43,40,43,0.051,ameli_map,TUR,Turkey
c40_44,40,44,0.051,ameli_map,TUR,Turkey
c40_45,40,45,0.051,ameli_map,ARM,Armenia
c40_46,40,46,0.051,ameli_map,AZE,Azerbaijan
c40_47,40,47,0.051,ameli_map,AZE,Azerbaijan
c40_49,40,49,0.051,ameli_map,AZE,Azerbaijan
c40_54,40,54,0.051,ameli_map,TKM,Turkmenistan
c40_55,40,55,0.051,ameli_map,TKM,Turkmenistan
c40_56,40,56,0.051,ameli_map,TKM,Turkmenistan
c40_57,40,57,0.051,ameli_map,TKM,Turkmenistan
c40_58,40,58,0.051,ameli_map,TKM,Turkmenistan
c40_59,40,59,0.051,ameli_map,TKM,Turkmenistan
c40_60,40,60,0.051,ameli_map,TKM,Turkmenistan
c40_61,40,61,0.051,ameli_map,TKM,Turkmenistan
c40_62,40,62,0.051,ameli_map,TKM,Turkmenistan
c40_63,40,63,0.051,ameli_map,UZB,Uzbekistan
c40_64,40,64,0.051,ameli_map,UZB,Uzbekistan
c40_65,40,65,0.051,ameli_map,UZB,Uzbekistan
c40_66,40,66,0.051,ameli_map,UZB,Uzbekistan
c40_67,40,67,0.051,ameli_map,UZB,Uzbekistan
c40_68,40,68,0.051,ameli_map,UZB,Uzbekistan
c40_69,40,69,0.051,ameli_map,TJK,Tajikistan
c40_70,40,70,0.051,ameli_map,KGZ,Kyrgyzstan
c40_71,40,71,0.051,ameli_map,KGZ,Kyrgyzstan
c40_72,40,72,0.051,ameli_map,KGZ,Kyrgyzstan
c40_73,40,73,0.051,ameli_map,KGZ,Kyrgyzstan
c40_74,40,74,0.051,ameli_map,CHN,China
c40_75,40,75,0.051,ameli_map,CHN,China
c40_76,40,76,0.051,ameli_map,CHN,China
c40_77,40,77,0.051,ameli_map,CHN,China
c40_78,40,78,0.051,ameli_map,CHN,China
c40_79,40,79,0.051,ameli_map,CHN,China
c40_80,40,80,0.051,ameli_map,CHN,China
c40_81,40,81,0.051,ameli_map,CHN,China
c40_82,40,82,0.051,ameli_map,CHN,China
c40_83,40,83,0.051,ameli_map,CHN,China
c40_84,40,84,0.051,ameli_map,CHN,China
c40_85,40,85,0.051,ameli_map,CHN,China
c40_86,40,86,0.051,ameli_map,CHN,China
c40_87,40,87,0.051,ameli_map,CHN,China
c40_88,40,88,0.051,ameli_map,CHN,China
c40_89,40,89,0.051,ameli_map,CHN,China
c40_90,40,90,0.051,ameli_map,CHN,China
c40_91,40,91,0.051,ameli_map,CHN,China
c40_92,40,92,0.051,ameli_map,CHN,China
c40_93,40,93,0.051,ameli_map,CHN,China
c40_94,40,94,0.051,ameli_map,CHN,China
c40_95,40,95,0.051,ameli_map,CHN,China
c40_96,40,96,0.051,ameli_map,CHN,China
c40_97,40,97,0.051,ameli_map,CHN,China
c40_98,40,98,0.051,ameli_map,CHN,China
c40_99,40,99,0.051,ameli_map,CHN,China
c40_100,40,100,0.051,ameli_map,CHN,China
c40_101,40,101,0.051,ameli_map,CHN,China
c40_102,40,102,0.051,ameli_map,CHN,China
c40_103,40,103,0.051,ameli_map,CHN,China
c40_104,40,104,0.051,ameli_map,CHN,China
c40_105,40,105,0.051,ameli_map,CHN,China
c40_106,40,106,0.051,ameli_map,CHN,China
c40_107,40,107,0.051,ameli_map,CHN,China
c40_108,40,108,0.051,ameli_map,CHN,China
c40_109,40,109,0.051,ameli_map,CHN,China
c40_110,40,110,0.051,ameli_map,CHN,China
c40_111,40,111,0.051,ameli_map,CHN,China
c40_112,40,112,0.051,ameli_map,CHN,China
c40_113,40,113,0.051,ameli_map,CHN,China
c40_114,40,114,0.051,ameli_map,CHN,China
c40_115,40,115,0.051,ameli_map,CHN,China
c40_116,40,116,0.051,ameli_map,CHN,China
c40_117,40,117,0.051,ameli_map,CHN,China
c40_118,40,118,0.051,ameli_map,CHN,China
c40_119,40,119,0.051,ameli_map,CHN,China
c40_122,40,122,0.051,ameli_map,CHN,China
c40_123,40,123,0.051,ameli_map,CHN,China
c40_124,40,124,0.051,ameli_map,CHN,China
c40_125,40,125,0.051,ameli_map,PRK,North Korea
c40_126,40,126,0.051,ameli_map,PRK,North Korea
c40_127,40,127,0.051,ameli_map,PRK,North Korea
c40_141,40,141,0.018,ameli_map,JPN,Japan
c41_m124,41,-124,0.044,ameli_map,USA,United States
c41_m123,41,-123,0.044,ameli_map,USA,United States
c41_m122,41,-122,0.044,ameli_map,USA,United States
c41_m121,41,-121,0.044,ameli_map,USA,United States
c41_m120,41,-120,0.044,ameli_map,USA,United States
c41_m119,41,-119,0.044,ameli_map,USA,United States
c41_m118,41,-118,0.044,ameli_map,USA,United States
c41_m117,41,-117,0.044,ameli_map,USA,United States
c41_m116,41,-116,0.044,ameli_map,USA,United States
c41_m115,41,-115,0.044,ameli_map,USA,United States
c41_m114,41,-114,0.044,ameli_map,USA,United States
c41_m113,41,-113,0.044,ameli_map,USA,United States
c41_m112,41,-112,0.044,ameli_map,USA,United States
c41_m111,41,-111,0.044,ameli_map,USA,United States
c41_m110,41,-110,0.044,ameli_map,USA,United States
c41_m109,41,-109,0.044,ameli_map,USA,United States
c41_m108,41,-108,0.044,ameli_map,USA,United States
c41_m107,41,-107,0.044,ameli_map,USA,United States
c41_m106,41,-106,0.044,ameli_map,USA,United States
c41_m105,41,-105,0.044,ameli_map,USA,United States
c41_m104,41,-104,0.044,ameli_map,USA,United States
c41_m103,41,-103,0.044,ameli_map,USA,United States
c41_m102,41,-102,0.044,ameli_map,USA,United States
c41_m101,41,-101,0.044,ameli_map,USA,United States
c41_m100,41,-100,0.044,ameli_map,USA,United States
c41_m99,41,-99,0.044,ameli_map,USA,United States
c41_m98,41,-98,0.044,ameli_map,USA,United States
c41_m97,41,-97,0.044,ameli_map,USA,United States
c41_m96,41,-96,0.044,ameli_map,USA,United States
c41_m95,41,-95,0.044,ameli_map,USA,United States
c41_m94,41,-94,0.044,ameli_map,USA,United States
c41_m93,41,-93,0.044,ameli_map,USA,United States
c41_m92,41,-92,0.044,ameli_map,USA,United States
c41_m91,41,-91,0.044,ameli_map,USA,United States
c41_m90,41,-90,0.044,ameli_map,USA,United States
c41_m89,41,-89,0.044,ameli_map,USA,United States
c41_m88,41,-88,0.044,ameli_map,USA,United States
c41_m87,41,-87,0.044,ameli_map,USA,United States
c41_m86,41,-86,0.044,ameli_map,USA,United States
c41_m85,41,-85,0.044,ameli_map,USA,United States
c41_m84,41,-84,0.044,ameli_map,USA,United States
c41_m83,41,-83,0.044,ameli_map,USA,United States
c41_m82,41,-82,0.044,ameli_map,USA,United States
c41_m81,41,-81,0.044,ameli_map,USA,United States
c41_m80,41,-80,0.044,ameli_map,USA,United States
c41_m79,41,-79,0.044,ameli_map,USA,United States
c41_m78,41,-78,0.044,ameli_map,USA,United States
c41_m77,41,-77,0.044,ameli_map,USA,United States
c41_m76,41,-76,0.044,ameli_map,USA,United States
c41_m75,41,-75,0.044,ameli_map,USA,United States
c41_m74,41,-74,0.044,ameli_map,USA,United States
c41_m8,41,-8,0.04,ameli_map,PRT,Portugal
c41_m7,41,-7,0.04,ameli_map,PRT,Portugal
c41_m6,41,-6,0.04,ameli_map,ESP,Spain
c41_m5,41,-5,0.04,ameli_map,ESP,Spain
c41_m4,41,-4,0.04,ameli_map,ESP,Spain
c41_m3,41,-3,0.04,ameli_map,ESP,Spain
c41_m2,41,-2,0.04,ameli_map,ESP,Spain
c41_m1,41,-1,0.04,ameli_map,ESP,Spain
c41_0,41,0,0.04,ameli_map,ESP,Spain
c41_9,41,9,0.04,ameli_map,ITA,Italy
c41_15,41,15,0.04,ameli_map,ITA,Italy
c41_16,41,16,0.04,ameli_map,ITA,Italy
c41_17,41,17,0.04,ameli_map,ITA,Italy
c41_20,41,20,0.051,ameli_map,ALB,Albania
c41_21,41,21,0.051,ameli_map,MKD,Macedonia
c41_22,41,22,0.04,ameli_map,GRC,Greece
c41_23,41,23,0.04,ameli_map,GRC,Greece
c41_24,41,24,0.04,ameli_map,GRC,Greece
c41_25,41,25,0.04,ameli_map,GRC,Greece
c41_26,41,26,0.04,ameli_map,GRC,Greece
c41_27,41,27,0.051,ameli_map,TUR,Turkey
c41_30,41,30,0.051,ameli_map,TUR,Turkey
c41_31,41,31,0.051,ameli_map,TUR,Turkey
c41_32,41,32,0.051,ameli_map,TUR,Turkey
c41_33,41,33,0.051,ameli_map,TUR,Turkey
c41_34,41,34,0.051,ameli_map,TUR,Turkey
c41_35,41,35,0.051,ameli_map,TUR,Turkey
c41_36,41,36,0.051,ameli_map,TUR,Turkey
c41_37,41,37,0.051,ameli_map,TUR,Turkey
c41_39,41,39,0.051,ameli_map,TUR,Turkey
c41_41,41,41,0.051,ameli_map,TUR,Turkey
c41_42,41,42,0.051,ameli_map,TUR,Turkey
c41_43,41,43,0.051,ameli_map,TUR,Turkey
c41_44,41,44,0.051,ameli_map,ARM,Armenia
c41_45,41,45,0.051,ameli_map,ARM,Armenia
c41_46,41,46,0.051,ameli_map,AZE,Azerbaijan
c41_47,41,47,0.051,ameli_map,AZE,Azerbaijan
c41_48,41,48,0.051,ameli_map,AZE,Azerbaijan
c41_49,41,49,0.051,ameli_map,AZE,Azerbaijan
c41_55,41,55,0.051,ameli_map,TKM,Turkmenistan
c41_56,41,56,0.051,ameli_map,TKM,Turkmenistan
c41_57,41,57,0.051,ameli_map,TKM,Turkmenistan
c41_58,41,58,0.051,ameli_map,TKM,Turkmenistan
c41_59,41,59,0.051,ameli_map,TKM,Turkmenistan
c41_60,41,60,0.051,ameli_map,TKM,Turkmenistan
c41_61,41,61,0.051,ameli_map,TKM,Turkmenistan
c41_62,41,62,0.051,ameli_map,UZB,Uzbekistan
c41_63,41,63,0.051,ameli_map,UZB,Uzbekistan
c41_64,41,64,0.051,ameli_map,UZB,Uzbekistan
c41_65,41,65,0.051,ameli_map,UZB,Uzbekistan
c41_66,41,66,0.051,ameli_map,UZB,Uzbekistan
c41_67,41,67,0.051,ameli_map,UZB,Uzbekistan
c41_68,41,68,0.051,ameli_map,UZB,Uzbekistan
c41_69,41,69,0.051,ameli_map,UZB,Uzbekistan
c41_70,41,70,0.051,ameli_map,UZB,Uzbekistan
c41_71,41,71,0.051,ameli_map,UZB,Uzbekistan
c41_72,41,72,0.051,ameli_map,UZB,Uzbekistan
c41_73,41,73,0.051,ameli_map,KGZ,Kyrgyzstan
c41_74,41,74,0.051,ameli_map,KGZ,Kyrgyzstan
c41_75,41,75,0.051,ameli_map,KGZ,Kyrgyzstan
c41_76,41,76,0.051,ameli_map,KGZ,Kyrgyzstan
c41_77,41,77,0.051,ameli_map,CHN,China
c41_78,41,78,0.051,ameli_map,CHN,China
c41_79,41,79,0.051,ameli_map,CHN,China
c41_80,41,80,0.051,ameli_map,CHN,China
c41_81,41,81,0.051,ameli_map,CHN,China
c41_82,41,82,0.051,ameli_map,CHN,China
c41_83,41,83,0.051,ameli_map,CHN,China
c41_84,41,84,0.051,ameli_map,CHN,China
c41_85,41,85,0.051,ameli_map,CHN,China
c41_86,41,86,0.051,ameli_map,CHN,China
c41_87,41,87,0.051,ameli_map,CHN,China
c41_88,41,88,0.051,ameli_map,CHN,China
c41_89,41,89,0.051,ameli_map,CHN,China
c41_90,41,90,0.051,ameli_map,CHN,China
c41_91,41,91,0.051,ameli_map,CHN,China
c41_92,41,92,0.051,ameli_map,CHN,China
c41_93,41,93,0.051,ameli_map,CHN,China
c41_94,41,94,0.051,ameli_map,CHN,China
c41_95,41,95,0.051,ameli_map,CHN,China
c41_96,41,96,0.051,ameli_map,CHN,China
c41_97,41,97,0.051,ameli_map,CHN,China
c41_98,41,98,0.051,ameli_map,CHN,China
c41_99,41,99,0.051,ameli_map,CHN,China
c41_100,41,100,0.051,ameli_map,CHN,China
c41_101,41,101,0.051,ameli_map,CHN,China
c41_102,41,102,0.051,ameli_map,CHN,China
c41_103,41,103,0.051,ameli_map,CHN,China
c41_104,41,104,0.051,ameli_map,CHN,China
c41_105,41,105,0.051,ameli_map,CHN,China
c41_106,41,106,0.051,ameli_map,CHN,China
c41_107,41,107,0.051,ameli_map,CHN,China
c41_108,41,108,0.051,ameli_map,CHN,China
c41_109,41,109,0.051,ameli_map,CHN,China
c41_110,41,110,0.051,ameli_map,CHN,China
c41_111,41,111,0.051,ameli_map,CHN,China
c41_112,41,112,0.051,ameli_map,CHN,China
c41_113,41,113,0.051,ameli_map,CHN,China
c41_114,41,114,0.051,ameli_map,CHN,China
c41_115,41,115,0.051,ameli_map,CHN,China
c41_116,41,116,0.051,ameli_map,CHN,China
c41_117,41,117,0.051,ameli_map,CHN,China
c41_118,41,118,0.051,ameli_map,CHN,China
c41_119,41,119,0.051,ameli_map,CHN,China
c41_120,41,120,0.051,ameli_map,CHN,China
c41_121,41,121,0.051,ameli_map,CHN,China
c41_122,41,122,0.051,ameli_map,CHN,China
c41_123,41,123,0.051,ameli_map,CHN,China
c41_124,41,124,0.051,ameli_map,CHN,China
c41_125,41,125,0.051,ameli_map,CHN,China
c41_126,41,126,0.051,ameli_map,CHN,China
c41_127,41,127,0.051,ameli_map,PRK,North Korea
c41_128,41,128,0.051,ameli_map,PRK,North Korea
c41_129,41,129,0.051,ameli_map,PRK,North Korea
c42_m124,42,-124,0.044,ameli_map,USA,United States
c42_m123,42,-123,0.044,ameli_map,USA,United States
c42_m122,42,-122,0.044,ameli_map,USA,United States
c42_m121,42,-121,0.044,ameli_map,USA,United States
c42_m120,42,-120,0.044,ameli_map,USA,United States
c42_m119,42,-119,0.044,ameli_map,USA,United States
c42_m118,42,-118,0.044,ameli_map,USA,United States
c42_m117,42,-117,0.044,ameli_map,USA,United States
c42_m116,42,-116,0.044,ameli_map,USA,United States
c42_m115,42,-115,0.044,ameli_map,USA,United States
c42_m114,42,-114,0.044,ameli_map,USA,United States
c42_m113,42,-113,0.044,ameli_map,USA,United States
c42_m112,42,-112,0.044,ameli_map,USA,United States
c42_m111,42,-111,0.044,ameli_map,USA,United States
c42_m110,42,-110,0.044,ameli_map,USA,United States
c42_m109,42,-109,0.044,ameli_map,USA,United States
c42_m108,42,-108,0.044,ameli_map,USA,United States
c42_m107,42,-107,0.044,ameli_map,USA,United States
c42_m106,42,-106,0.044,ameli_map,USA,United States
c42_m105,42,-105,0.044,ameli_map,USA,United States
c42_m104,42,-104,0.044,ameli_map,USA,United States
c42_m103,42,-103,0.044,ameli_map,USA,United States
c42_m102,42,-102,0.044,ameli_map,USA,United States
c42_m101,42,-101,0.044,ameli_map,USA,United States
c42_m100,42,-100,0.044,ameli_map,USA,United States
c42_m99,42,-99,0.044,ameli_map,USA,United States
c42_m98,42,-98,0.044,ameli_map,USA,United States
c42_m97,42,-97,0.044,ameli_map,USA,United States
c42_m96,42,-96,0.044,ameli_map,USA,United States
c42_m95,42,-95,0.044,ameli_map,USA,United States
c42_m94,42,-94,0.044,ameli_map,USA,United States
c42_m93,42,-93,0.044,ameli_map,USA,United States
c42_m92,42,-92,0.044,ameli_map,USA,United States
c42_m91,42,-91,0.044,ameli_map,USA,United States
c42_m90,42,-90,0.044,ameli_map,USA,United States
c42_m89,42,-89,0.044,ameli_map,USA,United States
c42_m88,42,-88,0.044,ameli_map,USA,United States
c42_m87,42,-87,0.044,ameli_map,USA,United States
c42_m86,42,-86,0.044,ameli_map,USA,United States
c42_m85,42,-85,0.044,ameli_map,USA,United States
c42_m84,42,-84,0.044,ameli_map,USA,United States
c42_m83,42,-83,0.046,ameli_map,CAN,Canada
c42_m82,42,-82,0.046,ameli_map,CAN,Canada
c42_m81,42,-81,0.044,ameli_map,USA,United States
c42_m80,42,-80,0.044,ameli_map,USA,United States
c42_m79,42,-79,0.044,ameli_map,USA,United States
c42_m78,42,-78,0.044,ameli_map,USA,United States
c42_m77,42,-77,0.044,ameli_map,USA,United States
c42_m76,42,-76,0.044,ameli_map,USA,United States
c42_m75,42,-75,0.044,ameli_map,USA,United States
c42_m74,42,-74,0.044,ameli_map,USA,United States
c42_m73,42,-73,0.044,ameli_map,USA,United States
c42_m72,42,-72,0.044,ameli_map,USA,United States
c42_m71,42,-71,0.044,ameli_map,USA,United States
c42_m8,42,-8,0.04,ameli_map,ESP,Spain
c42_m7,42,-7,0.04,ameli_map,ESP,Spain
c42_m6,42,-6,0.04,ameli_map,ESP,Spain
c42_m5,42,-5,0.04,ameli_map,ESP,Spain
c42_m4,42,-4,0.04,ameli_map,ESP,Spain
c42_m3,42,-3,0.04,ameli_map,ESP,Spain
c42_m2,42,-2,0.04,ameli_map,ESP,Spain
c42_m1,42,-1,0.04,ameli_map,ESP,Spain
c42_0,42,0,0.04,ameli_map,ESP,Spain
c42_1,42,1,0.04,ameli_map,ESP,Spain
c42_2,42,2,0.04,ameli_map,ESP,Spain
c42_3,42,3,0.04,ameli_map,ESP,Spain
c42_9,42,9,0.04,ameli_map,FRA,France
c42_12,42,12,0.04,ameli_map,ITA,Italy
c42_13,42,13,0.04,ameli_map,ITA,Italy
c42_14,42,14,0.04,ameli_map,ITA,Italy
c42_15,42,15,0.04,ameli_map,ITA,Italy
c42_20,42,20,0.051,ameli_map,ALB,Albania
c42_21,42,21,0.051,ameli_map,MKD,Macedonia
c42_22,42,22,0.051,ameli_map,MKD,Macedonia
c42_23,42,23,0.051,ameli_map,BGR,Bulgaria
c42_24,42,24,0.051,ameli_map,BGR,Bulgaria
c42_25,42,25,0.051,ameli_map,BGR,Bulgaria
c42_26,42,26,0.051,ameli_map,BGR,Bulgaria
c42_27,42,27,0.051,ameli_map,TUR,Turkey
c42_28,42,28,0.051,ameli_map,BGR,Bulgaria
c42_35,42,35,0.051,ameli_map,TUR,Turkey
c42_42,42,42,0.051,ameli_map,GEO,Georgia
c42_43,42,43,0.051,ameli_map,GEO,Georgia
c42_44,42,44,0.051,ameli_map,GEO,Georgia
c42_45,42,45,0.051,ameli_map,GEO,Georgia
c42_46,42,46,0.051,ameli_map,GEO,Georgia
c42_47,42,47,0.051,ameli_map,RUS,Russia
c42_48,42,48,0.051,ameli_map,RUS,Russia
c42_54,42,54,0.051,ameli_map,TKM,Turkmenistan
c42_55,42,55,0.051,ameli_map,KAZ,Kazakhstan
c42_56,42,56,0.051,ameli_map,KAZ,Kazakhstan
c42_57,42,57,0.051,ameli_map,UZB,Uzbekistan
c42_58,42,58,0.051,ameli_map,TKM,Turkmenistan
c42_59,42,59,0.051,ameli_map,TKM,Turkmenistan
c42_60,42,60,0.051,ameli_map,UZB,Uzbekistan
c42_61,42,61,0.051,ameli_map,UZB,Uzbekistan
c42_62,42,62,0.051,ameli_map,UZB,Uzbekistan
c42_63,42,63,0.051,ameli_map,UZB,Uzbekistan
c42_64,42,64,0.051,ameli_map,UZB,Uzbekistan
c42_65,42,65,0.051,ameli_map,UZB,Uzbekistan
c42_66,42,66,0.051,ameli_map,UZB,Uzbekistan
c42_67,42,67,0.051,ameli_map,KAZ,Kazakhstan
c42_68,42,68,0.051,ameli_map,KAZ,Kazakhstan
c42_69,42,69,0.051,ameli_map,KAZ,Kazakhstan
c42_70,42,70,0.051,ameli_map,KAZ,Kazakhstan
c42_71,42,71,0.051,ameli_map,KGZ,Kyrgyzstan
c42_72,42,72,0.051,ameli_map,KGZ,Kyrgyzstan
c42_73,42,73,0.051,ameli_map,KGZ,Kyrgyzstan
c42_74,42,74,0.051,ameli_map,KGZ,Kyrgyzstan
c42_75,42,75,0.051,ameli_map,KGZ,Kyrgyzstan
c42_76,42,76,0.051,ameli_map,KGZ,Kyrgyzstan
c42_77,42,77,0.051,ameli_map,KGZ,Kyrgyzstan
c42_78,42,78,0.051,ameli_map,KGZ,Kyrgyzstan
c42_79,42,79,0.051,ameli_map,KGZ,Kyrgyzstan
c42_80,42,80,0.051,ameli_map,CHN,China
c42_81,42,81,0.051,ameli_map,CHN,China
c42_82,42,82,0.051,ameli_map,CHN,China
c42_83,42,83,0.051,ameli_map,CHN,China
c42_84,42,84,0.051,ameli_map,CHN,China
c42_85,42,85,0.051,ameli_map,CHN,China
c42_86,42,86,0.051,ameli_map,CHN,China
c42_87,42,87,0.051,ameli_map,CHN,China
c42_88,42,88,0.051,ameli_map,CHN,China
c42_89,42,89,0.051,ameli_map,CHN,China
c42_90,42,90,0.051,ameli_map,CHN,China
c42_91,42,91,0.051,ameli_map,CHN,China
c42_92,42,92,0.051,ameli_map,CHN,China
c42_93,42,93,0.051,ameli_map,CHN,China
c42_94,42,94,0.051,ameli_map,CHN,China
c42_95,42,95,0.051,ameli_map,CHN,China
c42_96,42,96,0.051,ameli_map,CHN,China
c42_97,42,97,0.051,ameli_map,CHN,China
c42_98,42,98,0.051,ameli_map,CHN,China
c42_99,42,99,0.051,ameli_map,CHN,China
c42_100,42,100,0.051,ameli_map,CHN,China
c42_101,42,101,0.051,ameli_map,CHN,China
c42_102,42,102,0.051,ameli_map,CHN,China
c42_103,42,103,0.051,ameli_map,CHN,China
c42_104,42,104,0.051,ameli_map,MNG,Mongolia
c42_105,42,105,0.051,ameli_map,MNG,Mongolia
c42_106,42,106,0.051,ameli_map,CHN,China
c42_107,42,107,0.051,ameli_map,CHN,China
c42_108,42,108,0.051,ameli_map,CHN,China
c42_109,42,109,0.051,ameli_map,CHN,China
c42_110,42,110,0.051,ameli_map,CHN,China
c42_111,42,111,0.051,ameli_map,CHN,China
c42_112,42,112,0.051,ameli_map,CHN,China
c42_113,42,113,0.051,ameli_map,CHN,China
c42_114,42,114,0.051,ameli_map,CHN,China
c42_115,42,115,0.051,ameli_map,CHN,China
c42_116,42,116,0.051,ameli_map,CHN,China
c42_117,42,117,0.051,ameli_map,CHN,China
c42_118,42,118,0.051,ameli_map,CHN,China
c42_119,42,119,0.051,ameli_map,CHN,China
c42_120,42,120,0.051,ameli_map,CHN,China
c42_121,42,121,0.051,ameli_map,CHN,China
c42_122,42,122,0.051,ameli_map,CHN,China
c42_123,42,123,0.051,ameli_map,CHN,China
c42_124,42,124,0.051,ameli_map,CHN,China
c42_125,42,125,0.051,ameli_map,CHN,China
c42_126,42,126,0.051,ameli_map,CHN,China
c42_127,42,127,0.051,ameli_map,CHN,China
c42_128,42,128,0.051,ameli_map,CHN,China
c42_129,42,129,0.051,ameli_map,PRK,North Korea
c42_130,42,130,0.051,ameli_map,PRK,North Korea
c43_m124,43,-124,0.044,ameli_map,USA,United States
c43_m123,43,-123,0.044,ameli_map,USA,United States
c43_m122,43,-122,0.044,ameli_map,USA,United States
c43_m121,43,-121,0.044,ameli_map,USA,United States
c43_m120,43,-120,0.044,ameli_map,USA,United States
c43_m119,43,-119,0.044,ameli_map,USA,United States
c43_m118,43,-118,0.044,ameli_map,USA,United States
c43_m117,43,-117,0.044,ameli_map,USA,United States
c43_m116,43,-116,0.044,ameli_map,USA,United States
c43_m115,43,-115,0.044,ameli_map,USA,United States
c43_m114,43,-114,0.044,ameli_map,USA,United States
c43_m113,43,-113,0.044,ameli_map,USA,United States
c43_m112,43,-112,0.044,ameli_map,USA,United States
c43_m111,43,-111,0.044,ameli_map,USA,United States
c43_m110,43,-110,0.044,ameli_map,USA,United States
c43_m109,43,-109,0.044,ameli_map,USA,United States
c43_m108,43,-108,0.044,ameli_map,USA,United States
c43_m107,43,-107,0.044,ameli_map,USA,United States
c43_m106,43,-106,0.044,ameli_map,USA,United States
c43_m105,43,-105,0.044,ameli_map,USA,United States
c43_m104,43,-104,0.044,ameli_map,USA,United States
c43_m103,43,-103,0.044,ameli_map,USA,United States
c43_m102,43,-102,0.044,ameli_map,USA,United States
c43_m101,43,-101,0.044,ameli_map,USA,United States
c43_m100,43,-100,0.044,ameli_map,USA,United States
c43_m99,43,-99,0.044,ameli_map,USA,United States
c43_m98,43,-98,0.044,ameli_map,USA,United States
c43_m97,43,-97,0.044,ameli_map,USA,United States
c43_m96,43,-96,0.044,ameli_map,USA,United States
c43_m95,43,-95,0.044,ameli_map,USA,United States
c43_m94,43,-94,0.044,ameli_map,USA,United States
c43_m93,43,-93,0.044,ameli_map,USA,United States
c43_m92,43,-92,0.044,ameli_map,USA,United States
c43_m91,43,-91,0.044,ameli_map,USA,United States
c43_m90,43,-90,0.044,ameli_map,USA,United States
c43_m89,43,-89,0.044,ameli_map,USA,United States
c43_m88,43,-88,0.044,ameli_map,USA,United States
c43_m87,43,-87,0.044,ameli_map,USA,United States
c43_m86,43,-86,0.044,ameli_map,USA,United States
c43_m85,43,-85,0.044,ameli_map,USA,United States
c43_m84,43,-84,0.044,ameli_map,USA,United States
c43_m83,43,-83,0.044,ameli_map,USA,United States
c43_m82,43,-82,0.046,ameli_map,CAN,Canada
c43_m81,43,-81,0.046,ameli_map,CAN,Canada
c43_m80,43,-80,0.046,ameli_map,CAN,Canada
c43_m79,43,-79,0.044,ameli_map,USA,United States
c43_m78,43,-78,0.044,ameli_map,USA,United States
c43_m77,43,-77,0.044,ameli_map,USA,United States
c43_m76,43,-76,0.044,ameli_map,USA,United States
c43_m75,43,-75,0.044,ameli_map,USA,United States
c43_m74,43,-74,0.044,ameli_map,USA,United States
c43_m73,43,-73,0.044,ameli_map,USA,United States
c43_m72,43,-72,0.044,ameli_map,USA,United States
c43_m71,43,-71,0.044,ameli_map,USA,United States
c43_m9,43,-9,0.04,ameli_map,ESP,Spain
c43_m8,43,-8,0.04,ameli_map,ESP,Spain
c43_m7,43,-7,0.04,ameli_map,ESP,Spain
c43_m6,43,-6,0.04,ameli_map,ESP,Spain
c43_m5,43,-5,0.04,ameli_map,ESP,Spain
c43_m4,43,-4,0.04,ameli_map,ESP,Spain
c43_m3,43,-3,0.04,ameli_map,ESP,Spain
c43_m2,43,-2,0.04,ameli_map,ESP,Spain
c43_m1,43,-1,0.04,ameli_map,FRA,France
c43_0,43,0,0.04,ameli_map,FRA,France
c43_1,43,1,0.04,ameli_map,FRA,France
c43_2,43,2,0.04,ameli_map,FRA,France
c43_3,43,3,0.04,ameli_map,FRA,France
c43_11,43,11,0.04,ameli_map,ITA,Italy
c43_12,43,12,0.04,ameli_map,ITA,Italy
c43_13,43,13,0.04,ameli_map,ITA,Italy
c43_18,43,18,0.051,ameli_map,BIH,Bosnia and Herzegovina
c43_19,43,19,0.051,ameli_map,MNE,Montenegro
c43_20,43,20,0.051,ameli_map,MNE,Montenegro
c43_21,43,21,0.051,ameli_map,XKO,Kosovo
c43_22,43,22,0.051,ameli_map,SRB,Serbia
c43_23,43,23,0.051,ameli_map,BGR,Bulgaria
c43_24,43,24,0.051,ameli_map,BGR,Bulgaria
c43_25,43,25,0.051,ameli_map,BGR,Bulgaria
c43_26,43,26,0.051,ameli_map,BGR,Bulgaria
c43_27,43,27,0.051,ameli_map,BGR,Bulgaria
c43_41,43,41,0.051,ameli_map,GEO,Georgia
c43_42,43,42,0.051,ameli_map,GEO,Georgia
c43_43,43,43,0.051,ameli_map,GEO,Georgia
c43_44,43,44,0.051,ameli_map,RUS,Russia
c43_45,43,45,0.051,ameli_map,RUS,Russia
c43_46,43,46,0.051,ameli_map,RUS,Russia
c43_47,43,47,0.051,ameli_map,RUS,Russia
c43_52,43,52,0.051,ameli_map,KAZ,Kazakhstan
c43_53,43,53,0.051,ameli_map,KAZ,Kazakhstan
c43_54,43,54,0.051,ameli_map,KAZ,Kazakhstan
c43_55,43,55,0.051,ameli_map,KAZ,Kazakhstan
c43_56,43,56,0.051,ameli_map,UZB,Uzbekistan
c43_57,43,57,0.051,ameli_map,UZB,Uzbekistan
c43_58,43,58,0.051,ameli_map,UZB,Uzbekistan
c43_59,43,59,0.051,ameli_map,UZB,Uzbekistan
c43_60,43,60,0.051,ameli_map,UZB,Uzbekistan
c43_61,43,61,0.051,ameli_map,UZB,Uzbekistan
c43_62,43,62,0.051,ameli_map,UZB,Uzbekistan
c43_63,43,63,0.051,ameli_map,UZB,Uzbekistan
c43_64,43,64,0.051,ameli_map,UZB,Uzbekistan
c43_65,43,65,0.051,ameli_map,UZB,Uzbekistan
c43_66,43,66,0.051,ameli_map,KAZ,Kazakhstan
c43_67,43,67,0.051,ameli_map,KAZ,Kazakhstan
c43_68,43,68,0.051,ameli_map,KAZ,Kazakhstan
c43_69,43,69,0.051,ameli_map,KAZ,Kazakhstan
c43_70,43,70,0.051,ameli_map,KAZ,Kazakhstan
c43_71,43,71,0.051,ameli_map,KAZ,Kazakhstan
c43_72,43,72,0.051,ameli_map,KAZ,Kazakhstan
c43_73,43,73,0.051,ameli_map,KAZ,Kazakhstan
c43_74,43,74,0.051,ameli_map,KGZ,Kyrgyzstan
c43_75,43,75,0.051,ameli_map,KAZ,Kazakhstan
c43_76,43,76,0.051,ameli_map,KAZ,Kazakhstan
c43_77,43,77,0.051,ameli_map,KAZ,Kazakhstan
c43_78,43,78,0.051,ameli_map,KAZ,Kazakhstan
c43_79,43,79,0.051,ameli_map,KAZ,Kazakhstan
c43_80,43,80,0.051,ameli_map,KAZ,Kazakhstan
c43_81,43,81,0.051,ameli_map,CHN,China
c43_82,43,82,0.051,ameli_map,CHN,China
c43_83,43,83,0.051,ameli_map,CHN,China
c43_84,43,84,0.051,ameli_map,CHN,China
c43_85,43,85,0.051,ameli_map,CHN,China
c43_86,43,86,0.051,ameli_map,CHN,China
c43_87,43,87,0.051,ameli_map,CHN,China
c43_88,43,88,0.051,ameli_map,CHN,China
c43_89,43,89,0.051,ameli_map,CHN,China
c43_90,43,90,0.051,ameli_map,CHN,China
c43_91,43,91,0.051,ameli_map,CHN,China
c43_92,43,92,0.051,ameli_map,CHN,China
c43_93,43,93,0.051,ameli_map,CHN,China
c43_94,43,94,0.051,ameli_map,CHN,China
c43_95,43,95,0.051,ameli_map,CHN,China
c43_96,43,96,0.051,ameli_map,CHN,China
c43_97,43,97,0.051,ameli_map,MNG,Mongolia
c43_98,43,98,0.051,ameli_map,MNG,Mongolia
c43_99,43,99,0.051,ameli_map,MNG,Mongolia
c43_100,43,100,0.051,ameli_map,MNG,Mongolia
c43_101,43,101,0.051,ameli_map,MNG,Mongolia
c43_102,43,102,0.051,ameli_map,MNG,Mongolia
c43_103,43,103,0.051,ameli_map,MNG,Mongolia
c43_104,43,104,0.051,ameli_map,MNG,Mongolia
c43_105,43,105,0.051,ameli_map,MNG,Mongolia
c43_106,43,106,0.051,ameli_map,MNG,Mongolia
c43_107,43,107,0.051,ameli_map,MNG,Mongolia
c43_108,43,108,0.051,ameli_map,MNG,Mongolia
c43_109,43,109,0.051,ameli_map,MNG,Mongolia
c43_110,43,110,0.051,ameli_map,MNG,Mongolia
c43_111,43,111,0.051,ameli_map,CHN,China
c43_112,43,112,0.051,ameli_map,CHN,China
c43_113,43,113,0.051,ameli_map,CHN,China
c43_114,43,114,0.051,ameli_map,CHN,China
c43_115,43,115,0.051,ameli_map,CHN,China
c43_116,43,116,0.051,ameli_map,CHN,China
c43_117,43,117,0.051,ameli_map,CHN,China
c43_118,43,118,0.051,ameli_map,CHN,China
c43_119,43,119,0.051,ameli_map,CHN,China
c43_120,43,120,0.051,ameli_map,CHN,China
c43_121,43,121,0.051,ameli_map,CHN,China
c43_122,43,122,0.051,ameli_map,CHN,China
c43_123,43,123,0.051,ameli_map,CHN,China
c43_124,43,124,0.051,ameli_map,CHN,China
c43_125,43,125,0.051,ameli_map,CHN,China
c43_126,43,126,0.051,ameli_map,CHN,China
c43_127,43,127,0.051,ameli_map,CHN,China
c43_128,43,128,0.051,ameli_map,CHN,China
c43_129,43,129,0.051,ameli_map,CHN,China
c43_130,43,130,0.051,ameli_map,CHN,China
c43_131,43,131,0.051,ameli_map,CHN,China
c43_133,43,133,0.051,ameli_map,RUS,Russia
c43_134,43,134,0.051,ameli_map,RUS,Russia
c43_141,43,141,0.018,ameli_map,JPN,Japan
c43_142,43,142,0.018,ameli_map,JPN,Japan
c43_143,43,143,0.018,ameli_map,JPN,Japan
c43_144,43,144,0.018,ameli_map,JPN,Japan
c43_145,43,145,0.018,ameli_map,JPN,Japan
c44_m124,44,-124,0.044,ameli_map,USA,United States
c44_m123,44,-123,0.044,ameli_map,USA,United States
c44_m122,44,-122,0.044,ameli_map,USA,United States
c44_m121,44,-121,0.044,ameli_map,USA,United States
c44_m120,44,-120,0.044,ameli_map,USA,United States
c44_m119,44,-119,0.044,ameli_map,USA,United States
c44_m118,44,-118,0.044,ameli_map,USA,United States
c44_m117,44,-117,0.044,ameli_map,USA,United States
c44_m116,44,-116,0.044,ameli_map,USA,United States
c44_m115,44,-115,0.044,ameli_map,USA,United States
c44_m114,44,-114,0.044,ameli_map,USA,United States
c44_m113,44,-113,0.044,ameli_map,USA,United States
c44_m112,44,-112,0.044,ameli_map,USA,United States
c44_m111,44,-111,0.044,ameli_map,USA,United States
c44_m110,44,-110,0.044,ameli_map,USA,United States
c44_m109,44,-109,0.044,ameli_map,USA,United States
c44_m108,44,-108,0.044,ameli_map,USA,United States
c44_m107,44,-107,0.044,ameli_map,USA,United States
c44_m106,44,-106,0.044,ameli_map,USA,United States
c44_m105,44,-105,0.044,ameli_map,USA,United States
c44_m104,44,-104,0.044,ameli_map,USA,United States
c44_m103,44,-103,0.044,ameli_map,USA,United States
c44_m102,44,-102,0.044,ameli_map,USA,United States
c44_m101,44,-101,0.044,ameli_map,USA,United States
c44_m100,44,-100,0.044,ameli_map,USA,United States
c44_m99,44,-99,0.044,ameli_map,USA,United States
c44_m98,44,-98,0.044,ameli_map,USA,United States
c44_m97,44,-97,0.044,ameli_map,USA,United States
c44_m96,44,-96,0.044,ameli_map,USA,United States
c44_m95,44,-95,0.044,ameli_map,USA,United States
c44_m94,44,-94,0.044,ameli_map,USA,United States
c44_m93,44,-93,0.044,ameli_map,USA,United States
c44_m92,44,-92,0.044,ameli_map,USA,United States
c44_m91,44,-91,0.044,ameli_map,USA,United States
c44_m90,44,-90,0.044,ameli_map,USA,United States
c44_m89,44,-89,0.044,ameli_map,USA,United States
c44_m88,44,-88,0.044,ameli_map,USA,United States
c44_m87,44,-87,0.044,ameli_map,USA,United States
c44_m86,44,-86,0.044,ameli_map,USA,United States
c44_m85,44,-85,0.044,ameli_map,USA,United States
c44_m84,44,-84,0.044,ameli_map,USA,United States
c44_m83,44,-83,0.044,ameli_map,USA,United States
c44_m82,44,-82,0.046,ameli_map,CAN,Canada
c44_m81,44,-81,0.046,ameli_map,CAN,Canada
c44_m80,44,-80,0.046,ameli_map,CAN,Canada
c44_m79,44,-79,0.046,ameli_map,CAN,Canada
c44_m78,44,-78,0.046,ameli_map,CAN,Canada
c44_m77,44,-77,0.046,ameli_map,CAN,Canada
c44_m76,44,-76,0.044,ameli_map,USA,United States
c44_m75,44,-75,0.044,ameli_map,USA,United States
c44_m74,44,-74,0.044,ameli_map,USA,United States
c44_m73,44,-73,0.044,ameli_map,USA,United States
c44_m72,44,-72,0.044,ameli_map,USA,United States
c44_m71,44,-71,0.044,ameli_map,USA,United States
c44_m70,44,-70,0.044,ameli_map,USA,United States
c44_m66,44,-66,0.046,ameli_map,CAN,Canada
c44_m65,44,-65,0.046,ameli_map,CAN,Canada
c44_m1,44,-1,0.04,ameli_map,FRA,France
c44_0,44,0,0.04,ameli_map,FRA,France
c44_1,44,1,0.04,ameli_map,FRA,France
c44_2,44,2,0.04,ameli_map,FRA,France
c44_3,44,3,0.04,ameli_map,FRA,France
c44_4,44,4,0.04,ameli_map,FRA,France
c44_5,44,5,0.04,ameli_map,FRA,France
c44_6,44,6,0.04,ameli_map,FRA,France
c44_7,44,7,0.04,ameli_map,FRA,France
c44_8,44,8,0.04,ameli_map,ITA,Italy
c44_11,44,11,0.04,ameli_map,ITA,Italy
c44_12,44,12,0.04,ameli_map,ITA,Italy
c44_16,44,16,0.051,ameli_map,HRV,Croatia
c44_17,44,17,0.051,ameli_map,BIH,Bosnia and Herzegovina
c44_18,44,18,0.051,ameli_map,BIH,Bosnia and Herzegovina
c44_19,44,19,0.051,ameli_map,BIH,Bosnia and Herzegovina
c44_20,44,20,0.051,ameli_map,SRB,Serbia
c44_21,44,21,0.051,ameli_map,SRB,Serbia
c44_22,44,22,0.051,ameli_map,SRB,Serbia
c44_23,44,23,0.051,ameli_map,ROU,Romania
c44_24,44,24,0.051,ameli_map,ROU,Romania
c44_25,44,25,0.051,ameli_map,ROU,Romania
c44_26,44,26,0.051,ameli_map,ROU,Romania
c44_27,44,27,0.051,ameli_map,BGR,Bulgaria
c44_28,44,28,0.051,ameli_map,ROU,Romania
c44_40,44,40,0.051,ameli_map,RUS,Russia
c44_41,44,41,0.051,ameli_map,RUS,Russia
c44_42,44,42,0.051,ameli_map,RUS,Russia
c44_43,44,43,0.051,ameli_map,RUS,Russia
c44_44,44,44,0.051,ameli_map,RUS,Russia
c44_45,44,45,0.051,ameli_map,RUS,Russia
c44_46,44,46,0.051,ameli_map,RUS,Russia
c44_51,44,51,0.051,ameli_map,KAZ,Kazakhstan
c44_52,44,52,0.051,ameli_map,KAZ,Kazakhstan
c44_53,44,53,0.051,ameli_map,KAZ,Kazakhstan
c44_54,44,54,0.051,ameli_map,KAZ,Kazakhstan
c44_55,44,55,0.051,ameli_map,KAZ,Kazakhstan
c44_56,44,56,0.051,ameli_map,UZB,Uzbekistan
c44_57,44,57,0.051,ameli_map,UZB,Uzbekistan
c44_58,44,58,0.051,ameli_map,UZB,Uzbekistan
c44_59,44,59,0.051,ameli_map,UZB,Uzbekistan
c44_60,44,60,0.051,ameli_map,UZB,Uzbekistan
c44_61,44,61,0.051,ameli_map,UZB,Uzbekistan
c44_62,44,62,0.051,ameli_map,KAZ,Kazakhstan
c44_63,44,63,0.051,ameli_map,KAZ,Kazakhstan
c44_64,44,64,0.051,ameli_map,KAZ,Kazakhstan
c44_65,44,65,0.051,ameli_map,KAZ,Kazakhstan
c44_66,44,66,0.051,ameli_map,KAZ,Kazakhstan
c44_67,44,67,0.051,ameli_map,KAZ,Kazakhstan
c44_68,44,68,0.051,ameli_map,KAZ,Kazakhstan
c44_69,44,69,0.051,ameli_map,KAZ,Kazakhstan
c44_70,44,70,0.051,ameli_map,KAZ,Kazakhstan
c44_71,44,71,0.051,ameli_map,KAZ,Kazakhstan
c44_72,44,72,0.051,ameli_map,KAZ,Kazakhstan
c44_73,44,73,0.051,ameli_map,KAZ,Kazakhstan
c44_74,44,74,0.051,ameli_map,KAZ,Kazakhstan
c44_75,44,75,0.051,ameli_map,KAZ,Kazakhstan
c44_76,44,76,0.051,ameli_map,KAZ,Kazakhstan
c44_77,44,77,0.051,ameli_map,KAZ,Kazakhstan
c44_78,44,78,0.051,ameli_map,KAZ,Kazakhstan
c44_79,44,79,0.051,ameli_map,KAZ,Kazakhstan
c44_80,44,80,0.051,ameli_map,KAZ,Kazakhstan
c44_81,44,81,0.051,ameli_map,CHN,China
c44_82,44,82,0.051,ameli_map,CHN,China
c44_83,44,83,0.051,ameli_map,CHN,China
c44_84,44,84,0.051,ameli_map,CHN,China
c44_85,44,85,0.051,ameli_map,CHN,China
c44_86,44,86,0.051,ameli_map,CHN,China
c44_87,44,87,0.051,ameli_map,CHN,China
c44_88,44,88,0.051,ameli_map,CHN,China
c44_89,44,89,0.051,ameli_map,CHN,China
c44_90,44,90,0.051,ameli_map,CHN,China
c44_91,44,91,0.051,ameli_map,CHN,China
c44_92,44,92,0.051,ameli_map,CHN,China
c44_93,44,93,0.051,ameli_map,CHN,China
c44_94,44,94,0.051,ameli_map,CHN,China
c44_95,44,95,0.051,ameli_map,CHN,China
c44_96,44,96,0.051,ameli_map,MNG,Mongolia
c44_97,44,97,0.051,ameli_map,MNG,Mongolia
c44_98,44,98,0.051,ameli_map,MNG,Mongolia
c44_99,44,99,0.051,ameli_map,MNG,Mongolia
c44_100,44,100,0.051,ameli_map,MNG,Mongolia
c44_101,44,101,0.051,ameli_map,MNG,Mongolia
c44_102,44,102,0.051,ameli_map,MNG,Mongolia
c44_103,44,103,0.051,ameli_map,MNG,Mongolia
c44_104,44,104,0.051,ameli_map,MNG,Mongolia
c44_105,44,105,0.051,ameli_map,MNG,Mongolia
c44_106,44,106,0.051,ameli_map,MNG,Mongolia
c44_107,44,107,0.051,ameli_map,MNG,Mongolia
c44_108,44,108,0.051,ameli_map,MNG,Mongolia
c44_109,44,109,0.051,ameli_map,MNG,Mongolia
c44_110,44,110,0.051,ameli_map,MNG,Mongolia
c44_111,44,111,0.051,ameli_map,MNG,Mongolia
c44_112,44,112,0.051,ameli_map,CHN,China
c44_113,44,113,0.051,ameli_map,CHN,China
c44_114,44,114,0.051,ameli_map,CHN,China
c44_115,44,115,0.051,ameli_map,CHN,China
c44_116,44,116,0.051,ameli_map,CHN,China
c44_117,44,117,0.051,ameli_map,CHN,China
c44_118,44,118,0.051,ameli_map,CHN,China
c44_119,44,119,0.051,ameli_map,CHN,China
c44_120,44,120,0.051,ameli_map,CHN,China
c44_121,44,121,0.051,ameli_map,CHN,China
c44_122,44,122,0.051,ameli_map,CHN,China
c44_123,44,123,0.051,ameli_map,CHN,China
c44_124,44,124,0.051,ameli_map,CHN,China
c44_125,44,125,0.051,ameli_map,CHN,China
c44_126,44,126,0.051,ameli_map,CHN,China
c44_127,44,127,0.051,ameli_map,CHN,China
c44_128,44,128,0.051,ameli_map,CHN,China
c44_129,44,129,0.051,ameli_map,CHN,China
c44_130,44,130,0.051,ameli_map,CHN,China
c44_131,44,131,0.051,ameli_map,CHN,China
c44_132,44,132,0.051,ameli_map,RUS,Russia
c44_133,44,133,0.051,ameli_map,RUS,Russia
c44_134,44,134,0.051,ameli_map,RUS,Russia
c44_135,44,135,0.051,ameli_map,RUS,Russia
c44_142,44,142,0.018,ameli_map,JPN,Japan
c44_143,44,143,0.018,ameli_map,JPN,Japan
c44_144,44,144,0.018,ameli_map,JPN,Japan
c44_145,44,145,0.018,ameli_map,JPN,Japan
c45_m124,45,-124,0.044,ameli_map,USA,United States
c45_m123,45,-123,0.044,ameli_map,USA,United States
c45_m122,45,-122,0.044,ameli_map,USA,United States
c45_m121,45,-121,0.044,ameli_map,USA,United States
c45_m120,45,-120,0.044,ameli_map,USA,United States
c45_m119,45,-119,0.044,ameli_map,USA,United States
c45_m118,45,-118,0.044,ameli_map,USA,United States
c45_m117,45,-117,0.044,ameli_map,USA,United States
c45_m116,45,-116,0.044,ameli_map,USA,United States
c45_m115,45,-115,0.044,ameli_map,USA,United States
c45_m114,45,-114,0.044,ameli_map,USA,United States
c45_m113,45,-113,0.044,ameli_map,USA,United States
c45_m112,45,-112,0.044,ameli_map,USA,United States
c45_m111,45,-111,0.044,ameli_map,USA,United States
c45_m110,45,-110,0.044,ameli_map,USA,United States
c45_m109,45,-109,0.044,ameli_map,USA,United States
c45_m108,45,-108,0.044,ameli_map,USA,United States
c45_m107,45,-107,0.044,ameli_map,USA,United States
c45_m106,45,-106,0.044,ameli_map,USA,United States
c45_m105,45,-105,0.044,ameli_map,USA,United States
c45_m104,45,-104,0.044,ameli_map,USA,United States
c45_m103,45,-103,0.044,ameli_map,USA,United States
c45_m102,45,-102,0.044,ameli_map,USA,United States
c45_m101,45,-101,0.044,ameli_map,USA,United States
c45_m100,45,-100,0.044,ameli_map,USA,United States
c45_m99,45,-99,0.044,ameli_map,USA,United States
c45_m98,45,-98,0.044,ameli_map,USA,United States
c45_m97,45,-97,0.044,ameli_map,USA,United States
c45_m96,45,-96,0.044,ameli_map,USA,United States
c45_m95,45,-95,0.044,ameli_map,USA,United States
c45_m94,45,-94,0.044,ameli_map,USA,United States
c45_m93,45,-93,0.044,ameli_map,USA,United States
c45_m92,45,-92,0.044,ameli_map,USA,United States
c45_m91,45,-91,0.044,ameli_map,USA,United States
c45_m90,45,-90,0.044,ameli_map,USA,United States
c45_m89,45,-89,0.044,ameli_map,USA,United States
c45_m88,45,-88,0.044,ameli_map,USA,United States
c45_m87,45,-87,0.044,ameli_map,USA,United States
c45_m86,45,-86,0.044,ameli_map,USA,United States
c45_m85,45,-85,0.044,ameli_map,USA,United States
c45_m84,45,-84,0.044,ameli_map,USA,United States
c45_m83,45,-83,0.044,ameli_map,USA,United States
c45_m82,45,-82,0.046,ameli_map,CAN,Canada
c45_m81,45,-81,0.046,ameli_map,CAN,Canada
c45_m80,45,-80,0.046,ameli_map,CAN,Canada
c45_m79,45,-79,0.046,ameli_map,CAN,Canada
c45_m78,45,-78,0.046,ameli_map,CAN,Canada
c45_m77,45,-77,0.046,ameli_map,CAN,Canada
c45_m76,45,-76,0.046,ameli_map,CAN,Canada
c45_m75,45,-75,0.046,ameli_map,CAN,Canada
c45_m74,45,-74,0.046,ameli_map,CAN,Canada
c45_m73,45,-73,0.044,ameli_map,USA,United States
c45_m72,45,-72,0.044,ameli_map,USA,United States
c45_m71,45,-71,0.044,ameli_map,USA,United States
c45_m70,45,-70,0.044,ameli_map,USA,United States
c45_m69,45,-69,0.044,ameli_map,USA,United States
c45_m68,45,-68,0.044,ameli_map,USA,United States
c45_m65,45,-65,0.046,ameli_map,CAN,Canada
c45_m64,45,-64,0.046,ameli_map,CAN,Canada
c45_m63,45,-63,0.046,ameli_map,CAN,Canada
c45_m62,45,-62,0.046,ameli_map,CAN,Canada
c45_m1,45,-1,0.04,ameli_map,FRA,France
c45_0,45,0,0.04,ameli_map,FRA,France
c45_1,45,1,0.04,ameli_map,FRA,France
c45_2,45,2,0.04,ameli_map,FRA,France
c45_3,45,3,0.04,ameli_map,FRA,France
c45_4,45,4,0.04,ameli_map,FRA,France
c45_5,45,5,0.04,ameli_map,FRA,France
c45_6,45,6,0.04,ameli_map,FRA,France
c45_7,45,7,0.04,ameli_map,ITA,Italy
c45_8,45,8,0.04,ameli_map,ITA,Italy
c45_9,45,9,0.04,ameli_map,ITA,Italy
c45_10,45,10,0.04,ameli_map,ITA,Italy
c45_11,45,11,0.04,ameli_map,ITA,Italy
c45_14,45,14,0.051,ameli_map,HRV,Croatia
c45_15,45,15,0.051,ameli_map,HRV,Croatia
c45_16,45,16,0.051,ameli_map,BIH,Bosnia and Herzegovina
c45_17,45,17,0.051,ameli_map,BIH,Bosnia and Herzegovina
c45_18,45,18,0.051,ameli_map,BIH,Bosnia and Herzegovina
c45_19,45,19,0.051,ameli_map,HRV,Croatia
c45_20,45,20,0.051,ameli_map,SRB,Serbia
c45_21,45,21,0.051,ameli_map,SRB,Serbia
c45_22,45,22,0.051,ameli_map,ROU,Romania
c45_23,45,23,0.051,ameli_map,ROU,Romania
c45_24,45,24,0.051,ameli_map,ROU,Romania
c45_25,45,25,0.051,ameli_map,ROU,Romania
c45_26,45,26,0.051,ameli_map,ROU,Romania
c45_27,45,27,0.051,ameli_map,ROU,Romania
c45_28,45,28,0.051,ameli_map,ROU,Romania
c45_34,45,34,0.051,ameli_map,UKR,Ukraine
c45_35,45,35,0.051,ameli_map,UKR,Ukraine
c45_38,45,38,0.051,ameli_map,RUS,Russia
c45_39,45,39,0.051,ameli_map,RUS,Russia
c45_40,45,40,0.051,ameli_map,RUS,Russia
c45_41,45,41,0.051,ameli_map,RUS,Russia
c45_42,45,42,0.051,ameli_map,RUS,Russia
c45_43,45,43,0.051,ameli_map,RUS,Russia
c45_44,45,44,0.051,ameli_map,RUS,Russia
c45_45,45,45,0.051,ameli_map,RUS,Russia
c45_55,45,55,0.051,ameli_map,KAZ,Kazakhstan
c45_56,45,56,0.051,ameli_map,UZB,Uzbekistan
c45_57,45,57,0.051,ameli_map,UZB,Uzbekistan
c45_58,45,58,0.051,ameli_map,UZB,Uzbekistan
c45_59,45,59,0.051,ameli_map,UZB,Uzbekistan
c45_60,45,60,0.051,ameli_map,KAZ,Kazakhstan
c45_61,45,61,0.051,ameli_map,KAZ,Kazakhstan
c45_62,45,62,0.051,ameli_map,KAZ,Kazakhstan
c45_63,45,63,0.051,ameli_map,KAZ,Kazakhstan
c45_64,45,64,0.051,ameli_map,KAZ,Kazakhstan
c45_65,45,65,0.051,ameli_map,KAZ,Kazakhstan
c45_66,45,66,0.051,ameli_map,KAZ,Kazakhstan
c45_67,45,67,0.051,ameli_map,KAZ,Kazakhstan
c45_68,45,68,0.051,ameli_map,KAZ,Kazakhstan
c45_69,45,69,0.051,ameli_map,KAZ,Kazakhstan
c45_70,45,70,0.051,ameli_map,KAZ,Kazakhstan
c45_71,45,71,0.051,ameli_map,KAZ,Kazakhstan
c45_72,45,72,0.051,ameli_map,KAZ,Kazakhstan
c45_73,45,73,0.051,ameli_map,KAZ,Kazakhstan
c45_74,45,74,0.051,ameli_map,KAZ,Kazakhstan
c45_75,45,75,0.051,ameli_map,KAZ,Kazakhstan
c45_76,45,76,0.051,ameli_map,KAZ,Kazakhstan
c45_77,45,77,0.051,ameli_map,KAZ,Kazakhstan
c45_78,45,78,0.051,ameli_map,KAZ,Kazakhstan
c45_79,45,79,0.051,ameli_map,KAZ,Kazakhstan
c45_80,45,80,0.051,ameli_map,KAZ,Kazakhstan
c45_81,45,81,0.051,ameli_map,CHN,China
c45_82,45,82,0.051,ameli_map,CHN,China
c45_83,45,83,0.051,ameli_map,CHN,China
c45_84,45,84,0.051,ameli_map,CHN,China
c45_85,45,85,0.051,ameli_map,CHN,China
c45_86,45,86,0.051,ameli_map,CHN,China
c45_87,45,87,0.051,ameli_map,CHN,China
c45_88,45,88,0.051,ameli_map,CHN,China
c45_89,45,89,0.051,ameli_map,CHN,China
c45_90,45,90,0.051,ameli_map,CHN,China
c45_91,45,91,0.051,ameli_map,CHN,China
c45_92,45,92,0.051,ameli_map,CHN,China
c45_93,45,93,0.051,ameli_map,CHN,China
c45_94,45,94,0.051,ameli_map,MNG,Mongolia
c45_95,45,95,0.051,ameli_map,MNG,Mongolia
c45_96,45,96,0.051,ameli_map,MNG,Mongolia
c45_97,45,97,0.051,ameli_map,MNG,Mongolia
c45_98,45,98,0.051,ameli_map,MNG,Mongolia
c45_99,45,99,0.051,ameli_map,MNG,Mongolia
c45_100,45,100,0.051,ameli_map,MNG,Mongolia
c45_101,45,101,0.051,ameli_map,MNG,Mongolia
c45_102,45,102,0.051,ameli_map,MNG,Mongolia
c45_103,45,103,0.051,ameli_map,MNG,Mongolia
c45_104,45,104,0.051,ameli_map,MNG,Mongolia
c45_105,45,105,0.051,ameli_map,MNG,Mongolia
c45_106,45,106,0.051,ameli_map,MNG,Mongolia
c45_107,45,107,0.051,ameli_map,MNG,Mongolia
c45_108,45,108,0.051,ameli_map,MNG,Mongolia
c45_109,45,109,0.051,ameli_map,MNG,Mongolia
c45_110,45,110,0.051,ameli_map,MNG,Mongolia
c45_111,45,111,0.051,ameli_map,MNG,Mongolia
c45_112,45,112,0.051,ameli_map,CHN,China
c45_113,45,113,0.051,ameli_map,MNG,Mongolia
c45_114,45,114,0.051,ameli_map,MNG,Mongolia
c45_115,45,115,0.051,ameli_map,CHN,China
c45_116,45,116,0.051,ameli_map,CHN,China
c45_117,45,117,0.051,ameli_map,CHN,China
c45_118,45,118,0.051,ameli_map,CHN,China
c45_119,45,119,0.051,ameli_map,CHN,China
c45_120,45,120,0.051,ameli_map,CHN,China
c45_121,45,121,0.051,ameli_map,CHN,China
c45_122,45,122,0.051,ameli_map,CHN,China
c45_123,45,123,0.051,ameli_map,CHN,China
c45_124,45,124,0.051,ameli_map,CHN,China
c45_125,45,125,0.051,ameli_map,CHN,China
c45_126,45,126,0.051,ameli_map,CHN,China
c45_127,45,127,0.051,ameli_map,CHN,China
c45_128,45,128,0.051,ameli_map,CHN,China
c45_129,45,129,0.051,ameli_map,CHN,China
c45_130,45,130,0.051,ameli_map,CHN,China
c45_131,45,131,0.051,ameli_map,CHN,China
c45_132,45,132,0.051,ameli_map,RUS,Russia
c45_133,45,133,0.051,ameli_map,RUS,Russia
c45_134,45,134,0.051,ameli_map,RUS,Russia
c45_135,45,135,0.051,ameli_map,RUS,Russia
c45_136,45,136,0.051,ameli_map,RUS,Russia
c45_142,45,142,0.018,ameli_map,JPN,Japan
c46_m123,46,-123,0.044,ameli_map,USA,United States
c46_m122,46,-122,0.044,ameli_map,USA,United States
c46_m121,46,-121,0.044,ameli_map,USA,United States
c46_m120,46,-120,0.044,ameli_map,USA,United States
c46_m119,46,-119,0.044,ameli_map,USA,United States
c46_m118,46,-118,0.044,ameli_map,USA,United States
c46_m117,46,-117,0.044,ameli_map,USA,United States
c46_m116,46,-116,0.044,ameli_map,USA,United States
c46_m115,46,-115,0.044,ameli_map,USA,United States
c46_m114,46,-114,0.044,ameli_map,USA,United States
c46_m113,46,-113,0.044,ameli_map,USA,United States
c46_m112,46,-112,0.044,ameli_map,USA,United States
c46_m111,46,-111,0.044,ameli_map,USA,United States
c46_m110,46,-110,0.044,ameli_map,USA,United States
c46_m109,46,-109,0.044,ameli_map,USA,United States
c46_m108,46,-108,0.044,ameli_map,USA,United States
c46_m107,46,-107,0.044,ameli_map,USA,United States
c46_m106,46,-106,0.044,ameli_map,USA,United States
c46_m105,46,-105,0.044,ameli_map,USA,United States
c46_m104,46,-104,0.044,ameli_map,USA,United States
c46_m103,46,-103,0.044,ameli_map,USA,United States
c46_m102,46,-102,0.044,ameli_map,USA,United States
c46_m101,46,-101,0.044,ameli_map,USA,United States
c46_m100,46,-100,0.044,ameli_map,USA,United States
c46_m99,46,-99,0.044,ameli_map,USA,United States
c46_m98,46,-98,0.044,ameli_map,USA,United States
c46_m97,46,-97,0.044,ameli_map,USA,United States
c46_m96,46,-96,0.044,ameli_map,USA,United States
c46_m95,46,-95,0.044,ameli_map,USA,United States
c46_m94,46,-94,0.044,ameli_map,USA,United States
c46_m93,46,-93,0.044,ameli_map,USA,United States
c46_m92,46,-92,0.044,ameli_map,USA,United States
c46_m91,46,-91,0.044,ameli_map,USA,United States
c46_m90,46,-90,0.044,ameli_map,USA,United States
c46_m89,46,-89,0.044,ameli_map,USA,United States
c46_m88,46,-88,0.044,ameli_map,USA,United States
c46_m87,46,-87,0.044,ameli_map,USA,United States
c46_m86,46,-86,0.044,ameli_map,USA,United States
c46_m85,46,-85,0.044,ameli_map,USA,United States
c46_m84,46,-84,0.044,ameli_map,USA,United States
c46_m83,46,-83,0.046,ameli_map,CAN,Canada
c46_m82,46,-82,0.046,ameli_map,CAN,Canada
c46_m81,46,-81,0.046,ameli_map,CAN,Canada
c46_m80,46,-80,0.046,ameli_map,CAN,Canada
c46_m79,46,-79,0.046,ameli_map,CAN,Canada
c46_m78,46,-78,0.046,ameli_map,CAN,Canada
c46_m77,46,-77,0.046,ameli_map,CAN,Canada
c46_m76,46,-76,0.046,ameli_map,CAN,Canada
c46_m75,46,-75,0.046,ameli_map,CAN,Canada
c46_m74,46,-74,0.046,ameli_map,CAN,Canada
c46_m73,46,-73,0.046,ameli_map,CAN,Canada
c46_m72,46,-72,0.046,ameli_map,CAN,Canada
c46_m71,46,-71,0.046,ameli_map,CAN,Canada
c46_m70,46,-70,0.044,ameli_map,USA,United States
c46_m69,46,-69,0.044,ameli_map,USA,United States
c46_m68,46,-68,0.044,ameli_map,USA,United States
c46_m67,46,-67,0.046,ameli_map,CAN,Canada
c46_m65,46,-65,0.046,ameli_map,CAN,Canada
c46_m61,46,-61,0.046,ameli_map,CAN,Canada
c46_m60,46,-60,0.046,ameli_map,CAN,Canada
c46_m1,46,-1,0.04,ameli_map,FRA,France
c46_0,46,0,0.04,ameli_map,FRA,France
c46_1,46,1,0.04,ameli_map,FRA,France
c46_2,46,2,0.04,ameli_map,FRA,France
c46_3,46,3,0.04,ameli_map,FRA,France
c46_4,46,4,0.04,ameli_map,FRA,France
c46_5,46,5,0.04,ameli_map,FRA,France
c46_6,46,6,0.04,ameli_map,FRA,France
c46_7,46,7,0.04,ameli_map,FRA,France
c46_8,46,8,0.04,ameli_map,ITA,Italy
c46_9,46,9,0.04,ameli_map,CHE,Switzerland
c46_10,46,10,0.04,ameli_map,ITA,Italy
c46_11,46,11,0.04,ameli_map,ITA,Italy
c46_12,46,12,0.04,ameli_map,ITA,Italy
c46_13,46,13,0.04,ameli_map,ITA,Italy
c46_14,46,14,0.051,ameli_map,SVN,Slovenia
c46_15,46,15,0.051,ameli_map,SVN,Slovenia
c46_16,46,16,0.051,ameli_map,HRV,Croatia
c46_17,46,17,0.051,ameli_map,HRV,Croatia
c46_18,46,18,0.051,ameli_map,HUN,Hungary
c46_19,46,19,0.051,ameli_map,HUN,Hungary
c46_20,46,20,0.051,ameli_map,SRB,Serbia
c46_21,46,21,0.051,ameli_map,ROU,Romania
c46_22,46,22,0.051,ameli_map,ROU,Romania
c46_23,46,23,0.051,ameli_map,ROU,Romania
c46_24,46,24,0.051,ameli_map,ROU,Romania
c46_25,46,25,0.051,ameli_map,ROU,Romania
c46_26,46,26,0.051,ameli_map,ROU,Romania
c46_27,46,27,0.051,ameli_map,ROU,Romania
c46_28,46,28,0.051,ameli_map,ROU,Romania
c46_29,46,29,0.051,ameli_map,UKR,Ukraine
c46_30,46,30,0.051,ameli_map,UKR,Ukraine
c46_34,46,34,0.051,ameli_map,UKR,Ukraine
c46_39,46,39,0.051,ameli_map,RUS,Russia
c46_40,46,40,0.051,ameli_map,RUS,Russia
c46_41,46,41,0.051,ameli_map,RUS,Russia
c46_42,46,42,0.051,ameli_map,RUS,Russia
c46_43,46,43,0.051,ameli_map,RUS,Russia
c46_44,46,44,0.051,ameli_map,RUS,Russia
c46_45,46,45,0.051,ameli_map,RUS,Russia
c46_56,46,56,0.051,ameli_map,KAZ,Kazakhstan
c46_57,46,57,0.051,ameli_map,KAZ,Kazakhstan
c46_58,46,58,0.051,ameli_map,KAZ,Kazakhstan
c46_59,46,59,0.051,ameli_map,KAZ,Kazakhstan
c46_60,46,60,0.051,ameli_map,KAZ,Kazakhstan
c46_61,46,61,0.051,ameli_map,KAZ,Kazakhstan
c46_62,46,62,0.051,ameli_map,KAZ,Kazakhstan
c46_63,46,63,0.051,ameli_map,KAZ,Kazakhstan
c46_64,46,64,0.051,ameli_map,KAZ,Kazakhstan
c46_65,46,65,0.051,ameli_map,KAZ,Kazakhstan
c46_66,46,66,0.051,ameli_map,KAZ,Kazakhstan
c46_67,46,67,0.051,ameli_map,KAZ,Kazakhstan
c46_68,46,68,0.051,ameli_map,KAZ,Kazakhstan
c46_69,46,69,0.051,ameli_map,KAZ,Kazakhstan
c46_70,46,70,0.051,ameli_map,KAZ,Kazakhstan
c46_71,46,71,0.051,ameli_map,KAZ,Kazakhstan
c46_72,46,72,0.051,ameli_map,KAZ,Kazakhstan
c46_73,46,73,0.051,ameli_map,KAZ,Kazakhstan
c46_74,46,74,0.051,ameli_map,KAZ,Kazakhstan
c46_75,46,75,0.051,ameli_map,KAZ,Kazakhstan
c46_76,46,76,0.051,ameli_map,KAZ,Kazakhstan
c46_77,46,77,0.051,ameli_map,KAZ,Kazakhstan
c46_78,46,78,0.051,ameli_map,KAZ,Kazakhstan
c46_79,46,79,0.051,ameli_map,KAZ,Kazakhstan
c46_80,46,80,0.051,ameli_map,KAZ,Kazakhstan
c46_81,46,81,0.051,ameli_map,KAZ,Kazakhstan
c46_82,46,82,0.051,ameli_map,KAZ,Kazakhstan
c46_83,46,83,0.051,ameli_map,CHN,China
c46_84,46,84,0.051,ameli_map,CHN,China
c46_85,46,85,0.051,ameli_map,CHN,China
c46_86,46,86,0.051,ameli_map,CHN,China
c46_87,46,87,0.051,ameli_map,CHN,China
c46_88,46,88,0.051,ameli_map,CHN,China
c46_89,46,89,0.051,ameli_map,CHN,China
c46_90,46,90,0.051,ameli_map,CHN,China
c46_91,46,91,0.051,ameli_map,CHN,China
c46_92,46,92,0.051,ameli_map,MNG,Mongolia
c46_93,46,93,0.051,ameli_map,MNG,Mongolia
c46_94,46,94,0.051,ameli_map,MNG,Mongolia
c46_95,46,95,0.051,ameli_map,MNG,Mongolia
c46_96,46,96,0.051,ameli_map,MNG,Mongolia
c46_97,46,97,0.051,ameli_map,MNG,Mongolia
c46_98,46,98,0.051,ameli_map,MNG,Mongolia
c46_99,46,99,0.051,ameli_map,MNG,Mongolia
c46_100,46,100,0.051,ameli_map,MNG,Mongolia
c46_101,46,101,0.051,ameli_map,MNG,Mongolia
c46_102,46,102,0.051,ameli_map,MNG,Mongolia
c46_103,46,103,0.051,ameli_map,MNG,Mongolia
c46_104,46,104,0.051,ameli_map,MNG,Mongolia
c46_105,46,105,0.051,ameli_map,MNG,Mongolia
c46_106,46,106,0.051,ameli_map,MNG,Mongolia
c46_107,46,107,0.051,ameli_map,MNG,Mongolia
c46_108,46,108,0.051,ameli_map,MNG,Mongolia
c46_109,46,109,0.051,ameli_map,MNG,Mongolia
c46_110,46,110,0.051,ameli_map,MNG,Mongolia
c46_111,46,111,0.051,ameli_map,MNG,Mongolia
c46_112,46,112,0.051,ameli_map,MNG,Mongolia
c46_113,46,113,0.051,ameli_map,MNG,Mongolia
c46_114,46,114,0.051,ameli_map,MNG,Mongolia
c46_115,46,115,0.051,ameli_map,MNG,Mongolia
c46_116,46,116,0.051,ameli_map,MNG,Mongolia
c46_117,46,117,0.051,ameli_map,CHN,China
c46_118,46,118,0.051,ameli_map,CHN,China
c46_119,46,119,0.051,ameli_map,CHN,China
c46_120,46,120,0.051,ameli_map,CHN,China
c46_121,46,121,0.051,ameli_map,CHN,China
c46_122,46,122,0.051,ameli_map,CHN,China
c46_123,46,123,0.051,ameli_map,CHN,China
c46_124,46,124,0.051,ameli_map,CHN,China
c46_125,46,125,0.051,ameli_map,CHN,China
c46_126,46,126,0.051,ameli_map,CHN,China
c46_127,46,127,0.051,ameli_map,CHN,China
c46_128,46,128,0.051,ameli_map,CHN,China
c46_129,46,129,0.051,ameli_map,CHN,China
c46_130,46,130,0.051,ameli_map,CHN,China
c46_131,46,131,0.051,ameli_map,CHN,China
c46_132,46,132,0.051,ameli_map,CHN,China
c46_133,46,133,0.051,ameli_map,CHN,China
c46_134,46,134,0.051,ameli_map,RUS,Russia
c46_135,46,135,0.051,ameli_map,RUS,Russia
c46_136,46,136,0.051,ameli_map,RUS,Russia
c46_137,46,137,0.051,ameli_map,RUS,Russia
c46_142,46,142,0.051,ameli_map,RUS,Russia
c46_150,46,150,0.051,ameli_map,RUS,Russia
c47_m124,47,-124,0.044,ameli_map,USA,United States
c47_m123,47,-123,0.044,ameli_map,USA,United States
c47_m122,47,-122,0.044,ameli_map,USA,United States
c47_m121,47,-121,0.044,ameli_map,USA,United States
c47_m120,47,-120,0.044,ameli_map,USA,United States
c47_m119,47,-119,0.044,ameli_map,USA,United States
c47_m118,47,-118,0.044,ameli_map,USA,United States
c47_m117,47,-117,0.044,ameli_map,USA,United States
c47_m116,47,-116,0.044,ameli_map,USA,United States
c47_m115,47,-115,0.044,ameli_map,USA,United States
c47_m114,47,-114,0.044,ameli_map,USA,United States
c47_m113,47,-113,0.044,ameli_map,USA,United States
c47_m112,47,-112,0.044,ameli_map,USA,United States
c47_m111,47,-111,0.044,ameli_map,USA,United States
c47_m110,47,-110,0.044,ameli_map,USA,United States
c47_m109,47,-109,0.044,ameli_map,USA,United States
c47_m108,47,-108,0.044,ameli_map,USA,United States
c47_m107,47,-107,0.044,ameli_map,USA,United States
c47_m106,47,-106,0.044,ameli_map,USA,United States
c47_m105,47,-105,0.044,ameli_map,USA,United States
c47_m104,47,-104,0.044,ameli_map,USA,United States
c47_m103,47,-103,0.044,ameli_map,USA,United States
c47_m102,47,-102,0.044,ameli_map,USA,United States
c47_m101,47,-101,0.044,ameli_map,USA,United States
c47_m100,47,-100,0.044,ameli_map,USA,United States
c47_m99,47,-99,0.044,ameli_map,USA,United States
c47_m98,47,-98,0.044,ameli_map,USA,United States
c47_m97,47,-97,0.044,ameli_map,USA,United States
c47_m96,47,-96,0.044,ameli_map,USA,United States
c47_m95,47,-95,0.044,ameli_map,USA,United States
c47_m94,47,-94,0.044,ameli_map,USA,United States
c47_m93,47,-93,0.044,ameli_map,USA,United States
c47_m92,47,-92,0.044,ameli_map,USA,United States
c47_m91,47,-91,0.044,ameli_map,USA,United States
c47_m90,47,-90,0.044,ameli_map,USA,United States
c47_m89,47,-89,0.044,ameli_map,USA,United States
c47_m88,47,-88,0.044,ameli_map,USA,United States
c47_m86,47,-86,0.044,ameli_map,USA,United States
c47_m85,47,-85,0.046,ameli_map,CAN,Canada
c47_m84,47,-84,0.046,ameli_map,CAN,Canada
c47_m83,47,-83,0.046,ameli_map,CAN,Canada
c47_m82,47,-82,0.046,ameli_map,CAN,Canada
c47_m81,47,-81,0.046,ameli_map,CAN,Canada
c47_m80,47,-80,0.046,ameli_map,CAN,Canada
c47_m79,47,-79,0.046,ameli_map,CAN,Canada
c47_m78,47,-78,0.046,ameli_map,CAN,Canada
c47_m77,47,-77,0.046,ameli_map,CAN,Canada
c47_m76,47,-76,0.046,ameli_map,CAN,Canada
c47_m75,47,-75,0.046,ameli_map,CAN,Canada
c47_m74,47,-74,0.046,ameli_map,CAN,Canada
c47_m73,47,-73,0.046,ameli_map,CAN,Canada
c47_m72,47,-72,0.046,ameli_map,CAN,Canada
c47_m71,47,-71,0.046,ameli_map,CAN,Canada
c47_m70,47,-70,0.046,ameli_map,CAN,Canada
c47_m69,47,-69,0.044,ameli_map,USA,United States
c47_m68,47,-68,0.044,ameli_map,USA,United States
c47_m67,47,-67,0.046,ameli_map,CAN,Canada
c47_m66,47,-66,0.046,ameli_map,CAN,Canada
c47_m65,47,-65,0.046,ameli_map,CAN,Canada
c47_m64,47,-64,0.046,ameli_map,CAN,Canada
c47_m54,47,-54,0.046,ameli_map,CAN,Canada
c47_m53,47,-53,0.046,ameli_map,CAN,Canada
c47_m1,47,-1,0.04,ameli_map,FRA,France
c47_0,47,0,0.04,ameli_map,FRA,France
c47_1,47,1,0.04,ameli_map,FRA,France
c47_2,47,2,0.04,ameli_map,FRA,France
c47_3,47,3,0.04,ameli_map,FRA,France
c47_4,47,4,0.04,ameli_map,FRA,France
c47_5,47,5,0.04,ameli_map,FRA,France
c47_6,47,6,0.04,ameli_map,FRA,France
c47_7,47,7,0.04,ameli_map,CHE,Switzerland
c47_8,47,8,0.04,ameli_map,CHE,Switzerland
c47_9,47,9,0.04,ameli_map,CHE,Switzerland
c47_10,47,10,0.04,ameli_map,AUT,Austria
c47_11,47,11,0.04,ameli_map,AUT,Austria
c47_12,47,12,0.04,ameli_map,ITA,Italy
c47_13,47,13,0.04,ameli_map,AUT,Austria
c47_14,47,14,0.04,ameli_map,AUT,Austria
c47_15,47,15,0.04,ameli_map,AUT,Austria
c47_16,47,16,0.04,ameli_map,AUT,Austria
c47_17,47,17,0.051,ameli_map,HUN,Hungary
c47_18,47,18,0.051,ameli_map,HUN,Hungary
c47_19,47,19,0.051,ameli_map,HUN,Hungary
c47_20,47,20,0.051,ameli_map,HUN,Hungary
c47_21,47,21,0.051,ameli_map,HUN,Hungary
c47_22,47,22,0.051,ameli_map,ROU,Romania
c47_23,47,23,0.051,ameli_map,ROU,Romania
c47_24,47,24,0.051,ameli_map,ROU,Romania
c47_25,47,25,0.051,ameli_map,ROU,Romania
c47_26,47,26,0.051,ameli_map,ROU,Romania
c47_27,47,27,0.051,ameli_map,ROU,Romania
c47_28,47,28,0.051,ameli_map,ROU,Romania
c47_29,47,29,0.051,ameli_map,MDA,Moldova
c47_30,47,30,0.051,ameli_map,UKR,Ukraine
c47_31,47,31,0.051,ameli_map,UKR,Ukraine
c47_32,47,32,0.051,ameli_map,UKR,Ukraine
c47_33,47,33,0.051,ameli_map,UKR,Ukraine
c47_34,47,34,0.051,ameli_map,UKR,Ukraine
c47_35,47,35,0.051,ameli_map,UKR,Ukraine
c47_36,47,36,0.051,ameli_map,UKR,Ukraine
c47_37,47,37,0.051,ameli_map,UKR,Ukraine
c47_40,47,40,0.051,ameli_map,RUS,Russia
c47_41,47,41,0.051,ameli_map,RUS,Russia
c47_42,47,42,0.051,ameli_map,RUS,Russia
c47_43,47,43,0.051,ameli_map,RUS,Russia
c47_44,47,44,0.051,ameli_map,RUS,Russia
c47_55,47,55,0.051,ameli_map,KAZ,Kazakhstan
c47_56,47,56,0.051,ameli_map,KAZ,Kazakhstan
c47_57,47,57,0.051,ameli_map,KAZ,Kazakhstan
c47_58,47,58,0.051,ameli_map,KAZ,Kazakhstan
c47_59,47,59,0.051,ameli_map,KAZ,Kazakhstan
c47_60,47,60,0.051,ameli_map,KAZ,Kazakhstan
c47_61,47,61,0.051,ameli_map,KAZ,Kazakhstan
c47_62,47,62,0.051,ameli_map,KAZ,Kazakhstan
c47_63,47,63,0.051,ameli_map,KAZ,Kazakhstan
c47_64,47,64,0.051,ameli_map,KAZ,Kazakhstan
c47_65,47,65,0.051,ameli_map,KAZ,Kazakhstan
c47_66,47,66,0.051,ameli_map,KAZ,Kazakhstan
c47_67,47,67,0.051,ameli_map,KAZ,Kazakhstan
c47_68,47,68,0.051,ameli_map,KAZ,Kazakhstan
c47_69,47,69,0.051,ameli_map,KAZ,Kazakhstan
c47_70,47,70,0.051,ameli_map,KAZ,Kazakhstan
c47_71,47,71,0.051,ameli_map,KAZ,Kazakhstan
c47_72,47,72,0.051,ameli_map,KAZ,Kazakhstan
c47_73,47,73,0.051,ameli_map,KAZ,Kazakhstan
c47_74,47,74,0.051,ameli_map,KAZ,Kazakhstan
c47_75,47,75,0.051,ameli_map,KAZ,Kazakhstan
c47_76,47,76,0.051,ameli_map,KAZ,Kazakhstan
c47_77,47,77,0.051,ameli_map,KAZ,Kazakhstan
c47_78,47,78,0.051,ameli_map,KAZ,Kazakhstan
c47_79,47,79,0.051,ameli_map,KAZ,Kazakhstan
c47_80,47,80,0.051,ameli_map,KAZ,Kazakhstan
c47_81,47,81,0.051,ameli_map,KAZ,Kazakhstan
c47_82,47,82,0.051,ameli_map,KAZ,Kazakhstan
c47_83,47,83,0.051,ameli_map,CHN,China
c47_84,47,84,0.051,ameli_map,KAZ,Kazakhstan
c47_85,47,85,0.051,ameli_map,KAZ,Kazakhstan
c47_86,47,86,0.051,ameli_map,CHN,China
c47_87,47,87,0.051,ameli_map,CHN,China
c47_88,47,88,0.051,ameli_map,CHN,China
c47_89,47,89,0.051,ameli_map,CHN,China
c47_90,47,90,0.051,ameli_map,CHN,China
c47_91,47,91,0.051,ameli_map,MNG,Mongolia
c47_92,47,92,0.051,ameli_map,MNG,Mongolia
c47_93,47,93,0.051,ameli_map,MNG,Mongolia
c47_94,47,94,0.051,ameli_map,MNG,Mongolia
c47_95,47,95,0.051,ameli_map,MNG,Mongolia
c47_96,47,96,0.051,ameli_map,MNG,Mongolia
c47_97,47,97,0.051,ameli_map,MNG,Mongolia
c47_98,47,98,0.051,ameli_map,MNG,Mongolia
c47_99,47,99,0.051,ameli_map,MNG,Mongolia
c47_100,47,100,0.051,ameli_map,MNG,Mongolia
c47_101,47,101,0.051,ameli_map,MNG,Mongolia
c47_102,47,102,0.051,ameli_map,MNG,Mongolia
c47_103,47,103,0.051,ameli_map,MNG,Mongolia
c47_104,47,104,0.051,ameli_map,MNG,Mongolia
c47_105,47,105,0.051,ameli_map,MNG,Mongolia
c47_106,47,106,0.051,ameli_map,MNG,Mongolia
c47_107,47,107,0.051,ameli_map,MNG,Mongolia
c47_108,47,108,0.051,ameli_map,MNG,Mongolia
c47_109,47,109,0.051,ameli_map,MNG,Mongolia
c47_110,47,110,0.051,ameli_map,MNG,Mongolia
c47_111,47,111,0.051,ameli_map,MNG,Mongolia
c47_112,47,112,0.051,ameli_map,MNG,Mongolia
c47_113,47,113,0.051,ameli_map,MNG,Mongolia
c47_114,47,114,0.051,ameli_map,MNG,Mongolia
c47_115,47,115,0.051,ameli_map,MNG,Mongolia
c47_116,47,116,0.051,ameli_map,MNG,Mongolia
c47_117,47,117,0.051,ameli_map,MNG,Mongolia
c47_118,47,118,0.051,ameli_map,MNG,Mongolia
c47_119,47,119,0.051,ameli_map,MNG,Mongolia
c47_120,47,120,0.051,ameli_map,CHN,China
c47_121,47,121,0.051,ameli_map,CHN,China
c47_122,47,122,0.051,ameli_map,CHN,China
c47_123,47,123,0.051,ameli_map,CHN,China
c47_124,47,124,0.051,ameli_map,CHN,China
c47_125,47,125,0.051,ameli_map,CHN,China
c47_126,47,126,0.051,ameli_map,CHN,China
c47_127,47,127,0.051,ameli_map,CHN,China
c47_128,47,128,0.051,ameli_map,CHN,China
c47_129,47,129,0.051,ameli_map,CHN,China
c47_130,47,130,0.051,ameli_map,CHN,China
c47_131,47,131,0.051,ameli_map,CHN,China
c47_132,47,132,0.051,ameli_map,CHN,China
c47_133,47,133,0.051,ameli_map,CHN,China
c47_134,47,134,0.051,ameli_map,CHN,China
c47_135,47,135,0.051,ameli_map,RUS,Russia
c47_136,47,136,0.051,ameli_map,RUS,Russia
c47_137,47,137,0.051,ameli_map,RUS,Russia
c47_138,47,138,0.051,ameli_map,RUS,Russia
c47_143,47,143,0.051,ameli_map,RUS,Russia
c48_m124,48,-124,0.044,ameli_map,USA,United States
c48_m123,48,-123,0.044,ameli_map,USA,United States
c48_m122,48,-122,0.044,ameli_map,USA,United States
c48_m121,48,-121,0.044,ameli_map,USA,United States
c48_m120,48,-120,0.044,ameli_map,USA,United States
c48_m119,48,-119,0.044,ameli_map,USA,United States
c48_m118,48,-118,0.044,ameli_map,USA,United States
c48_m117,48,-117,0.044,ameli_map,USA,United States
c48_m116,48,-116,0.044,ameli_map,USA,United States
c48_m115,48,-115,0.044,ameli_map,USA,United States
c48_m114,48,-114,0.044,ameli_map,USA,United States
c48_m113,48,-113,0.044,ameli_map,USA,United States
c48_m112,48,-112,0.044,ameli_map,USA,United States
c48_m111,48,-111,0.044,ameli_map,USA,United States
c48_m110,48,-110,0.044,ameli_map,USA,United States
c48_m109,48,-109,0.044,ameli_map,USA,United States
c48_m108,48,-108,0.044,ameli_map,USA,United States
c48_m107,48,-107,0.044,ameli_map,USA,United States
c48_m106,48,-106,0.044,ameli_map,USA,United States
c48_m105,48,-105,0.044,ameli_map,USA,United States
c48_m104,48,-104,0.044,ameli_map,USA,United States
c48_m103,48,-103,0.044,ameli_map,USA,United States
c48_m102,48,-102,0.044,ameli_map,USA,United States
c48_m101,48,-101,0.044,ameli_map,USA,United States
c48_m100,48,-100,0.044,ameli_map,USA,United States
c48_m99,48,-99,0.044,ameli_map,USA,United States
c48_m98,48,-98,0.044,ameli_map,USA,United States
c48_m97,48,-97,0.044,ameli_map,USA,United States
c48_m96,48,-96,0.044,ameli_map,USA,United States
c48_m95,48,-95,0.044,ameli_map,USA,United States
c48_m94,48,-94,0.044,ameli_map,USA,United States
c48_m93,48,-93,0.044,ameli_map,USA,United States
c48_m92,48,-92,0.044,ameli_map,USA,United States
c48_m91,48,-91,0.044,ameli_map,USA,United States
c48_m90,48,-90,0.044,ameli_map,USA,United States
c48_m89,48,-89,0.044,ameli_map,USA,United States
c48_m86,48,-86,0.046,ameli_map,CAN,Canada
c48_m85,48,-85,0.046,ameli_map,CAN,Canada
c48_m84,48,-84,0.046,ameli_map,CAN,Canada
c48_m83,48,-83,0.046,ameli_map,CAN,Canada
c48_m82,48,-82,0.046,ameli_map,CAN,Canada
c48_m81,48,-81,0.046,ameli_map,CAN,Canada
c48_m80,48,-80,0.046,ameli_map,CAN,Canada
c48_m79,48,-79,0.046,ameli_map,CAN,Canada
c48_m78,48,-78,0.046,ameli_map,CAN,Canada
c48_m77,48,-77,0.046,ameli_map,CAN,Canada
c48_m76,48,-76,0.046,ameli_map,CAN,Canada
c48_m75,48,-75,0.046,ameli_map,CAN,Canada
c48_m74,48,-74,0.046,ameli_map,CAN,Canada
c48_m73,48,-73,0.046,ameli_map,CAN,Canada
c48_m72,48,-72,0.046,ameli_map,CAN,Canada
c48_m71,48,-71,0.046,ameli_map,CAN,Canada
c48_m70,48,-70,0.046,ameli_map,CAN,Canada
c48_m69,48,-69,0.046,ameli_map,CAN,Canada
c48_m68,48,-68,0.046,ameli_map,CAN,Canada
c48_m67,48,-67,0.046,ameli_map,CAN,Canada
c48_m59,48,-59,0.046,ameli_map,CAN,Canada
c48_m58,48,-58,0.046,ameli_map,CAN,Canada
c48_m57,48,-57,0.046,ameli_map,CAN,Canada
c48_m56,48,-56,0.046,ameli_map,CAN,Canada
c48_m55,48,-55,0.046,ameli_map,CAN,Canada
c48_m54,48,-54,0.046,ameli_map,CAN,Canada
c48_m53,48,-53,0.046,ameli_map,CAN,Canada
c48_m4,48,-4,0.04,ameli_map,FRA,France
c48_m3,48,-3,0.04,ameli_map,FRA,France
c48_m2,48,-2,0.04,ameli_map,FRA,France
c48_m1,48,-1,0.04,ameli_map,FRA,France
c48_0,48,0,0.04,ameli_map,FRA,France
c48_1,48,1,0.04,ameli_map,FRA,France
c48_2,48,2,0.04,ameli_map,FRA,France
c48_3,48,3,0.04,ameli_map,FRA,France
c48_4,48,4,0.04,ameli_map,FRA,France
c48_5,48,5,0.04,ameli_map,FRA,France
c48_6,48,6,0.04,ameli_map,FRA,France
c48_7,48,7,0.04,ameli_map,FRA,France
c48_8,48,8,0.04,ameli_map,DEU,Germany
c48_9,48,9,0.04,ameli_map,DEU,Germany
c48_10,48,10,0.04,ameli_map,DEU,Germany
c48_11,48,11,0.04,ameli_map,DEU,Germany
c48_12,48,12,0.04,ameli_map,DEU,Germany
c48_13,48,13,0.04,ameli_map,AUT,Austria
c48_14,48,14,0.04,ameli_map,AUT,Austria
c48_15,48,15,0.04,ameli_map,AUT,Austria
c48_16,48,16,0.04,ameli_map,AUT,Austria
c48_17,48,17,0.04,ameli_map,AUT,Austria
c48_18,48,18,0.051,ameli_map,SVK,Slovakia
c48_19,48,19,0.051,ameli_map,HUN,Hungary
c48_20,48,20,0.051,ameli_map,HUN,Hungary
c48_21,48,21,0.051,ameli_map,HUN,Hungary
c48_22,48,22,0.051,ameli_map,HUN,Hungary
c48_23,48,23,0.051,ameli_map,UKR,Ukraine
c48_24,48,24,0.051,ameli_map,UKR,Ukraine
c48_25,48,25,0.051,ameli_map,UKR,Ukraine
c48_26,48,26,0.051,ameli_map,UKR,Ukraine
c48_27,48,27,0.051,ameli_map,ROU,Romania
c48_28,48,28,0.051,ameli_map,MDA,Moldova
c48_29,48,29,0.051,ameli_map,UKR,Ukraine
c48_30,48,30,0.051,ameli_map,UKR,Ukraine
c48_31,48,31,0.051,ameli_map,UKR,Ukraine
c48_32,48,32,0.051,ameli_map,UKR,Ukraine
c48_33,48,33,0.051,ameli_map,UKR,Ukraine
c48_34,48,34,0.051,ameli_map,UKR,Ukraine
c48_35,48,35,0.051,ameli_map,UKR,Ukraine
c48_36,48,36,0.051,ameli_map,UKR,Ukraine
c48_37,48,37,0.051,ameli_map,UKR,Ukraine
c48_38,48,38,0.051,ameli_map,UKR,Ukraine
c48_39,48,39,0.051,ameli_map,UKR,Ukraine
c48_40,48,40,0.051,ameli_map,RUS,Russia
c48_41,48,41,0.051,ameli_map,RUS,Russia
c48_42,48,42,0.051,ameli_map,RUS,Russia
c48_43,48,43,0.051,ameli_map,RUS,Russia
c48_44,48,44,0.051,ameli_map,RUS,Russia
c48_45,48,45,0.051,ameli_map,RUS,Russia
c48_46,48,46,0.051,ameli_map,RUS,Russia
c48_54,48,54,0.051,ameli_map,KAZ,Kazakhstan
c48_55,48,55,0.051,ameli_map,KAZ,Kazakhstan
c48_56,48,56,0.051,ameli_map,KAZ,Kazakhstan
c48_57,48,57,0.051,ameli_map,KAZ,Kazakhstan
c48_58,48,58,0.051,ameli_map,KAZ,Kazakhstan
c48_59,48,59,0.051,ameli_map,KAZ,Kazakhstan
c48_60,48,60,0.051,ameli_map,KAZ,Kazakhstan
c48_61,48,61,0.051,ameli_map,KAZ,Kazakhstan
c48_62,48,62,0.051,ameli_map,KAZ,Kazakhstan
c48_63,48,63,0.051,ameli_map,KAZ,Kazakhstan
c48_64,48,64,0.051,ameli_map,KAZ,Kazakhstan
c48_65,48,65,0.051,ameli_map,KAZ,Kazakhstan
c48_66,48,66,0.051,ameli_map,KAZ,Kazakhstan
c48_67,48,67,0.051,ameli_map,KAZ,Kazakhstan
c48_68,48,68,0.051,ameli_map,KAZ,Kazakhstan
c48_69,48,69,0.051,ameli_map,KAZ,Kazakhstan
c48_70,48,70,0.051,ameli_map,KAZ,Kazakhstan
c48_71,48,71,0.051,ameli_map,KAZ,Kazakhstan
c48_72,48,72,0.051,ameli_map,KAZ,Kazakhstan
c48_73,48,73,0.051,ameli_map,KAZ,Kazakhstan
c48_74,48,74,0.051,ameli_map,KAZ,Kazakhstan
c48_75,48,75,0.051,ameli_map,KAZ,Kazakhstan
c48_76,48,76,0.051,ameli_map,KAZ,Kazakhstan
c48_77,48,77,0.051,ameli_map,KAZ,Kazakhstan
c48_78,48,78,0.051,ameli_map,KAZ,Kazakhstan
c48_79,48,79,0.051,ameli_map,KAZ,Kazakhstan
c48_80,48,80,0.051,ameli_map,KAZ,Kazakhstan
c48_81,48,81,0.051,ameli_map,KAZ,Kazakhstan
c48_82,48,82,0.051,ameli_map,KAZ,Kazakhstan
c48_83,48,83,0.051,ameli_map,KAZ,Kazakhstan
c48_84,48,84,0.051,ameli_map,KAZ,Kazakhstan
c48_85,48,85,0.051,ameli_map,KAZ,Kazakhstan
c48_86,48,86,0.051,ameli_map,CHN,China
c48_87,48,87,0.051,ameli_map,CHN,China
c48_88,48,88,0.051,ameli_map,CHN,China
c48_89,48,89,0.051,ameli_map,CHN,China
c48_90,48,90,0.051,ameli_map,MNG,Mongolia
c48_91,48,91,0.051,ameli_map,MNG,Mongolia
c48_92,48,92,0.051,ameli_map,MNG,Mongolia
c48_93,48,93,0.051,ameli_map,MNG,Mongolia
c48_94,48,94,0.051,ameli_map,MNG,Mongolia
c48_95,48,95,0.051,ameli_map,MNG,Mongolia
c48_96,48,96,0.051,ameli_map,MNG,Mongolia
c48_97,48,97,0.051,ameli_map,MNG,Mongolia
c48_98,48,98,0.051,ameli_map,MNG,Mongolia
c48_99,48,99,0.051,ameli_map,MNG,Mongolia
c48_100,48,100,0.051,ameli_map,MNG,Mongolia
c48_101,48,101,0.051,ameli_map,MNG,Mongolia
c48_102,48,102,0.051,ameli_map,MNG,Mongolia
c48_103,48,103,0.051,ameli_map,MNG,Mongolia
c48_104,48,104,0.051,ameli_map,MNG,Mongolia
c48_105,48,105,0.051,ameli_map,MNG,Mongolia
c48_106,48,106,0.051,ameli_map,MNG,Mongolia
c48_107,48,107,0.051,ameli_map,MNG,Mongolia
c48_108,48,108,0.051,ameli_map,MNG,Mongolia
c48_109,48,109,0.051,ameli_map,MNG,Mongolia
c48_110,48,110,0.051,ameli_map,MNG,Mongolia
c48_111,48,111,0.051,ameli_map,MNG,Mongolia
c48_112,48,112,0.051,ameli_map,MNG,Mongolia
c48_113,48,113,0.051,ameli_map,MNG,Mongolia
c48_114,48,114,0.051,ameli_map,MNG,Mongolia
c48_115,48,115,0.051,ameli_map,MNG,Mongolia
c48_116,48,116,0.051,ameli_map,CHN,China
c48_117,48,117,0.051,ameli_map,CHN,China
c48_118,48,118,0.051,ameli_map,MNG,Mongolia
c48_119,48,119,0.051,ameli_map,CHN,China
c48_120,48,120,0.051,ameli_map,CHN,China
c48_121,48,121,0.051,ameli_map,CHN,China
c48_122,48,122,0.051,ameli_map,CHN,China
c48_123,48,123,0.051,ameli_map,CHN,China
c48_124,48,124,0.051,ameli_map,CHN,China
c48_125,48,125,0.051,ameli_map,CHN,China
c48_126,48,126,0.051,ameli_map,CHN,China
c48_127,48,127,0.051,ameli_map,CHN,China
c48_128,48,128,0.051,ameli_map,CHN,China
c48_129,48,129,0.051,ameli_map,CHN,China
c48_130,48,130,0.051,ameli_map,CHN,China
c48_131,48,131,0.051,ameli_map,RUS,Russia
c48_132,48,132,0.051,ameli_map,RUS,Russia
c48_133,48,133,0.051,ameli_map,CHN,China
c48_134,48,134,0.051,ameli_map,CHN,China
c48_135,48,135,0.051,ameli_map,RUS,Russia
c48_136,48,136,0.051,ameli_map,RUS,Russia
c48_137,48,137,0.051,ameli_map,RUS,Russia
c48_138,48,138,0.051,ameli_map,RUS,Russia
c48_139,48,139,0.051,ameli_map,RUS,Russia
c49_m124,49,-124,0.046,ameli_map,CAN,Canada
c49_m122,49,-122,0.044,ameli_map,USA,United States
c49_m121,49,-121,0.044,ameli_map,USA,United States
c49_m120,49,-120,0.044,ameli_map,USA,United States
c49_m119,49,-119,0.046,ameli_map,CAN,Canada
c49_m118,49,-118,0.044,ameli_map,USA,United States
c49_m117,49,-117,0.046,ameli_map,CAN,Canada
c49_m116,49,-116,0.044,ameli_map,USA,United States
c49_m115,49,-115,0.044,ameli_map,USA,United States
c49_m114,49,-114,0.044,ameli_map,USA,United States
c49_m113,49,-113,0.044,ameli_map,USA,United States
c49_m112,49,-112,0.044,ameli_map,USA,United States
c49_m111,49,-111,0.044,ameli_map,USA,United States
c49_m110,49,-110,0.044,ameli_map,USA,United States
c49_m109,49,-109,0.044,ameli_map,USA,United States
c49_m108,49,-108,0.044,ameli_map,USA,United States
c49_m107,49,-107,0.044,ameli_map,USA,United States
c49_m106,49,-106,0.044,ameli_map,USA,United States
c49_m105,49,-105,0.044,ameli_map,USA,United States
c49_m104,49,-104,0.044,ameli_map,USA,United States
c49_m103,49,-103,0.044,ameli_map,USA,United States
c49_m102,49,-102,0.044,ameli_map,USA,United States
c49_m101,49,-101,0.044,ameli_map,USA,United States
c49_m100,49,-100,0.044,ameli_map,USA,United States
c49_m99,49,-99,0.044,ameli_map,USA,United States
c49_m98,49,-98,0.044,ameli_map,USA,United States
c49_m97,49,-97,0.044,ameli_map,USA,United States
c49_m96,49,-96,0.044,ameli_map,USA,United States
c49_m95,49,-95,0.044,ameli_map,USA,United States
c49_m94,49,-94,0.046,ameli_map,CAN,Canada
c49_m93,49,-93,0.046,ameli_map,CAN,Canada
c49_m92,49,-92,0.046,ameli_map,CAN,Canada
c49_m91,49,-91,0.046,ameli_map,CAN,Canada
c49_m90,49,-90,0.046,ameli_map,CAN,Canada
c49_m89,49,-89,0.046,ameli_map,CAN,Canada
c49_m88,49,-88,0.046,ameli_map,CAN,Canada
c49_m87,49,-87,0.046,ameli_map,CAN,Canada
c49_m86,49,-86,0.046,ameli_map,CAN,Canada
c49_m85,49,-85,0.046,ameli_map,CAN,Canada
c49_m84,49,-84,0.046,ameli_map,CAN,Canada
c49_m83,49,-83,0.046,ameli_map,CAN,Canada
c49_m82,49,-82,0.046,ameli_map,CAN,Canada
c49_m81,49,-81,0.046,ameli_map,CAN,Canada
c49_m80,49,-80,0.046,ameli_map,CAN,Canada
c49_m79,49,-79,0.046,ameli_map,CAN,Canada
c49_m78,49,-78,0.046,ameli_map,CAN,Canada
c49_m77,49,-77,0.046,ameli_map,CAN,Canada
c49_m76,49,-76,0.046,ameli_map,CAN,Canada
c49_m75,49,-75,0.046,ameli_map,CAN,Canada
c49_m74,49,-74,0.046,ameli_map,CAN,Canada
c49_m73,49,-73,0.046,ameli_map,CAN,Canada
c49_m72,49,-72,0.046,ameli_map,CAN,Canada
c49_m71,49,-71,0.046,ameli_map,CAN,Canada
c49_m70,49,-70,0.046,ameli_map,CAN,Canada
c49_m69,49,-69,0.046,ameli_map,CAN,Canada
c49_m67,49,-67,0.046,ameli_map,CAN,Canada
c49_m66,49,-66,0.046,ameli_map,CAN,Canada
c49_m65,49,-65,0.046,ameli_map,CAN,Canada
c49_m58,49,-58,0.046,ameli_map,CAN,Canada
c49_m57,49,-57,0.046,ameli_map,CAN,Canada
c49_m56,49,-56,0.046,ameli_map,CAN,Canada
c49_m55,49,-55,0.046,ameli_map,CAN,Canada
c49_m54,49,-54,0.046,ameli_map,CAN,Canada
c49_m1,49,-1,0.04,ameli_map,FRA,France
c49_0,49,0,0.04,ameli_map,FRA,France
c49_1,49,1,0.04,ameli_map,FRA,France
c49_2,49,2,0.04,ameli_map,FRA,France
c49_3,49,3,0.04,ameli_map,FRA,France
c49_4,49,4,0.04,ameli_map,FRA,France
c49_5,49,5,0.04,ameli_map,FRA,France
c49_6,49,6,0.04,ameli_map,FRA,France
c49_7,49,7,0.04,ameli_map,FRA,France
c49_8,49,8,0.04,ameli_map,FRA,France
c49_9,49,9,0.04,ameli_map,DEU,Germany
c49_10,49,10,0.04,ameli_map,DEU,Germany
c49_11,49,11,0.04,ameli_map,DEU,Germany
c49_12,49,12,0.04,ameli_map,DEU,Germany
c49_13,49,13,0.04,ameli_map,DEU,Germany
c49_14,49,14,0.051,ameli_map,CZE,Czech Republic
c49_15,49,15,0.051,ameli_map,CZE,Czech Republic
c49_16,49,16,0.051,ameli_map,CZE,Czech Republic
c49_17,49,17,0.051,ameli_map,CZE,Czech Republic
c49_18,49,18,0.051,ameli_map,SVK,Slovakia
c49_19,49,19,0.051,ameli_map,SVK,Slovakia
c49_20,49,20,0.051,ameli_map,SVK,Slovakia
c49_21,49,21,0.051,ameli_map,SVK,Slovakia
c49_22,49,22,0.051,ameli_map,SVK,Slovakia
c49_23,49,23,0.051,ameli_map,UKR,Ukraine
c49_24,49,24,0.051,ameli_map,UKR,Ukraine
c49_25,49,25,0.051,ameli_map,UKR,Ukraine
c49_26,49,26,0.051,ameli_map,UKR,Ukraine
c49_27,49,27,0.051,ameli_map,UKR,Ukraine
c49_28,49,28,0.051,ameli_map,UKR,Ukraine
c49_29,49,29,0.051,ameli_map,UKR,Ukraine
c49_30,49,30,0.051,ameli_map,UKR,Ukraine
c49_31,49,31,0.051,ameli_map,UKR,Ukraine
c49_32,49,32,0.051,ameli_map,UKR,Ukraine
c49_33,49,33,0.051,ameli_map,UKR,Ukraine
c49_34,49,34,0.051,ameli_map,UKR,Ukraine
c49_35,49,35,0.051,ameli_map,UKR,Ukraine
c49_36,49,36,0.051,ameli_map,UKR,Ukraine
c49_37,49,37,0.051,ameli_map,UKR,Ukraine
c49_38,49,38,0.051,ameli_map,UKR,Ukraine
c49_39,49,39,0.051,ameli_map,UKR,Ukraine
c49_40,49,40,0.051,ameli_map,RUS,Russia
c49_41,49,41,0.051,ameli_map,RUS,Russia
c49_42,49,42,0.051,ameli_map,RUS,Russia
c49_43,49,43,0.051,ameli_map,RUS,Russia
c49_44,49,44,0.051,ameli_map,RUS,Russia
c49_45,49,45,0.051,ameli_map,RUS,Russia
c49_46,49,46,0.051,ameli_map,RUS,Russia
c49_47,49,47,0.051,ameli_map,KAZ,Kazakhstan
c49_48,49,48,0.051,ameli_map,KAZ,Kazakhstan
c49_53,49,53,0.051,ameli_map,KAZ,Kazakhstan
c49_54,49,54,0.051,ameli_map,KAZ,Kazakhstan
c49_55,49,55,0.051,ameli_map,KAZ,Kazakhstan
c49_56,49,56,0.051,ameli_map,KAZ,Kazakhstan
c49_57,49,57,0.051,ameli_map,KAZ,Kazakhstan
c49_58,49,58,0.051,ameli_map,KAZ,Kazakhstan
c49_59,49,59,0.051,ameli_map,KAZ,Kazakhstan
c49_60,49,60,0.051,ameli_map,KAZ,Kazakhstan
c49_61,49,61,0.051,ameli_map,KAZ,Kazakhstan
c49_62,49,62,0.051,ameli_map,KAZ,Kazakhstan
c49_63,49,63,0.051,ameli_map,KAZ,Kazakhstan
c49_64,49,64,0.051,ameli_map,KAZ,Kazakhstan
c49_65,49,65,0.051,ameli_map,KAZ,Kazakhstan
c49_66,49,66,0.051,ameli_map,KAZ,Kazakhstan
c49_67,49,67,0.051,ameli_map,KAZ,Kazakhstan
c49_68,49,68,0.051,ameli_map,KAZ,Kazakhstan
c49_69,49,69,0.051,ameli_map,KAZ,Kazakhstan
c49_70,49,70,0.051,ameli_map,KAZ,Kazakhstan
c49_71,49,71,0.051,ameli_map,KAZ,Kazakhstan
c49_72,49,72,0.051,ameli_map,KAZ,Kazakhstan
c49_73,49,73,0.051,ameli_map,KAZ,Kazakhstan
c49_74,49,74,0.051,ameli_map,KAZ,Kazakhstan
c49_75,49,75,0.051,ameli_map,KAZ,Kazakhstan
c49_76,49,76,0.051,ameli_map,KAZ,Kazakhstan
c49_77,49,77,0.051,ameli_map,KAZ,Kazakhstan
c49_78,49,78,0.051,ameli_map,KAZ,Kazakhstan
c49_79,49,79,0.051,ameli_map,KAZ,Kazakhstan
c49_80,49,80,0.051,ameli_map,KAZ,Kazakhstan
c49_81,49,81,0.051,ameli_map,KAZ,Kazakhstan
c49_82,49,82,0.051,ameli_map,KAZ,Kazakhstan
c49_83,49,83,0.051,ameli_map,KAZ,Kazakhstan
c49_84,49,84,0.051,ameli_map,KAZ,Kazakhstan
c49_85,49,85,0.051,ameli_map,KAZ,Kazakhstan
c49_86,49,86,0.051,ameli_map,KAZ,Kazakhstan
c49_87,49,87,0.051,ameli_map,CHN,China
c49_88,49,88,0.051,ameli_map,MNG,Mongolia
c49_89,49,89,0.051,ameli_map,MNG,Mongolia
c49_90,49,90,0.051,ameli_map,MNG,Mongolia
c49_91,49,91,0.051,ameli_map,MNG,Mongolia
c49_92,49,92,0.051,ameli_map,MNG,Mongolia
c49_93,49,93,0.051,ameli_map,MNG,Mongolia
c49_94,49,94,0.051,ameli_map,MNG,Mongolia
c49_95,49,95,0.051,ameli_map,MNG,Mongolia
c49_96,49,96,0.051,ameli_map,MNG,Mongolia
c49_97,49,97,0.051,ameli_map,MNG,Mongolia
c49_98,49,98,0.051,ameli_map,MNG,Mongolia
c49_99,49,99,0.051,ameli_map,MNG,Mongolia
c49_100,49,100,0.051,ameli_map,MNG,Mongolia
c49_101,49,101,0.051,ameli_map,MNG,Mongolia
c49_102,49,102,0.051,ameli_map,MNG,Mongolia
c49_103,49,103,0.051,ameli_map,MNG,Mongolia
c49_104,49,104,0.051,ameli_map,MNG,Mongolia
c49_105,49,105,0.051,ameli_map,MNG,Mongolia
c49_106,49,106,0.051,ameli_map,MNG,Mongolia
c49_107,49,107,0.051,ameli_map,MNG,Mongolia
c49_108,49,108,0.051,ameli_map,MNG,Mongolia
c49_109,49,109,0.051,ameli_map,MNG,Mongolia
c49_110,49,110,0.051,ameli_map,MNG,Mongolia
c49_111,49,111,0.051,ameli_map,MNG,Mongolia
c49_112,49,112,0.051,ameli_map,MNG,Mongolia
c49_113,49,113,0.051,ameli_map,MNG,Mongolia
c49_114,49,114,0.051,ameli_map,MNG,Mongolia
c49_115,49,115,0.051,ameli_map,MNG,Mongolia
c49_116,49,116,0.051,ameli_map,MNG,Mongolia
c49_117,49,117,0.051,ameli_map,CHN,China
c49_118,49,118,0.051,ameli_map,CHN,China
c49_119,49,119,0.051,ameli_map,CHN,China
c49_120,49,120,0.051,ameli_map,CHN,China
c49_121,49,121,0.051,ameli_map,CHN,China
c49_122,49,122,0.051,ameli_map,CHN,China
c49_123,49,123,0.051,ameli_map,CHN,China
c49_124,49,124,0.051,ameli_map,CHN,China
c49_125,49,125,0.051,ameli_map,CHN,China
c49_126,49,126,0.051,ameli_map,CHN,China
c49_127,49,127,0.051,ameli_map,CHN,China
c49_128,49,128,0.051,ameli_map,CHN,China
c49_129,49,129,0.051,ameli_map,CHN,China
c49_130,49,130,0.051,ameli_map,RUS,Russia
c49_131,49,131,0.051,ameli_map,RUS,Russia
c49_132,49,132,0.051,ameli_map,RUS,Russia
c49_133,49,133,0.051,ameli_map,RUS,Russia
c49_134,49,134,0.051,ameli_map,RUS,Russia
c49_135,49,135,0.051,ameli_map,RUS,Russia
c49_136,49,136,0.051,ameli_map,RUS,Russia
c49_137,49,137,0.051,ameli_map,RUS,Russia
c49_138,49,138,0.051,ameli_map,RUS,Russia
c49_139,49,139,0.051,ameli_map,RUS,Russia
c49_140,49,140,0.051,ameli_map,RUS,Russia
c50_m127,50,-127,0.046,ameli_map,CAN,Canada
c50_m126,50,-126,0.046,ameli_map,CAN,Canada
c50_m124,50,-124,0.046,ameli_map,CAN,Canada
c50_m123,50,-123,0.046,ameli_map,CAN,Canada
c50_m122,50,-122,0.046,ameli_map,CAN,Canada
c50_m121,50,-121,0.046,ameli_map,CAN,Canada
c50_m120,50,-120,0.046,ameli_map,CAN,Canada
c50_m119,50,-119,0.046,ameli_map,CAN,Canada
c50_m118,50,-118,0.046,ameli_map,CAN,Canada
c50_m117,50,-117,0.046,ameli_map,CAN,Canada
c50_m116,50,-116,0.046,ameli_map,CAN,Canada
c50_m115,50,-115,0.046,ameli_map,CAN,Canada
c50_m114,50,-114,0.046,ameli_map,CAN,Canada
c50_m113,50,-113,0.046,ameli_map,CAN,Canada
c50_m112,50,-112,0.046,ameli_map,CAN,Canada
c50_m111,50,-111,0.046,ameli_map,CAN,Canada
c50_m110,50,-110,0.046,ameli_map,CAN,Canada
c50_m109,50,-109,0.046,ameli_map,CAN,Canada
c50_m108,50,-108,0.046,ameli_map,CAN,Canada
c50_m107,50,-107,0.046,ameli_map,CAN,Canada
c50_m106,50,-106,0.046,ameli_map,CAN,Canada
c50_m105,50,-105,0.046,ameli_map,CAN,Canada
c50_m104,50,-104,0.046,ameli_map,CAN,Canada
c50_m103,50,-103,0.046,ameli_map,CAN,Canada
c50_m102,50,-102,0.046,ameli_map,CAN,Canada
c50_m101,50,-101,0.046,ameli_map,CAN,Canada
c50_m100,50,-100,0.046,ameli_map,CAN,Canada
c50_m99,50,-99,0.046,ameli_map,CAN,Canada
c50_m98,50,-98,0.046,ameli_map,CAN,Canada
c50_m97,50,-97,0.046,ameli_map,CAN,Canada
c50_m96,50,-96,0.046,ameli_map,CAN,Canada
c50_m95,50,-95,0.046,ameli_map,CAN,Canada
c50_m94,50,-94,0.046,ameli_map,CAN,Canada
c50_m93,50,-93,0.046,ameli_map,CAN,Canada
c50_m92,50,-92,0.046,ameli_map,CAN,Canada
c50_m91,50,-91,0.046,ameli_map,CAN,Canada
c50_m90,50,-90,0.046,ameli_map,CAN,Canada
c50_m89,50,-89,0.046,ameli_map,CAN,Canada
c50_m88,50,-88,0.046,ameli_map,CAN,Canada
c50_m87,50,-87,0.046,ameli_map,CAN,Canada
c50_m86,50,-86,0.046,ameli_map,CAN,Canada
c50_m85,50,-85,0.046,ameli_map,CAN,Canada
c50_m84,50,-84,0.046,ameli_map,CAN,Canada
c50_m83,50,-83,0.046,ameli_map,CAN,Canada
c50_m82,50,-82,0.046,ameli_map,CAN,Canada
c50_m81,50,-81,0.046,ameli_map,CAN,Canada
c50_m80,50,-80,0.046,ameli_map,CAN,Canada
c50_m79,50,-79,0.046,ameli_map,CAN,Canada
c50_m78,50,-78,0.046,ameli_map,CAN,Canada
c50_m77,50,-77,0.046,ameli_map,CAN,Canada
c50_m76,50,-76,0.046,ameli_map,CAN,Canada
c50_m75,50,-75,0.046,ameli_map,CAN,Canada
c50_m74,50,-74,0.046,ameli_map,CAN,Canada
c50_m73,50,-73,0.046,ameli_map,CAN,Canada
c50_m72,50,-72,0.046,ameli_map,CAN,Canada
c50_m71,50,-71,0.046,ameli_map,CAN,Canada
c50_m70,50,-70,0.046,ameli_map,CAN,Canada
c50_m69,50,-69,0.046,ameli_map,CAN,Canada
c50_m68,50,-68,0.046,ameli_map,CAN,Canada
c50_m67,50,-67,0.046,ameli_map,CAN,Canada
c50_m57,50,-57,0.046,ameli_map,CAN,Canada
c50_m56,50,-56,0.046,ameli_map,CAN,Canada
c50_2,50,2,0.04,ameli_map,FRA,France
c50_3,50,3,0.04,ameli_map,FRA,France
c50_4,50,4,0.04,ameli_map,FRA,France
c50_5,50,5,0.04,ameli_map,BEL,Belgium
c50_6,50,6,0.04,ameli_map,LUX,Luxembourg
c50_7,50,7,0.04,ameli_map,DEU,Germany
c50_8,50,8,0.04,ameli_map,DEU,Germany
c50_9,50,9,0.04,ameli_map,DEU,Germany
c50_10,50,10,0.04,ameli_map,DEU,Germany
c50_11,50,11,0.04,ameli_map,DEU,Germany
c50_12,50,12,0.04,ameli_map,DEU,Germany
c50_13,50,13,0.051,ameli_map,CZE,Czech Republic
c50_14,50,14,0.051,ameli_map,CZE,Czech Republic
c50_15,50,15,0.051,ameli_map,CZE,Czech Republic
c50_16,50,16,0.051,ameli_map,CZE,Czech Republic
c50_17,50,17,0.051,ameli_map,CZE,Czech Republic
c50_18,50,18,0.051,ameli_map,CZE,Czech Republic
c50_19,50,19,0.051,ameli_map,POL,Poland
c50_20,50,20,0.051,ameli_map,POL,Poland
c50_21,50,21,0.051,ameli_map,POL,Poland
c50_22,50,22,0.051,ameli_map,POL,Poland
c50_23,50,23,0.051,ameli_map,POL,Poland
c50_24,50,24,0.051,ameli_map,UKR,Ukraine
c50_25,50,25,0.051,ameli_map,UKR,Ukraine
c50_26,50,26,0.051,ameli_map,UKR,Ukraine
c50_27,50,27,0.051,ameli_map,UKR,Ukraine
c50_28,50,28,0.051,ameli_map,UKR,Ukraine
c50_29,50,29,0.051,ameli_map,UKR,Ukraine
c50_30,50,30,0.051,ameli_map,UKR,Ukraine
c50_31,50,31,0.051,ameli_map,UKR,Ukraine
c50_32,50,32,0.051,ameli_map,UKR,Ukraine
c50_33,50,33,0.051,ameli_map,UKR,Ukraine
c50_34,50,34,0.051,ameli_map,UKR,Ukraine
c50_35,50,35,0.051,ameli_map,UKR,Ukraine
c50_36,50,36,0.051,ameli_map,UKR,Ukraine
c50_37,50,37,0.051,ameli_map,UKR,Ukraine
c50_38,50,38,0.051,ameli_map,RUS,Russia
c50_39,50,39,0.051,ameli_map,RUS,Russia
c50_40,50,40,0.051,ameli_map,RUS,Russia
c50_41,50,41,0.051,ameli_map,RUS,Russia
c50_42,50,42,0.051,ameli_map,RUS,Russia
c50_43,50,43,0.051,ameli_map,RUS,Russia
c50_44,50,44,0.051,ameli_map,RUS,Russia
c50_45,50,45,0.051,ameli_map,RUS,Russia
c50_46,50,46,0.051,ameli_map,RUS,Russia
c50_47,50,47,0.051,ameli_map,RUS,Russia
c50_48,50,48,0.051,ameli_map,KAZ,Kazakhstan
c50_49,50,49,0.051,ameli_map,KAZ,Kazakhstan
c50_50,50,50,0.051,ameli_map,KAZ,Kazakhstan
c50_51,50,51,0.051,ameli_map,KAZ,Kazakhstan
c50_52,50,52,0.051,ameli_map,KAZ,Kazakhstan
c50_53,50,53,0.051,ameli_map,KAZ,Kazakhstan
c50_54,50,54,0.051,ameli_map,KAZ,Kazakhstan
c50_55,50,55,0.051,ameli_map,KAZ,Kazakhstan
c50_56,50,56,0.051,ameli_map,KAZ,Kazakhstan
c50_57,50,57,0.051,ameli_map,KAZ,Kazakhstan
c50_58,50,58,0.051,ameli_map,KAZ,Kazakhstan
c50_59,50,59,0.051,ameli_map,KAZ,Kazakhstan
c50_60,50,60,0.051,ameli_map,KAZ,Kazakhstan
c50_61,50,61,0.051,ameli_map,KAZ,Kazakhstan
c50_62,50,62,0.051,ameli_map,KAZ,Kazakhstan
c50_63,50,63,0.051,ameli_map,KAZ,Kazakhstan
c50_64,50,64,0.051,ameli_map,KAZ,Kazakhstan
c50_65,50,65,0.051,ameli_map,KAZ,Kazakhstan
c50_66,50,66,0.051,ameli_map,KAZ,Kazakhstan
c50_67,50,67,0.051,ameli_map,KAZ,Kazakhstan
c50_68,50,68,0.051,ameli_map,KAZ,Kazakhstan
c50_69,50,69,0.051,ameli_map,KAZ,Kazakhstan
c50_70,50,70,0.051,ameli_map,KAZ,Kazakhstan
c50_71,50,71,0.051,ameli_map,KAZ,Kazakhstan
c50_72,50,72,0.051,ameli_map,KAZ,Kazakhstan
c50_73,50,73,0.051,ameli_map,KAZ,Kazakhstan
c50_74,50,74,0.051,ameli_map,KAZ,Kazakhstan
c50_75,50,75,0.051,ameli_map,KAZ,Kazakhstan
c50_76,50,76,0.051,ameli_map,KAZ,Kazakhstan
c50_77,50,77,0.051,ameli_map,KAZ,Kazakhstan
c50_78,50,78,0.051,ameli_map,KAZ,Kazakhstan
c50_79,50,79,0.051,ameli_map,KAZ,Kazakhstan
c50_80,50,80,0.051,ameli_map,KAZ,Kazakhstan
c50_81,50,81,0.051,ameli_map,KAZ,Kazakhstan
c50_82,50,82,0.051,ameli_map,KAZ,Kazakhstan
c50_83,50,83,0.051,ameli_map,KAZ,Kazakhstan
c50_84,50,84,0.051,ameli_map,KAZ,Kazakhstan
c50_85,50,85,0.051,ameli_map,RUS,Russia
c50_86,50,86,0.051,ameli_map,RUS,Russia
c50_87,50,87,0.051,ameli_map,RUS,Russia
c50_88,50,88,0.051,ameli_map,RUS,Russia
c50_89,50,89,0.051,ameli_map,RUS,Russia
c50_90,50,90,0.051,ameli_map,MNG,Mongolia
c50_91,50,91,0.051,ameli_map,MNG,Mongolia
c50_92,50,92,0.051,ameli_map,MNG,Mongolia
c50_93,50,93,0.051,ameli_map,MNG,Mongolia
c50_94,50,94,0.051,ameli_map,MNG,Mongolia
c50_95,50,95,0.051,ameli_map,MNG,Mongolia
c50_96,50,96,0.051,ameli_map,RUS,Russia
c50_97,50,97,0.051,ameli_map,RUS,Russia
c50_98,50,98,0.051,ameli_map,MNG,Mongolia
c50_99,50,99,0.051,ameli_map,MNG,Mongolia
c50_100,50,100,0.051,ameli_map,MNG,Mongolia
c50_101,50,101,0.051,ameli_map,MNG,Mongolia
c50_102,50,102,0.051,ameli_map,MNG,Mongolia
c50_103,50,103,0.051,ameli_map,MNG,Mongolia
c50_104,50,104,0.051,ameli_map,MNG,Mongolia
c50_105,50,105,0.051,ameli_map,MNG,Mongolia
c50_106,50,106,0.051,ameli_map,MNG,Mongolia
c50_107,50,107,0.051,ameli_map,MNG,Mongolia
c50_108,50,108,0.051,ameli_map,RUS,Russia
c50_109,50,109,0.051,ameli_map,RUS,Russia
c50_110,50,110,0.051,ameli_map,RUS,Russia
c50_111,50,111,0.051,ameli_map,RUS,Russia
c50_112,50,112,0.051,ameli_map,RUS,Russia
c50_113,50,113,0.051,ameli_map,RUS,Russia
c50_114,50,114,0.051,ameli_map,MNG,Mongolia
c50_115,50,115,0.051,ameli_map,MNG,Mongolia
c50_116,50,116,0.051,ameli_map,RUS,Russia
c50_117,50,117,0.051,ameli_map,RUS,Russia
c50_118,50,118,0.051,ameli_map,RUS,Russia
c50_119,50,119,0.051,ameli_map,RUS,Russia
c50_120,50,120,0.051,ameli_map,CHN,China
c50_121,50,121,0.051,ameli_map,CHN,China
c50_122,50,122,0.051,ameli_map,CHN,China
c50_123,50,123,0.051,ameli_map,CHN,China
c50_124,50,124,0.051,ameli_map,CHN,China
c50_125,50,125,0.051,ameli_map,CHN,China
c50_126,50,126,0.051,ameli_map,CHN,China
c50_127,50,127,0.051,ameli_map,CHN,China
c50_128,50,128,0.051,ameli_map,RUS,Russia
c50_129,50,129,0.051,ameli_map,RUS,Russia
c50_130,50,130,0.051,ameli_map,RUS,Russia
c50_131,50,131,0.051,ameli_map,RUS,Russia
c50_132,50,132,0.051,ameli_map,RUS,Russia
c50_133,50,133,0.051,ameli_map,RUS,Russia
c50_134,50,134,0.051,ameli_map,RUS,Russia
c50_135,50,135,0.051,ameli_map,RUS,Russia
c50_136,50,136,0.051,ameli_map,RUS,Russia
c50_137,50,137,0.051,ameli_map,RUS,Russia
c50_138,50,138,0.051,ameli_map,RUS,Russia
c50_139,50,139,0.051,ameli_map,RUS,Russia
c50_140,50,140,0.051,ameli_map,RUS,Russia
c50_143,50,143,0.051,ameli_map,RUS,Russia
c51_m127,51,-127,0.046,ameli_map,CAN,Canada
c51_m126,51,-126,0.046,ameli_map,CAN,Canada
c51_m125,51,-125,0.046,ameli_map,CAN,Canada
c51_m124,51,-124,0.046,ameli_map,CAN,Canada
c51_m123,51,-123,0.046,ameli_map,CAN,Canada
c51_m122,51,-122,0.046,ameli_map,CAN,Canada
c51_m121,51,-121,0.046,ameli_map,CAN,Canada
c51_m120,51,-120,0.046,ameli_map,CAN,Canada
c51_m119,51,-119,0.046,ameli_map,CAN,Canada
c51_m118,51,-118,0.046,ameli_map,CAN,Canada
c51_m117,51,-117,0.046,ameli_map,CAN,Canada
c51_m116,51,-116,0.046,ameli_map,CAN,Canada
c51_m115,51,-115,0.046,ameli_map,CAN,Canada
c51_m114,51,-114,0.046,ameli_map,CAN,Canada
c51_m113,51,-113,0.046,ameli_map,CAN,Canada
c51_m112,51,-112,0.046,ameli_map,CAN,Canada
c51_m111,51,-111,0.046,ameli_map,CAN,Canada
c51_m110,51,-110,0.046,ameli_map,CAN,Canada
c51_m109,51,-109,0.046,ameli_map,CAN,Canada
c51_m108,51,-108,0.046,ameli_map,CAN,Canada
c51_m107,51,-107,0.046,ameli_map,CAN,Canada
c51_m106,51,-106,0.046,ameli_map,CAN,Canada
c51_m105,51,-105,0.046,ameli_map,CAN,Canada
c51_m104,51,-104,0.046,ameli_map,CAN,Canada
c51_m103,51,-103,0.046,ameli_map,CAN,Canada
c51_m102,51,-102,0.046,ameli_map,CAN,Canada
c51_m101,51,-101,0.046,ameli_map,CAN,Canada
c51_m100,51,-100,0.046,ameli_map,CAN,Canada
c51_m99,51,-99,0.046,ameli_map,CAN,Canada
c51_m98,51,-98,0.046,ameli_map,CAN,Canada
c51_m97,51,-97,0.046,ameli_map,CAN,Canada
c51_m96,51,-96,0.046,ameli_map,CAN,Canada
c51_m95,51,-95,0.046,ameli_map,CAN,Canada
c51_m94,51,-94,0.046,ameli_map,CAN,Canada
c51_m93,51,-93,0.046,ameli_map,CAN,Canada
c51_m92,51,-92,0.046,ameli_map,CAN,Canada
c51_m91,51,-91,0.046,ameli_map,CAN,Canada
c51_m90,51,-90,0.046,ameli_map,CAN,Canada
c51_m89,51,-89,0.046,ameli_map,CAN,Canada
c51_m88,51,-88,0.046,ameli_map,CAN,Canada
c51_m87,51,-87,0.046,ameli_map,CAN,Canada
c51_m86,51,-86,0.046,ameli_map,CAN,Canada
c51_m85,51,-85,0.046,ameli_map,CAN,Canada
c51_m84,51,-84,0.046,ameli_map,CAN,Canada
c51_m83,51,-83,0.046,ameli_map,CAN,Canada
c51_m82,51,-82,0.046,ameli_map,CAN,Canada
c51_m81,51,-81,0.046,ameli_map,CAN,Canada
c51_m80,51,-80,0.046,ameli_map,CAN,Canada
c51_m79,51,-79,0.046,ameli_map,CAN,Canada
c51_m78,51,-78,0.046,ameli_map,CAN,Canada
c51_m77,51,-77,0.046,ameli_map,CAN,Canada
c51_m76,51,-76,0.046,ameli_map,CAN,Canada
c51_m75,51,-75,0.046,ameli_map,CAN,Canada
c51_m74,51,-74,0.046,ameli_map,CAN,Canada
c51_m73,51,-73,0.046,ameli_map,CAN,Canada
c51_m72,51,-72,0.046,ameli_map,CAN,Canada
c51_m71,51,-71,0.046,ameli_map,CAN,Canada
c51_m70,51,-70,0.046,ameli_map,CAN,Canada
c51_m69,51,-69,0.046,ameli_map,CAN,Canada
c51_m68,51,-68,0.046,ameli_map,CAN,Canada
c51_m67,51,-67,0.046,ameli_map,CAN,Canada
c51_m66,51,-66,0.046,ameli_map,CAN,Canada
c51_m65,51,-65,0.046,ameli_map,CAN,Canada
c51_m64,51,-64,0.046,ameli_map,CAN,Canada
c51_m63,51,-63,0.046,ameli_map,CAN,Canada
c51_m62,51,-62,0.046,ameli_map,CAN,Canada
c51_m61,51,-61,0.046,ameli_map,CAN,Canada
c51_m60,51,-60,0.046,ameli_map,CAN,Canada
c51_m59,51,-59,0.046,ameli_map,CAN,Canada
c51_m57,51,-57,0.046,ameli_map,CAN,Canada
c51_m56,51,-56,0.046,ameli_map,CAN,Canada
c51_m4,51,-4,0.043,ameli_map,GBR,United Kingdom
c51_m3,51,-3,0.043,ameli_map,GBR,United Kingdom
c51_m2,51,-2,0.043,ameli_map,GBR,United Kingdom
c51_m1,51,-1,0.043,ameli_map,GBR,United Kingdom
c51_0,51,0,0.043,ameli_map,GBR,United Kingdom
c51_3,51,3,0.04,ameli_map,BEL,Belgium
c51_4,51,4,0.04,ameli_map,BEL,Belgium
c51_5,51,5,0.04,ameli_map,BEL,Belgium
c51_6,51,6,0.04,ameli_map,DEU,Germany
c51_7,51,7,0.04,ameli_map,DEU,Germany
c51_8,51,8,0.04,ameli_map,DEU,Germany
c51_9,51,9,0.04,ameli_map,DEU,Germany
c51_10,51,10,0.04,ameli_map,DEU,Germany
c51_11,51,11,0.04,ameli_map,DEU,Germany
c51_12,51,12,0.04,ameli_map,DEU,Germany
c51_13,51,13,0.04,ameli_map,DEU,Germany
c51_14,51,14,0.04,ameli_map,DEU,Germany
c51_15,51,15,0.051,ameli_map,CZE,Czech Republic
c51_16,51,16,0.051,ameli_map,POL,Poland
c51_17,51,17,0.051,ameli_map,POL,Poland
c51_18,51,18,0.051,ameli_map,POL,Poland
c51_19,51,19,0.051,ameli_map,POL,Poland
c51_20,51,20,0.051,ameli_map,POL,Poland
c51_21,51,21,0.051,ameli_map,POL,Poland
c51_22,51,22,0.051,ameli_map,POL,Poland
c51_23,51,23,0.051,ameli_map,POL,Poland
c51_24,51,24,0.051,ameli_map,UKR,Ukraine
c51_25,51,25,0.051,ameli_map,UKR,Ukraine
c51_26,51,26,0.051,ameli_map,UKR,Ukraine
c51_27,51,27,0.051,ameli_map,UKR,Ukraine
c51_28,51,28,0.051,ameli_map,UKR,Ukraine
c51_29,51,29,0.051,ameli_map,UKR,Ukraine
c51_30,51,30,0.051,ameli_map,UKR,Ukraine
c51_31,51,31,0.051,ameli_map,UKR,Ukraine
c51_32,51,32,0.051,ameli_map,UKR,Ukraine
c51_33,51,33,0.051,ameli_map,UKR,Ukraine
c51_34,51,34,0.051,ameli_map,UKR,Ukraine
c51_35,51,35,0.051,ameli_map,UKR,Ukraine
c51_36,51,36,0.051,ameli_map,RUS,Russia
c51_37,51,37,0.051,ameli_map,RUS,Russia
c51_38,51,38,0.051,ameli_map,RUS,Russia
c51_39,51,39,0.051,ameli_map,RUS,Russia
c51_40,51,40,0.051,ameli_map,RUS,Russia
c51_41,51,41,0.051,ameli_map,RUS,Russia
c51_42,51,42,0.051,ameli_map,RUS,Russia
c51_43,51,43,0.051,ameli_map,RUS,Russia
c51_44,51,44,0.051,ameli_map,RUS,Russia
c51_45,51,45,0.051,ameli_map,RUS,Russia
c51_46,51,46,0.051,ameli_map,RUS,Russia
c51_47,51,47,0.051,ameli_map,RUS,Russia
c51_48,51,48,0.051,ameli_map,RUS,Russia
c51_49,51,49,0.051,ameli_map,RUS,Russia
c51_50,51,50,0.051,ameli_map,KAZ,Kazakhstan
c51_51,51,51,0.051,ameli_map,KAZ,Kazakhstan
c51_52,51,52,0.051,ameli_map,KAZ,Kazakhstan
c51_53,51,53,0.051,ameli_map,KAZ,Kazakhstan
c51_54,51,54,0.051,ameli_map,KAZ,Kazakhstan
c51_55,51,55,0.051,ameli_map,RUS,Russia
c51_56,51,56,0.051,ameli_map,RUS,Russia
c51_57,51,57,0.051,ameli_map,KAZ,Kazakhstan
c51_58,51,58,0.051,ameli_map,KAZ,Kazakhstan
c51_59,51,59,0.051,ameli_map,RUS,Russia
c51_60,51,60,0.051,ameli_map,RUS,Russia
c51_61,51,61,0.051,ameli_map,RUS,Russia
c51_62,51,62,0.051,ameli_map,KAZ,Kazakhstan
c51_63,51,63,0.051,ameli_map,KAZ,Kazakhstan
c51_64,51,64,0.051,ameli_map,KAZ,Kazakhstan
c51_65,51,65,0.051,ameli_map,KAZ,Kazakhstan
c51_66,51,66,0.051,ameli_map,KAZ,Kazakhstan
c51_67,51,67,0.051,ameli_map,KAZ,Kazakhstan
c51_68,51,68,0.051,ameli_map,KAZ,Kazakhstan
c51_69,51,69,0.051,ameli_map,KAZ,Kazakhstan
c51_70,51,70,0.051,ameli_map,KAZ,Kazakhstan
c51_71,51,71,0.051,ameli_map,KAZ,Kazakhstan
c51_72,51,72,0.051,ameli_map,KAZ,Kazakhstan
c51_73,51,73,0.051,ameli_map,KAZ,Kazakhstan
c51_74,51,74,0.051,ameli_map,KAZ,Kazakhstan
c51_75,51,75,0.051,ameli_map,KAZ,Kazakhstan
c51_76,51,76,0.051,ameli_map,KAZ,Kazakhstan
c51_77,51,77,0.051,ameli_map,KAZ,Kazakhstan
c51_78,51,78,0.051,ameli_map,KAZ,Kazakhstan
c51_79,51,79,0.051,ameli_map,KAZ,Kazakhstan
c51_80,51,80,0.051,ameli_map,RUS,Russia
c51_81,51,81,0.051,ameli_map,KAZ,Kazakhstan
c51_82,51,82,0.051,ameli_map,RUS,Russia
c51_83,51,83,0.051,ameli_map,RUS,Russia
c51_84,51,84,0.051,ameli_map,RUS,Russia
c51_85,51,85,0.051,ameli_map,RUS,Russia
c51_86,51,86,0.051,ameli_map,RUS,Russia
c51_87,51,87,0.051,ameli_map,RUS,Russia
c51_88,51,88,0.051,ameli_map,RUS,Russia
c51_89,51,89,0.051,ameli_map,RUS,Russia
c51_90,51,90,0.051,ameli_map,RUS,Russia
c51_91,51,91,0.051,ameli_map,RUS,Russia
c51_92,51,92,0.051,ameli_map,RUS,Russia
c51_93,51,93,0.051,ameli_map,RUS,Russia
c51_94,51,94,0.051,ameli_map,RUS,Russia
c51_95,51,95,0.051,ameli_map,RUS,Russia
c51_96,51,96,0.051,ameli_map,RUS,Russia
c51_97,51,97,0.051,ameli_map,RUS,Russia
c51_98,51,98,0.051,ameli_map,MNG,Mongolia
c51_99,51,99,0.051,ameli_map,MNG,Mongolia
c51_100,51,100,0.051,ameli_map,MNG,Mongolia
c51_101,51,101,0.051,ameli_map,MNG,Mongolia
c51_102,51,102,0.051,ameli_map,MNG,Mongolia
c51_103,51,103,0.051,ameli_map,RUS,Russia
c51_104,51,104,0.051,ameli_map,RUS,Russia
c51_105,51,105,0.051,ameli_map,RUS,Russia
c51_106,51,106,0.051,ameli_map,RUS,Russia
c51_107,51,107,0.051,ameli_map,RUS,Russia
c51_108,51,108,0.051,ameli_map,RUS,Russia
c51_109,51,109,0.051,ameli_map,RUS,Russia
c51_110,51,110,0.051,ameli_map,RUS,Russia
c51_111,51,111,0.051,ameli_map,RUS,Russia
c51_112,51,112,0.051,ameli_map,RUS,Russia
c51_113,51,113,0.051,ameli_map,RUS,Russia
c51_114,51,114,0.051,ameli_map,RUS,Russia
c51_115,51,115,0.051,ameli_map,RUS,Russia
c51_116,51,116,0.051,ameli_map,RUS,Russia
c51_117,51,117,0.051,ameli_map,RUS,Russia
c51_118,51,118,0.051,ameli_map,RUS,Russia
c51_119,51,119,0.051,ameli_map,RUS,Russia
c51_120,51,120,0.051,ameli_map,CHN,China
c51_121,51,121,0.051,ameli_map,CHN,China
c51_122,51,122,0.051,ameli_map,CHN,China
c51_123,51,123,0.051,ameli_map,CHN,China
c51_124,51,124,0.051,ameli_map,CHN,China
c51_125,51,125,0.051,ameli_map,CHN,China
c51_126,51,126,0.051,ameli_map,CHN,China
c51_127,51,127,0.051,ameli_map,CHN,China
c51_128,51,128,0.051,ameli_map,RUS,Russia
c51_129,51,129,0.051,ameli_map,RUS,Russia
c51_130,51,130,0.051,ameli_map,RUS,Russia
c51_131,51,131,0.051,ameli_map,RUS,Russia
c51_132,51,132,0.051,ameli_map,RUS,Russia
c51_133,51,133,0.051,ameli_map,RUS,Russia
c51_134,51,134,0.051,ameli_map,RUS,Russia
c51_135,51,135,0.051,ameli_map,RUS,Russia
c51_136,51,136,0.051,ameli_map,RUS,Russia
c51_137,51,137,0.051,ameli_map,RUS,Russia
c51_138,51,138,0.051,ameli_map,RUS,Russia
c51_139,51,139,0.051,ameli_map,RUS,Russia
c51_140,51,140,0.051,ameli_map,RUS,Russia
c51_143,51,143,0.051,ameli_map,RUS,Russia
c52_m131,52,-131,0.046,ameli_map,CAN,Canada
c52_m128,52,-128,0.046,ameli_map,CAN,Canada
c52_m127,52,-127,0.046,ameli_map,CAN,Canada
c52_m126,52,-126,0.046,ameli_map,CAN,Canada
c52_m125,52,-125,0.046,ameli_map,CAN,Canada
c52_m124,52,-124,0.046,ameli_map,CAN,Canada
c52_m123,52,-123,0.046,ameli_map,CAN,Canada
c52_m122,52,-122,0.046,ameli_map,CAN,Canada
c52_m121,52,-121,0.046,ameli_map,CAN,Canada
c52_m120,52,-120,0.046,ameli_map,CAN,Canada
c52_m119,52,-119,0.046,ameli_map,CAN,Canada
c52_m118,52,-118,0.046,ameli_map,CAN,Canada
c52_m117,52,-117,0.046,ameli_map,CAN,Canada
c52_m116,52,-116,0.046,ameli_map,CAN,Canada
c52_m115,52,-115,0.046,ameli_map,CAN,Canada
c52_m114,52,-114,0.046,ameli_map,CAN,Canada
c52_m113,52,-113,0.046,ameli_map,CAN,Canada
c52_m112,52,-112,0.046,ameli_map,CAN,Canada
c52_m111,52,-111,0.046,ameli_map,CAN,Canada
c52_m110,52,-110,0.046,ameli_map,CAN,Canada
c52_m109,52,-109,0.046,ameli_map,CAN,Canada
c52_m108,52,-108,0.046,ameli_map,CAN,Canada
c52_m107,52,-107,0.046,ameli_map,CAN,Canada
c52_m106,52,-106,0.046,ameli_map,CAN,Canada
c52_m105,52,-105,0.046,ameli_map,CAN,Canada
c52_m104,52,-104,0.046,ameli_map,CAN,Canada
c52_m103,52,-103,0.046,ameli_map,CAN,Canada
c52_m102,52,-102,0.046,ameli_map,CAN,Canada
c52_m101,52,-101,0.046,ameli_map,CAN,Canada
c52_m100,52,-100,0.046,ameli_map,CAN,Canada
c52_m99,52,-99,0.046,ameli_map,CAN,Canada
c52_m98,52,-98,0.046,ameli_map,CAN,Canada
c52_m97,52,-97,0.046,ameli_map,CAN,Canada
c52_m96,52,-96,0.046,ameli_map,CAN,Canada
c52_m95,52,-95,0.046,ameli_map,CAN,Canada
c52_m94,52,-94,0.046,ameli_map,CAN,Canada
c52_m93,52,-93,0.046,ameli_map,CAN,Canada
c52_m92,52,-92,0.046,ameli_map,CAN,Canada
c52_m91,52,-91,0.046,ameli_map,CAN,Canada
c52_m90,52,-90,0.046,ameli_map,CAN,Canada
c52_m89,52,-89,0.046,ameli_map,CAN,Canada
c52_m88,52,-88,0.046,ameli_map,CAN,Canada
c52_m87,52,-87,0.046,ameli_map,CAN,Canada
c52_m86,52,-86,0.046,ameli_map,CAN,Canada
c52_m85,52,-85,0.046,ameli_map,CAN,Canada
c52_m84,52,-84,0.046,ameli_map,CAN,Canada
c52_m83,52,-83,0.046,ameli_map,CAN,Canada
c52_m82,52,-82,0.046,ameli_map,CAN,Canada
c52_m81,52,-81,0.046,ameli_map,CAN,Canada
c52_m78,52,-78,0.046,ameli_map,CAN,Canada
c52_m77,52,-77,0.046,ameli_map,CAN,Canada
c52_m76,52,-76,0.046,ameli_map,CAN,Canada
c52_m75,52,-75,0.046,ameli_map,CAN,Canada
c52_m74,52,-74,0.046,ameli_map,CAN,Canada
c52_m73,52,-73,0.046,ameli_map,CAN,Canada
c52_m72,52,-72,0.046,ameli_map,CAN,Canada
c52_m71,52,-71,0.046,ameli_map,CAN,Canada
c52_m70,52,-70,0.046,ameli_map,CAN,Canada
c52_m69,52,-69,0.046,ameli_map,CAN,Canada
c52_m68,52,-68,0.046,ameli_map,CAN,Canada
c52_m67,52,-67,0.046,ameli_map,CAN,Canada
c52_m66,52,-66,0.046,ameli_map,CAN,Canada
c52_m65,52,-65,0.046,ameli_map,CAN,Canada
c52_m64,52,-64,0.046,ameli_map,CAN,Canada
c52_m63,52,-63,0.046,ameli_map,CAN,Canada
c52_m62,52,-62,0.046,ameli_map,CAN,Canada
c52_m61,52,-61,0.046,ameli_map,CAN,Canada
c52_m60,52,-60,0.046,ameli_map,CAN,Canada
c52_m59,52,-59,0.046,ameli_map,CAN,Canada
c52_m58,52,-58,0.046,ameli_map,CAN,Canada
c52_m57,52,-57,0.046,ameli_map,CAN,Canada
c52_m56,52,-56,0.046,ameli_map,CAN,Canada
c52_m10,52,-10,0.04,ameli_map,IRL,Ireland
c52_m9,52,-9,0.04,ameli_map,IRL,Ireland
c52_m8,52,-8,0.04,ameli_map,IRL,Ireland
c52_m5,52,-5,0.043,ameli_map,GBR,United Kingdom
c52_m4,52,-4,0.043,ameli_map,GBR,United Kingdom
c52_m3,52,-3,0.043,ameli_map,GBR,United Kingdom
c52_m2,52,-2,0.043,ameli_map,GBR,United Kingdom
c52_m1,52,-1,0.043,ameli_map,GBR,United Kingdom
c52_0,52,0,0.043,ameli_map,GBR,United Kingdom
c52_1,52,1,0.043,ameli_map,GBR,United Kingdom
c52_6,52,6,0.04,ameli_map,NLD,Netherlands
c52_7,52,7,0.04,ameli_map,DEU,Germany
c52_8,52,8,0.04,ameli_map,DEU,Germany
c52_9,52,9,0.04,ameli_map,DEU,Germany
c52_10,52,10,0.04,ameli_map,DEU,Germany
c52_11,52,11,0.04,ameli_map,DEU,Germany
c52_12,52,12,0.04,ameli_map,DEU,Germany
c52_13,52,13,0.04,ameli_map,DEU,Germany
c52_14,52,14,0.04,ameli_map,DEU,Germany
c52_15,52,15,0.051,ameli_map,POL,Poland
c52_16,52,16,0.051,ameli_map,POL,Poland
c52_17,52,17,0.051,ameli_map,POL,Poland
c52_18,52,18,0.051,ameli_map,POL,Poland
c52_19,52,19,0.051,ameli_map,POL,Poland
c52_20,52,20,0.051,ameli_map,POL,Poland
c52_21,52,21,0.051,ameli_map,POL,Poland
c52_22,52,22,0.051,ameli_map,POL,Poland
c52_23,52,23,0.051,ameli_map,POL,Poland
c52_24,52,24,0.051,ameli_map,BLR,Belarus
c52_25,52,25,0.051,ameli_map,BLR,Belarus
c52_26,52,26,0.051,ameli_map,BLR,Belarus
c52_27,52,27,0.051,ameli_map,BLR,Belarus
c52_28,52,28,0.051,ameli_map,BLR,Belarus
c52_29,52,29,0.051,ameli_map,BLR,Belarus
c52_30,52,30,0.051,ameli_map,BLR,Belarus
c52_31,52,31,0.051,ameli_map,UKR,Ukraine
c52_32,52,32,0.051,ameli_map,UKR,Ukraine
c52_33,52,33,0.051,ameli_map,UKR,Ukraine
c52_34,52,34,0.051,ameli_map,UKR,Ukraine
c52_35,52,35,0.051,ameli_map,RUS,Russia
c52_36,52,36,0.051,ameli_map,RUS,Russia
c52_37,52,37,0.051,ameli_map,RUS,Russia
c52_38,52,38,0.051,ameli_map,RUS,Russia
c52_39,52,39,0.051,ameli_map,RUS,Russia
c52_40,52,40,0.051,ameli_map,RUS,Russia
c52_41,52,41,0.051,ameli_map,RUS,Russia
c52_42,52,42,0.051,ameli_map,RUS,Russia
c52_43,52,43,0.051,ameli_map,RUS,Russia
c52_44,52,44,0.051,ameli_map,RUS,Russia
c52_45,52,45,0.051,ameli_map,RUS,Russia
c52_46,52,46,0.051,ameli_map,RUS,Russia
c52_47,52,47,0.051,ameli_map,RUS,Russia
c52_48,52,48,0.051,ameli_map,RUS,Russia
c52_49,52,49,0.051,ameli_map,RUS,Russia
c52_50,52,50,0.051,ameli_map,RUS,Russia
c52_51,52,51,0.051,ameli_map,RUS,Russia
c52_52,52,52,0.051,ameli_map,RUS,Russia
c52_53,52,53,0.051,ameli_map,RUS,Russia
c52_54,52,54,0.051,ameli_map,RUS,Russia
c52_55,52,55,0.051,ameli_map,RUS,Russia
c52_56,52,56,0.051,ameli_map,RUS,Russia
c52_57,52,57,0.051,ameli_map,RUS,Russia
c52_58,52,58,0.051,ameli_map,RUS,Russia
c52_59,52,59,0.051,ameli_map,RUS,Russia
c52_60,52,60,0.051,ameli_map,RUS,Russia
c52_61,52,61,0.051,ameli_map,KAZ,Kazakhstan
c52_62,52,62,0.051,ameli_map,KAZ,Kazakhstan
c52_63,52,63,0.051,ameli_map,KAZ,Kazakhstan
c52_64,52,64,0.051,ameli_map,KAZ,Kazakhstan
c52_65,52,65,0.051,ameli_map,KAZ,Kazakhstan
c52_66,52,66,0.051,ameli_map,KAZ,Kazakhstan
c52_67,52,67,0.051,ameli_map,KAZ,Kazakhstan
c52_68,52,68,0.051,ameli_map,KAZ,Kazakhstan
c52_69,52,69,0.051,ameli_map,KAZ,Kazakhstan
c52_70,52,70,0.051,ameli_map,KAZ,Kazakhstan
c52_71,52,71,0.051,ameli_map,KAZ,Kazakhstan
c52_72,52,72,0.051,ameli_map,KAZ,Kazakhstan
c52_73,52,73,0.051,ameli_map,KAZ,Kazakhstan
c52_74,52,74,0.051,ameli_map,KAZ,Kazakhstan
c52_75,52,75,0.051,ameli_map,KAZ,Kazakhstan
c52_76,52,76,0.051,ameli_map,KAZ,Kazakhstan
c52_77,52,77,0.051,ameli_map,KAZ,Kazakhstan
c52_78,52,78,0.051,ameli_map,KAZ,Kazakhstan
c52_79,52,79,0.051,ameli_map,KAZ,Kazakhstan
c52_80,52,80,0.051,ameli_map,RUS,Russia
c52_81,52,81,0.051,ameli_map,RUS,Russia
c52_82,52,82,0.051,ameli_map,RUS,Russia
c52_83,52,83,0.051,ameli_map,RUS,Russia
c52_84,52,84,0.051,ameli_map,RUS,Russia
c52_85,52,85,0.051,ameli_map,RUS,Russia
c52_86,52,86,0.051,ameli_map,RUS,Russia
c52_87,52,87,0.051,ameli_map,RUS,Russia
c52_88,52,88,0.051,ameli_map,RUS,Russia
c52_89,52,89,0.051,ameli_map,RUS,Russia
c52_90,52,90,0.051,ameli_map,RUS,Russia
c52_91,52,91,0.051,ameli_map,RUS,Russia
c52_92,52,92,0.051,ameli_map,RUS,Russia
c52_93,52,93,0.051,ameli_map,RUS,Russia
c52_94,52,94,0.051,ameli_map,RUS,Russia
c52_95,52,95,0.051,ameli_map,RUS,Russia
c52_96,52,96,0.051,ameli_map,RUS,Russia
c52_97,52,97,0.051,ameli_map,RUS,Russia
c52_98,52,98,0.051,ameli_map,RUS,Russia
c52_99,52,99,0.051,ameli_map,MNG,Mongolia
c52_100,52,100,0.051,ameli_map,RUS,Russia
c52_101,52,101,0.051,ameli_map,RUS,Russia
c52_102,52,102,0.051,ameli_map,RUS,Russia
c52_103,52,103,0.051,ameli_map,RUS,Russia
c52_104,52,104,0.051,ameli_map,RUS,Russia
c52_105,52,105,0.051,ameli_map,RUS,Russia
c52_106,52,106,0.051,ameli_map,RUS,Russia
c52_107,52,107,0.051,ameli_map,RUS,Russia
c52_108,52,108,0.051,ameli_map,RUS,Russia
c52_109,52,109,0.051,ameli_map,RUS,Russia
c52_110,52,110,0.051,ameli_map,RUS,Russia
c52_111,52,111,0.051,ameli_map,RUS,Russia
c52_112,52,112,0.051,ameli_map,RUS,Russia
c52_113,52,113,0.051,ameli_map,RUS,Russia
c52_114,52,114,0.051,ameli_map,RUS,Russia
c52_115,52,115,0.051,ameli_map,RUS,Russia
c52_116,52,116,0.051,ameli_map,RUS,Russia
c52_117,52,117,0.051,ameli_map,RUS,Russia
c52_118,52,118,0.051,ameli_map,RUS,Russia
c52_119,52,119,0.051,ameli_map,RUS,Russia
c52_120,52,120,0.051,ameli_map,RUS,Russia
c52_121,52,121,0.051,ameli_map,CHN,China
c52_122,52,122,0.051,ameli_map,CHN,China
c52_123,52,123,0.051,ameli_map,CHN,China
c52_124,52,124,0.051,ameli_map,CHN,China
c52_125,52,125,0.051,ameli_map,CHN,China
c52_126,52,126,0.051,ameli_map,CHN,China
c52_127,52,127,0.051,ameli_map,RUS,Russia
c52_128,52,128,0.051,ameli_map,RUS,Russia
c52_129,52,129,0.051,ameli_map,RUS,Russia
c52_130,52,130,0.051,ameli_map,RUS,Russia
c52_131,52,131,0.051,ameli_map,RUS,Russia
c52_132,52,132,0.051,ameli_map,RUS,Russia
c52_133,52,133,0.051,ameli_map,RUS,Russia
c52_134,52,134,0.051,ameli_map,RUS,Russia
c52_135,52,135,0.051,ameli_map,RUS,Russia
c52_136,52,136,0.051,ameli_map,RUS,Russia
c52_137,52,137,0.051,ameli_map,RUS,Russia
c52_138,52,138,0.051,ameli_map,RUS,Russia
c52_139,52,139,0.051,ameli_map,RUS,Russia
c52_140,52,140,0.051,ameli_map,RUS,Russia
c52_141,52,141,0.051,ameli_map,RUS,Russia
c52_142,52,142,0.051,ameli_map,RUS,Russia
c52_143,52,143,0.051,ameli_map,RUS,Russia
c52_157,52,157,0.051,ameli_map,RUS,Russia
c52_158,52,158,0.051,ameli_map,RUS,Russia
c53_m132,53,-132,0.046,ameli_map,CAN,Canada
c53_m129,53,-129,0.046,ameli_map,CAN,Canada
c53_m128,53,-128,0.046,ameli_map,CAN,Canada
c53_m127,53,-127,0.046,ameli_map,CAN,Canada
c53_m126,53,-126,0.046,ameli_map,CAN,Canada
c53_m125,53,-125,0.046,ameli_map,CAN,Canada
c53_m124,53,-124,0.046,ameli_map,CAN,Canada
c53_m123,53,-123,0.046,ameli_map,CAN,Canada
c53_m122,53,-122,0.046,ameli_map,CAN,Canada
c53_m121,53,-121,0.046,ameli_map,CAN,Canada
c53_m120,53,-120,0.046,ameli_map,CAN,Canada
c53_m119,53,-119,0.046,ameli_map,CAN,Canada
c53_m118,53,-118,0.046,ameli_map,CAN,Canada
c53_m117,53,-117,0.046,ameli_map,CAN,Canada
c53_m116,53,-116,0.046,ameli_map,CAN,Canada
c53_m115,53,-115,0.046,ameli_map,CAN,Canada
c53_m114,53,-114,0.046,ameli_map,CAN,Canada
c53_m113,53,-113,0.046,ameli_map,CAN,Canada
c53_m112,53,-112,0.046,ameli_map,CAN,Canada
c53_m111,53,-111,0.046,ameli_map,CAN,Canada
c53_m110,53,-110,0.046,ameli_map,CAN,Canada
c53_m109,53,-109,0.046,ameli_map,CAN,Canada
c53_m108,53,-108,0.046,ameli_map,CAN,Canada
c53_m107,53,-107,0.046,ameli_map,CAN,Canada
c53_m106,53,-106,0.046,ameli_map,CAN,Canada
c53_m105,53,-105,0.046,ameli_map,CAN,Canada
c53_m104,53,-104,0.046,ameli_map,CAN,Canada
c53_m103,53,-103,0.046,ameli_map,CAN,Canada
c53_m102,53,-102,0.046,ameli_map,CAN,Canada
c53_m101,53,-101,0.046,ameli_map,CAN,Canada
c53_m100,53,-100,0.046,ameli_map,CAN,Canada
c53_m99,53,-99,0.046,ameli_map,CAN,Canada
c53_m98,53,-98,0.046,ameli_map,CAN,Canada
c53_m97,53,-97,0.046,ameli_map,CAN,Canada
c53_m96,53,-96,0.046,ameli_map,CAN,Canada
c53_m95,53,-95,0.046,ameli_map,CAN,Canada
c53_m94,53,-94,0.046,ameli_map,CAN,Canada
c53_m93,53,-93,0.046,ameli_map,CAN,Canada
c53_m92,53,-92,0.046,ameli_map,CAN,Canada
c53_m91,53,-91,0.046,ameli_map,CAN,Canada
c53_m90,53,-90,0.046,ameli_map,CAN,Canada
c53_m89,53,-89,0.046,ameli_map,CAN,Canada
c53_m88,53,-88,0.046,ameli_map,CAN,Canada
c53_m87,53,-87,0.046,ameli_map,CAN,Canada
c53_m86,53,-86,0.046,ameli_map,CAN,Canada
c53_m85,53,-85,0.046,ameli_map,CAN,Canada
c53_m84,53,-84,0.046,ameli_map,CAN,Canada
c53_m83,53,-83,0.046,ameli_map,CAN,Canada
c53_m82,53,-82,0.046,ameli_map,CAN,Canada
c53_m81,53,-81,0.046,ameli_map,CAN,Canada
c53_m78,53,-78,0.046,ameli_map,CAN,Canada
c53_m77,53,-77,0.046,ameli_map,CAN,Canada
c53_m76,53,-76,0.046,ameli_map,CAN,Canada
c53_m75,53,-75,0.046,ameli_map,CAN,Canada
c53_m74,53,-74,0.046,ameli_map,CAN,Canada
c53_m73,53,-73,0.046,ameli_map,CAN,Canada
c53_m72,53,-72,0.046,ameli_map,CAN,Canada
c53_m71,53,-71,0.046,ameli_map,CAN,Canada
c53_m70,53,-70,0.046,ameli_map,CAN,Canada
c53_m69,53,-69,0.046,ameli_map,CAN,Canada
c53_m68,53,-68,0.046,ameli_map,CAN,Canada
c53_m67,53,-67,0.046,ameli_map,CAN,Canada
c53_m66,53,-66,0.046,ameli_map,CAN,Canada
c53_m65,53,-65,0.046,ameli_map,CAN,Canada
c53_m64,53,-64,0.046,ameli_map,CAN,Canada
c53_m63,53,-63,0.046,ameli_map,CAN,Canada
c53_m62,53,-62,0.046,ameli_map,CAN,Canada
c53_m61,53,-61,0.046,ameli_map,CAN,Canada
c53_m60,53,-60,0.046,ameli_map,CAN,Canada
c53_m59,53,-59,0.046,ameli_map,CAN,Canada
c53_m58,53,-58,0.046,ameli_map,CAN,Canada
c53_m57,53,-57,0.046,ameli_map,CAN,Canada
c53_m56,53,-56,0.046,ameli_map,CAN,Canada
c53_m9,53,-9,0.04,ameli_map,IRL,Ireland
c53_m8,53,-8,0.04,ameli_map,IRL,Ireland
c53_m7,53,-7,0.04,ameli_map,IRL,Ireland
c53_m4,53,-4,0.043,ameli_map,GBR,United Kingdom
c53_m3,53,-3,0.043,ameli_map,GBR,United Kingdom
c53_m2,53,-2,0.043,ameli_map,GBR,United Kingdom
c53_m1,53,-1,0.043,ameli_map,GBR,United Kingdom
c53_0,53,0,0.043,ameli_map,GBR,United Kingdom
c53_7,53,7,0.04,ameli_map,NLD,Netherlands
c53_8,53,8,0.04,ameli_map,DEU,Germany
c53_9,53,9,0.04,ameli_map,DEU,Germany
c53_10,53,10,0.04,ameli_map,DEU,Germany
c53_11,53,11,0.04,ameli_map,DEU,Germany
c53_12,53,12,0.04,ameli_map,DEU,Germany
c53_13,53,13,0.04,ameli_map,DEU,Germany
c53_14,53,14,0.04,ameli_map,DEU,Germany
c53_15,53,15,0.051,ameli_map,POL,Poland
c53_16,53,16,0.051,ameli_map,POL,Poland
c53_17,53,17,0.051,ameli_map,POL,Poland
c53_18,53,18,0.051,ameli_map,POL,Poland
c53_19,53,19,0.051,ameli_map,POL,Poland
c53_20,53,20,0.051,ameli_map,POL,Poland
c53_21,53,21,0.051,ameli_map,POL,Poland
c53_22,53,22,0.051,ameli_map,POL,Poland
c53_23,53,23,0.051,ameli_map,POL,Poland
c53_24,53,24,0.051,ameli_map,BLR,Belarus
c53_25,53,25,0.051,ameli_map,BLR,Belarus
c53_26,53,26,0.051,ameli_map,BLR,Belarus
c53_27,53,27,0.051,ameli_map,BLR,Belarus
c53_28,53,28,0.051,ameli_map,BLR,Belarus
c53_29,53,29,0.051,ameli_map,BLR,Belarus
c53_30,53,30,0.051,ameli_map,BLR,Belarus
c53_31,53,31,0.051,ameli_map,BLR,Belarus
c53_32,53,32,0.051,ameli_map,RUS,Russia
c53_33,53,33,0.051,ameli_map,RUS,Russia
c53_34,53,34,0.051,ameli_map,RUS,Russia
c53_35,53,35,0.051,ameli_map,RUS,Russia
c53_36,53,36,0.051,ameli_map,RUS,Russia
c53_37,53,37,0.051,ameli_map,RUS,Russia
c53_38,53,38,0.051,ameli_map,RUS,Russia
c53_39,53,39,0.051,ameli_map,RUS,Russia
c53_40,53,40,0.051,ameli_map,RUS,Russia
c53_41,53,41,0.051,ameli_map,RUS,Russia
c53_42,53,42,0.051,ameli_map,RUS,Russia
c53_43,53,43,0.051,ameli_map,RUS,Russia
c53_44,53,44,0.051,ameli_map,RUS,Russia
c53_45,53,45,0.051,ameli_map,RUS,Russia
c53_46,53,46,0.051,ameli_map,RUS,Russia
c53_47,53,47,0.051,ameli_map,RUS,Russia
c53_48,53,48,0.051,ameli_map,RUS,Russia
c53_49,53,49,0.051,ameli_map,RUS,Russia
c53_50,53,50,0.051,ameli_map,RUS,Russia
c53_51,53,51,0.051,ameli_map,RUS,Russia
c53_52,53,52,0.051,ameli_map,RUS,Russia
c53_53,53,53,0.051,ameli_map,RUS,Russia
c53_54,53,54,0.051,ameli_map,RUS,Russia
c53_55,53,55,0.051,ameli_map,RUS,Russia
c53_56,53,56,0.051,ameli_map,RUS,Russia
c53_57,53,57,0.051,ameli_map,RUS,Russia
c53_58,53,58,0.051,ameli_map,RUS,Russia
c53_59,53,59,0.051,ameli_map,RUS,Russia
c53_60,53,60,0.051,ameli_map,RUS,Russia
c53_61,53,61,0.051,ameli_map,RUS,Russia
c53_62,53,62,0.051,ameli_map,RUS,Russia
c53_63,53,63,0.051,ameli_map,KAZ,Kazakhstan
c53_64,53,64,0.051,ameli_map,KAZ,Kazakhstan
c53_65,53,65,0.051,ameli_map,KAZ,Kazakhstan
c53_66,53,66,0.051,ameli_map,KAZ,Kazakhstan
c53_67,53,67,0.051,ameli_map,KAZ,Kazakhstan
c53_68,53,68,0.051,ameli_map,KAZ,Kazakhstan
c53_69,53,69,0.051,ameli_map,KAZ,Kazakhstan
c53_70,53,70,0.051,ameli_map,KAZ,Kazakhstan
c53_71,53,71,0.051,ameli_map,KAZ,Kazakhstan
c53_72,53,72,0.051,ameli_map,KAZ,Kazakhstan
c53_73,53,73,0.051,ameli_map,KAZ,Kazakhstan
c53_74,53,74,0.051,ameli_map,KAZ,Kazakhstan
c53_75,53,75,0.051,ameli_map,KAZ,Kazakhstan
c53_76,53,76,0.051,ameli_map,KAZ,Kazakhstan
c53_77,53,77,0.051,ameli_map,KAZ,Kazakhstan
c53_78,53,78,0.051,ameli_map,KAZ,Kazakhstan
c53_79,53,79,0.051,ameli_map,RUS,Russia
c53_80,53,80,0.051,ameli_map,RUS,Russia
c53_81,53,81,0.051,ameli_map,RUS,Russia
c53_82,53,82,0.051,ameli_map,RUS,Russia
c53_83,53,83,0.051,ameli_map,RUS,Russia
c53_84,53,84,0.051,ameli_map,RUS,Russia
c53_85,53,85,0.051,ameli_map,RUS,Russia
c53_86,53,86,0.051,ameli_map,RUS,Russia
c53_87,53,87,0.051,ameli_map,RUS,Russia
c53_88,53,88,0.051,ameli_map,RUS,Russia
c53_89,53,89,0.051,ameli_map,RUS,Russia
c53_90,53,90,0.051,ameli_map,RUS,Russia
c53_91,53,91,0.051,ameli_map,RUS,Russia
c53_92,53,92,0.051,ameli_map,RUS,Russia
c53_93,53,93,0.051,ameli_map,RUS,Russia
c53_94,53,94,0.051,ameli_map,RUS,Russia
c53_95,53,95,0.051,ameli_map,RUS,Russia
c53_96,53,96,0.051,ameli_map,RUS,Russia
c53_97,53,97,0.051,ameli_map,RUS,Russia
c53_98,53,98,0.051,ameli_map,RUS,Russia
c53_99,53,99,0.051,ameli_map,RUS,Russia
c53_100,53,100,0.051,ameli_map,RUS,Russia
c53_101,53,101,0.051,ameli_map,RUS,Russia
c53_102,53,102,0.051,ameli_map,RUS,Russia
c53_103,53,103,0.051,ameli_map,RUS,Russia
c53_104,53,104,0.051,ameli_map,RUS,Russia
c53_105,53,105,0.051,ameli_map,RUS,Russia
c53_106,53,106,0.051,ameli_map,RUS,Russia
c53_107,53,107,0.051,ameli_map,RUS,Russia
c53_108,53,108,0.051,ameli_map,RUS,Russia
c53_109,53,109,0.051,ameli_map,RUS,Russia
c53_110,53,110,0.051,ameli_map,RUS,Russia
c53_111,53,111,0.051,ameli_map,RUS,Russia
c53_112,53,112,0.051,ameli_map,RUS,Russia
c53_113,53,113,0.051,ameli_map,RUS,Russia
c53_114,53,114,0.051,ameli_map,RUS,Russia
c53_115,53,115,0.051,ameli_map,RUS,Russia
c53_116,53,116,0.051,ameli_map,RUS,Russia
c53_117,53,117,0.051,ameli_map,RUS,Russia
c53_118,53,118,0.051,ameli_map,RUS,Russia
c53_119,53,119,0.051,ameli_map,RUS,Russia
c53_120,53,120,0.051,ameli_map,RUS,Russia
c53_121,53,121,0.051,ameli_map,CHN,China
c53_122,53,122,0.051,ameli_map,CHN,China
c53_123,53,123,0.051,ameli_map,CHN,China
c53_124,53,124,0.051,ameli_map,CHN,China
c53_125,53,125,0.051,ameli_map,CHN,China
c53_126,53,126,0.051,ameli_map,RUS,Russia
c53_127,53,127,0.051,ameli_map,RUS,Russia
c53_128,53,128,0.051,ameli_map,RUS,Russia
c53_129,53,129,0.051,ameli_map,RUS,Russia
c53_130,53,130,0.051,ameli_map,RUS,Russia
c53_131,53,131,0.051,ameli_map,RUS,Russia
c53_132,53,132,0.051,ameli_map,RUS,Russia
c53_133,53,133,0.051,ameli_map,RUS,Russia
c53_134,53,134,0.051,ameli_map,RUS,Russia
c53_135,53,135,0.051,ameli_map,RUS,Russia
c53_136,53,136,0.051,ameli_map,RUS,Russia
c53_137,53,137,0.051,ameli_map,RUS,Russia
c53_138,53,138,0.051,ameli_map,RUS,Russia
c53_139,53,139,0.051,ameli_map,RUS,Russia
c53_140,53,140,0.051,ameli_map,RUS,Russia
c53_142,53,142,0.051,ameli_map,RUS,Russia
c53_143,53,143,0.051,ameli_map,RUS,Russia
c53_157,53,157,0.051,ameli_map,RUS,Russia
c53_158,53,158,0.051,ameli_map,RUS,Russia
c54_m133,54,-133,0.046,ameli_map,CAN,Canada
c54_m132,54,-132,0.046,ameli_map,CAN,Canada
c54_m130,54,-130,0.046,ameli_map,CAN,Canada
c54_m129,54,-129,0.046,ameli_map,CAN,Canada
c54_m128,54,-128,0.046,ameli_map,CAN,Canada
c54_m127,54,-127,0.046,ameli_map,CAN,Canada
c54_m126,54,-126,0.046,ameli_map,CAN,Canada
c54_m125,54,-125,0.046,ameli_map,CAN,Canada
c54_m124,54,-124,0.046,ameli_map,CAN,Canada
c54_m123,54,-123,0.046,ameli_map,CAN,Canada
c54_m122,54,-122,0.046,ameli_map,CAN,Canada
c54_m121,54,-121,0.046,ameli_map,CAN,Canada
c54_m120,54,-120,0.046,ameli_map,CAN,Canada
c54_m119,54,-119,0.046,ameli_map,CAN,Canada
c54_m118,54,-118,0.046,ameli_map,CAN,Canada
c54_m117,54,-117,0.046,ameli_map,CAN,Canada
c54_m116,54,-116,0.046,ameli_map,CAN,Canada
c54_m115,54,-115,0.046,ameli_map,CAN,Canada
c54_m114,54,-114,0.046,ameli_map,CAN,Canada
c54_m113,54,-113,0.046,ameli_map,CAN,Canada
c54_m112,54,-112,0.046,ameli_map,CAN,Canada
c54_m111,54,-111,0.046,ameli_map,CAN,Canada
c54_m110,54,-110,0.046,ameli_map,CAN,Canada
c54_m109,54,-109,0.046,ameli_map,CAN,Canada
c54_m108,54,-108,0.046,ameli_map,CAN,Canada
c54_m107,54,-107,0.046,ameli_map,CAN,Canada
c54_m106,54,-106,0.046,ameli_map,CAN,Canada
c54_m105,54,-105,0.046,ameli_map,CAN,Canada
c54_m104,54,-104,0.046,ameli_map,CAN,Canada
c54_m103,54,-103,0.046,ameli_map,CAN,Canada
c54_m102,54,-102,0.046,ameli_map,CAN,Canada
c54_m101,54,-101,0.046,ameli_map,CAN,Canada
c54_m100,54,-100,0.046,ameli_map,CAN,Canada
c54_m99,54,-99,0.046,ameli_map,CAN,Canada
c54_m98,54,-98,0.046,ameli_map,CAN,Canada
c54_m97,54,-97,0.046,ameli_map,CAN,Canada
c54_m96,54,-96,0.046,ameli_map,CAN,Canada
c54_m95,54,-95,0.046,ameli_map,CAN,Canada
c54_m94,54,-94,0.046,ameli_map,CAN,Canada
c54_m93,54,-93,0.046,ameli_map,CAN,Canada
c54_m92,54,-92,0.046,ameli_map,CAN,Canada
c54_m91,54,-91,0.046,ameli_map,CAN,Canada
c54_m90,54,-90,0.046,ameli_map,CAN,Canada
c54_m89,54,-89,0.046,ameli_map,CAN,Canada
c54_m88,54,-88,0.046,ameli_map,CAN,Canada
c54_m87,54,-87,0.046,ameli_map,CAN,Canada
c54_m86,54,-86,0.046,ameli_map,CAN,Canada
c54_m85,54,-85,0.046,ameli_map,CAN,Canada
c54_m84,54,-84,0.046,ameli_map,CAN,Canada
c54_m83,54,-83,0.046,ameli_map,CAN,Canada
c54_m78,54,-78,0.046,ameli_map,CAN,Canada
c54_m77,54,-77,0.046,ameli_map,CAN,Canada
c54_m76,54,-76,0.046,ameli_map,CAN,Canada
c54_m75,54,-75,0.046,ameli_map,CAN,Canada
c54_m74,54,-74,0.046,ameli_map,CAN,Canada
c54_m73,54,-73,0.046,ameli_map,CAN,Canada
c54_m72,54,-72,0.046,ameli_map,CAN,Canada
c54_m71,54,-71,0.046,ameli_map,CAN,Canada
c54_m70,54,-70,0.046,ameli_map,CAN,Canada
c54_m69,54,-69,0.046,ameli_map,CAN,Canada
c54_m68,54,-68,0.046,ameli_map,CAN,Canada
c54_m67,54,-67,0.046,ameli_map,CAN,Canada
c54_m66,54,-66,0.046,ameli_map,CAN,Canada
c54_m65,54,-65,0.046,ameli_map,CAN,Canada
c54_m64,54,-64,0.046,ameli_map,CAN,Canada
c54_m63,54,-63,0.046,ameli_map,CAN,Canada
c54_m62,54,-62,0.046,ameli_map,CAN,Canada
c54_m61,54,-61,0.046,ameli_map,CAN,Canada
c54_m60,54,-60,0.046,ameli_map,CAN,Canada
c54_m59,54,-59,0.046,ameli_map,CAN,Canada
c54_m58,54,-58,0.046,ameli_map,CAN,Canada
c54_m10,54,-10,0.04,ameli_map,IRL,Ireland
c54_m9,54,-9,0.04,ameli_map,IRL,Ireland
c54_m8,54,-8,0.04,ameli_map,IRL,Ireland
c54_m7,54,-7,0.04,ameli_map,IRL,Ireland
c54_m2,54,-2,0.043,ameli_map,GBR,United Kingdom
c54_m1,54,-1,0.043,ameli_map,GBR,United Kingdom
c54_10,54,10,0.04,ameli_map,DEU,Germany
c54_12,54,12,0.04,ameli_map,DEU,Germany
c54_13,54,13,0.04,ameli_map,DEU,Germany
c54_15,54,15,0.051,ameli_map,POL,Poland
c54_16,54,16,0.051,ameli_map,POL,Poland
c54_17,54,17,0.051,ameli_map,POL,Poland
c54_18,54,18,0.051,ameli_map,POL,Poland
c54_19,54,19,0.051,ameli_map,POL,Poland
c54_20,54,20,0.051,ameli_map,POL,Poland
c54_21,54,21,0.051,ameli_map,POL,Poland
c54_22,54,22,0.051,ameli_map,POL,Poland
c54_23,54,23,0.051,ameli_map,POL,Poland
c54_24,54,24,0.051,ameli_map,LTU,Lithuania
c54_25,54,25,0.051,ameli_map,BLR,Belarus
c54_26,54,26,0.051,ameli_map,BLR,Belarus
c54_27,54,27,0.051,ameli_map,BLR,Belarus
c54_28,54,28,0.051,ameli_map,BLR,Belarus
c54_29,54,29,0.051,ameli_map,BLR,Belarus
c54_30,54,30,0.051,ameli_map,BLR,Belarus
c54_31,54,31,0.051,ameli_map,BLR,Belarus
c54_32,54,32,0.051,ameli_map,RUS,Russia
c54_33,54,33,0.051,ameli_map,RUS,Russia
c54_34,54,34,0.051,ameli_map,RUS,Russia
c54_35,54,35,0.051,ameli_map,RUS,Russia
c54_36,54,36,0.051,ameli_map,RUS,Russia
c54_37,54,37,0.051,ameli_map,RUS,Russia
c54_38,54,38,0.051,ameli_map,RUS,Russia
c54_39,54,39,0.051,ameli_map,RUS,Russia
c54_40,54,40,0.051,ameli_map,RUS,Russia
c54_41,54,41,0.051,ameli_map,RUS,Russia
c54_42,54,42,0.051,ameli_map,RUS,Russia
c54_43,54,43,0.051,ameli_map,RUS,Russia
c54_44,54,44,0.051,ameli_map,RUS,Russia
c54_45,54,45,0.051,ameli_map,RUS,Russia
c54_46,54,46,0.051,ameli_map,RUS,Russia
c54_47,54,47,0.051,ameli_map,RUS,Russia
c54_48,54,48,0.051,ameli_map,RUS,Russia
c54_49,54,49,0.051,ameli_map,RUS,Russia
c54_50,54,50,0.051,ameli_map,RUS,Russia
c54_51,54,51,0.051,ameli_map,RUS,Russia
c54_52,54,52,0.051,ameli_map,RUS,Russia
c54_53,54,53,0.051,ameli_map,RUS,Russia
c54_54,54,54,0.051,ameli_map,RUS,Russia
c54_55,54,55,0.051,ameli_map,RUS,Russia
c54_56,54,56,0.051,ameli_map,RUS,Russia
c54_57,54,57,0.051,ameli_map,RUS,Russia
c54_58,54,58,0.051,ameli_map,RUS,Russia
c54_59,54,59,0.051,ameli_map,RUS,Russia
c54_60,54,60,0.051,ameli_map,RUS,Russia
c54_61,54,61,0.051,ameli_map,RUS,Russia
c54_62,54,62,0.051,ameli_map,RUS,Russia
c54_63,54,63,0.051,ameli_map,KAZ,Kazakhstan
c54_64,54,64,0.051,ameli_map,KAZ,Kazakhstan
c54_65,54,65,0.051,ameli_map,KAZ,Kazakhstan
c54_66,54,66,0.051,ameli_map,KAZ,Kazakhstan
c54_67,54,67,0.051,ameli_map,KAZ,Kazakhstan
c54_68,54,68,0.051,ameli_map,KAZ,Kazakhstan
c54_69,54,69,0.051,ameli_map,KAZ,Kazakhstan
c54_70,54,70,0.051,ameli_map,KAZ,Kazakhstan
c54_71,54,71,0.051,ameli_map,KAZ,Kazakhstan
c54_72,54,72,0.051,ameli_map,KAZ,Kazakhstan
c54_73,54,73,0.051,ameli_map,KAZ,Kazakhstan
c54_74,54,74,0.051,ameli_map,RUS,Russia
c54_75,54,75,0.051,ameli_map,RUS,Russia
c54_76,54,76,0.051,ameli_map,KAZ,Kazakhstan
c54_77,54,77,0.051,ameli_map,RUS,Russia
c54_78,54,78,0.051,ameli_map,RUS,Russia
c54_79,54,79,0.051,ameli_map,RUS,Russia
c54_80,54,80,0.051,ameli_map,RUS,Russia
c54_81,54,81,0.051,ameli_map,RUS,Russia
c54_82,54,82,0.051,ameli_map,RUS,Russia
c54_83,54,83,0.051,ameli_map,RUS,Russia
c54_84,54,84,0.051,ameli_map,RUS,Russia
c54_85,54,85,0.051,ameli_map,RUS,Russia
c54_86,54,86,0.051,ameli_map,RUS,Russia
c54_87,54,87,0.051,ameli_map,RUS,Russia
c54_88,54,88,0.051,ameli_map,RUS,Russia
c54_89,54,89,0.051,ameli_map,RUS,Russia
c54_90,54,90,0.051,ameli_map,RUS,Russia
c54_91,54,91,0.051,ameli_map,RUS,Russia
c54_92,54,92,0.051,ameli_map,RUS,Russia
c54_93,54,93,0.051,ameli_map,RUS,Russia
c54_94,54,94,0.051,ameli_map,RUS,Russia
c54_95,54,95,0.051,ameli_map,RUS,Russia
c54_96,54,96,0.051,ameli_map,RUS,Russia
c54_97,54,97,0.051,ameli_map,RUS,Russia
c54_98,54,98,0.051,ameli_map,RUS,Russia
c54_99,54,99,0.051,ameli_map,RUS,Russia
c54_100,54,100,0.051,ameli_map,RUS,Russia
c54_101,54,101,0.051,ameli_map,RUS,Russia
c54_102,54,102,0.051,ameli_map,RUS,Russia
c54_103,54,103,0.051,ameli_map,RUS,Russia
c54_104,54,104,0.051,ameli_map,RUS,Russia
c54_105,54,105,0.051,ameli_map,RUS,Russia
c54_106,54,106,0.051,ameli_map,RUS,Russia
c54_107,54,107,0.051,ameli_map,RUS,Russia
c54_108,54,108,0.051,ameli_map,RUS,Russia
c54_109,54,109,0.051,ameli_map,RUS,Russia
c54_110,54,110,0.051,ameli_map,RUS,Russia
c54_111,54,111,0.051,ameli_map,RUS,Russia
c54_112,54,112,0.051,ameli_map,RUS,Russia
c54_113,54,113,0.051,ameli_map,RUS,Russia
c54_114,54,114,0.051,ameli_map,RUS,Russia
c54_115,54,115,0.051,ameli_map,RUS,Russia
c54_116,54,116,0.051,ameli_map,RUS,Russia
c54_117,54,117,0.051,ameli_map,RUS,Russia
c54_118,54,118,0.051,ameli_map,RUS,Russia
c54_119,54,119,0.051,ameli_map,RUS,Russia
c54_120,54,120,0.051,ameli_map,RUS,Russia
c54_121,54,121,0.051,ameli_map,RUS,Russia
c54_122,54,122,0.051,ameli_map,RUS,Russia
c54_123,54,123,0.051,ameli_map,RUS,Russia
c54_124,54,124,0.051,ameli_map,RUS,Russia
c54_125,54,125,0.051,ameli_map,RUS,Russia
c54_126,54,126,0.051,ameli_map,RUS,Russia
c54_127,54,127,0.051,ameli_map,RUS,Russia
c54_128,54,128,0.051,ameli_map,RUS,Russia
c54_129,54,129,0.051,ameli_map,RUS,Russia
c54_130,54,130,0.051,ameli_map,RUS,Russia
c54_131,54,131,0.051,ameli_map,RUS,Russia
c54_132,54,132,0.051,ameli_map,RUS,Russia
c54_133,54,133,0.051,ameli_map,RUS,Russia
c54_134,54,134,0.051,ameli_map,RUS,Russia
c54_135,54,135,0.051,ameli_map,RUS,Russia
c54_136,54,136,0.051,ameli_map,RUS,Russia
c54_139,54,139,0.051,ameli_map,RUS,Russia
c54_140,54,140,0.051,ameli_map,RUS,Russia
c54_156,54,156,0.051,ameli_map,RUS,Russia
c54_157,54,157,0.051,ameli_map,RUS,Russia
c54_158,54,158,0.051,ameli_map,RUS,Russia
c54_159,54,159,0.051,ameli_map,RUS,Russia
c55_m133,55,-133,0.044,ameli_map,USA,United States
c55_m132,55,-132,0.044,ameli_map,USA,United States
c55_m131,55,-131,0.044,ameli_map,USA,United States
c55_m130,55,-130,0.046,ameli_map,CAN,Canada
c55_m129,55,-129,0.046,ameli_map,CAN,Canada
c55_m128,55,-128,0.046,ameli_map,CAN,Canada
c55_m127,55,-127,0.046,ameli_map,CAN,Canada
c55_m126,55,-126,0.046,ameli_map,CAN,Canada
c55_m125,55,-125,0.046,ameli_map,CAN,Canada
c55_m124,55,-124,0.046,ameli_map,CAN,Canada
c55_m123,55,-123,0.046,ameli_map,CAN,Canada
c55_m122,55,-122,0.046,ameli_map,CAN,Canada
c55_m121,55,-121,0.046,ameli_map,CAN,Canada
c55_m120,55,-120,0.046,ameli_map,CAN,Canada
c55_m119,55,-119,0.046,ameli_map,CAN,Canada
c55_m118,55,-118,0.046,ameli_map,CAN,Canada
c55_m117,55,-117,0.046,ameli_map,CAN,Canada
c55_m116,55,-116,0.046,ameli_map,CAN,Canada
c55_m115,55,-115,0.046,ameli_map,CAN,Canada
c55_m114,55,-114,0.046,ameli_map,CAN,Canada
c55_m113,55,-113,0.046,ameli_map,CAN,Canada
c55_m112,55,-112,0.046,ameli_map,CAN,Canada
c55_m111,55,-111,0.046,ameli_map,CAN,Canada
c55_m110,55,-110,0.046,ameli_map,CAN,Canada
c55_m109,55,-109,0.046,ameli_map,CAN,Canada
c55_m108,55,-108,0.046,ameli_map,CAN,Canada
c55_m107,55,-107,0.046,ameli_map,CAN,Canada
c55_m106,55,-106,0.046,ameli_map,CAN,Canada
c55_m105,55,-105,0.046,ameli_map,CAN,Canada
c55_m104,55,-104,0.046,ameli_map,CAN,Canada
c55_m103,55,-103,0.046,ameli_map,CAN,Canada
c55_m102,55,-102,0.046,ameli_map,CAN,Canada
c55_m101,55,-101,0.046,ameli_map,CAN,Canada
c55_m100,55,-100,0.046,ameli_map,CAN,Canada
c55_m99,55,-99,0.046,ameli_map,CAN,Canada
c55_m98,55,-98,0.046,ameli_map,CAN,Canada
c55_m97,55,-97,0.046,ameli_map,CAN,Canada
c55_m96,55,-96,0.046,ameli_map,CAN,Canada
c55_m95,55,-95,0.046,ameli_map,CAN,Canada
c55_m94,55,-94,0.046,ameli_map,CAN,Canada
c55_m93,55,-93,0.046,ameli_map,CAN,Canada
c55_m92,55,-92,0.046,ameli_map,CAN,Canada
c55_m91,55,-91,0.046,ameli_map,CAN,Canada
c55_m90,55,-90,0.046,ameli_map,CAN,Canada
c55_m89,55,-89,0.046,ameli_map,CAN,Canada
c55_m88,55,-88,0.046,ameli_map,CAN,Canada
c55_m87,55,-87,0.046,ameli_map,CAN,Canada
c55_m86,55,-86,0.046,ameli_map,CAN,Canada
c55_m85,55,-85,0.046,ameli_map,CAN,Canada
c55_m84,55,-84,0.046,ameli_map,CAN,Canada
c55_m83,55,-83,0.046,ameli_map,CAN,Canada
c55_m78,55,-78,0.046,ameli_map,CAN,Canada
c55_m77,55,-77,0.046,ameli_map,CAN,Canada
c55_m76,55,-76,0.046,ameli_map,CAN,Canada
c55_m75,55,-75,0.046,ameli_map,CAN,Canada
c55_m74,55,-74,0.046,ameli_map,CAN,Canada
c55_m73,55,-73,0.046,ameli_map,CAN,Canada
c55_m72,55,-72,0.046,ameli_map,CAN,Canada
c55_m71,55,-71,0.046,ameli_map,CAN,Canada
c55_m70,55,-70,0.046,ameli_map,CAN,Canada
c55_m69,55,-69,0.046,ameli_map,CAN,Canada
c55_m68,55,-68,0.046,ameli_map,CAN,Canada
c55_m67,55,-67,0.046,ameli_map,CAN,Canada
c55_m66,55,-66,0.046,ameli_map,CAN,Canada
c55_m65,55,-65,0.046,ameli_map,CAN,Canada
c55_m64,55,-64,0.046,ameli_map,CAN,Canada
c55_m63,55,-63,0.046,ameli_map,CAN,Canada
c55_m62,55,-62,0.046,ameli_map,CAN,Canada
c55_m61,55,-61,0.046,ameli_map,CAN,Canada
c55_m60,55,-60,0.046,ameli_map,CAN,Canada
c55_m59,55,-59,0.046,ameli_map,CAN,Canada
c55_m8,55,-8,0.04,ameli_map,IRL,Ireland
c55_m7,55,-7,0.043,ameli_map,GBR,United Kingdom
c55_m6,55,-6,0.043,ameli_map,GBR,United Kingdom
c55_m5,55,-5,0.043,ameli_map,GBR,United Kingdom
c55_m4,55,-4,0.043,ameli_map,GBR,United Kingdom
c55_m3,55,-3,0.043,ameli_map,GBR,United Kingdom
c55_m2,55,-2,0.043,ameli_map,GBR,United Kingdom
c55_9,55,9,0.04,ameli_map,DNK,Denmark
c55_12,55,12,0.04,ameli_map,DNK,Denmark
c55_15,55,15,0.04,ameli_map,DNK,Denmark
c55_22,55,22,0.051,ameli_map,RUS,Russia
c55_23,55,23,0.051,ameli_map,LTU,Lithuania
c55_24,55,24,0.051,ameli_map,LTU,Lithuania
c55_25,55,25,0.051,ameli_map,LTU,Lithuania
c55_26,55,26,0.051,ameli_map,LTU,Lithuania
c55_27,55,27,0.051,ameli_map,BLR,Belarus
c55_28,55,28,0.051,ameli_map,BLR,Belarus
c55_29,55,29,0.051,ameli_map,BLR,Belarus
c55_30,55,30,0.051,ameli_map,BLR,Belarus
c55_31,55,31,0.051,ameli_map,RUS,Russia
c55_32,55,32,0.051,ameli_map,RUS,Russia
c55_33,55,33,0.051,ameli_map,RUS,Russia
c55_34,55,34,0.051,ameli_map,RUS,Russia
c55_35,55,35,0.051,ameli_map,RUS,Russia
c55_36,55,36,0.051,ameli_map,RUS,Russia
c55_37,55,37,0.051,ameli_map,RUS,Russia
c55_38,55,38,0.051,ameli_map,RUS,Russia
c55_39,55,39,0.051,ameli_map,RUS,Russia
c55_40,55,40,0.051,ameli_map,RUS,Russia
c55_41,55,41,0.051,ameli_map,RUS,Russia
c55_42,55,42,0.051,ameli_map,RUS,Russia
c55_43,55,43,0.051,ameli_map,RUS,Russia
c55_44,55,44,0.051,ameli_map,RUS,Russia
c55_45,55,45,0.051,ameli_map,RUS,Russia
c55_46,55,46,0.051,ameli_map,RUS,Russia
c55_47,55,47,0.051,ameli_map,RUS,Russia
c55_48,55,48,0.051,ameli_map,RUS,Russia
c55_49,55,49,0.051,ameli_map,RUS,Russia
c55_50,55,50,0.051,ameli_map,RUS,Russia
c55_51,55,51,0.051,ameli_map,RUS,Russia
c55_52,55,52,0.051,ameli_map,RUS,Russia
c55_53,55,53,0.051,ameli_map,RUS,Russia
c55_54,55,54,0.051,ameli_map,RUS,Russia
c55_55,55,55,0.051,ameli_map,RUS,Russia
c55_56,55,56,0.051,ameli_map,RUS,Russia
c55_57,55,57,0.051,ameli_map,RUS,Russia
c55_58,55,58,0.051,ameli_map,RUS,Russia
c55_59,55,59,0.051,ameli_map,RUS,Russia
c55_60,55,60,0.051,ameli_map,RUS,Russia
c55_61,55,61,0.051,ameli_map,RUS,Russia
c55_62,55,62,0.051,ameli_map,RUS,Russia
c55_63,55,63,0.051,ameli_map,RUS,Russia
c55_64,55,64,0.051,ameli_map,RUS,Russia
c55_65,55,65,0.051,ameli_map,RUS,Russia
c55_66,55,66,0.051,ameli_map,RUS,Russia
c55_67,55,67,0.051,ameli_map,RUS,Russia
c55_68,55,68,0.051,ameli_map,RUS,Russia
c55_69,55,69,0.051,ameli_map,KAZ,Kazakhstan
c55_70,55,70,0.051,ameli_map,KAZ,Kazakhstan
c55_71,55,71,0.051,ameli_map,KAZ,Kazakhstan
c55_72,55,72,0.051,ameli_map,RUS,Russia
c55_73,55,73,0.051,ameli_map,RUS,Russia
c55_74,55,74,0.051,ameli_map,RUS,Russia
c55_75,55,75,0.051,ameli_map,RUS,Russia
c55_76,55,76,0.051,ameli_map,RUS,Russia
c55_77,55,77,0.051,ameli_map,RUS,Russia
c55_78,55,78,0.051,ameli_map,RUS,Russia
c55_79,55,79,0.051,ameli_map,RUS,Russia
c55_80,55,80,0.051,ameli_map,RUS,Russia
c55_81,55,81,0.051,ameli_map,RUS,Russia
c55_82,55,82,0.051,ameli_map,RUS,Russia
c55_83,55,83,0.051,ameli_map,RUS,Russia
c55_84,55,84,0.051,ameli_map,RUS,Russia
c55_85,55,85,0.051,ameli_map,RUS,Russia
c55_86,55,86,0.051,ameli_map,RUS,Russia
c55_87,55,87,0.051,ameli_map,RUS,Russia
c55_88,55,88,0.051,ameli_map,RUS,Russia
c55_89,55,89,0.051,ameli_map,RUS,Russia
c55_90,55,90,0.051,ameli_map,RUS,Russia
c55_91,55,91,0.051,ameli_map,RUS,Russia
c55_92,55,92,0.051,ameli_map,RUS,Russia
c55_93,55,93,0.051,ameli_map,RUS,Russia
c55_94,55,94,0.051,ameli_map,RUS,Russia
c55_95,55,95,0.051,ameli_map,RUS,Russia
c55_96,55,96,0.051,ameli_map,RUS,Russia
c55_97,55,97,0.051,ameli_map,RUS,Russia
c55_98,55,98,0.051,ameli_map,RUS,Russia
c55_99,55,99,0.051,ameli_map,RUS,Russia
c55_100,55,100,0.051,ameli_map,RUS,Russia
c55_101,55,101,0.051,ameli_map,RUS,Russia
c55_102,55,102,0.051,ameli_map,RUS,Russia
c55_103,55,103,0.051,ameli_map,RUS,Russia
c55_104,55,104,0.051,ameli_map,RUS,Russia
c55_105,55,105,0.051,ameli_map,RUS,Russia
c55_106,55,106,0.051,ameli_map,RUS,Russia
c55_107,55,107,0.051,ameli_map,RUS,Russia
c55_108,55,108,0.051,ameli_map,RUS,Russia
c55_109,55,109,0.051,ameli_map,RUS,Russia
c55_110,55,110,0.051,ameli_map,RUS,Russia
c55_111,55,111,0.051,ameli_map,RUS,Russia
c55_112,55,112,0.051,ameli_map,RUS,Russia
c55_113,55,113,0.051,ameli_map,RUS,Russia
c55_114,55,114,0.051,ameli_map,RUS,Russia
c55_115,55,115,0.051,ameli_map,RUS,Russia
c55_116,55,116,0.051,ameli_map,RUS,Russia
c55_117,55,117,0.051,ameli_map,RUS,Russia
c55_118,55,118,0.051,ameli_map,RUS,Russia
c55_119,55,119,0.051,ameli_map,RUS,Russia
c55_120,55,120,0.051,ameli_map,RUS,Russia
c55_121,55,121,0.051,ameli_map,RUS,Russia
c55_122,55,122,0.051,ameli_map,RUS,Russia
c55_123,55,123,0.051,ameli_map,RUS,Russia
c55_124,55,124,0.051,ameli_map,RUS,Russia
c55_125,55,125,0.051,ameli_map,RUS,Russia
c55_126,55,126,0.051,ameli_map,RUS,Russia
c55_127,55,127,0.051,ameli_map,RUS,Russia
c55_128,55,128,0.051,ameli_map,RUS,Russia
c55_129,55,129,0.051,ameli_map,RUS,Russia
c55_130,55,130,0.051,ameli_map,RUS,Russia
c55_131,55,131,0.051,ameli_map,RUS,Russia
c55_132,55,132,0.051,ameli_map,RUS,Russia
c55_133,55,133,0.051,ameli_map,RUS,Russia
c55_134,55,134,0.051,ameli_map,RUS,Russia
c55_135,55,135,0.051,ameli_map,RUS,Russia
c55_137,55,137,0.051,ameli_map,RUS,Russia
c55_138,55,138,0.051,ameli_map,RUS,Russia
c55_156,55,156,0.051,ameli_map,RUS,Russia
c55_157,55,157,0.051,ameli_map,RUS,Russia
c55_158,55,158,0.051,ameli_map,RUS,Russia
c55_159,55,159,0.051,ameli_map,RUS,Russia
c55_160,55,160,0.051,ameli_map,RUS,Russia
c55_161,55,161,0.051,ameli_map,RUS,Russia
c55_162,55,162,0.051,ameli_map,RUS,Russia
c56_m160,56,-160,0.044,ameli_map,USA,United States
c56_m159,56,-159,0.044,ameli_map,USA,United States
c56_m133,56,-133,0.044,ameli_map,USA,United States
c56_m132,56,-132,0.044,ameli_map,USA,United States
c56_m131,56,-131,0.044,ameli_map,USA,United States
c56_m130,56,-130,0.046,ameli_map,CAN,Canada
c56_m129,56,-129,0.046,ameli_map,CAN,Canada
c56_m128,56,-128,0.046,ameli_map,CAN,Canada
c56_m127,56,-127,0.046,ameli_map,CAN,Canada
c56_m126,56,-126,0.046,ameli_map,CAN,Canada
c56_m125,56,-125,0.046,ameli_map,CAN,Canada
c56_m124,56,-124,0.046,ameli_map,CAN,Canada
c56_m123,56,-123,0.046,ameli_map,CAN,Canada
c56_m122,56,-122,0.046,ameli_map,CAN,Canada
c56_m121,56,-121,0.046,ameli_map,CAN,Canada
c56_m120,56,-120,0.046,ameli_map,CAN,Canada
c56_m119,56,-119,0.046,ameli_map,CAN,Canada
c56_m118,56,-118,0.046,ameli_map,CAN,Canada
c56_m117,56,-117,0.046,ameli_map,CAN,Canada
c56_m116,56,-116,0.046,ameli_map,CAN,Canada
c56_m115,56,-115,0.046,ameli_map,CAN,Canada
c56_m114,56,-114,0.046,ameli_map,CAN,Canada
c56_m113,56,-113,0.046,ameli_map,CAN,Canada
c56_m112,56,-112,0.046,ameli_map,CAN,Canada
c56_m111,56,-111,0.046,ameli_map,CAN,Canada
c56_m110,56,-110,0.046,ameli_map,CAN,Canada
c56_m109,56,-109,0.046,ameli_map,CAN,Canada
c56_m108,56,-108,0.046,ameli_map,CAN,Canada
c56_m107,56,-107,0.046,ameli_map,CAN,Canada
c56_m106,56,-106,0.046,ameli_map,CAN,Canada
c56_m105,56,-105,0.046,ameli_map,CAN,Canada
c56_m104,56,-104,0.046,ameli_map,CAN,Canada
c56_m103,56,-103,0.046,ameli_map,CAN,Canada
c56_m102,56,-102,0.046,ameli_map,CAN,Canada
c56_m101,56,-101,0.046,ameli_map,CAN,Canada
c56_m100,56,-100,0.046,ameli_map,CAN,Canada
c56_m99,56,-99,0.046,ameli_map,CAN,Canada
c56_m98,56,-98,0.046,ameli_map,CAN,Canada
c56_m97,56,-97,0.046,ameli_map,CAN,Canada
c56_m96,56,-96,0.046,ameli_map,CAN,Canada
c56_m95,56,-95,0.046,ameli_map,CAN,Canada
c56_m94,56,-94,0.046,ameli_map,CAN,Canada
c56_m93,56,-93,0.046,ameli_map,CAN,Canada
c56_m92,56,-92,0.046,ameli_map,CAN,Canada
c56_m91,56,-91,0.046,ameli_map,CAN,Canada
c56_m90,56,-90,0.046,ameli_map,CAN,Canada
c56_m89,56,-89,0.046,ameli_map,CAN,Canada
c56_m88,56,-88,0.046,ameli_map,CAN,Canada
c56_m79,56,-79,0.046,ameli_map,CAN,Canada
c56_m76,56,-76,0.046,ameli_map,CAN,Canada
c56_m75,56,-75,0.046,ameli_map,CAN,Canada
c56_m74,56,-74,0.046,ameli_map,CAN,Canada
c56_m73,56,-73,0.046,ameli_map,CAN,Canada
c56_m72,56,-72,0.046,ameli_map,CAN,Canada
c56_m71,56,-71,0.046,ameli_map,CAN,Canada
c56_m70,56,-70,0.046,ameli_map,CAN,Canada
c56_m69,56,-69,0.046,ameli_map,CAN,Canada
c56_m68,56,-68,0.046,ameli_map,CAN,Canada
c56_m67,56,-67,0.046,ameli_map,CAN,Canada
c56_m66,56,-66,0.046,ameli_map,CAN,Canada
c56_m65,56,-65,0.046,ameli_map,CAN,Canada
c56_m64,56,-64,0.046,ameli_map,CAN,Canada
c56_m63,56,-63,0.046,ameli_map,CAN,Canada
c56_m62,56,-62,0.046,ameli_map,CAN,Canada
c56_m5,56,-5,0.043,ameli_map,GBR,United Kingdom
c56_m4,56,-4,0.043,ameli_map,GBR,United Kingdom
c56_9,56,9,0.04,ameli_map,DNK,Denmark
c56_10,56,10,0.04,ameli_map,DNK,Denmark
c56_12,56,12,0.04,ameli_map,DNK,Denmark
c56_13,56,13,0.04,ameli_map,SWE,Sweden
c56_14,56,14,0.04,ameli_map,SWE,Sweden
c56_22,56,22,0.051,ameli_map,LTU,Lithuania
c56_23,56,23,0.051,ameli_map,LTU,Lithuania
c56_24,56,24,0.051,ameli_map,LTU,Lithuania
c56_25,56,25,0.051,ameli_map,LTU,Lithuania
c56_26,56,26,0.051,ameli_map,LVA,Latvia
c56_27,56,27,0.051,ameli_map,LVA,Latvia
c56_28,56,28,0.051,ameli_map,BLR,Belarus
c56_29,56,29,0.051,ameli_map,BLR,Belarus
c56_30,56,30,0.051,ameli_map,RUS,Russia
c56_31,56,31,0.051,ameli_map,RUS,Russia
c56_32,56,32,0.051,ameli_map,RUS,Russia
c56_33,56,33,0.051,ameli_map,RUS,Russia
c56_34,56,34,0.051,ameli_map,RUS,Russia
c56_35,56,35,0.051,ameli_map,RUS,Russia
c56_36,56,36,0.051,ameli_map,RUS,Russia
c56_37,56,37,0.051,ameli_map,RUS,Russia
c56_38,56,38,0.051,ameli_map,RUS,Russia
c56_39,56,39,0.051,ameli_map,RUS,Russia
c56_40,56,40,0.051,ameli_map,RUS,Russia
c56_41,56,41,0.051,ameli_map,RUS,Russia
c56_42,56,42,0.051,ameli_map,RUS,Russia
c56_43,56,43,0.051,ameli_map,RUS,Russia
c56_44,56,44,0.051,ameli_map,RUS,Russia
c56_45,56,45,0.051,ameli_map,RUS,Russia
c56_46,56,46,0.051,ameli_map,RUS,Russia
c56_47,56,47,0.051,ameli_map,RUS,Russia
c56_48,56,48,0.051,ameli_map,RUS,Russia
c56_49,56,49,0.051,ameli_map,RUS,Russia
c56_50,56,50,0.051,ameli_map,RUS,Russia
c56_51,56,51,0.051,ameli_map,RUS,Russia
c56_52,56,52,0.051,ameli_map,RUS,Russia
c56_53,56,53,0.051,ameli_map,RUS,Russia
c56_54,56,54,0.051,ameli_map,RUS,Russia
c56_55,56,55,0.051,ameli_map,RUS,Russia
c56_56,56,56,0.051,ameli_map,RUS,Russia
c56_57,56,57,0.051,ameli_map,RUS,Russia
c56_58,56,58,0.051,ameli_map,RUS,Russia
c56_59,56,59,0.051,ameli_map,RUS,Russia
c56_60,56,60,0.051,ameli_map,RUS,Russia
c56_61,56,61,0.051,ameli_map,RUS,Russia
c56_62,56,62,0.051,ameli_map,RUS,Russia
c56_63,56,63,0.051,ameli_map,RUS,Russia
c56_64,56,64,0.051,ameli_map,RUS,Russia
c56_65,56,65,0.051,ameli_map,RUS,Russia
c56_66,56,66,0.051,ameli_map,RUS,Russia
c56_67,56,67,0.051,ameli_map,RUS,Russia
c56_68,56,68,0.051,ameli_map,RUS,Russia
c56_69,56,69,0.051,ameli_map,RUS,Russia
c56_70,56,70,0.051,ameli_map,RUS,Russia
c56_71,56,71,0.051,ameli_map,RUS,Russia
c56_72,56,72,0.051,ameli_map,RUS,Russia
c56_73,56,73,0.051,ameli_map,RUS,Russia
c56_74,56,74,0.051,ameli_map,RUS,Russia
c56_75,56,75,0.051,ameli_map,RUS,Russia
c56_76,56,76,0.051,ameli_map,RUS,Russia
c56_77,56,77,0.051,ameli_map,RUS,Russia
c56_78,56,78,0.051,ameli_map,RUS,Russia
c56_79,56,79,0.051,ameli_map,RUS,Russia
c56_80,56,80,0.051,ameli_map,RUS,Russia
c56_81,56,81,0.051,ameli_map,RUS,Russia
c56_82,56,82,0.051,ameli_map,RUS,Russia
c56_83,56,83,0.051,ameli_map,RUS,Russia
c56_84,56,84,0.051,ameli_map,RUS,Russia
c56_85,56,85,0.051,ameli_map,RUS,Russia
c56_86,56,86,0.051,ameli_map,RUS,Russia
c56_87,56,87,0.051,ameli_map,RUS,Russia
c56_88,56,88,0.051,ameli_map,RUS,Russia
c56_89,56,89,0.051,ameli_map,RUS,Russia
c56_90,56,90,0.051,ameli_map,RUS,Russia
c56_91,56,91,0.051,ameli_map,RUS,Russia
c56_92,56,92,0.051,ameli_map,RUS,Russia
c56_93,56,93,0.051,ameli_map,RUS,Russia
c56_94,56,94,0.051,ameli_map,RUS,Russia
c56_95,56,95,0.051,ameli_map,RUS,Russia
c56_96,56,96,0.051,ameli_map,RUS,Russia
c56_97,56,97,0.051,ameli_map,RUS,Russia
c56_98,56,98,0.051,ameli_map,RUS,Russia
c56_99,56,99,0.051,ameli_map,RUS,Russia
c56_100,56,100,0.051,ameli_map,RUS,Russia
c56_101,56,101,0.051,ameli_map,RUS,Russia
c56_102,56,102,0.051,ameli_map,RUS,Russia
c56_103,56,103,0.051,ameli_map,RUS,Russia
c56_104,56,104,0.051,ameli_map,RUS,Russia
c56_105,56,105,0.051,ameli_map,RUS,Russia
c56_106,56,106,0.051,ameli_map,RUS,Russia
c56_107,56,107,0.051,ameli_map,RUS,Russia
c56_108,56,108,0.051,ameli_map,RUS,Russia
c56_109,56,109,0.051,ameli_map,RUS,Russia
c56_110,56,110,0.051,ameli_map,RUS,Russia
c56_111,56,111,0.051,ameli_map,RUS,Russia
c56_112,56,112,0.051,ameli_map,RUS,Russia
c56_113,56,113,0.051,ameli_map,RUS,Russia
c56_114,56,114,0.051,ameli_map,RUS,Russia
c56_115,56,115,0.051,ameli_map,RUS,Russia
c56_116,56,116,0.051,ameli_map,RUS,Russia
c56_117,56,117,0.051,ameli_map,RUS,Russia
c56_118,56,118,0.051,ameli_map,RUS,Russia
c56_119,56,119,0.051,ameli_map,RUS,Russia
c56_120,56,120,0.051,ameli_map,RUS,Russia
c56_121,56,121,0.051,ameli_map,RUS,Russia
c56_122,56,122,0.051,ameli_map,RUS,Russia
c56_123,56,123,0.051,ameli_map,RUS,Russia
c56_124,56,124,0.051,ameli_map,RUS,Russia
c56_125,56,125,0.051,ameli_map,RUS,Russia
c56_126,56,126,0.051,ameli_map,RUS,Russia
c56_127,56,127,0.051,ameli_map,RUS,Russia
c56_128,56,128,0.051,ameli_map,RUS,Russia
c56_129,56,129,0.051,ameli_map,RUS,Russia
c56_130,56,130,0.051,ameli_map,RUS,Russia
c56_131,56,131,0.051,ameli_map,RUS,Russia
c56_132,56,132,0.051,ameli_map,RUS,Russia
c56_133,56,133,0.051,ameli_map,RUS,Russia
c56_134,56,134,0.051,ameli_map,RUS,Russia
c56_135,56,135,0.051,ameli_map,RUS,Russia
c56_136,56,136,0.051,ameli_map,RUS,Russia
c56_137,56,137,0.051,ameli_map,RUS,Russia
c56_156,56,156,0.051,ameli_map,RUS,Russia
c56_157,56,157,0.051,ameli_map,RUS,Russia
c56_158,56,158,0.051,ameli_map,RUS,Russia
c56_159,56,159,0.051,ameli_map,RUS,Russia
c56_160,56,160,0.051,ameli_map,RUS,Russia
c56_161,56,161,0.051,ameli_map,RUS,Russia
c56_162,56,162,0.051,ameli_map,RUS,Russia
c57_m158,57,-158,0.044,ameli_map,USA,United States
c57_m157,57,-157,0.044,ameli_map,USA,United States
c57_m135,57,-135,0.044,ameli_map,USA,United States
c57_m134,57,-134,0.044,ameli_map,USA,United States
c57_m132,57,-132,0.046,ameli_map,CAN,Canada
c57_m131,57,-131,0.046,ameli_map,CAN,Canada
c57_m130,57,-130,0.046,ameli_map,CAN,Canada
c57_m129,57,-129,0.046,ameli_map,CAN,Canada
c57_m128,57,-128,0.046,ameli_map,CAN,Canada
c57_m127,57,-127,0.046,ameli_map,CAN,Canada
c57_m126,57,-126,0.046,ameli_map,CAN,Canada
c57_m125,57,-125,0.046,ameli_map,CAN,Canada
c57_m124,57,-124,0.046,ameli_map,CAN,Canada
c57_m123,57,-123,0.046,ameli_map,CAN,Canada
c57_m122,57,-122,0.046,ameli_map,CAN,Canada
c57_m121,57,-121,0.046,ameli_map,CAN,Canada
c57_m120,57,-120,0.046,ameli_map,CAN,Canada
c57_m119,57,-119,0.046,ameli_map,CAN,Canada
c57_m118,57,-118,0.046,ameli_map,CAN,Canada
c57_m117,57,-117,0.046,ameli_map,CAN,Canada
c57_m116,57,-116,0.046,ameli_map,CAN,Canada
c57_m115,57,-115,0.046,ameli_map,CAN,Canada
c57_m114,57,-114,0.046,ameli_map,CAN,Canada
c57_m113,57,-113,0.046,ameli_map,CAN,Canada
c57_m112,57,-112,0.046,ameli_map,CAN,Canada
c57_m111,57,-111,0.046,ameli_map,CAN,Canada
c57_m110,57,-110,0.046,ameli_map,CAN,Canada
c57_m109,57,-109,0.046,ameli_map,CAN,Canada
c57_m108,57,-108,0.046,ameli_map,CAN,Canada
c57_m107,57,-107,0.046,ameli_map,CAN,Canada
c57_m106,57,-106,0.046,ameli_map,CAN,Canada
c57_m105,57,-105,0.046,ameli_map,CAN,Canada
c57_m104,57,-104,0.046,ameli_map,CAN,Canada
c57_m103,57,-103,0.046,ameli_map,CAN,Canada
c57_m102,57,-102,0.046,ameli_map,CAN,Canada
c57_m101,57,-101,0.046,ameli_map,CAN,Canada
c57_m100,57,-100,0.046,ameli_map,CAN,Canada
c57_m99,57,-99,0.046,ameli_map,CAN,Canada
c57_m98,57,-98,0.046,ameli_map,CAN,Canada
c57_m97,57,-97,0.046,ameli_map,CAN,Canada
c57_m96,57,-96,0.046,ameli_map,CAN,Canada
c57_m95,57,-95,0.046,ameli_map,CAN,Canada
c57_m94,57,-94,0.046,ameli_map,CAN,Canada
c57_m93,57,-93,0.046,ameli_map,CAN,Canada
c57_m92,57,-92,0.046,ameli_map,CAN,Canada
c57_m91,57,-91,0.046,ameli_map,CAN,Canada
c57_m90,57,-90,0.046,ameli_map,CAN,Canada
c57_m76,57,-76,0.046,ameli_map,CAN,Canada
c57_m75,57,-75,0.046,ameli_map,CAN,Canada
c57_m74,57,-74,0.046,ameli_map,CAN,Canada
c57_m73,57,-73,0.046,ameli_map,CAN,Canada
c57_m72,57,-72,0.046,ameli_map,CAN,Canada
c57_m71,57,-71,0.046,ameli_map,CAN,Canada
c57_m70,57,-70,0.046,ameli_map,CAN,Canada
c57_m69,57,-69,0.046,ameli_map,CAN,Canada
c57_m68,57,-68,0.046,ameli_map,CAN,Canada
c57_m67,57,-67,0.046,ameli_map,CAN,Canada
c57_m66,57,-66,0.046,ameli_map,CAN,Canada
c57_m65,57,-65,0.046,ameli_map,CAN,Canada
c57_m64,57,-64,0.046,ameli_map,CAN,Canada
c57_m63,57,-63,0.046,ameli_map,CAN,Canada
c57_m62,57,-62,0.046,ameli_map,CAN,Canada
c57_m5,57,-5,0.043,ameli_map,GBR,United Kingdom
c57_m4,57,-4,0.043,ameli_map,GBR,United Kingdom
c57_m3,57,-3,0.043,ameli_map,GBR,United Kingdom
c57_10,57,10,0.04,ameli_map,DNK,Denmark
c57_13,57,13,0.04,ameli_map,SWE,Sweden
c57_14,57,14,0.04,ameli_map,SWE,Sweden
c57_15,57,15,0.04,ameli_map,SWE,Sweden
c57_16,57,16,0.04,ameli_map,SWE,Sweden
c57_22,57,22,0.051,ameli_map,LVA,Latvia
c57_23,57,23,0.051,ameli_map,LVA,Latvia
c57_24,57,24,0.051,ameli_map,LVA,Latvia
c57_25,57,25,0.051,ameli_map,LVA,Latvia
c57_26,57,26,0.051,ameli_map,LVA,Latvia
c57_27,57,27,0.051,ameli_map,LVA,Latvia
c57_28,57,28,0.051,ameli_map,RUS,Russia
c57_29,57,29,0.051,ameli_map,RUS,Russia
c57_30,57,30,0.051,ameli_map,RUS,Russia
c57_31,57,31,0.051,ameli_map,RUS,Russia
c57_32,57,32,0.051,ameli_map,RUS,Russia
c57_33,57,33,0.051,ameli_map,RUS,Russia
c57_34,57,34,0.051,ameli_map,RUS,Russia
c57_35,57,35,0.051,ameli_map,RUS,Russia
c57_36,57,36,0.051,ameli_map,RUS,Russia
c57_37,57,37,0.051,ameli_map,RUS,Russia
c57_38,57,38,0.051,ameli_map,RUS,Russia
c57_39,57,39,0.051,ameli_map,RUS,Russia
c57_40,57,40,0.051,ameli_map,RUS,Russia
c57_41,57,41,0.051,ameli_map,RUS,Russia
c57_42,57,42,0.051,ameli_map,RUS,Russia
c57_43,57,43,0.051,ameli_map,RUS,Russia
c57_44,57,44,0.051,ameli_map,RUS,Russia
c57_45,57,45,0.051,ameli_map,RUS,Russia
c57_46,57,46,0.051,ameli_map,RUS,Russia
c57_47,57,47,0.051,ameli_map,RUS,Russia
c57_48,57,48,0.051,ameli_map,RUS,Russia
c57_49,57,49,0.051,ameli_map,RUS,Russia
c57_50,57,50,0.051,ameli_map,RUS,Russia
c57_51,57,51,0.051,ameli_map,RUS,Russia
c57_52,57,52,0.051,ameli_map,RUS,Russia
c57_53,57,53,0.051,ameli_map,RUS,Russia
c57_54,57,54,0.051,ameli_map,RUS,Russia
c57_55,57,55,0.051,ameli_map,RUS,Russia
c57_56,57,56,0.051,ameli_map,RUS,Russia
c57_57,57,57,0.051,ameli_map,RUS,Russia
c57_58,57,58,0.051,ameli_map,RUS,Russia
c57_59,57,59,0.051,ameli_map,RUS,Russia
c57_60,57,60,0.051,ameli_map,RUS,Russia
c57_61,57,61,0.051,ameli_map,RUS,Russia
c57_62,57,62,0.051,ameli_map,RUS,Russia
c57_63,57,63,0.051,ameli_map,RUS,Russia
c57_64,57,64,0.051,ameli_map,RUS,Russia
c57_65,57,65,0.051,ameli_map,RUS,Russia
c57_66,57,66,0.051,ameli_map,RUS,Russia
c57_67,57,67,0.051,ameli_map,RUS,Russia
c57_68,57,68,0.051,ameli_map,RUS,Russia
c57_69,57,69,0.051,ameli_map,RUS,Russia
c57_70,57,70,0.051,ameli_map,RUS,Russia
c57_71,57,71,0.051,ameli_map,RUS,Russia
c57_72,57,72,0.051,ameli_map,RUS,Russia
c57_73,57,73,0.051,ameli_map,RUS,Russia
c57_74,57,74,0.051,ameli_map,RUS,Russia
c57_75,57,75,0.051,ameli_map,RUS,Russia
c57_76,57,76,0.051,ameli_map,RUS,Russia
c57_77,57,77,0.051,ameli_map,RUS,Russia
c57_78,57,78,0.051,ameli_map,RUS,Russia
c57_79,57,79,0.051,ameli_map,RUS,Russia
c57_80,57,80,0.051,ameli_map,RUS,Russia
c57_81,57,81,0.051,ameli_map,RUS,Russia
c57_82,57,82,0.051,ameli_map,RUS,Russia
c57_83,57,83,0.051,ameli_map,RUS,Russia
c57_84,57,84,0.051,ameli_map,RUS,Russia
c57_85,57,85,0.051,ameli_map,RUS,Russia
c57_86,57,86,0.051,ameli_map,RUS,Russia
c57_87,57,87,0.051,ameli_map,RUS,Russia
c57_88,57,88,0.051,ameli_map,RUS,Russia
c57_89,57,89,0.051,ameli_map,RUS,Russia
c57_90,57,90,0.051,ameli_map,RUS,Russia
c57_91,57,91,0.051,ameli_map,RUS,Russia
c57_92,57,92,0.051,ameli_map,RUS,Russia
c57_93,57,93,0.051,ameli_map,RUS,Russia
c57_94,57,94,0.051,ameli_map,RUS,Russia
c57_95,57,95,0.051,ameli_map,RUS,Russia
c57_96,57,96,0.051,ameli_map,RUS,Russia
c57_97,57,97,0.051,ameli_map,RUS,Russia
c57_98,57,98,0.051,ameli_map,RUS,Russia
c57_99,57,99,0.051,ameli_map,RUS,Russia
c57_100,57,100,0.051,ameli_map,RUS,Russia
c57_101,57,101,0.051,ameli_map,RUS,Russia
c57_102,57,102,0.051,ameli_map,RUS,Russia
c57_103,57,103,0.051,ameli_map,RUS,Russia
c57_104,57,104,0.051,ameli_map,RUS,Russia
c57_105,57,105,0.051,ameli_map,RUS,Russia
c57_106,57,106,0.051,ameli_map,RUS,Russia
c57_107,57,107,0.051,ameli_map,RUS,Russia
c57_108,57,108,0.051,ameli_map,RUS,Russia
c57_109,57,109,0.051,ameli_map,RUS,Russia
c57_110,57,110,0.051,ameli_map,RUS,Russia
c57_111,57,111,0.051,ameli_map,RUS,Russia
c57_112,57,112,0.051,ameli_map,RUS,Russia
c57_113,57,113,0.051,ameli_map,RUS,Russia
c57_114,57,114,0.051,ameli_map,RUS,Russia
c57_115,57,115,0.051,ameli_map,RUS,Russia
c57_116,57,116,0.051,ameli_map,RUS,Russia
c57_117,57,117,0.051,ameli_map,RUS,Russia
c57_118,57,118,0.051,ameli_map,RUS,Russia
c57_119,57,119,0.051,ameli_map,RUS,Russia
c57_120,57,120,0.051,ameli_map,RUS,Russia
c57_121,57,121,0.051,ameli_map,RUS,Russia
c57_122,57,122,0.051,ameli_map,RUS,Russia
c57_123,57,123,0.051,ameli_map,RUS,Russia
c57_124,57,124,0.051,ameli_map,RUS,Russia
c57_125,57,125,0.051,ameli_map,RUS,Russia
c57_126,57,126,0.051,ameli_map,RUS,Russia
c57_127,57,127,0.051,ameli_map,RUS,Russia
c57_128,57,128,0.051,ameli_map,RUS,Russia
c57_129,57,129,0.051,ameli_map,RUS,Russia
c57_130,57,130,0.051,ameli_map,RUS,Russia
c57_131,57,131,0.051,ameli_map,RUS,Russia
c57_132,57,132,0.051,ameli_map,RUS,Russia
c57_133,57,133,0.051,ameli_map,RUS,Russia
c57_134,57,134,0.051,ameli_map,RUS,Russia
c57_135,57,135,0.051,ameli_map,RUS,Russia
c57_136,57,136,0.051,ameli_map,RUS,Russia
c57_137,57,137,0.051,ameli_map,RUS,Russia
c57_138,57,138,0.051,ameli_map,RUS,Russia
c57_157,57,157,0.051,ameli_map,RUS,Russia
c57_158,57,158,0.051,ameli_map,RUS,Russia
c57_159,57,159,0.051,ameli_map,RUS,Russia
c57_160,57,160,0.051,ameli_map,RUS,Russia
c57_161,57,161,0.051,ameli_map,RUS,Russia
c57_162,57,162,0.051,ameli_map,RUS,Russia
c58_m157,58,-157,0.044,ameli_map,USA,United States
c58_m156,58,-156,0.044,ameli_map,USA,United States
c58_m153,58,-153,0.044,ameli_map,USA,United States
c58_m136,58,-136,0.044,ameli_map,USA,United States
c58_m135,58,-135,0.044,ameli_map,USA,United States
c58_m133,58,-133,0.046,ameli_map,CAN,Canada
c58_m132,58,-132,0.046,ameli_map,CAN,Canada
c58_m131,58,-131,0.046,ameli_map,CAN,Canada
c58_m130,58,-130,0.046,ameli_map,CAN,Canada
c58_m129,58,-129,0.046,ameli_map,CAN,Canada
c58_m128,58,-128,0.046,ameli_map,CAN,Canada
c58_m127,58,-127,0.046,ameli_map,CAN,Canada
c58_m126,58,-126,0.046,ameli_map,CAN,Canada
c58_m125,58,-125,0.046,ameli_map,CAN,Canada
c58_m124,58,-124,0.046,ameli_map,CAN,Canada
c58_m123,58,-123,0.046,ameli_map,CAN,Canada
c58_m122,58,-122,0.046,ameli_map,CAN,Canada
c58_m121,58,-121,0.046,ameli_map,CAN,Canada
c58_m120,58,-120,0.046,ameli_map,CAN,Canada
c58_m119,58,-119,0.046,ameli_map,CAN,Canada
c58_m118,58,-118,0.046,ameli_map,CAN,Canada
c58_m117,58,-117,0.046,ameli_map,CAN,Canada
c58_m116,58,-116,0.046,ameli_map,CAN,Canada
c58_m115,58,-115,0.046,ameli_map,CAN,Canada
c58_m114,58,-114,0.046,ameli_map,CAN,Canada
c58_m113,58,-113,0.046,ameli_map,CAN,Canada
c58_m112,58,-112,0.046,ameli_map,CAN,Canada
c58_m111,58,-111,0.046,ameli_map,CAN,Canada
c58_m110,58,-110,0.046,ameli_map,CAN,Canada
c58_m109,58,-109,0.046,ameli_map,CAN,Canada
c58_m108,58,-108,0.046,ameli_map,CAN,Canada
c58_m107,58,-107,0.046,ameli_map,CAN,Canada
c58_m106,58,-106,0.046,ameli_map,CAN,Canada
c58_m105,58,-105,0.046,ameli_map,CAN,Canada
c58_m104,58,-104,0.046,ameli_map,CAN,Canada
c58_m103,58,-103,0.046,ameli_map,CAN,Canada
c58_m102,58,-102,0.046,ameli_map,CAN,Canada
c58_m101,58,-101,0.046,ameli_map,CAN,Canada
c58_m100,58,-100,0.046,ameli_map,CAN,Canada
c58_m99,58,-99,0.046,ameli_map,CAN,Canada
c58_m98,58,-98,0.046,ameli_map,CAN,Canada
c58_m97,58,-97,0.046,ameli_map,CAN,Canada
c58_m96,58,-96,0.046,ameli_map,CAN,Canada
c58_m95,58,-95,0.046,ameli_map,CAN,Canada
c58_m94,58,-94,0.046,ameli_map,CAN,Canada
c58_m93,58,-93,0.046,ameli_map,CAN,Canada
c58_m77,58,-77,0.046,ameli_map,CAN,Canada
c58_m76,58,-76,0.046,ameli_map,CAN,Canada
c58_m75,58,-75,0.046,ameli_map,CAN,Canada
c58_m74,58,-74,0.046,ameli_map,CAN,Canada
c58_m73,58,-73,0.046,ameli_map,CAN,Canada
c58_m72,58,-72,0.046,ameli_map,CAN,Canada
c58_m71,58,-71,0.046,ameli_map,CAN,Canada
c58_m70,58,-70,0.046,ameli_map,CAN,Canada
c58_m69,58,-69,0.046,ameli_map,CAN,Canada
c58_m68,58,-68,0.046,ameli_map,CAN,Canada
c58_m67,58,-67,0.046,ameli_map,CAN,Canada
c58_m66,58,-66,0.046,ameli_map,CAN,Canada
c58_m65,58,-65,0.046,ameli_map,CAN,Canada
c58_m64,58,-64,0.046,ameli_map,CAN,Canada
c58_m63,58,-63,0.046,ameli_map,CAN,Canada
c58_m7,58,-7,0.043,ameli_map,GBR,United Kingdom
c58_m5,58,-5,0.043,ameli_map,GBR,United Kingdom
c58_m4,58,-4,0.043,ameli_map,GBR,United Kingdom
c58_7,58,7,0.04,ameli_map,NOR,Norway
c58_12,58,12,0.04,ameli_map,SWE,Sweden
c58_13,58,13,0.04,ameli_map,SWE,Sweden
c58_14,58,14,0.04,ameli_map,SWE,Sweden
c58_15,58,15,0.04,ameli_map,SWE,Sweden
c58_16,58,16,0.04,ameli_map,SWE,Sweden
c58_25,58,25,0.051,ameli_map,LVA,Latvia
c58_26,58,26,0.051,ameli_map,EST,Estonia
c58_27,58,27,0.051,ameli_map,EST,Estonia
c58_28,58,28,0.051,ameli_map,RUS,Russia
c58_29,58,29,0.051,ameli_map,RUS,Russia
c58_30,58,30,0.051,ameli_map,RUS,Russia
c58_31,58,31,0.051,ameli_map,RUS,Russia
c58_32,58,32,0.051,ameli_map,RUS,Russia
c58_33,58,33,0.051,ameli_map,RUS,Russia
c58_34,58,34,0.051,ameli_map,RUS,Russia
c58_35,58,35,0.051,ameli_map,RUS,Russia
c58_36,58,36,0.051,ameli_map,RUS,Russia
c58_37,58,37,0.051,ameli_map,RUS,Russia
c58_38,58,38,0.051,ameli_map,RUS,Russia
c58_39,58,39,0.051,ameli_map,RUS,Russia
c58_40,58,40,0.051,ameli_map,RUS,Russia
c58_41,58,41,0.051,ameli_map,RUS,Russia
c58_42,58,42,0.051,ameli_map,RUS,Russia
c58_43,58,43,0.051,ameli_map,RUS,Russia
c58_44,58,44,0.051,ameli_map,RUS,Russia
c58_45,58,45,0.051,ameli_map,RUS,Russia
c58_46,58,46,0.051,ameli_map,RUS,Russia
c58_47,58,47,0.051,ameli_map,RUS,Russia
c58_48,58,48,0.051,ameli_map,RUS,Russia
c58_49,58,49,0.051,ameli_map,RUS,Russia
c58_50,58,50,0.051,ameli_map,RUS,Russia
c58_51,58,51,0.051,ameli_map,RUS,Russia
c58_52,58,52,0.051,ameli_map,RUS,Russia
c58_53,58,53,0.051,ameli_map,RUS,Russia
c58_54,58,54,0.051,ameli_map,RUS,Russia
c58_55,58,55,0.051,ameli_map,RUS,Russia
c58_56,58,56,0.051,ameli_map,RUS,Russia
c58_57,58,57,0.051,ameli_map,RUS,Russia
c58_58,58,58,0.051,ameli_map,RUS,Russia
c58_59,58,59,0.051,ameli_map,RUS,Russia
c58_60,58,60,0.051,ameli_map,RUS,Russia
c58_61,58,61,0.051,ameli_map,RUS,Russia
c58_62,58,62,0.051,ameli_map,RUS,Russia
c58_63,58,63,0.051,ameli_map,RUS,Russia
c58_64,58,64,0.051,ameli_map,RUS,Russia
c58_65,58,65,0.051,ameli_map,RUS,Russia
c58_66,58,66,0.051,ameli_map,RUS,Russia
c58_67,58,67,0.051,ameli_map,RUS,Russia
c58_68,58,68,0.051,ameli_map,RUS,Russia
c58_69,58,69,0.051,ameli_map,RUS,Russia
c58_70,58,70,0.051,ameli_map,RUS,Russia
c58_71,58,71,0.051,ameli_map,RUS,Russia
c58_72,58,72,0.051,ameli_map,RUS,Russia
c58_73,58,73,0.051,ameli_map,RUS,Russia
c58_74,58,74,0.051,ameli_map,RUS,Russia
c58_75,58,75,0.051,ameli_map,RUS,Russia
c58_76,58,76,0.051,ameli_map,RUS,Russia
c58_77,58,77,0.051,ameli_map,RUS,Russia
c58_78,58,78,0.051,ameli_map,RUS,Russia
c58_79,58,79,0.051,ameli_map,RUS,Russia
c58_80,58,80,0.051,ameli_map,RUS,Russia
c58_81,58,81,0.051,ameli_map,RUS,Russia
c58_82,58,82,0.051,ameli_map,RUS,Russia
c58_83,58,83,0.051,ameli_map,RUS,Russia
c58_84,58,84,0.051,ameli_map,RUS,Russia
c58_85,58,85,0.051,ameli_map,RUS,Russia
c58_86,58,86,0.051,ameli_map,RUS,Russia
c58_87,58,87,0.051,ameli_map,RUS,Russia
c58_88,58,88,0.051,ameli_map,RUS,Russia
c58_89,58,89,0.051,ameli_map,RUS,Russia
c58_90,58,90,0.051,ameli_map,RUS,Russia
c58_91,58,91,0.051,ameli_map,RUS,Russia
c58_92,58,92,0.051,ameli_map,RUS,Russia
c58_93,58,93,0.051,ameli_map,RUS,Russia
c58_94,58,94,0.051,ameli_map,RUS,Russia
c58_95,58,95,0.051,ameli_map,RUS,Russia
c58_96,58,96,0.051,ameli_map,RUS,Russia
c58_97,58,97,0.051,ameli_map,RUS,Russia
c58_98,58,98,0.051,ameli_map,RUS,Russia
c58_99,58,99,0.051,ameli_map,RUS,Russia
c58_100,58,100,0.051,ameli_map,RUS,Russia
c58_101,58,101,0.051,ameli_map,RUS,Russia
c58_102,58,102,0.051,ameli_map,RUS,Russia
c58_103,58,103,0.051,ameli_map,RUS,Russia
c58_104,58,104,0.051,ameli_map,RUS,Russia
c58_105,58,105,0.051,ameli_map,RUS,Russia
c58_106,58,106,0.051,ameli_map,RUS,Russia
c58_107,58,107,0.051,ameli_map,RUS,Russia
c58_108,58,108,0.051,ameli_map,RUS,Russia
c58_109,58,109,0.051,ameli_map,RUS,Russia
c58_110,58,110,0.051,ameli_map,RUS,Russia
c58_111,58,111,0.051,ameli_map,RUS,Russia
c58_112,58,112,0.051,ameli_map,RUS,Russia
c58_113,58,113,0.051,ameli_map,RUS,Russia
c58_114,58,114,0.051,ameli_map,RUS,Russia
c58_115,58,115,0.051,ameli_map,RUS,Russia
c58_116,58,116,0.051,ameli_map,RUS,Russia
c58_117,58,117,0.051,ameli_map,RUS,Russia
c58_118,58,118,0.051,ameli_map,RUS,Russia
c58_119,58,119,0.051,ameli_map,RUS,Russia
c58_120,58,120,0.051,ameli_map,RUS,Russia
c58_121,58,121,0.051,ameli_map,RUS,Russia
c58_122,58,122,0.051,ameli_map,RUS,Russia
c58_123,58,123,0.051,ameli_map,RUS,Russia
c58_124,58,124,0.051,ameli_map,RUS,Russia
c58_125,58,125,0.051,ameli_map,RUS,Russia
c58_126,58,126,0.051,ameli_map,RUS,Russia
c58_127,58,127,0.051,ameli_map,RUS,Russia
c58_128,58,128,0.051,ameli_map,RUS,Russia
c58_129,58,129,0.051,ameli_map,RUS,Russia
c58_130,58,130,0.051,ameli_map,RUS,Russia
c58_131,58,131,0.051,ameli_map,RUS,Russia
c58_132,58,132,0.051,ameli_map,RUS,Russia
c58_133,58,133,0.051,ameli_map,RUS,Russia
c58_134,58,134,0.051,ameli_map,RUS,Russia
c58_135,58,135,0.051,ameli_map,RUS,Russia
c58_136,58,136,0.051,ameli_map,RUS,Russia
c58_137,58,137,0.051,ameli_map,RUS,Russia
c58_138,58,138,0.051,ameli_map,RUS,Russia
c58_139,58,139,0.051,ameli_map,RUS,Russia
c58_140,58,140,0.051,ameli_map,RUS,Russia
c58_159,58,159,0.051,ameli_map,RUS,Russia
c58_160,58,160,0.051,ameli_map,RUS,Russia
c58_161,58,161,0.051,ameli_map,RUS,Russia
c59_m161,59,-161,0.044,ameli_map,USA,United States
c59_m160,59,-160,0.044,ameli_map,USA,United States
c59_m159,59,-159,0.044,ameli_map,USA,United States
c59_m158,59,-158,0.044,ameli_map,USA,United States
c59_m157,59,-157,0.044,ameli_map,USA,United States
c59_m156,59,-156,0.044,ameli_map,USA,United States
c59_m155,59,-155,0.044,ameli_map,USA,United States
c59_m154,59,-154,0.044,ameli_map,USA,United States
c59_m138,59,-138,0.044,ameli_map,USA,United States
c59_m137,59,-137,0.044,ameli_map,USA,United States
c59_m136,59,-136,0.044,ameli_map,USA,United States
c59_m135,59,-135,0.044,ameli_map,USA,United States
c59_m134,59,-134,0.046,ameli_map,CAN,Canada
c59_m133,59,-133,0.046,ameli_map,CAN,Canada
c59_m132,59,-132,0.046,ameli_map,CAN,Canada
c59_m131,59,-131,0.046,ameli_map,CAN,Canada
c59_m130,59,-130,0.046,ameli_map,CAN,Canada
c59_m129,59,-129,0.046,ameli_map,CAN,Canada
c59_m128,59,-128,0.046,ameli_map,CAN,Canada
c59_m127,59,-127,0.046,ameli_map,CAN,Canada
c59_m126,59,-126,0.046,ameli_map,CAN,Canada
c59_m125,59,-125,0.046,ameli_map,CAN,Canada
c59_m124,59,-124,0.046,ameli_map,CAN,Canada
c59_m123,59,-123,0.046,ameli_map,CAN,Canada
c59_m122,59,-122,0.046,ameli_map,CAN,Canada
c59_m121,59,-121,0.046,ameli_map,CAN,Canada
c59_m120,59,-120,0.046,ameli_map,CAN,Canada
c59_m119,59,-119,0.046,ameli_map,CAN,Canada
c59_m118,59,-118,0.046,ameli_map,CAN,Canada
c59_m117,59,-117,0.046,ameli_map,CAN,Canada
c59_m116,59,-116,0.046,ameli_map,CAN,Canada
c59_m115,59,-115,0.046,ameli_map,CAN,Canada
c59_m114,59,-114,0.046,ameli_map,CAN,Canada
c59_m113,59,-113,0.046,ameli_map,CAN,Canada
c59_m112,59,-112,0.046,ameli_map,CAN,Canada
c59_m111,59,-111,0.046,ameli_map,CAN,Canada
c59_m110,59,-110,0.046,ameli_map,CAN,Canada
c59_m109,59,-109,0.046,ameli_map,CAN,Canada
c59_m108,59,-108,0.046,ameli_map,CAN,Canada
c59_m107,59,-107,0.046,ameli_map,CAN,Canada
c59_m106,59,-106,0.046,ameli_map,CAN,Canada
c59_m105,59,-105,0.046,ameli_map,CAN,Canada
c59_m104,59,-104,0.046,ameli_map,CAN,Canada
c59_m103,59,-103,0.046,ameli_map,CAN,Canada
c59_m102,59,-102,0.046,ameli_map,CAN,Canada
c59_m101,59,-101,0.046,ameli_map,CAN,Canada
c59_m100,59,-100,0.046,ameli_map,CAN,Canada
c59_m99,59,-99,0.046,ameli_map,CAN,Canada
c59_m98,59,-98,0.046,ameli_map,CAN,Canada
c59_m97,59,-97,0.046,ameli_map,CAN,Canada
c59_m96,59,-96,0.046,ameli_map,CAN,Canada
c59_m95,59,-95,0.046,ameli_map,CAN,Canada
c59_m78,59,-78,0.046,ameli_map,CAN,Canada
c59_m77,59,-77,0.046,ameli_map,CAN,Canada
c59_m76,59,-76,0.046,ameli_map,CAN,Canada
c59_m75,59,-75,0.046,ameli_map,CAN,Canada
c59_m74,59,-74,0.046,ameli_map,CAN,Canada
c59_m73,59,-73,0.046,ameli_map,CAN,Canada
c59_m72,59,-72,0.046,ameli_map,CAN,Canada
c59_m71,59,-71,0.046,ameli_map,CAN,Canada
c59_m70,59,-70,0.046,ameli_map,CAN,Canada
c59_m69,59,-69,0.046,ameli_map,CAN,Canada
c59_m65,59,-65,0.046,ameli_map,CAN,Canada
c59_m64,59,-64,0.046,ameli_map,CAN,Canada
c59_m3,59,-3,0.043,ameli_map,GBR,United Kingdom
c59_7,59,7,0.04,ameli_map,NOR,Norway
c59_8,59,8,0.04,ameli_map,NOR,Norway
c59_9,59,9,0.04,ameli_map,NOR,Norway
c59_10,59,10,0.04,ameli_map,NOR,Norway
c59_12,59,12,0.04,ameli_map,SWE,Sweden
c59_13,59,13,0.04,ameli_map,SWE,Sweden
c59_14,59,14,0.04,ameli_map,SWE,Sweden
c59_15,59,15,0.04,ameli_map,SWE,Sweden
c59_16,59,16,0.04,ameli_map,SWE,Sweden
c59_17,59,17,0.04,ameli_map,SWE,Sweden
c59_18,59,18,0.04,ameli_map,SWE,Sweden
c59_24,59,24,0.051,ameli_map,EST,Estonia
c59_25,59,25,0.051,ameli_map,EST,Estonia
c59_26,59,26,0.051,ameli_map,EST,Estonia
c59_27,59,27,0.051,ameli_map,EST,Estonia
c59_28,59,28,0.051,ameli_map,RUS,Russia
c59_29,59,29,0.051,ameli_map,RUS,Russia
c59_30,59,30,0.051,ameli_map,RUS,Russia
c59_31,59,31,0.051,ameli_map,RUS,Russia
c59_32,59,32,0.051,ameli_map,RUS,Russia
c59_33,59,33,0.051,ameli_map,RUS,Russia
c59_34,59,34,0.051,ameli_map,RUS,Russia
c59_35,59,35,0.051,ameli_map,RUS,Russia
c59_36,59,36,0.051,ameli_map,RUS,Russia
c59_37,59,37,0.051,ameli_map,RUS,Russia
c59_38,59,38,0.051,ameli_map,RUS,Russia
c59_39,59,39,0.051,ameli_map,RUS,Russia
c59_40,59,40,0.051,ameli_map,RUS,Russia
c59_41,59,41,0.051,ameli_map,RUS,Russia
c59_42,59,42,0.051,ameli_map,RUS,Russia
c59_43,59,43,0.051,ameli_map,RUS,Russia
c59_44,59,44,0.051,ameli_map,RUS,Russia
c59_45,59,45,0.051,ameli_map,RUS,Russia
c59_46,59,46,0.051,ameli_map,RUS,Russia
c59_47,59,47,0.051,ameli_map,RUS,Russia
c59_48,59,48,0.051,ameli_map,RUS,Russia
c59_49,59,49,0.051,ameli_map,RUS,Russia
c59_50,59,50,0.051,ameli_map,RUS,Russia
c59_51,59,51,0.051,ameli_map,RUS,Russia
c59_52,59,52,0.051,ameli_map,RUS,Russia
c59_53,59,53,0.051,ameli_map,RUS,Russia
c59_54,59,54,0.051,ameli_map,RUS,Russia
c59_55,59,55,0.051,ameli_map,RUS,Russia
c59_56,59,56,0.051,ameli_map,RUS,Russia
c59_57,59,57,0.051,ameli_map,RUS,Russia
c59_58,59,58,0.051,ameli_map,RUS,Russia
c59_59,59,59,0.051,ameli_map,RUS,Russia
c59_60,59,60,0.051,ameli_map,RUS,Russia
c59_61,59,61,0.051,ameli_map,RUS,Russia
c59_62,59,62,0.051,ameli_map,RUS,Russia
c59_63,59,63,0.051,ameli_map,RUS,Russia
c59_64,59,64,0.051,ameli_map,RUS,Russia
c59_65,59,65,0.051,ameli_map,RUS,Russia
c59_66,59,66,0.051,ameli_map,RUS,Russia
c59_67,59,67,0.051,ameli_map,RUS,Russia
c59_68,59,68,0.051,ameli_map,RUS,Russia
c59_69,59,69,0.051,ameli_map,RUS,Russia
c59_70,59,70,0.051,ameli_map,RUS,Russia
c59_71,59,71,0.051,ameli_map,RUS,Russia
c59_72,59,72,0.051,ameli_map,RUS,Russia
c59_73,59,73,0.051,ameli_map,RUS,Russia
c59_74,59,74,0.051,ameli_map,RUS,Russia
c59_75,59,75,0.051,ameli_map,RUS,Russia
c59_76,59,76,0.051,ameli_map,RUS,Russia
c59_77,59,77,0.051,ameli_map,RUS,Russia
c59_78,59,78,0.051,ameli_map,RUS,Russia
c59_79,59,79,0.051,ameli_map,RUS,Russia
c59_80,59,80,0.051,ameli_map,RUS,Russia
c59_81,59,81,0.051,ameli_map,RUS,Russia
c59_82,59,82,0.051,ameli_map,RUS,Russia
c59_83,59,83,0.051,ameli_map,RUS,Russia
c59_84,59,84,0.051,ameli_map,RUS,Russia
c59_85,59,85,0.051,ameli_map,RUS,Russia
c59_86,59,86,0.051,ameli_map,RUS,Russia
c59_87,59,87,0.051,ameli_map,RUS,Russia
c59_88,59,88,0.051,ameli_map,RUS,Russia
c59_89,59,89,0.051,ameli_map,RUS,Russia
c59_90,59,90,0.051,ameli_map,RUS,Russia
c59_91,59,91,0.051,ameli_map,RUS,Russia
c59_92,59,92,0.051,ameli_map,RUS,Russia
c59_93,59,93,0.051,ameli_map,RUS,Russia
c59_94,59,94,0.051,ameli_map,RUS,Russia
c59_95,59,95,0.051,ameli_map,RUS,Russia
c59_96,59,96,0.051,ameli_map,RUS,Russia
c59_97,59,97,0.051,ameli_map,RUS,Russia
c59_98,59,98,0.051,ameli_map,RUS,Russia
c59_99,59,99,0.051,ameli_map,RUS,Russia
c59_100,59,100,0.051,ameli_map,RUS,Russia
c59_101,59,101,0.051,ameli_map,RUS,Russia
c59_102,59,102,0.051,ameli_map,RUS,Russia
c59_103,59,103,0.051,ameli_map,RUS,Russia
c59_104,59,104,0.051,ameli_map,RUS,Russia
c59_105,59,105,0.051,ameli_map,RUS,Russia
c59_106,59,106,0.051,ameli_map,RUS,Russia
c59_107,59,107,0.051,ameli_map,RUS,Russia
c59_108,59,108,0.051,ameli_map,RUS,Russia
c59_109,59,109,0.051,ameli_map,RUS,Russia
c59_110,59,110,0.051,ameli_map,RUS,Russia
c59_111,59,111,0.051,ameli_map,RUS,Russia
c59_112,59,112,0.051,ameli_map,RUS,Russia
c59_113,59,113,0.051,ameli_map,RUS,Russia
c59_114,59,114,0.051,ameli_map,RUS,Russia
c59_115,59,115,0.051,ameli_map,RUS,Russia
c59_116,59,116,0.051,ameli_map,RUS,Russia
c59_117,59,117,0.051,ameli_map,RUS,Russia
c59_118,59,118,0.051,ameli_map,RUS,Russia
c59_119,59,119,0.051,ameli_map,RUS,Russia
c59_120,59,120,0.051,ameli_map,RUS,Russia
c59_121,59,121,0.051,ameli_map,RUS,Russia
c59_122,59,122,0.051,ameli_map,RUS,Russia
c59_123,59,123,0.051,ameli_map,RUS,Russia
c59_124,59,124,0.051,ameli_map,RUS,Russia
c59_125,59,125,0.051,ameli_map,RUS,Russia
c59_126,59,126,0.051,ameli_map,RUS,Russia
c59_127,59,127,0.051,ameli_map,RUS,Russia
c59_128,59,128,0.051,ameli_map,RUS,Russia
c59_129,59,129,0.051,ameli_map,RUS,Russia
c59_130,59,130,0.051,ameli_map,RUS,Russia
c59_131,59,131,0.051,ameli_map,RUS,Russia
c59_132,59,132,0.051,ameli_map,RUS,Russia
c59_133,59,133,0.051,ameli_map,RUS,Russia
c59_134,59,134,0.051,ameli_map,RUS,Russia
c59_135,59,135,0.051,ameli_map,RUS,Russia
c59_136,59,136,0.051,ameli_map,RUS,Russia
c59_137,59,137,0.051,ameli_map,RUS,Russia
c59_138,59,138,0.051,ameli_map,RUS,Russia
c59_139,59,139,0.051,ameli_map,RUS,Russia
c59_140,59,140,0.051,ameli_map,RUS,Russia
c59_141,59,141,0.051,ameli_map,RUS,Russia
c59_142,59,142,0.051,ameli_map,RUS,Russia
c59_152,59,152,0.051,ameli_map,RUS,Russia
c59_160,59,160,0.051,ameli_map,RUS,Russia
c59_161,59,161,0.051,ameli_map,RUS,Russia
c59_162,59,162,0.051,ameli_map,RUS,Russia
c59_163,59,163,0.051,ameli_map,RUS,Russia
c59_164,59,164,0.051,ameli_map,RUS,Russia
c60_m167,60,-167,0.044,ameli_map,USA,United States
c60_m166,60,-166,0.044,ameli_map,USA,United States
c60_m164,60,-164,0.044,ameli_map,USA,United States
c60_m163,60,-163,0.044,ameli_map,USA,United States
c60_m162,60,-162,0.044,ameli_map,USA,United States
c60_m161,60,-161,0.044,ameli_map,USA,United States
c60_m160,60,-160,0.044,ameli_map,USA,United States
c60_m159,60,-159,0.044,ameli_map,USA,United States
c60_m158,60,-158,0.044,ameli_map,USA,United States
c60_m157,60,-157,0.044,ameli_map,USA,United States
c60_m156,60,-156,0.044,ameli_map,USA,United States
c60_m155,60,-155,0.044,ameli_map,USA,United States
c60_m154,60,-154,0.044,ameli_map,USA,United States
c60_m153,60,-153,0.044,ameli_map,USA,United States
c60_m151,60,-151,0.044,ameli_map,USA,United States
c60_m150,60,-150,0.044,ameli_map,USA,United States
c60_m149,60,-149,0.044,ameli_map,USA,United States
c60_m141,60,-141,0.044,ameli_map,USA,United States
c60_m140,60,-140,0.044,ameli_map,USA,United States
c60_m139,60,-139,0.046,ameli_map,CAN,Canada
c60_m138,60,-138,0.046,ameli_map,CAN,Canada
c60_m137,60,-137,0.046,ameli_map,CAN,Canada
c60_m136,60,-136,0.046,ameli_map,CAN,Canada
c60_m135,60,-135,0.046,ameli_map,CAN,Canada
c60_m134,60,-134,0.046,ameli_map,CAN,Canada
c60_m133,60,-133,0.046,ameli_map,CAN,Canada
c60_m132,60,-132,0.046,ameli_map,CAN,Canada
c60_m131,60,-131,0.046,ameli_map,CAN,Canada
c60_m130,60,-130,0.046,ameli_map,CAN,Canada
c60_m129,60,-129,0.046,ameli_map,CAN,Canada
c60_m128,60,-128,0.046,ameli_map,CAN,Canada
c60_m127,60,-127,0.046,ameli_map,CAN,Canada
c60_m126,60,-126,0.046,ameli_map,CAN,Canada
c60_m125,60,-125,0.046,ameli_map,CAN,Canada
c60_m124,60,-124,0.046,ameli_map,CAN,Canada
c60_m123,60,-123,0.046,ameli_map,CAN,Canada
c60_m122,60,-122,0.046,ameli_map,CAN,Canada
c60_m121,60,-121,0.046,ameli_map,CAN,Canada
c60_m120,60,-120,0.046,ameli_map,CAN,Canada
c60_m119,60,-119,0.046,ameli_map,CAN,Canada
c60_m118,60,-118,0.046,ameli_map,CAN,Canada
c60_m117,60,-117,0.046,ameli_map,CAN,Canada
c60_m116,60,-116,0.046,ameli_map,CAN,Canada
c60_m115,60,-115,0.046,ameli_map,CAN,Canada
c60_m114,60,-114,0.046,ameli_map,CAN,Canada
c60_m113,60,-113,0.046,ameli_map,CAN,Canada
c60_m112,60,-112,0.046,ameli_map,CAN,Canada
c60_m111,60,-111,0.046,ameli_map,CAN,Canada
c60_m110,60,-110,0.046,ameli_map,CAN,Canada
c60_m109,60,-109,0.046,ameli_map,CAN,Canada
c60_m108,60,-108,0.046,ameli_map,CAN,Canada
c60_m107,60,-107,0.046,ameli_map,CAN,Canada
c60_m106,60,-106,0.046,ameli_map,CAN,Canada
c60_m105,60,-105,0.046,ameli_map,CAN,Canada
c60_m104,60,-104,0.046,ameli_map,CAN,Canada
c60_m103,60,-103,0.046,ameli_map,CAN,Canada
c60_m102,60,-102,0.046,ameli_map,CAN,Canada
c60_m101,60,-101,0.046,ameli_map,CAN,Canada
c60_m100,60,-100,0.046,ameli_map,CAN,Canada
c60_m99,60,-99,0.046,ameli_map,CAN,Canada
c60_m98,60,-98,0.046,ameli_map,CAN,Canada
c60_m97,60,-97,0.046,ameli_map,CAN,Canada
c60_m96,60,-96,0.046,ameli_map,CAN,Canada
c60_m95,60,-95,0.046,ameli_map,CAN,Canada
c60_m77,60,-77,0.046,ameli_map,CAN,Canada
c60_m76,60,-76,0.046,ameli_map,CAN,Canada
c60_m75,60,-75,0.046,ameli_map,CAN,Canada
c60_m74,60,-74,0.046,ameli_map,CAN,Canada
c60_m73,60,-73,0.046,ameli_map,CAN,Canada
c60_m72,60,-72,0.046,ameli_map,CAN,Canada
c60_m71,60,-71,0.046,ameli_map,CAN,Canada
c60_m65,60,-65,0.046,ameli_map,CAN,Canada
c60_m44,60,-44,0.046,ameli_map,GRL,Greenland
c60_6,60,6,0.04,ameli_map,NOR,Norway
c60_7,60,7,0.04,ameli_map,NOR,Norway
c60_8,60,8,0.04,ameli_map,NOR,Norway
c60_9,60,9,0.04,ameli_map,NOR,Norway
c60_10,60,10,0.04,ameli_map,NOR,Norway
c60_11,60,11,0.04,ameli_map,NOR,Norway
c60_12,60,12,0.04,ameli_map,NOR,Norway
c60_13,60,13,0.04,ameli_map,SWE,Sweden
c60_14,60,14,0.04,ameli_map,SWE,Sweden
c60_15,60,15,0.04,ameli_map,SWE,Sweden
c60_16,60,16,0.04,ameli_map,SWE,Sweden
c60_17,60,17,0.04,ameli_map,SWE,Sweden
c60_18,60,18,0.04,ameli_map,SWE,Sweden
c60_31,60,31,0.051,ameli_map,RUS,Russia
c60_32,60,32,0.051,ameli_map,RUS,Russia
c60_33,60,33,0.051,ameli_map,RUS,Russia
c60_34,60,34,0.051,ameli_map,RUS,Russia
c60_35,60,35,0.051,ameli_map,RUS,Russia
c60_36,60,36,0.051,ameli_map,RUS,Russia
c60_37,60,37,0.051,ameli_map,RUS,Russia
c60_38,60,38,0.051,ameli_map,RUS,Russia
c60_39,60,39,0.051,ameli_map,RUS,Russia
c60_40,60,40,0.051,ameli_map,RUS,Russia
c60_41,60,41,0.051,ameli_map,RUS,Russia
c60_42,60,42,0.051,ameli_map,RUS,Russia
c60_43,60,43,0.051,ameli_map,RUS,Russia
c60_44,60,44,0.051,ameli_map,RUS,Russia
c60_45,60,45,0.051,ameli_map,RUS,Russia
c60_46,60,46,0.051,ameli_map,RUS,Russia
c60_47,60,47,0.051,ameli_map,RUS,Russia
c60_48,60,48,0.051,ameli_map,RUS,Russia
c60_49,60,49,0.051,ameli_map,RUS,Russia
c60_50,60,50,0.051,ameli_map,RUS,Russia
c60_51,60,51,0.051,ameli_map,RUS,Russia
c60_52,60,52,0.051,ameli_map,RUS,Russia
c60_53,60,53,0.051,ameli_map,RUS,Russia
c60_54,60,54,0.051,ameli_map,RUS,Russia
c60_55,60,55,0.051,ameli_map,RUS,Russia
c60_56,60,56,0.051,ameli_map,RUS,Russia
c60_57,60,57,0.051,ameli_map,RUS,Russia
c60_58,60,58,0.051,ameli_map,RUS,Russia
c60_59,60,59,0.051,ameli_map,RUS,Russia
c60_60,60,60,0.051,ameli_map,RUS,Russia
c60_61,60,61,0.051,ameli_map,RUS,Russia
c60_62,60,62,0.051,ameli_map,RUS,Russia
c60_63,60,63,0.051,ameli_map,RUS,Russia
c60_64,60,64,0.051,ameli_map,RUS,Russia
c60_65,60,65,0.051,ameli_map,RUS,Russia
c60_66,60,66,0.051,ameli_map,RUS,Russia
c60_67,60,67,0.051,ameli_map,RUS,Russia
c60_68,60,68,0.051,ameli_map,RUS,Russia
c60_69,60,69,0.051,ameli_map,RUS,Russia
c60_70,60,70,0.051,ameli_map,RUS,Russia
c60_71,60,71,0.051,ameli_map,RUS,Russia
c60_72,60,72,0.051,ameli_map,RUS,Russia
c60_73,60,73,0.051,ameli_map,RUS,Russia
c60_74,60,74,0.051,ameli_map,RUS,Russia
c60_75,60,75,0.051,ameli_map,RUS,Russia
c60_76,60,76,0.051,ameli_map,RUS,Russia
c60_77,60,77,0.051,ameli_map,RUS,Russia
c60_78,60,78,0.051,ameli_map,RUS,Russia
c60_79,60,79,0.051,ameli_map,RUS,Russia
c60_80,60,80,0.051,ameli_map,RUS,Russia
c60_81,60,81,0.051,ameli_map,RUS,Russia
c60_82,60,82,0.051,ameli_map,RUS,Russia
c60_83,60,83,0.051,ameli_map,RUS,Russia
c60_84,60,84,0.051,ameli_map,RUS,Russia
c60_85,60,85,0.051,ameli_map,RUS,Russia
c60_86,60,86,0.051,ameli_map,RUS,Russia
c60_87,60,87,0.051,ameli_map,RUS,Russia
c60_88,60,88,0.051,ameli_map,RUS,Russia
c60_89,60,89,0.051,ameli_map,RUS,Russia
c60_90,60,90,0.051,ameli_map,RUS,Russia
c60_91,60,91,0.051,ameli_map,RUS,Russia
c60_92,60,92,0.051,ameli_map,RUS,Russia
c60_93,60,93,0.051,ameli_map,RUS,Russia
c60_94,60,94,0.051,ameli_map,RUS,Russia
c60_95,60,95,0.051,ameli_map,RUS,Russia
c60_96,60,96,0.051,ameli_map,RUS,Russia
c60_97,60,97,0.051,ameli_map,RUS,Russia
c60_98,60,98,0.051,ameli_map,RUS,Russia
c60_99,60,99,0.051,ameli_map,RUS,Russia
c60_100,60,100,0.051,ameli_map,RUS,Russia
c60_101,60,101,0.051,ameli_map,RUS,Russia
c60_102,60,102,0.051,ameli_map,RUS,Russia
c60_103,60,103,0.051,ameli_map,RUS,Russia
c60_104,60,104,0.051,ameli_map,RUS,Russia
c60_105,60,105,0.051,ameli_map,RUS,Russia
c60_106,60,106,0.051,ameli_map,RUS,Russia
c60_107,60,107,0.051,ameli_map,RUS,Russia
c60_108,60,108,0.051,ameli_map,RUS,Russia
c60_109,60,109,0.051,ameli_map,RUS,Russia
c60_110,60,110,0.051,ameli_map,RUS,Russia
c60_111,60,111,0.051,ameli_map,RUS,Russia
c60_112,60,112,0.051,ameli_map,RUS,Russia
c60_113,60,113,0.051,ameli_map,RUS,Russia
c60_114,60,114,0.051,ameli_map,RUS,Russia
c60_115,60,115,0.051,ameli_map,RUS,Russia
c60_116,60,116,0.051,ameli_map,RUS,Russia
c60_117,60,117,0.051,ameli_map,RUS,Russia
c60_118,60,118,0.051,ameli_map,RUS,Russia
c60_119,60,119,0.051,ameli_map,RUS,Russia
c60_120,60,120,0.051,ameli_map,RUS,Russia
c60_121,60,121,0.051,ameli_map,RUS,Russia
c60_122,60,122,0.051,ameli_map,RUS,Russia
c60_123,60,123,0.051,ameli_map,RUS,Russia
c60_124,60,124,0.051,ameli_map,RUS,Russia
c60_125,60,125,0.051,ameli_map,RUS,Russia
c60_126,60,126,0.051,ameli_map,RUS,Russia
c60_127,60,127,0.051,ameli_map,RUS,Russia
c60_128,60,128,0.051,ameli_map,RUS,Russia
c60_129,60,129,0.051,ameli_map,RUS,Russia
c60_130,60,130,0.051,ameli_map,RUS,Russia
c60_131,60,131,0.051,ameli_map,RUS,Russia
c60_132,60,132,0.051,ameli_map,RUS,Russia
c60_133,60,133,0.051,ameli_map,RUS,Russia
c60_134,60,134,0.051,ameli_map,RUS,Russia
c60_135,60,135,0.051,ameli_map,RUS,Russia
c60_136,60,136,0.051,ameli_map,RUS,Russia
c60_137,60,137,0.051,ameli_map,RUS,Russia
c60_138,60,138,0.051,ameli_map,RUS,Russia
c60_139,60,139,0.051,ameli_map,RUS,Russia
c60_140,60,140,0.051,ameli_map,RUS,Russia
c60_141,60,141,0.051,ameli_map,RUS,Russia
c60_142,60,142,0.051,ameli_map,RUS,Russia
c60_143,60,143,0.051,ameli_map,RUS,Russia
c60_144,60,144,0.051,ameli_map,RUS,Russia
c60_145,60,145,0.051,ameli_map,RUS,Russia
c60_146,60,146,0.051,ameli_map,RUS,Russia
c60_147,60,147,0.051,ameli_map,RUS,Russia
c60_148,60,148,0.051,ameli_map,RUS,Russia
c60_149,60,149,0.051,ameli_map,RUS,Russia
c60_150,60,150,0.051,ameli_map,RUS,Russia
c60_151,60,151,0.051,ameli_map,RUS,Russia
c60_152,60,152,0.051,ameli_map,RUS,Russia
c60_153,60,153,0.051,ameli_map,RUS,Russia
c60_154,60,154,0.051,ameli_map,RUS,Russia
c60_162,60,162,0.051,ameli_map,RUS,Russia
c60_163,60,163,0.051,ameli_map,RUS,Russia
c60_165,60,165,0.051,ameli_map,RUS,Russia
c61_m165,61,-165,0.044,ameli_map,USA,United States
c61_m164,61,-164,0.044,ameli_map,USA,United States
c61_m163,61,-163,0.044,ameli_map,USA,United States
c61_m162,61,-162,0.044,ameli_map,USA,United States
c61_m161,61,-161,0.044,ameli_map,USA,United States
c61_m160,61,-160,0.044,ameli_map,USA,United States
c61_m159,61,-159,0.044,ameli_map,USA,United States
c61_m158,61,-158,0.044,ameli_map,USA,United States
c61_m157,61,-157,0.044,ameli_map,USA,United States
c61_m156,61,-156,0.044,ameli_map,USA,United States
c61_m155,61,-155,0.044,ameli_map,USA,United States
c61_m154,61,-154,0.044,ameli_map,USA,United States
c61_m153,61,-153,0.044,ameli_map,USA,United States
c61_m152,61,-152,0.044,ameli_map,USA,United States
c61_m149,61,-149,0.044,ameli_map,USA,United States
c61_m146,61,-146,0.044,ameli_map,USA,United States
c61_m145,61,-145,0.044,ameli_map,USA,United States
c61_m144,61,-144,0.044,ameli_map,USA,United States
c61_m143,61,-143,0.044,ameli_map,USA,United States
c61_m142,61,-142,0.044,ameli_map,USA,United States
c61_m141,61,-141,0.046,ameli_map,CAN,Canada
c61_m140,61,-140,0.046,ameli_map,CAN,Canada
c61_m139,61,-139,0.046,ameli_map,CAN,Canada
c61_m138,61,-138,0.046,ameli_map,CAN,Canada
c61_m137,61,-137,0.046,ameli_map,CAN,Canada
c61_m136,61,-136,0.046,ameli_map,CAN,Canada
c61_m135,61,-135,0.046,ameli_map,CAN,Canada
c61_m134,61,-134,0.046,ameli_map,CAN,Canada
c61_m133,61,-133,0.046,ameli_map,CAN,Canada
c61_m132,61,-132,0.046,ameli_map,CAN,Canada
c61_m131,61,-131,0.046,ameli_map,CAN,Canada
c61_m130,61,-130,0.046,ameli_map,CAN,Canada
c61_m129,61,-129,0.046,ameli_map,CAN,Canada
c61_m128,61,-128,0.046,ameli_map,CAN,Canada
c61_m127,61,-127,0.046,ameli_map,CAN,Canada
c61_m126,61,-126,0.046,ameli_map,CAN,Canada
c61_m125,61,-125,0.046,ameli_map,CAN,Canada
c61_m124,61,-124,0.046,ameli_map,CAN,Canada
c61_m123,61,-123,0.046,ameli_map,CAN,Canada
c61_m122,61,-122,0.046,ameli_map,CAN,Canada
c61_m121,61,-121,0.046,ameli_map,CAN,Canada
c61_m120,61,-120,0.046,ameli_map,CAN,Canada
c61_m119,61,-119,0.046,ameli_map,CAN,Canada
c61_m118,61,-118,0.046,ameli_map,CAN,Canada
c61_m117,61,-117,0.046,ameli_map,CAN,Canada
c61_m116,61,-116,0.046,ameli_map,CAN,Canada
c61_m115,61,-115,0.046,ameli_map,CAN,Canada
c61_m114,61,-114,0.046,ameli_map,CAN,Canada
c61_m113,61,-113,0.046,ameli_map,CAN,Canada
c61_m112,61,-112,0.046,ameli_map,CAN,Canada
c61_m111,61,-111,0.046,ameli_map,CAN,Canada
c61_m110,61,-110,0.046,ameli_map,CAN,Canada
c61_m109,61,-109,0.046,ameli_map,CAN,Canada
c61_m108,61,-108,0.046,ameli_map,CAN,Canada
c61_m107,61,-107,0.046,ameli_map,CAN,Canada
c61_m106,61,-106,0.046,ameli_map,CAN,Canada
c61_m105,61,-105,0.046,ameli_map,CAN,Canada
c61_m104,61,-104,0.046,ameli_map,CAN,Canada
c61_m103,61,-103,0.046,ameli_map,CAN,Canada
c61_m102,61,-102,0.046,ameli_map,CAN,Canada
c61_m101,61,-101,0.046,ameli_map,CAN,Canada
c61_m100,61,-100,0.046,ameli_map,CAN,Canada
c61_m99,61,-99,0.046,ameli_map,CAN,Canada
c61_m98,61,-98,0.046,ameli_map,CAN,Canada
c61_m97,61,-97,0.046,ameli_map,CAN,Canada
c61_m96,61,-96,0.046,ameli_map,CAN,Canada
c61_m95,61,-95,0.046,ameli_map,CAN,Canada
c61_m77,61,-77,0.046,ameli_map,CAN,Canada
c61_m76,61,-76,0.046,ameli_map,CAN,Canada
c61_m75,61,-75,0.046,ameli_map,CAN,Canada
c61_m74,61,-74,0.046,ameli_map,CAN,Canada
c61_m73,61,-73,0.046,ameli_map,CAN,Canada
c61_m72,61,-72,0.046,ameli_map,CAN,Canada
c61_m71,61,-71,0.046,ameli_map,CAN,Canada
c61_m70,61,-70,0.046,ameli_map,CAN,Canada
c61_m48,61,-48,0.046,ameli_map,GRL,Greenland
c61_m47,61,-47,0.046,ameli_map,GRL,Greenland
c61_m46,61,-46,0.046,ameli_map,GRL,Greenland
c61_m45,61,-45,0.046,ameli_map,GRL,Greenland
c61_m44,61,-44,0.046,ameli_map,GRL,Greenland
c61_m43,61,-43,0.046,ameli_map,GRL,Greenland
c61_5,61,5,0.04,ameli_map,NOR,Norway
c61_6,61,6,0.04,ameli_map,NOR,Norway
c61_7,61,7,0.04,ameli_map,NOR,Norway
c61_8,61,8,0.04,ameli_map,NOR,Norway
c61_9,61,9,0.04,ameli_map,NOR,Norway
c61_10,61,10,0.04,ameli_map,NOR,Norway
c61_11,61,11,0.04,ameli_map,NOR,Norway
c61_12,61,12,0.04,ameli_map,NOR,Norway
c61_13,61,13,0.04,ameli_map,SWE,Sweden
c61_14,61,14,0.04,ameli_map,SWE,Sweden
c61_15,61,15,0.04,ameli_map,SWE,Sweden
c61_16,61,16,0.04,ameli_map,SWE,Sweden
c61_17,61,17,0.04,ameli_map,SWE,Sweden
c61_22,61,22,0.04,ameli_map,FIN,Finland
c61_23,61,23,0.04,ameli_map,FIN,Finland
c61_24,61,24,0.04,ameli_map,FIN,Finland
c61_25,61,25,0.04,ameli_map,FIN,Finland
c61_26,61,26,0.04,ameli_map,FIN,Finland
c61_27,61,27,0.04,ameli_map,FIN,Finland
c61_28,61,28,0.04,ameli_map,FIN,Finland
c61_29,61,29,0.051,ameli_map,RUS,Russia
c61_30,61,30,0.051,ameli_map,RUS,Russia
c61_31,61,31,0.051,ameli_map,RUS,Russia
c61_32,61,32,0.051,ameli_map,RUS,Russia
c61_33,61,33,0.051,ameli_map,RUS,Russia
c61_34,61,34,0.051,ameli_map,RUS,Russia
c61_35,61,35,0.051,ameli_map,RUS,Russia
c61_36,61,36,0.051,ameli_map,RUS,Russia
c61_37,61,37,0.051,ameli_map,RUS,Russia
c61_38,61,38,0.051,ameli_map,RUS,Russia
c61_39,61,39,0.051,ameli_map,RUS,Russia
c61_40,61,40,0.051,ameli_map,RUS,Russia
c61_41,61,41,0.051,ameli_map,RUS,Russia
c61_42,61,42,0.051,ameli_map,RUS,Russia
c61_43,61,43,0.051,ameli_map,RUS,Russia
c61_44,61,44,0.051,ameli_map,RUS,Russia
c61_45,61,45,0.051,ameli_map,RUS,Russia
c61_46,61,46,0.051,ameli_map,RUS,Russia
c61_47,61,47,0.051,ameli_map,RUS,Russia
c61_48,61,48,0.051,ameli_map,RUS,Russia
c61_49,61,49,0.051,ameli_map,RUS,Russia
c61_50,61,50,0.051,ameli_map,RUS,Russia
c61_51,61,51,0.051,ameli_map,RUS,Russia
c61_52,61,52,0.051,ameli_map,RUS,Russia
c61_53,61,53,0.051,ameli_map,RUS,Russia
c61_54,61,54,0.051,ameli_map,RUS,Russia
c61_55,61,55,0.051,ameli_map,RUS,Russia
c61_56,61,56,0.051,ameli_map,RUS,Russia
c61_57,61,57,0.051,ameli_map,RUS,Russia
c61_58,61,58,0.051,ameli_map,RUS,Russia
c61_59,61,59,0.051,ameli_map,RUS,Russia
c61_60,61,60,0.051,ameli_map,RUS,Russia
c61_61,61,61,0.051,ameli_map,RUS,Russia
c61_62,61,62,0.051,ameli_map,RUS,Russia
c61_63,61,63,0.051,ameli_map,RUS,Russia
c61_64,61,64,0.051,ameli_map,RUS,Russia
c61_65,61,65,0.051,ameli_map,RUS,Russia
c61_66,61,66,0.051,ameli_map,RUS,Russia
c61_67,61,67,0.051,ameli_map,RUS,Russia
c61_68,61,68,0.051,ameli_map,RUS,Russia
c61_69,61,69,0.051,ameli_map,RUS,Russia
c61_70,61,70,0.051,ameli_map,RUS,Russia
c61_71,61,71,0.051,ameli_map,RUS,Russia
c61_72,61,72,0.051,ameli_map,RUS,Russia
c61_73,61,73,0.051,ameli_map,RUS,Russia
c61_74,61,74,0.051,ameli_map,RUS,Russia
c61_75,61,75,0.051,ameli_map,RUS,Russia
c61_76,61,76,0.051,ameli_map,RUS,Russia
c61_77,61,77,0.051,ameli_map,RUS,Russia
c61_78,61,78,0.051,ameli_map,RUS,Russia
c61_79,61,79,0.051,ameli_map,RUS,Russia
c61_80,61,80,0.051,ameli_map,RUS,Russia
c61_81,61,81,0.051,ameli_map,RUS,Russia
c61_82,61,82,0.051,ameli_map,RUS,Russia
c61_83,61,83,0.051,ameli_map,RUS,Russia
c61_84,61,84,0.051,ameli_map,RUS,Russia
c61_85,61,85,0.051,ameli_map,RUS,Russia
c61_86,61,86,0.051,ameli_map,RUS,Russia
c61_87,61,87,0.051,ameli_map,RUS,Russia
c61_88,61,88,0.051,ameli_map,RUS,Russia
c61_89,61,89,0.051,ameli_map,RUS,Russia
c61_90,61,90,0.051,ameli_map,RUS,Russia
c61_91,61,91,0.051,ameli_map,RUS,Russia
c61_92,61,92,0.051,ameli_map,RUS,Russia
c61_93,61,93,0.051,ameli_map,RUS,Russia
c61_94,61,94,0.051,ameli_map,RUS,Russia
c61_95,61,95,0.051,ameli_map,RUS,Russia
c61_96,61,96,0.051,ameli_map,RUS,Russia
c61_97,61,97,0.051,ameli_map,RUS,Russia
c61_98,61,98,0.051,ameli_map,RUS,Russia
c61_99,61,99,0.051,ameli_map,RUS,Russia
c61_100,61,100,0.051,ameli_map,RUS,Russia
c61_101,61,101,0.051,ameli_map,RUS,Russia
c61_102,61,102,0.051,ameli_map,RUS,Russia
c61_103,61,103,0.051,ameli_map,RUS,Russia
c61_104,61,104,0.051,ameli_map,RUS,Russia
c61_105,61,105,0.051,ameli_map,RUS,Russia
c61_106,61,106,0.051,ameli_map,RUS,Russia
c61_107,61,107,0.051,ameli_map,RUS,Russia
c61_108,61,108,0.051,ameli_map,RUS,Russia
c61_109,61,109,0.051,ameli_map,RUS,Russia
c61_110,61,110,0.051,ameli_map,RUS,Russia
c61_111,61,111,0.051,ameli_map,RUS,Russia
c61_112,61,112,0.051,ameli_map,RUS,Russia
c61_113,61,113,0.051,ameli_map,RUS,Russia
c61_114,61,114,0.051,ameli_map,RUS,Russia
c61_115,61,115,0.051,ameli_map,RUS,Russia
c61_116,61,116,0.051,ameli_map,RUS,Russia
c61_117,61,117,0.051,ameli_map,RUS,Russia
c61_118,61,118,0.051,ameli_map,RUS,Russia
c61_119,61,119,0.051,ameli_map,RUS,Russia
c61_120,61,120,0.051,ameli_map,RUS,Russia
c61_121,61,121,0.051,ameli_map,RUS,Russia
c61_122,61,122,0.051,ameli_map,RUS,Russia
c61_123,61,123,0.051,ameli_map,RUS,Russia
c61_124,61,124,0.051,ameli_map,RUS,Russia
c61_125,61,125,0.051,ameli_map,RUS,Russia
c61_126,61,126,0.051,ameli_map,RUS,Russia
c61_127,61,127,0.051,ameli_map,RUS,Russia
c61_128,61,128,0.051,ameli_map,RUS,Russia
c61_129,61,129,0.051,ameli_map,RUS,Russia
c61_130,61,130,0.051,ameli_map,RUS,Russia
c61_131,61,131,0.051,ameli_map,RUS,Russia
c61_132,61,132,0.051,ameli_map,RUS,Russia
c61_133,61,133,0.051,ameli_map,RUS,Russia
c61_134,61,134,0.051,ameli_map,RUS,Russia
c61_135,61,135,0.051,ameli_map,RUS,Russia
c61_136,61,136,0.051,ameli_map,RUS,Russia
c61_137,61,137,0.051,ameli_map,RUS,Russia
c61_138,61,138,0.051,ameli_map,RUS,Russia
c61_139,61,139,0.051,ameli_map,RUS,Russia
c61_140,61,140,0.051,ameli_map,RUS,Russia
c61_141,61,141,0.051,ameli_map,RUS,Russia
c61_142,61,142,0.051,ameli_map,RUS,Russia
c61_143,61,143,0.051,ameli_map,RUS,Russia
c61_144,61,144,0.051,ameli_map,RUS,Russia
c61_145,61,145,0.051,ameli_map,RUS,Russia
c61_146,61,146,0.051,ameli_map,RUS,Russia
c61_147,61,147,0.051,ameli_map,RUS,Russia
c61_148,61,148,0.051,ameli_map,RUS,Russia
c61_149,61,149,0.051,ameli_map,RUS,Russia
c61_150,61,150,0.051,ameli_map,RUS,Russia
c61_151,61,151,0.051,ameli_map,RUS,Russia
c61_152,61,152,0.051,ameli_map,RUS,Russia
c61_153,61,153,0.051,ameli_map,RUS,Russia
c61_154,61,154,0.051,ameli_map,RUS,Russia
c61_155,61,155,0.051,ameli_map,RUS,Russia
c61_156,61,156,0.051,ameli_map,RUS,Russia
c61_160,61,160,0.051,ameli_map,RUS,Russia
c61_161,61,161,0.051,ameli_map,RUS,Russia
c61_164,61,164,0.051,ameli_map,RUS,Russia
c61_165,61,165,0.051,ameli_map,RUS,Russia
c61_166,61,166,0.051,ameli_map,RUS,Russia
c61_167,61,167,0.051,ameli_map,RUS,Russia
c61_168,61,168,0.051,ameli_map,RUS,Russia
c61_169,61,169,0.051,ameli_map,RUS,Russia
c61_170,61,170,0.051,ameli_map,RUS,Russia
c61_171,61,171,0.051,ameli_map,RUS,Russia
c61_172,61,172,0.051,ameli_map,RUS,Russia
c62_m165,62,-165,0.044,ameli_map,USA,United States
c62_m164,62,-164,0.044,ameli_map,USA,United States
c62_m163,62,-163,0.044,ameli_map,USA,United States
c62_m162,62,-162,0.044,ameli_map,USA,United States
c62_m161,62,-161,0.044,ameli_map,USA,United States
c62_m160,62,-160,0.044,ameli_map,USA,United States
c62_m159,62,-159,0.044,ameli_map,USA,United States
c62_m158,62,-158,0.044,ameli_map,USA,United States
c62_m157,62,-157,0.044,ameli_map,USA,United States
c62_m156,62,-156,0.044,ameli_map,USA,United States
c62_m155,62,-155,0.044,ameli_map,USA,United States
c62_m154,62,-154,0.044,ameli_map,USA,United States
c62_m153,62,-153,0.044,ameli_map,USA,United States
c62_m152,62,-152,0.044,ameli_map,USA,United States
c62_m151,62,-151,0.044,ameli_map,USA,United States
c62_m150,62,-150,0.044,ameli_map,USA,United States
c62_m149,62,-149,0.044,ameli_map,USA,United States
c62_m148,62,-148,0.044,ameli_map,USA,United States
c62_m147,62,-147,0.044,ameli_map,USA,United States
c62_m146,62,-146,0.044,ameli_map,USA,United States
c62_m145,62,-145,0.044,ameli_map,USA,United States
c62_m144,62,-144,0.044,ameli_map,USA,United States
c62_m143,62,-143,0.044,ameli_map,USA,United States
c62_m142,62,-142,0.044,ameli_map,USA,United States
c62_m141,62,-141,0.046,ameli_map,CAN,Canada
c62_m140,62,-140,0.046,ameli_map,CAN,Canada
c62_m139,62,-139,0.046,ameli_map,CAN,Canada
c62_m138,62,-138,0.046,ameli_map,CAN,Canada
c62_m137,62,-137,0.046,ameli_map,CAN,Canada
c62_m136,62,-136,0.046,ameli_map,CAN,Canada
c62_m135,62,-135,0.046,ameli_map,CAN,Canada
c62_m134,62,-134,0.046,ameli_map,CAN,Canada
c62_m133,62,-133,0.046,ameli_map,CAN,Canada
c62_m132,62,-132,0.046,ameli_map,CAN,Canada
c62_m131,62,-131,0.046,ameli_map,CAN,Canada
c62_m130,62,-130,0.046,ameli_map,CAN,Canada
c62_m129,62,-129,0.046,ameli_map,CAN,Canada
c62_m128,62,-128,0.046,ameli_map,CAN,Canada
c62_m127,62,-127,0.046,ameli_map,CAN,Canada
c62_m126,62,-126,0.046,ameli_map,CAN,Canada
c62_m125,62,-125,0.046,ameli_map,CAN,Canada
c62_m124,62,-124,0.046,ameli_map,CAN,Canada
c62_m123,62,-123,0.046,ameli_map,CAN,Canada
c62_m122,62,-122,0.046,ameli_map,CAN,Canada
c62_m121,62,-121,0.046,ameli_map,CAN,Canada
c62_m120,62,-120,0.046,ameli_map,CAN,Canada
c62_m119,62,-119,0.046,ameli_map,CAN,Canada
c62_m118,62,-118,0.046,ameli_map,CAN,Canada
c62_m117,62,-117,0.046,ameli_map,CAN,Canada
c62_m116,62,-116,0.046,ameli_map,CAN,Canada
c62_m115,62,-115,0.046,ameli_map,CAN,Canada
c62_m114,62,-114,0.046,ameli_map,CAN,Canada
c62_m113,62,-113,0.046,ameli_map,CAN,Canada
c62_m112,62,-112,0.046,ameli_map,CAN,Canada
c62_m111,62,-111,0.046,ameli_map,CAN,Canada
c62_m110,62,-110,0.046,ameli_map,CAN,Canada
c62_m109,62,-109,0.046,ameli_map,CAN,Canada
c62_m108,62,-108,0.046,ameli_map,CAN,Canada
c62_m107,62,-107,0.046,ameli_map,CAN,Canada
c62_m106,62,-106,0.046,ameli_map,CAN,Canada
c62_m105,62,-105,0.046,ameli_map,CAN,Canada
c62_m104,62,-104,0.046,ameli_map,CAN,Canada
c62_m103,62,-103,0.046,ameli_map,CAN,Canada
c62_m102,62,-102,0.046,ameli_map,CAN,Canada
c62_m101,62,-101,0.046,ameli_map,CAN,Canada
c62_m100,62,-100,0.046,ameli_map,CAN,Canada
c62_m99,62,-99,0.046,ameli_map,CAN,Canada
c62_m98,62,-98,0.046,ameli_map,CAN,Canada
c62_m97,62,-97,0.046,ameli_map,CAN,Canada
c62_m96,62,-96,0.046,ameli_map,CAN,Canada
c62_m95,62,-95,0.046,ameli_map,CAN,Canada
c62_m94,62,-94,0.046,ameli_map,CAN,Canada
c62_m80,62,-80,0.046,ameli_map,CAN,Canada
c62_m78,62,-78,0.046,ameli_map,CAN,Canada
c62_m77,62,-77,0.046,ameli_map,CAN,Canada
c62_m76,62,-76,0.046,ameli_map,CAN,Canada
c62_m75,62,-75,0.046,ameli_map,CAN,Canada
c62_m74,62,-74,0.046,ameli_map,CAN,Canada
c62_m73,62,-73,0.046,ameli_map,CAN,Canada
c62_m49,62,-49,0.046,ameli_map,GRL,Greenland
c62_m48,62,-48,0.046,ameli_map,GRL,Greenland
c62_m47,62,-47,0.046,ameli_map,GRL,Greenland
c62_m46,62,-46,0.046,ameli_map,GRL,Greenland
c62_m45,62,-45,0.046,ameli_map,GRL,Greenland
c62_m44,62,-44,0.046,ameli_map,GRL,Greenland
c62_m43,62,-43,0.046,ameli_map,GRL,Greenland
c62_m7,62,-7,0.04,ameli_map,FRO,Faroe Islands
c62_5,62,5,0.04,ameli_map,NOR,Norway
c62_6,62,6,0.04,ameli_map,NOR,Norway
c62_7,62,7,0.04,ameli_map,NOR,Norway
c62_8,62,8,0.04,ameli_map,NOR,Norway
c62_9,62,9,0.04,ameli_map,NOR,Norway
c62_10,62,10,0.04,ameli_map,NOR,Norway
c62_11,62,11,0.04,ameli_map,NOR,Norway
c62_12,62,12,0.04,ameli_map,NOR,Norway
c62_13,62,13,0.04,ameli_map,SWE,Sweden
c62_14,62,14,0.04,ameli_map,SWE,Sweden
c62_15,62,15,0.04,ameli_map,SWE,Sweden
c62_16,62,16,0.04,ameli_map,SWE,Sweden
c62_17,62,17,0.04,ameli_map,SWE,Sweden
c62_22,62,22,0.04,ameli_map,FIN,Finland
c62_23,62,23,0.04,ameli_map,FIN,Finland
c62_24,62,24,0.04,ameli_map,FIN,Finland
c62_25,62,25,0.04,ameli_map,FIN,Finland
c62_26,62,26,0.04,ameli_map,FIN,Finland
c62_27,62,27,0.04,ameli_map,FIN,Finland
c62_28,62,28,0.04,ameli_map,FIN,Finland
c62_29,62,29,0.04,ameli_map,FIN,Finland
c62_30,62,30,0.04,ameli_map,FIN,Finland
c62_31,62,31,0.051,ameli_map,RUS,Russia
c62_32,62,32,0.051,ameli_map,RUS,Russia
c62_33,62,33,0.051,ameli_map,RUS,Russia
c62_34,62,34,0.051,ameli_map,RUS,Russia
c62_35,62,35,0.051,ameli_map,RUS,Russia
c62_36,62,36,0.051,ameli_map,RUS,Russia
c62_37,62,37,0.051,ameli_map,RUS,Russia
c62_38,62,38,0.051,ameli_map,RUS,Russia
c62_39,62,39,0.051,ameli_map,RUS,Russia
c62_40,62,40,0.051,ameli_map,RUS,Russia
c62_41,62,41,0.051,ameli_map,RUS,Russia
c62_42,62,42,0.051,ameli_map,RUS,Russia
c62_43,62,43,0.051,ameli_map,RUS,Russia
c62_44,62,44,0.051,ameli_map,RUS,Russia
c62_45,62,45,0.051,ameli_map,RUS,Russia
c62_46,62,46,0.051,ameli_map,RUS,Russia
c62_47,62,47,0.051,ameli_map,RUS,Russia
c62_48,62,48,0.051,ameli_map,RUS,Russia
c62_49,62,49,0.051,ameli_map,RUS,Russia
c62_50,62,50,0.051,ameli_map,RUS,Russia
c62_51,62,51,0.051,ameli_map,RUS,Russia
c62_52,62,52,0.051,ameli_map,RUS,Russia
c62_53,62,53,0.051,ameli_map,RUS,Russia
c62_54,62,54,0.051,ameli_map,RUS,Russia
c62_55,62,55,0.051,ameli_map,RUS,Russia
c62_56,62,56,0.051,ameli_map,RUS,Russia
c62_57,62,57,0.051,ameli_map,RUS,Russia
c62_58,62,58,0.051,ameli_map,RUS,Russia
c62_59,62,59,0.051,ameli_map,RUS,Russia
c62_60,62,60,0.051,ameli_map,RUS,Russia
c62_61,62,61,0.051,ameli_map,RUS,Russia
c62_62,62,62,0.051,ameli_map,RUS,Russia
c62_63,62,63,0.051,ameli_map,RUS,Russia
c62_64,62,64,0.051,ameli_map,RUS,Russia
c62_65,62,65,0.051,ameli_map,RUS,Russia
c62_66,62,66,0.051,ameli_map,RUS,Russia
c62_67,62,67,0.051,ameli_map,RUS,Russia
c62_68,62,68,0.051,ameli_map,RUS,Russia
c62_69,62,69,0.051,ameli_map,RUS,Russia
c62_70,62,70,0.051,ameli_map,RUS,Russia
c62_71,62,71,0.051,ameli_map,RUS,Russia
c62_72,62,72,0.051,ameli_map,RUS,Russia
c62_73,62,73,0.051,ameli_map,RUS,Russia
c62_74,62,74,0.051,ameli_map,RUS,Russia
c62_75,62,75,0.051,ameli_map,RUS,Russia
c62_76,62,76,0.051,ameli_map,RUS,Russia
c62_77,62,77,0.051,ameli_map,RUS,Russia
c62_78,62,78,0.051,ameli_map,RUS,Russia
c62_79,62,79,0.051,ameli_map,RUS,Russia
c62_80,62,80,0.051,ameli_map,RUS,Russia
c62_81,62,81,0.051,ameli_map,RUS,Russia
c62_82,62,82,0.051,ameli_map,RUS,Russia
c62_83,62,83,0.051,ameli_map,RUS,Russia
c62_84,62,84,0.051,ameli_map,RUS,Russia
c62_85,62,85,0.051,ameli_map,RUS,Russia
c62_86,62,86,0.051,ameli_map,RUS,Russia
c62_87,62,87,0.051,ameli_map,RUS,Russia
c62_88,62,88,0.051,ameli_map,RUS,Russia
c62_89,62,89,0.051,ameli_map,RUS,Russia
c62_90,62,90,0.051,ameli_map,RUS,Russia
c62_91,62,91,0.051,ameli_map,RUS,Russia
c62_92,62,92,0.051,ameli_map,RUS,Russia
c62_93,62,93,0.051,ameli_map,RUS,Russia
c62_94,62,94,0.051,ameli_map,RUS,Russia
c62_95,62,95,0.051,ameli_map,RUS,Russia
c62_96,62,96,0.051,ameli_map,RUS,Russia
c62_97,62,97,0.051,ameli_map,RUS,Russia
c62_98,62,98,0.051,ameli_map,RUS,Russia
c62_99,62,99,0.051,ameli_map,RUS,Russia
c62_100,62,100,0.051,ameli_map,RUS,Russia
c62_101,62,101,0.051,ameli_map,RUS,Russia
c62_102,62,102,0.051,ameli_map,RUS,Russia
c62_103,62,103,0.051,ameli_map,RUS,Russia
c62_104,62,104,0.051,ameli_map,RUS,Russia
c62_105,62,105,0.051,ameli_map,RUS,Russia
c62_106,62,106,0.051,ameli_map,RUS,Russia
c62_107,62,107,0.051,ameli_map,RUS,Russia
c62_108,62,108,0.051,ameli_map,RUS,Russia
c62_109,62,109,0.051,ameli_map,RUS,Russia
c62_110,62,110,0.051,ameli_map,RUS,Russia
c62_111,62,111,0.051,ameli_map,RUS,Russia
c62_112,62,112,0.051,ameli_map,RUS,Russia
c62_113,62,113,0.051,ameli_map,RUS,Russia
c62_114,62,114,0.051,ameli_map,RUS,Russia
c62_115,62,115,0.051,ameli_map,RUS,Russia
c62_116,62,116,0.051,ameli_map,RUS,Russia
c62_117,62,117,0.051,ameli_map,RUS,Russia
c62_118,62,118,0.051,ameli_map,RUS,Russia
c62_119,62,119,0.051,ameli_map,RUS,Russia
c62_120,62,120,0.051,ameli_map,RUS,Russia
c62_121,62,121,0.051,ameli_map,RUS,Russia
c62_122,62,122,0.051,ameli_map,RUS,Russia
c62_123,62,123,0.051,ameli_map,RUS,Russia
c62_124,62,124,0.051,ameli_map,RUS,Russia
c62_125,62,125,0.051,ameli_map,RUS,Russia
c62_126,62,126,0.051,ameli_map,RUS,Russia
c62_127,62,127,0.051,ameli_map,RUS,Russia
c62_128,62,128,0.051,ameli_map,RUS,Russia
c62_129,62,129,0.051,ameli_map,RUS,Russia
c62_130,62,130,0.051,ameli_map,RUS,Russia
c62_131,62,131,0.051,ameli_map,RUS,Russia
c62_132,62,132,0.051,ameli_map,RUS,Russia
c62_133,62,133,0.051,ameli_map,RUS,Russia
c62_134,62,134,0.051,ameli_map,RUS,Russia
c62_135,62,135,0.051,ameli_map,RUS,Russia
c62_136,62,136,0.051,ameli_map,RUS,Russia
c62_137,62,137,0.051,ameli_map,RUS,Russia
c62_138,62,138,0.051,ameli_map,RUS,Russia
c62_139,62,139,0.051,ameli_map,RUS,Russia
c62_140,62,140,0.051,ameli_map,RUS,Russia
c62_141,62,141,0.051,ameli_map,RUS,Russia
c62_142,62,142,0.051,ameli_map,RUS,Russia
c62_143,62,143,0.051,ameli_map,RUS,Russia
c62_144,62,144,0.051,ameli_map,RUS,Russia
c62_145,62,145,0.051,ameli_map,RUS,Russia
c62_146,62,146,0.051,ameli_map,RUS,Russia
c62_147,62,147,0.051,ameli_map,RUS,Russia
c62_148,62,148,0.051,ameli_map,RUS,Russia
c62_149,62,149,0.051,ameli_map,RUS,Russia
c62_150,62,150,0.051,ameli_map,RUS,Russia
c62_151,62,151,0.051,ameli_map,RUS,Russia
c62_152,62,152,0.051,ameli_map,RUS,Russia
c62_153,62,153,0.051,ameli_map,RUS,Russia
c62_154,62,154,0.051,ameli_map,RUS,Russia
c62_155,62,155,0.051,ameli_map,RUS,Russia
c62_156,62,156,0.051,ameli_map,RUS,Russia
c62_157,62,157,0.051,ameli_map,RUS,Russia
c62_158,62,158,0.051,ameli_map,RUS,Russia
c62_159,62,159,0.051,ameli_map,RUS,Russia
c62_160,62,160,0.051,ameli_map,RUS,Russia
c62_161,62,161,0.051,ameli_map,RUS,Russia
c62_162,62,162,0.051,ameli_map,RUS,Russia
c62_163,62,163,0.051,ameli_map,RUS,Russia
c62_165,62,165,0.051,ameli_map,RUS,Russia
c62_166,62,166,0.051,ameli_map,RUS,Russia
c62_167,62,167,0.051,ameli_map,RUS,Russia
c62_168,62,168,0.051,ameli_map,RUS,Russia
c62_169,62,169,0.051,ameli_map,RUS,Russia
c62_170,62,170,0.051,ameli_map,RUS,Russia
c62_171,62,171,0.051,ameli_map,RUS,Russia
c62_172,62,172,0.051,ameli_map,RUS,Russia
c62_173,62,173,0.051,ameli_map,RUS,Russia
c62_174,62,174,0.051,ameli_map,RUS,Russia
c62_175,62,175,0.051,ameli_map,RUS,Russia
c63_m164,63,-164,0.044,ameli_map,USA,United States
c63_m163,63,-163,0.044,ameli_map,USA,United States
c63_m162,63,-162,0.044,ameli_map,USA,United States
c63_m161,63,-161,0.044,ameli_map,USA,United States
c63_m160,63,-160,0.044,ameli_map,USA,United States
c63_m159,63,-159,0.044,ameli_map,USA,United States
c63_m158,63,-158,0.044,ameli_map,USA,United States
c63_m157,63,-157,0.044,ameli_map,USA,United States
c63_m156,63,-156,0.044,ameli_map,USA,United States
c63_m155,63,-155,0.044,ameli_map,USA,United States
c63_m154,63,-154,0.044,ameli_map,USA,United States
c63_m153,63,-153,0.044,ameli_map,USA,United States
c63_m152,63,-152,0.044,ameli_map,USA,United States
c63_m151,63,-151,0.044,ameli_map,USA,United States
c63_m150,63,-150,0.044,ameli_map,USA,United States
c63_m149,63,-149,0.044,ameli_map,USA,United States
c63_m148,63,-148,0.044,ameli_map,USA,United States
c63_m147,63,-147,0.044,ameli_map,USA,United States
c63_m146,63,-146,0.044,ameli_map,USA,United States
c63_m145,63,-145,0.044,ameli_map,USA,United States
c63_m144,63,-144,0.044,ameli_map,USA,United States
c63_m143,63,-143,0.044,ameli_map,USA,United States
c63_m142,63,-142,0.044,ameli_map,USA,United States
c63_m141,63,-141,0.046,ameli_map,CAN,Canada
c63_m140,63,-140,0.046,ameli_map,CAN,Canada
c63_m139,63,-139,0.046,ameli_map,CAN,Canada
c63_m138,63,-138,0.046,ameli_map,CAN,Canada
c63_m137,63,-137,0.046,ameli_map,CAN,Canada
c63_m136,63,-136,0.046,ameli_map,CAN,Canada
c63_m135,63,-135,0.046,ameli_map,CAN,Canada
c63_m134,63,-134,0.046,ameli_map,CAN,Canada
c63_m133,63,-133,0.046,ameli_map,CAN,Canada
c63_m132,63,-132,0.046,ameli_map,CAN,Canada
c63_m131,63,-131,0.046,ameli_map,CAN,Canada
c63_m130,63,-130,0.046,ameli_map,CAN,Canada
c63_m129,63,-129,0.046,ameli_map,CAN,Canada
c63_m128,63,-128,0.046,ameli_map,CAN,Canada
c63_m127,63,-127,0.046,ameli_map,CAN,Canada
c63_m126,63,-126,0.046,ameli_map,CAN,Canada
c63_m125,63,-125,0.046,ameli_map,CAN,Canada
c63_m124,63,-124,0.046,ameli_map,CAN,Canada
c63_m123,63,-123,0.046,ameli_map,CAN,Canada
c63_m122,63,-122,0.046,ameli_map,CAN,Canada
c63_m121,63,-121,0.046,ameli_map,CAN,Canada
c63_m120,63,-120,0.046,ameli_map,CAN,Canada
c63_m119,63,-119,0.046,ameli_map,CAN,Canada
c63_m118,63,-118,0.046,ameli_map,CAN,Canada
c63_m117,63,-117,0.046,ameli_map,CAN,Canada
c63_m116,63,-116,0.046,ameli_map,CAN,Canada
c63_m115,63,-115,0.046,ameli_map,CAN,Canada
c63_m114,63,-114,0.046,ameli_map,CAN,Canada
c63_m113,63,-113,0.046,ameli_map,CAN,Canada
c63_m112,63,-112,0.046,ameli_map,CAN,Canada
c63_m111,63,-111,0.046,ameli_map,CAN,Canada
c63_m110,63,-110,0.046,ameli_map,CAN,Canada
c63_m109,63,-109,0.046,ameli_map,CAN,Canada
c63_m108,63,-108,0.046,ameli_map,CAN,Canada
c63_m107,63,-107,0.046,ameli_map,CAN,Canada
c63_m106,63,-106,0.046,ameli_map,CAN,Canada
c63_m105,63,-105,0.046,ameli_map,CAN,Canada
c63_m104,63,-104,0.046,ameli_map,CAN,Canada
c63_m103,63,-103,0.046,ameli_map,CAN,Canada
c63_m102,63,-102,0.046,ameli_map,CAN,Canada
c63_m101,63,-101,0.046,ameli_map,CAN,Canada
c63_m100,63,-100,0.046,ameli_map,CAN,Canada
c63_m99,63,-99,0.046,ameli_map,CAN,Canada
c63_m98,63,-98,0.046,ameli_map,CAN,Canada
c63_m97,63,-97,0.046,ameli_map,CAN,Canada
c63_m96,63,-96,0.046,ameli_map,CAN,Canada
c63_m95,63,-95,0.046,ameli_map,CAN,Canada
c63_m94,63,-94,0.046,ameli_map,CAN,Canada
c63_m93,63,-93,0.046,ameli_map,CAN,Canada
c63_m92,63,-92,0.046,ameli_map,CAN,Canada
c63_m91,63,-91,0.046,ameli_map,CAN,Canada
c63_m71,63,-71,0.046,ameli_map,CAN,Canada
c63_m70,63,-70,0.046,ameli_map,CAN,Canada
c63_m69,63,-69,0.046,ameli_map,CAN,Canada
c63_m68,63,-68,0.046,ameli_map,CAN,Canada
c63_m66,63,-66,0.046,ameli_map,CAN,Canada
c63_m65,63,-65,0.046,ameli_map,CAN,Canada
c63_m50,63,-50,0.046,ameli_map,GRL,Greenland
c63_m49,63,-49,0.046,ameli_map,GRL,Greenland
c63_m48,63,-48,0.046,ameli_map,GRL,Greenland
c63_m47,63,-47,0.046,ameli_map,GRL,Greenland
c63_m46,63,-46,0.046,ameli_map,GRL,Greenland
c63_m45,63,-45,0.046,ameli_map,GRL,Greenland
c63_m44,63,-44,0.046,ameli_map,GRL,Greenland
c63_m43,63,-43,0.046,ameli_map,GRL,Greenland
c63_m42,63,-42,0.046,ameli_map,GRL,Greenland
c63_9,63,9,0.04,ameli_map,NOR,Norway
c63_10,63,10,0.04,ameli_map,NOR,Norway
c63_11,63,11,0.04,ameli_map,NOR,Norway
c63_12,63,12,0.04,ameli_map,NOR,Norway
c63_13,63,13,0.04,ameli_map,SWE,Sweden
c63_14,63,14,0.04,ameli_map,SWE,Sweden
c63_15,63,15,0.04,ameli_map,SWE,Sweden
c63_16,63,16,0.04,ameli_map,SWE,Sweden
c63_17,63,17,0.04,ameli_map,SWE,Sweden
c63_18,63,18,0.04,ameli_map,SWE,Sweden
c63_22,63,22,0.04,ameli_map,FIN,Finland
c63_23,63,23,0.04,ameli_map,FIN,Finland
c63_24,63,24,0.04,ameli_map,FIN,Finland
c63_25,63,25,0.04,ameli_map,FIN,Finland
c63_26,63,26,0.04,ameli_map,FIN,Finland
c63_27,63,27,0.04,ameli_map,FIN,Finland
c63_28,63,28,0.04,ameli_map,FIN,Finland
c63_29,63,29,0.04,ameli_map,FIN,Finland
c63_30,63,30,0.04,ameli_map,FIN,Finland
c63_31,63,31,0.04,ameli_map,FIN,Finland
c63_32,63,32,0.051,ameli_map,RUS,Russia
c63_33,63,33,0.051,ameli_map,RUS,Russia
c63_34,63,34,0.051,ameli_map,RUS,Russia
c63_35,63,35,0.051,ameli_map,RUS,Russia
c63_36,63,36,0.051,ameli_map,RUS,Russia
c63_37,63,37,0.051,ameli_map,RUS,Russia
c63_38,63,38,0.051,ameli_map,RUS,Russia
c63_39,63,39,0.051,ameli_map,RUS,Russia
c63_40,63,40,0.051,ameli_map,RUS,Russia
c63_41,63,41,0.051,ameli_map,RUS,Russia
c63_42,63,42,0.051,ameli_map,RUS,Russia
c63_43,63,43,0.051,ameli_map,RUS,Russia
c63_44,63,44,0.051,ameli_map,RUS,Russia
c63_45,63,45,0.051,ameli_map,RUS,Russia
c63_46,63,46,0.051,ameli_map,RUS,Russia
c63_47,63,47,0.051,ameli_map,RUS,Russia
c63_48,63,48,0.051,ameli_map,RUS,Russia
c63_49,63,49,0.051,ameli_map,RUS,Russia
c63_50,63,50,0.051,ameli_map,RUS,Russia
c63_51,63,51,0.051,ameli_map,RUS,Russia
c63_52,63,52,0.051,ameli_map,RUS,Russia
c63_53,63,53,0.051,ameli_map,RUS,Russia
c63_54,63,54,0.051,ameli_map,RUS,Russia
c63_55,63,55,0.051,ameli_map,RUS,Russia
c63_56,63,56,0.051,ameli_map,RUS,Russia
c63_57,63,57,0.051,ameli_map,RUS,Russia
c63_58,63,58,0.051,ameli_map,RUS,Russia
c63_59,63,59,0.051,ameli_map,RUS,Russia
c63_60,63,60,0.051,ameli_map,RUS,Russia
c63_61,63,61,0.051,ameli_map,RUS,Russia
c63_62,63,62,0.051,ameli_map,RUS,Russia
c63_63,63,63,0.051,ameli_map,RUS,Russia
c63_64,63,64,0.051,ameli_map,RUS,Russia
c63_65,63,65,0.051,ameli_map,RUS,Russia
c63_66,63,66,0.051,ameli_map,RUS,Russia
c63_67,63,67,0.051,ameli_map,RUS,Russia
c63_68,63,68,0.051,ameli_map,RUS,Russia
c63_69,63,69,0.051,ameli_map,RUS,Russia
c63_70,63,70,0.051,ameli_map,RUS,Russia
c63_71,63,71,0.051,ameli_map,RUS,Russia
c63_72,63,72,0.051,ameli_map,RUS,Russia
c63_73,63,73,0.051,ameli_map,RUS,Russia
c63_74,63,74,0.051,ameli_map,RUS,Russia
c63_75,63,75,0.051,ameli_map,RUS,Russia
c63_76,63,76,0.051,ameli_map,RUS,Russia
c63_77,63,77,0.051,ameli_map,RUS,Russia
c63_78,63,78,0.051,ameli_map,RUS,Russia
c63_79,63,79,0.051,ameli_map,RUS,Russia
c63_80,63,80,0.051,ameli_map,RUS,Russia
c63_81,63,81,0.051,ameli_map,RUS,Russia
c63_82,63,82,0.051,ameli_map,RUS,Russia
c63_83,63,83,0.051,ameli_map,RUS,Russia
c63_84,63,84,0.051,ameli_map,RUS,Russia
c63_85,63,85,0.051,ameli_map,RUS,Russia
c63_86,63,86,0.051,ameli_map,RUS,Russia
c63_87,63,87,0.051,ameli_map,RUS,Russia
c63_88,63,88,0.051,ameli_map,RUS,Russia
c63_89,63,89,0.051,ameli_map,RUS,Russia
c63_90,63,90,0.051,ameli_map,RUS,Russia
c63_91,63,91,0.051,ameli_map,RUS,Russia
c63_92,63,92,0.051,ameli_map,RUS,Russia
c63_93,63,93,0.051,ameli_map,RUS,Russia
c63_94,63,94,0.051,ameli_map,RUS,Russia
c63_95,63,95,0.051,ameli_map,RUS,Russia
c63_96,63,96,0.051,ameli_map,RUS,Russia
c63_97,63,97,0.051,ameli_map,RUS,Russia
c63_98,63,98,0.051,ameli_map,RUS,Russia
c63_99,63,99,0.051,ameli_map,RUS,Russia
c63_100,63,100,0.051,ameli_map,RUS,Russia
c63_101,63,101,0.051,ameli_map,RUS,Russia
c63_102,63,102,0.051,ameli_map,RUS,Russia
c63_103,63,103,0.051,ameli_map,RUS,Russia
c63_104,63,104,0.051,ameli_map,RUS,Russia
c63_105,63,105,0.051,ameli_map,RUS,Russia
c63_106,63,106,0.051,ameli_map,RUS,Russia
c63_107,63,107,0.051,ameli_map,RUS,Russia
c63_108,63,108,0.051,ameli_map,RUS,Russia
c63_109,63,109,0.051,ameli_map,RUS,Russia
c63_110,63,110,0.051,ameli_map,RUS,Russia
c63_111,63,111,0.051,ameli_map,RUS,Russia
c63_112,63,112,0.051,ameli_map,RUS,Russia
c63_113,63,113,0.051,ameli_map,RUS,Russia
c63_114,63,114,0.051,ameli_map,RUS,Russia
c63_115,63,115,0.051,ameli_map,RUS,Russia
c63_116,63,116,0.051,ameli_map,RUS,Russia
c63_117,63,117,0.051,ameli_map,RUS,Russia
c63_118,63,118,0.051,ameli_map,RUS,Russia
c63_119,63,119,0.051,ameli_map,RUS,Russia
c63_120,63,120,0.051,ameli_map,RUS,Russia
c63_121,63,121,0.051,ameli_map,RUS,Russia
c63_122,63,122,0.051,ameli_map,RUS,Russia
c63_123,63,123,0.051,ameli_map,RUS,Russia
c63_124,63,124,0.051,ameli_map,RUS,Russia
c63_125,63,125,0.051,ameli_map,RUS,Russia
c63_126,63,126,0.051,ameli_map,RUS,Russia
c63_127,63,127,0.051,ameli_map,RUS,Russia
c63_128,63,128,0.051,ameli_map,RUS,Russia
c63_129,63,129,0.051,ameli_map,RUS,Russia
c63_130,63,130,0.051,ameli_map,RUS,Russia
c63_131,63,131,0.051,ameli_map,RUS,Russia
c63_132,63,132,0.051,ameli_map,RUS,Russia
c63_133,63,133,0.051,ameli_map,RUS,Russia
c63_134,63,134,0.051,ameli_map,RUS,Russia
c63_135,63,135,0.051,ameli_map,RUS,Russia
c63_136,63,136,0.051,ameli_map,RUS,Russia
c63_137,63,137,0.051,ameli_map,RUS,Russia
c63_138,63,138,0.051,ameli_map,RUS,Russia
c63_139,63,139,0.051,ameli_map,RUS,Russia
c63_140,63,140,0.051,ameli_map,RUS,Russia
c63_141,63,141,0.051,ameli_map,RUS,Russia
c63_142,63,142,0.051,ameli_map,RUS,Russia
c63_143,63,143,0.051,ameli_map,RUS,Russia
c63_144,63,144,0.051,ameli_map,RUS,Russia
c63_145,63,145,0.051,ameli_map,RUS,Russia
c63_146,63,146,0.051,ameli_map,RUS,Russia
c63_147,63,147,0.051,ameli_map,RUS,Russia
c63_148,63,148,0.051,ameli_map,RUS,Russia
c63_149,63,149,0.051,ameli_map,RUS,Russia
c63_150,63,150,0.051,ameli_map,RUS,Russia
c63_151,63,151,0.051,ameli_map,RUS,Russia
c63_152,63,152,0.051,ameli_map,RUS,Russia
c63_153,63,153,0.051,ameli_map,RUS,Russia
c63_154,63,154,0.051,ameli_map,RUS,Russia
c63_155,63,155,0.051,ameli_map,RUS,Russia
c63_156,63,156,0.051,ameli_map,RUS,Russia
c63_157,63,157,0.051,ameli_map,RUS,Russia
c63_158,63,158,0.051,ameli_map,RUS,Russia
c63_159,63,159,0.051,ameli_map,RUS,Russia
c63_160,63,160,0.051,ameli_map,RUS,Russia
c63_161,63,161,0.051,ameli_map,RUS,Russia
c63_162,63,162,0.051,ameli_map,RUS,Russia
c63_163,63,163,0.051,ameli_map,RUS,Russia
c63_164,63,164,0.051,ameli_map,RUS,Russia
c63_165,63,165,0.051,ameli_map,RUS,Russia
c63_166,63,166,0.051,ameli_map,RUS,Russia
c63_167,63,167,0.051,ameli_map,RUS,Russia
c63_168,63,168,0.051,ameli_map,RUS,Russia
c63_169,63,169,0.051,ameli_map,RUS,Russia
c63_170,63,170,0.051,ameli_map,RUS,Russia
c63_171,63,171,0.051,ameli_map,RUS,Russia
c63_172,63,172,0.051,ameli_map,RUS,Russia
c63_173,63,173,0.051,ameli_map,RUS,Russia
c63_174,63,174,0.051,ameli_map,RUS,Russia
c63_175,63,175,0.051,ameli_map,RUS,Russia
c63_176,63,176,0.051,ameli_map,RUS,Russia
c63_177,63,177,0.051,ameli_map,RUS,Russia
c63_178,63,178,0.051,ameli_map,RUS,Russia
c63_179,63,179,0.051,ameli_map,RUS,Russia
c64_m160,64,-160,0.044,ameli_map,USA,United States
c64_m159,64,-159,0.044,ameli_map,USA,United States
c64_m158,64,-158,0.044,ameli_map,USA,United States
c64_m157,64,-157,0.044,ameli_map,USA,United States
c64_m156,64,-156,0.044,ameli_map,USA,United States
c64_m155,64,-155,0.044,ameli_map,USA,United States
c64_m154,64,-154,0.044,ameli_map,USA,United States
c64_m153,64,-153,0.044,ameli_map,USA,United States
c64_m152,64,-152,0.044,ameli_map,USA,United States
c64_m151,64,-151,0.044,ameli_map,USA,United States
c64_m150,64,-150,0.044,ameli_map,USA,United States
c64_m149,64,-149,0.044,ameli_map,USA,United States
c64_m148,64,-148,0.044,ameli_map,USA,United States
c64_m147,64,-147,0.044,ameli_map,USA,United States
c64_m146,64,-146,0.044,ameli_map,USA,United States
c64_m145,64,-145,0.044,ameli_map,USA,United States
c64_m144,64,-144,0.044,ameli_map,USA,United States
c64_m143,64,-143,0.044,ameli_map,USA,United States
c64_m142,64,-142,0.044,ameli_map,USA,United States
c64_m141,64,-141,0.046,ameli_map,CAN,Canada
c64_m140,64,-140,0.046,ameli_map,CAN,Canada
c64_m139,64,-139,0.046,ameli_map,CAN,Canada
c64_m138,64,-138,0.046,ameli_map,CAN,Canada
c64_m137,64,-137,0.046,ameli_map,CAN,Canada
c64_m136,64,-136,0.046,ameli_map,CAN,Canada
c64_m135,64,-135,0.046,ameli_map,CAN,Canada
c64_m134,64,-134,0.046,ameli_map,CAN,Canada
c64_m133,64,-133,0.046,ameli_map,CAN,Canada
c64_m132,64,-132,0.046,ameli_map,CAN,Canada
c64_m131,64,-131,0.046,ameli_map,CAN,Canada
c64_m130,64,-130,0.046,ameli_map,CAN,Canada
c64_m129,64,-129,0.046,ameli_map,CAN,Canada
c64_m128,64,-128,0.046,ameli_map,CAN,Canada
c64_m127,64,-127,0.046,ameli_map,CAN,Canada
c64_m126,64,-126,0.046,ameli_map,CAN,Canada
c64_m125,64,-125,0.046,ameli_map,CAN,Canada
c64_m124,64,-124,0.046,ameli_map,CAN,Canada
c64_m123,64,-123,0.046,ameli_map,CAN,Canada
c64_m122,64,-122,0.046,ameli_map,CAN,Canada
c64_m121,64,-121,0.046,ameli_map,CAN,Canada
c64_m120,64,-120,0.046,ameli_map,CAN,Canada
c64_m119,64,-119,0.046,ameli_map,CAN,Canada
c64_m118,64,-118,0.046,ameli_map,CAN,Canada
c64_m117,64,-117,0.046,ameli_map,CAN,Canada
c64_m116,64,-116,0.046,ameli_map,CAN,Canada
c64_m115,64,-115,0.046,ameli_map,CAN,Canada
c64_m114,64,-114,0.046,ameli_map,CAN,Canada
c64_m113,64,-113,0.046,ameli_map,CAN,Canada
c64_m112,64,-112,0.046,ameli_map,CAN,Canada
c64_m111,64,-111,0.046,ameli_map,CAN,Canada
c64_m110,64,-110,0.046,ameli_map,CAN,Canada
c64_m109,64,-109,0.046,ameli_map,CAN,Canada
c64_m108,64,-108,0.046,ameli_map,CAN,Canada
c64_m107,64,-107,0.046,ameli_map,CAN,Canada
c64_m106,64,-106,0.046,ameli_map,CAN,Canada
c64_m105,64,-105,0.046,ameli_map,CAN,Canada
c64_m104,64,-104,0.046,ameli_map,CAN,Canada
c64_m103,64,-103,0.046,ameli_map,CAN,Canada
c64_m102,64,-102,0.046,ameli_map,CAN,Canada
c64_m101,64,-101,0.046,ameli_map,CAN,Canada
c64_m100,64,-100,0.046,ameli_map,CAN,Canada
c64_m99,64,-99,0.046,ameli_map,CAN,Canada
c64_m98,64,-98,0.046,ameli_map,CAN,Canada
c64_m97,64,-97,0.046,ameli_map,CAN,Canada
c64_m96,64,-96,0.046,ameli_map,CAN,Canada
c64_m95,64,-95,0.046,ameli_map,CAN,Canada
c64_m94,64,-94,0.046,ameli_map,CAN,Canada
c64_m93,64,-93,0.046,ameli_map,CAN,Canada
c64_m92,64,-92,0.046,ameli_map,CAN,Canada
c64_m91,64,-91,0.046,ameli_map,CAN,Canada
c64_m90,64,-90,0.046,ameli_map,CAN,Canada
c64_m86,64,-86,0.046,ameli_map,CAN,Canada
c64_m85,64,-85,0.046,ameli_map,CAN,Canada
c64_m84,64,-84,0.046,ameli_map,CAN,Canada
c64_m83,64,-83,0.046,ameli_map,CAN,Canada
c64_m82,64,-82,0.046,ameli_map,CAN,Canada
c64_m78,64,-78,0.046,ameli_map,CAN,Canada
c64_m72,64,-72,0.046,ameli_map,CAN,Canada
c64_m71,64,-71,0.046,ameli_map,CAN,Canada
c64_m70,64,-70,0.046,ameli_map,CAN,Canada
c64_m69,64,-69,0.046,ameli_map,CAN,Canada
c64_m68,64,-68,0.046,ameli_map,CAN,Canada
c64_m67,64,-67,0.046,ameli_map,CAN,Canada
c64_m66,64,-66,0.046,ameli_map,CAN,Canada
c64_m65,64,-65,0.046,ameli_map,CAN,Canada
c64_m51,64,-51,0.046,ameli_map,GRL,Greenland
c64_m50,64,-50,0.046,ameli_map,GRL,Greenland
c64_m49,64,-49,0.046,ameli_map,GRL,Greenland
c64_m48,64,-48,0.046,ameli_map,GRL,Greenland
c64_m47,64,-47,0.046,ameli_map,GRL,Greenland
c64_m46,64,-46,0.046,ameli_map,GRL,Greenland
c64_m45,64,-45,0.046,ameli_map,GRL,Greenland
c64_m44,64,-44,0.046,ameli_map,GRL,Greenland
c64_m43,64,-43,0.046,ameli_map,GRL,Greenland
c64_m42,64,-42,0.046,ameli_map,GRL,Greenland
c64_m41,64,-41,0.046,ameli_map,GRL,Greenland
c64_m22,64,-22,0.04,ameli_map,ISL,Iceland
c64_m21,64,-21,0.04,ameli_map,ISL,Iceland
c64_m20,64,-20,0.04,ameli_map,ISL,Iceland
c64_m19,64,-19,0.04,ameli_map,ISL,Iceland
c64_m18,64,-18,0.04,ameli_map,ISL,Iceland
c64_m17,64,-17,0.04,ameli_map,ISL,Iceland
c64_11,64,11,0.04,ameli_map,NOR,Norway
c64_12,64,12,0.04,ameli_map,NOR,Norway
c64_13,64,13,0.04,ameli_map,SWE,Sweden
c64_14,64,14,0.04,ameli_map,SWE,Sweden
c64_15,64,15,0.04,ameli_map,SWE,Sweden
c64_16,64,16,0.04,ameli_map,SWE,Sweden
c64_17,64,17,0.04,ameli_map,SWE,Sweden
c64_18,64,18,0.04,ameli_map,SWE,Sweden
c64_19,64,19,0.04,ameli_map,SWE,Sweden
c64_20,64,20,0.04,ameli_map,SWE,Sweden
c64_24,64,24,0.04,ameli_map,FIN,Finland
c64_25,64,25,0.04,ameli_map,FIN,Finland
c64_26,64,26,0.04,ameli_map,FIN,Finland
c64_27,64,27,0.04,ameli_map,FIN,Finland
c64_28,64,28,0.04,ameli_map,FIN,Finland
c64_29,64,29,0.04,ameli_map,FIN,Finland
c64_30,64,30,0.04,ameli_map,FIN,Finland
c64_31,64,31,0.051,ameli_map,RUS,Russia
c64_32,64,32,0.051,ameli_map,RUS,Russia
c64_33,64,33,0.051,ameli_map,RUS,Russia
c64_34,64,34,0.051,ameli_map,RUS,Russia
c64_35,64,35,0.051,ameli_map,RUS,Russia
c64_36,64,36,0.051,ameli_map,RUS,Russia
c64_39,64,39,0.051,ameli_map,RUS,Russia
c64_40,64,40,0.051,ameli_map,RUS,Russia
c64_41,64,41,0.051,ameli_map,RUS,Russia
c64_42,64,42,0.051,ameli_map,RUS,Russia
c64_43,64,43,0.051,ameli_map,RUS,Russia
c64_44,64,44,0.051,ameli_map,RUS,Russia
c64_45,64,45,0.051,ameli_map,RUS,Russia
c64_46,64,46,0.051,ameli_map,RUS,Russia
c64_47,64,47,0.051,ameli_map,RUS,Russia
c64_48,64,48,0.051,ameli_map,RUS,Russia
c64_49,64,49,0.051,ameli_map,RUS,Russia
c64_50,64,50,0.051,ameli_map,RUS,Russia
c64_51,64,51,0.051,ameli_map,RUS,Russia
c64_52,64,52,0.051,ameli_map,RUS,Russia
c64_53,64,53,0.051,ameli_map,RUS,Russia
c64_54,64,54,0.051,ameli_map,RUS,Russia
c64_55,64,55,0.051,ameli_map,RUS,Russia
c64_56,64,56,0.051,ameli_map,RUS,Russia
c64_57,64,57,0.051,ameli_map,RUS,Russia
c64_58,64,58,0.051,ameli_map,RUS,Russia
c64_59,64,59,0.051,ameli_map,RUS,Russia
c64_60,64,60,0.051,ameli_map,RUS,Russia
c64_61,64,61,0.051,ameli_map,RUS,Russia
c64_62,64,62,0.051,ameli_map,RUS,Russia
c64_63,64,63,0.051,ameli_map,RUS,Russia
c64_64,64,64,0.051,ameli_map,RUS,Russia
c64_65,64,65,0.051,ameli_map,RUS,Russia
c64_66,64,66,0.051,ameli_map,RUS,Russia
c64_67,64,67,0.051,ameli_map,RUS,Russia
c64_68,64,68,0.051,ameli_map,RUS,Russia
c64_69,64,69,0.051,ameli_map,RUS,Russia
c64_70,64,70,0.051,ameli_map,RUS,Russia
c64_71,64,71,0.051,ameli_map,RUS,Russia
c64_72,64,72,0.051,ameli_map,RUS,Russia
c64_73,64,73,0.051,ameli_map,RUS,Russia
c64_74,64,74,0.051,ameli_map,RUS,Russia
c64_75,64,75,0.051,ameli_map,RUS,Russia
c64_76,64,76,0.051,ameli_map,RUS,Russia
c64_77,64,77,0.051,ameli_map,RUS,Russia
c64_78,64,78,0.051,ameli_map,RUS,Russia
c64_79,64,79,0.051,ameli_map,RUS,Russia
c64_80,64,80,0.051,ameli_map,RUS,Russia
c64_81,64,81,0.051,ameli_map,RUS,Russia
c64_82,64,82,0.051,ameli_map,RUS,Russia
c64_83,64,83,0.051,ameli_map,RUS,Russia
c64_84,64,84,0.051,ameli_map,RUS,Russia
c64_85,64,85,0.051,ameli_map,RUS,Russia
c64_86,64,86,0.051,ameli_map,RUS,Russia
c64_87,64,87,0.051,ameli_map,RUS,Russia
c64_88,64,88,0.051,ameli_map,RUS,Russia
c64_89,64,89,0.051,ameli_map,RUS,Russia
c64_90,64,90,0.051,ameli_map,RUS,Russia
c64_91,64,91,0.051,ameli_map,RUS,Russia
c64_92,64,92,0.051,ameli_map,RUS,Russia
c64_93,64,93,0.051,ameli_map,RUS,Russia
c64_94,64,94,0.051,ameli_map,RUS,Russia
c64_95,64,95,0.051,ameli_map,RUS,Russia
c64_96,64,96,0.051,ameli_map,RUS,Russia
c64_97,64,97,0.051,ameli_map,RUS,Russia
c64_98,64,98,0.051,ameli_map,RUS,Russia
c64_99,64,99,0.051,ameli_map,RUS,Russia
c64_100,64,100,0.051,ameli_map,RUS,Russia
c64_101,64,101,0.051,ameli_map,RUS,Russia
c64_102,64,102,0.051,ameli_map,RUS,Russia
c64_103,64,103,0.051,ameli_map,RUS,Russia
c64_104,64,104,0.051,ameli_map,RUS,Russia
c64_105,64,105,0.051,ameli_map,RUS,Russia
c64_106,64,106,0.051,ameli_map,RUS,Russia
c64_107,64,107,0.051,ameli_map,RUS,Russia
c64_108,64,108,0.051,ameli_map,RUS,Russia
c64_109,64,109,0.051,ameli_map,RUS,Russia
c64_110,64,110,0.051,ameli_map,RUS,Russia
c64_111,64,111,0.051,ameli_map,RUS,Russia
c64_112,64,112,0.051,ameli_map,RUS,Russia
c64_113,64,113,0.051,ameli_map,RUS,Russia
c64_114,64,114,0.051,ameli_map,RUS,Russia
c64_115,64,115,0.051,ameli_map,RUS,Russia
c64_116,64,116,0.051,ameli_map,RUS,Russia
c64_117,64,117,0.051,ameli_map,RUS,Russia
c64_118,64,118,0.051,ameli_map,RUS,Russia
c64_119,64,119,0.051,ameli_map,RUS,Russia
c64_120,64,120,0.051,ameli_map,RUS,Russia
c64_121,64,121,0.051,ameli_map,RUS,Russia
c64_122,64,122,0.051,ameli_map,RUS,Russia
c64_123,64,123,0.051,ameli_map,RUS,Russia
c64_124,64,124,0.051,ameli_map,RUS,Russia
c64_125,64,125,0.051,ameli_map,RUS,Russia
c64_126,64,126,0.051,ameli_map,RUS,Russia
c64_127,64,127,0.051,ameli_map,RUS,Russia
c64_128,64,128,0.051,ameli_map,RUS,Russia
c64_129,64,129,0.051,ameli_map,RUS,Russia
c64_130,64,130,0.051,ameli_map,RUS,Russia
c64_131,64,131,0.051,ameli_map,RUS,Russia
c64_132,64,132,0.051,ameli_map,RUS,Russia
c64_133,64,133,0.051,ameli_map,RUS,Russia
c64_134,64,134,0.051,ameli_map,RUS,Russia
c64_135,64,135,0.051,ameli_map,RUS,Russia
c64_136,64,136,0.051,ameli_map,RUS,Russia
c64_137,64,137,0.051,ameli_map,RUS,Russia
c64_138,64,138,0.051,ameli_map,RUS,Russia
c64_139,64,139,0.051,ameli_map,RUS,Russia
c64_140,64,140,0.051,ameli_map,RUS,Russia
c64_141,64,141,0.051,ameli_map,RUS,Russia
c64_142,64,142,0.051,ameli_map,RUS,Russia
c64_143,64,143,0.051,ameli_map,RUS,Russia
c64_144,64,144,0.051,ameli_map,RUS,Russia
c64_145,64,145,0.051,ameli_map,RUS,Russia
c64_146,64,146,0.051,ameli_map,RUS,Russia
c64_147,64,147,0.051,ameli_map,RUS,Russia
c64_148,64,148,0.051,ameli_map,RUS,Russia
c64_149,64,149,0.051,ameli_map,RUS,Russia
c64_150,64,150,0.051,ameli_map,RUS,Russia
c64_151,64,151,0.051,ameli_map,RUS,Russia
c64_152,64,152,0.051,ameli_map,RUS,Russia
c64_153,64,153,0.051,ameli_map,RUS,Russia
c64_154,64,154,0.051,ameli_map,RUS,Russia
c64_155,64,155,0.051,ameli_map,RUS,Russia
c64_156,64,156,0.051,ameli_map,RUS,Russia
c64_157,64,157,0.051,ameli_map,RUS,Russia
c64_158,64,158,0.051,ameli_map,RUS,Russia
c64_159,64,159,0.051,ameli_map,RUS,Russia
c64_160,64,160,0.051,ameli_map,RUS,Russia
c64_161,64,161,0.051,ameli_map,RUS,Russia
c64_162,64,162,0.051,ameli_map,RUS,Russia
c64_163,64,163,0.051,ameli_map,RUS,Russia
c64_164,64,164,0.051,ameli_map,RUS,Russia
c64_165,64,165,0.051,ameli_map,RUS,Russia
c64_166,64,166,0.051,ameli_map,RUS,Russia
c64_167,64,167,0.051,ameli_map,RUS,Russia
c64_168,64,168,0.051,ameli_map,RUS,Russia
c64_169,64,169,0.051,ameli_map,RUS,Russia
c64_170,64,170,0.051,ameli_map,RUS,Russia
c64_171,64,171,0.051,ameli_map,RUS,Russia
c64_172,64,172,0.051,ameli_map,RUS,Russia
c64_173,64,173,0.051,ameli_map,RUS,Russia
c64_174,64,174,0.051,ameli_map,RUS,Russia
c64_175,64,175,0.051,ameli_map,RUS,Russia
c64_176,64,176,0.051,ameli_map,RUS,Russia
c64_177,64,177,0.051,ameli_map,RUS,Russia
c64_178,64,178,0.051,ameli_map,RUS,Russia
c65_m175,65,-175,0.051,ameli_map,RUS,Russia
c65_m174,65,-174,0.051,ameli_map,RUS,Russia
c65_m173,65,-173,0.051,ameli_map,RUS,Russia
c65_m166,65,-166,0.044,ameli_map,USA,United States
c65_m165,65,-165,0.044,ameli_map,USA,United States
c65_m164,65,-164,0.044,ameli_map,USA,United States
c65_m163,65,-163,0.044,ameli_map,USA,United States
c65_m162,65,-162,0.044,ameli_map,USA,United States
c65_m161,65,-161,0.044,ameli_map,USA,United States
c65_m160,65,-160,0.044,ameli_map,USA,United States
c65_m159,65,-159,0.044,ameli_map,USA,United States
c65_m158,65,-158,0.044,ameli_map,USA,United States
c65_m157,65,-157,0.044,ameli_map,USA,United States
c65_m156,65,-156,0.044,ameli_map,USA,United States
c65_m155,65,-155,0.044,ameli_map,USA,United States
c65_m154,65,-154,0.044,ameli_map,USA,United States
c65_m153,65,-153,0.044,ameli_map,USA,United States
c65_m152,65,-152,0.044,ameli_map,USA,United States
c65_m151,65,-151,0.044,ameli_map,USA,United States
c65_m150,65,-150,0.044,ameli_map,USA,United States
c65_m149,65,-149,0.044,ameli_map,USA,United States
c65_m148,65,-148,0.044,ameli_map,USA,United States
c65_m147,65,-147,0.044,ameli_map,USA,United States
c65_m146,65,-146,0.044,ameli_map,USA,United States
c65_m145,65,-145,0.044,ameli_map,USA,United States
c65_m144,65,-144,0.044,ameli_map,USA,United States
c65_m143,65,-143,0.044,ameli_map,USA,United States
c65_m142,65,-142,0.044,ameli_map,USA,United States
c65_m141,65,-141,0.046,ameli_map,CAN,Canada
c65_m140,65,-140,0.046,ameli_map,CAN,Canada
c65_m139,65,-139,0.046,ameli_map,CAN,Canada
c65_m138,65,-138,0.046,ameli_map,CAN,Canada
c65_m137,65,-137,0.046,ameli_map,CAN,Canada
c65_m136,65,-136,0.046,ameli_map,CAN,Canada
c65_m135,65,-135,0.046,ameli_map,CAN,Canada
c65_m134,65,-134,0.046,ameli_map,CAN,Canada
c65_m133,65,-133,0.046,ameli_map,CAN,Canada
c65_m132,65,-132,0.046,ameli_map,CAN,Canada
c65_m131,65,-131,0.046,ameli_map,CAN,Canada
c65_m130,65,-130,0.046,ameli_map,CAN,Canada
c65_m129,65,-129,0.046,ameli_map,CAN,Canada
c65_m128,65,-128,0.046,ameli_map,CAN,Canada
c65_m127,65,-127,0.046,ameli_map,CAN,Canada
c65_m126,65,-126,0.046,ameli_map,CAN,Canada
c65_m125,65,-125,0.046,ameli_map,CAN,Canada
c65_m124,65,-124,0.046,ameli_map,CAN,Canada
c65_m123,65,-123,0.046,ameli_map,CAN,Canada
c65_m122,65,-122,0.046,ameli_map,CAN,Canada
c65_m121,65,-121,0.046,ameli_map,CAN,Canada
c65_m120,65,-120,0.046,ameli_map,CAN,Canada
c65_m119,65,-119,0.046,ameli_map,CAN,Canada
c65_m118,65,-118,0.046,ameli_map,CAN,Canada
c65_m117,65,-117,0.046,ameli_map,CAN,Canada
c65_m116,65,-116,0.046,ameli_map,CAN,Canada
c65_m115,65,-115,0.046,ameli_map,CAN,Canada
c65_m114,65,-114,0.046,ameli_map,CAN,Canada
c65_m113,65,-113,0.046,ameli_map,CAN,Canada
c65_m112,65,-112,0.046,ameli_map,CAN,Canada
c65_m111,65,-111,0.046,ameli_map,CAN,Canada
c65_m110,65,-110,0.046,ameli_map,CAN,Canada
c65_m109,65,-109,0.046,ameli_map,CAN,Canada
c65_m108,65,-108,0.046,ameli_map,CAN,Canada
c65_m107,65,-107,0.046,ameli_map,CAN,Canada
c65_m106,65,-106,0.046,ameli_map,CAN,Canada
c65_m105,65,-105,0.046,ameli_map,CAN,Canada
c65_m104,65,-104,0.046,ameli_map,CAN,Canada
c65_m103,65,-103,0.046,ameli_map,CAN,Canada
c65_m102,65,-102,0.046,ameli_map,CAN,Canada
c65_m101,65,-101,0.046,ameli_map,CAN,Canada
c65_m100,65,-100,0.046,ameli_map,CAN,Canada
c65_m99,65,-99,0.046,ameli_map,CAN,Canada
c65_m98,65,-98,0.046,ameli_map,CAN,Canada
c65_m97,65,-97,0.046,ameli_map,CAN,Canada
c65_m96,65,-96,0.046,ameli_map,CAN,Canada
c65_m95,65,-95,0.046,ameli_map,CAN,Canada
c65_m94,65,-94,0.046,ameli_map,CAN,Canada
c65_m93,65,-93,0.046,ameli_map,CAN,Canada
c65_m92,65,-92,0.046,ameli_map,CAN,Canada
c65_m91,65,-91,0.046,ameli_map,CAN,Canada
c65_m90,65,-90,0.046,ameli_map,CAN,Canada
c65_m89,65,-89,0.046,ameli_map,CAN,Canada
c65_m88,65,-88,0.046,ameli_map,CAN,Canada
c65_m86,65,-86,0.046,ameli_map,CAN,Canada
c65_m85,65,-85,0.046,ameli_map,CAN,Canada
c65_m84,65,-84,0.046,ameli_map,CAN,Canada
c65_m78,65,-78,0.046,ameli_map,CAN,Canada
c65_m77,65,-77,0.046,ameli_map,CAN,Canada
c65_m76,65,-76,0.046,ameli_map,CAN,Canada
c65_m75,65,-75,0.046,ameli_map,CAN,Canada
c65_m74,65,-74,0.046,ameli_map,CAN,Canada
c65_m73,65,-73,0.046,ameli_map,CAN,Canada
c65_m72,65,-72,0.046,ameli_map,CAN,Canada
c65_m71,65,-71,0.046,ameli_map,CAN,Canada
c65_m70,65,-70,0.046,ameli_map,CAN,Canada
c65_m69,65,-69,0.046,ameli_map,CAN,Canada
c65_m68,65,-68,0.046,ameli_map,CAN,Canada
c65_m67,65,-67,0.046,ameli_map,CAN,Canada
c65_m52,65,-52,0.046,ameli_map,GRL,Greenland
c65_m51,65,-51,0.046,ameli_map,GRL,Greenland
c65_m50,65,-50,0.046,ameli_map,GRL,Greenland
c65_m49,65,-49,0.046,ameli_map,GRL,Greenland
c65_m48,65,-48,0.046,ameli_map,GRL,Greenland
c65_m47,65,-47,0.046,ameli_map,GRL,Greenland
c65_m46,65,-46,0.046,ameli_map,GRL,Greenland
c65_m45,65,-45,0.046,ameli_map,GRL,Greenland
c65_m44,65,-44,0.046,ameli_map,GRL,Greenland
c65_m43,65,-43,0.046,ameli_map,GRL,Greenland
c65_m42,65,-42,0.046,ameli_map,GRL,Greenland
c65_m41,65,-41,0.046,ameli_map,GRL,Greenland
c65_m23,65,-23,0.04,ameli_map,ISL,Iceland
c65_m22,65,-22,0.04,ameli_map,ISL,Iceland
c65_m21,65,-21,0.04,ameli_map,ISL,Iceland
c65_m20,65,-20,0.04,ameli_map,ISL,Iceland
c65_m19,65,-19,0.04,ameli_map,ISL,Iceland
c65_m18,65,-18,0.04,ameli_map,ISL,Iceland
c65_m17,65,-17,0.04,ameli_map,ISL,Iceland
c65_m16,65,-16,0.04,ameli_map,ISL,Iceland
c65_m15,65,-15,0.04,ameli_map,ISL,Iceland
c65_m14,65,-14,0.04,ameli_map,ISL,Iceland
c65_12,65,12,0.04,ameli_map,NOR,Norway
c65_13,65,13,0.04,ameli_map,NOR,Norway
c65_14,65,14,0.04,ameli_map,NOR,Norway
c65_15,65,15,0.04,ameli_map,SWE,Sweden
c65_16,65,16,0.04,ameli_map,SWE,Sweden
c65_17,65,17,0.04,ameli_map,SWE,Sweden
c65_18,65,18,0.04,ameli_map,SWE,Sweden
c65_19,65,19,0.04,ameli_map,SWE,Sweden
c65_20,65,20,0.04,ameli_map,SWE,Sweden
c65_21,65,21,0.04,ameli_map,SWE,Sweden
c65_26,65,26,0.04,ameli_map,FIN,Finland
c65_27,65,27,0.04,ameli_map,FIN,Finland
c65_28,65,28,0.04,ameli_map,FIN,Finland
c65_29,65,29,0.04,ameli_map,FIN,Finland
c65_30,65,30,0.051,ameli_map,RUS,Russia
c65_31,65,31,0.051,ameli_map,RUS,Russia
c65_32,65,32,0.051,ameli_map,RUS,Russia
c65_33,65,33,0.051,ameli_map,RUS,Russia
c65_34,65,34,0.051,ameli_map,RUS,Russia
c65_37,65,37,0.051,ameli_map,RUS,Russia
c65_41,65,41,0.051,ameli_map,RUS,Russia
c65_42,65,42,0.051,ameli_map,RUS,Russia
c65_43,65,43,0.051,ameli_map,RUS,Russia
c65_44,65,44,0.051,ameli_map,RUS,Russia
c65_45,65,45,0.051,ameli_map,RUS,Russia
c65_46,65,46,0.051,ameli_map,RUS,Russia
c65_47,65,47,0.051,ameli_map,RUS,Russia
c65_48,65,48,0.051,ameli_map,RUS,Russia
c65_49,65,49,0.051,ameli_map,RUS,Russia
c65_50,65,50,0.051,ameli_map,RUS,Russia
c65_51,65,51,0.051,ameli_map,RUS,Russia
c65_52,65,52,0.051,ameli_map,RUS,Russia
c65_53,65,53,0.051,ameli_map,RUS,Russia
c65_54,65,54,0.051,ameli_map,RUS,Russia
c65_55,65,55,0.051,ameli_map,RUS,Russia
c65_56,65,56,0.051,ameli_map,RUS,Russia
c65_57,65,57,0.051,ameli_map,RUS,Russia
c65_58,65,58,0.051,ameli_map,RUS,Russia
c65_59,65,59,0.051,ameli_map,RUS,Russia
c65_60,65,60,0.051,ameli_map,RUS,Russia
c65_61,65,61,0.051,ameli_map,RUS,Russia
c65_62,65,62,0.051,ameli_map,RUS,Russia
c65_63,65,63,0.051,ameli_map,RUS,Russia
c65_64,65,64,0.051,ameli_map,RUS,Russia
c65_65,65,65,0.051,ameli_map,RUS,Russia
c65_66,65,66,0.051,ameli_map,RUS,Russia
c65_67,65,67,0.051,ameli_map,RUS,Russia
c65_68,65,68,0.051,ameli_map,RUS,Russia
c65_69,65,69,0.051,ameli_map,RUS,Russia
c65_70,65,70,0.051,ameli_map,RUS,Russia
c65_71,65,71,0.051,ameli_map,RUS,Russia
c65_72,65,72,0.051,ameli_map,RUS,Russia
c65_73,65,73,0.051,ameli_map,RUS,Russia
c65_74,65,74,0.051,ameli_map,RUS,Russia
c65_75,65,75,0.051,ameli_map,RUS,Russia
c65_76,65,76,0.051,ameli_map,RUS,Russia
c65_77,65,77,0.051,ameli_map,RUS,Russia
c65_78,65,78,0.051,ameli_map,RUS,Russia
c65_79,65,79,0.051,ameli_map,RUS,Russia
c65_80,65,80,0.051,ameli_map,RUS,Russia
c65_81,65,81,0.051,ameli_map,RUS,Russia
c65_82,65,82,0.051,ameli_map,RUS,Russia
c65_83,65,83,0.051,ameli_map,RUS,Russia
c65_84,65,84,0.051,ameli_map,RUS,Russia
c65_85,65,85,0.051,ameli_map,RUS,Russia
c65_86,65,86,0.051,ameli_map,RUS,Russia
c65_87,65,87,0.051,ameli_map,RUS,Russia
c65_88,65,88,0.051,ameli_map,RUS,Russia
c65_89,65,89,0.051,ameli_map,RUS,Russia
c65_90,65,90,0.051,ameli_map,RUS,Russia
c65_91,65,91,0.051,ameli_map,RUS,Russia
c65_92,65,92,0.051,ameli_map,RUS,Russia
c65_93,65,93,0.051,ameli_map,RUS,Russia
c65_94,65,94,0.051,ameli_map,RUS,Russia
c65_95,65,95,0.051,ameli_map,RUS,Russia
c65_96,65,96,0.051,ameli_map,RUS,Russia
c65_97,65,97,0.051,ameli_map,RUS,Russia
c65_98,65,98,0.051,ameli_map,RUS,Russia
c65_99,65,99,0.051,ameli_map,RUS,Russia
c65_100,65,100,0.051,ameli_map,RUS,Russia
c65_101,65,101,0.051,ameli_map,RUS,Russia
c65_102,65,102,0.051,ameli_map,RUS,Russia
c65_103,65,103,0.051,ameli_map,RUS,Russia
c65_104,65,104,0.051,ameli_map,RUS,Russia
c65_105,65,105,0.051,ameli_map,RUS,Russia
c65_106,65,106,0.051,ameli_map,RUS,Russia
c65_107,65,107,0.051,ameli_map,RUS,Russia
c65_108,65,108,0.051,ameli_map,RUS,Russia
c65_109,65,109,0.051,ameli_map,RUS,Russia
c65_110,65,110,0.051,ameli_map,RUS,Russia
c65_111,65,111,0.051,ameli_map,RUS,Russia
c65_112,65,112,0.051,ameli_map,RUS,Russia
c65_113,65,113,0.051,ameli_map,RUS,Russia
c65_114,65,114,0.051,ameli_map,RUS,Russia
c65_115,65,115,0.051,ameli_map,RUS,Russia
c65_116,65,116,0.051,ameli_map,RUS,Russia
c65_117,65,117,0.051,ameli_map,RUS,Russia
c65_118,65,118,0.051,ameli_map,RUS,Russia
c65_119,65,119,0.051,ameli_map,RUS,Russia
c65_120,65,120,0.051,ameli_map,RUS,Russia
c65_121,65,121,0.051,ameli_map,RUS,Russia
c65_122,65,122,0.051,ameli_map,RUS,Russia
c65_123,65,123,0.051,ameli_map,RUS,Russia
c65_124,65,124,0.051,ameli_map,RUS,Russia
c65_125,65,125,0.051,ameli_map,RUS,Russia
c65_126,65,126,0.051,ameli_map,RUS,Russia
c65_127,65,127,0.051,ameli_map,RUS,Russia
c65_128,65,128,0.051,ameli_map,RUS,Russia
c65_129,65,129,0.051,ameli_map,RUS,Russia
c65_130,65,130,0.051,ameli_map,RUS,Russia
c65_131,65,131,0.051,ameli_map,RUS,Russia
c65_132,65,132,0.051,ameli_map,RUS,Russia
c65_133,65,133,0.051,ameli_map,RUS,Russia
c65_134,65,134,0.051,ameli_map,RUS,Russia
c65_135,65,135,0.051,ameli_map,RUS,Russia
c65_136,65,136,0.051,ameli_map,RUS,Russia
c65_137,65,137,0.051,ameli_map,RUS,Russia
c65_138,65,138,0.051,ameli_map,RUS,Russia
c65_139,65,139,0.051,ameli_map,RUS,Russia
c65_140,65,140,0.051,ameli_map,RUS,Russia
c65_141,65,141,0.051,ameli_map,RUS,Russia
c65_142,65,142,0.051,ameli_map,RUS,Russia
c65_143,65,143,0.051,ameli_map,RUS,Russia
c65_144,65,144,0.051,ameli_map,RUS,Russia
c65_145,65,145,0.051,ameli_map,RUS,Russia
c65_146,65,146,0.051,ameli_map,RUS,Russia
c65_147,65,147,0.051,ameli_map,RUS,Russia
c65_148,65,148,0.051,ameli_map,RUS,Russia
c65_149,65,149,0.051,ameli_map,RUS,Russia
c65_150,65,150,0.051,ameli_map,RUS,Russia
c65_151,65,151,0.051,ameli_map,RUS,Russia
c65_152,65,152,0.051,ameli_map,RUS,Russia
c65_153,65,153,0.051,ameli_map,RUS,Russia
c65_154,65,154,0.051,ameli_map,RUS,Russia
c65_155,65,155,0.051,ameli_map,RUS,Russia
c65_156,65,156,0.051,ameli_map,RUS,Russia
c65_157,65,157,0.051,ameli_map,RUS,Russia
c65_158,65,158,0.051,ameli_map,RUS,Russia
c65_159,65,159,0.051,ameli_map,RUS,Russia
c65_160,65,160,0.051,ameli_map,RUS,Russia
c65_161,65,161,0.051,ameli_map,RUS,Russia
c65_162,65,162,0.051,ameli_map,RUS,Russia
c65_163,65,163,0.051,ameli_map,RUS,Russia
c65_164,65,164,0.051,ameli_map,RUS,Russia
c65_165,65,165,0.051,ameli_map,RUS,Russia
c65_166,65,166,0.051,ameli_map,RUS,Russia
c65_167,65,167,0.051,ameli_map,RUS,Russia
c65_168,65,168,0.051,ameli_map,RUS,Russia
c65_169,65,169,0.051,ameli_map,RUS,Russia
c65_170,65,170,0.051,ameli_map,RUS,Russia
c65_171,65,171,0.051,ameli_map,RUS,Russia
c65_172,65,172,0.051,ameli_map,RUS,Russia
c65_173,65,173,0.051,ameli_map,RUS,Russia
c65_174,65,174,0.051,ameli_map,RUS,Russia
c65_175,65,175,0.051,ameli_map,RUS,Russia
c65_176,65,176,0.051,ameli_map,RUS,Russia
c65_177,65,177,0.051,ameli_map,RUS,Russia
c65_178,65,178,0.051,ameli_map,RUS,Russia
c65_179,65,179,0.051,ameli_map,RUS,Russia
c66_m180,66,-180,0.051,ameli_map,RUS,Russia
c66_m178,66,-178,0.051,ameli_map,RUS,Russia
c66_m177,66,-177,0.051,ameli_map,RUS,Russia
c66_m176,66,-176,0.051,ameli_map,RUS,Russia
c66_m175,66,-175,0.051,ameli_map,RUS,Russia
c66_m174,66,-174,0.051,ameli_map,RUS,Russia
c66_m173,66,-173,0.051,ameli_map,RUS,Russia
c66_m172,66,-172,0.051,ameli_map,RUS,Russia
c66_m171,66,-171,0.051,ameli_map,RUS,Russia
c66_m166,66,-166,0.044,ameli_map,USA,United States
c66_m165,66,-165,0.044,ameli_map,USA,United States
c66_m164,66,-164,0.044,ameli_map,USA,United States
c66_m163,66,-163,0.044,ameli_map,USA,United States
c66_m162,66,-162,0.044,ameli_map,USA,United States
c66_m161,66,-161,0.044,ameli_map,USA,United States
c66_m160,66,-160,0.044,ameli_map,USA,United States
c66_m159,66,-159,0.044,ameli_map,USA,United States
c66_m158,66,-158,0.044,ameli_map,USA,United States
c66_m157,66,-157,0.044,ameli_map,USA,United States
c66_m156,66,-156,0.044,ameli_map,USA,United States
c66_m155,66,-155,0.044,ameli_map,USA,United States
c66_m154,66,-154,0.044,ameli_map,USA,United States
c66_m153,66,-153,0.044,ameli_map,USA,United States
c66_m152,66,-152,0.044,ameli_map,USA,United States
c66_m151,66,-151,0.044,ameli_map,USA,United States
c66_m150,66,-150,0.044,ameli_map,USA,United States
c66_m149,66,-149,0.044,ameli_map,USA,United States
c66_m148,66,-148,0.044,ameli_map,USA,United States
c66_m147,66,-147,0.044,ameli_map,USA,United States
c66_m146,66,-146,0.044,ameli_map,USA,United States
c66_m145,66,-145,0.044,ameli_map,USA,United States
c66_m144,66,-144,0.044,ameli_map,USA,United States
c66_m143,66,-143,0.044,ameli_map,USA,United States
c66_m142,66,-142,0.044,ameli_map,USA,United States
c66_m141,66,-141,0.046,ameli_map,CAN,Canada
c66_m140,66,-140,0.046,ameli_map,CAN,Canada
c66_m139,66,-139,0.046,ameli_map,CAN,Canada
c66_m138,66,-138,0.046,ameli_map,CAN,Canada
c66_m137,66,-137,0.046,ameli_map,CAN,Canada
c66_m136,66,-136,0.046,ameli_map,CAN,Canada
c66_m135,66,-135,0.046,ameli_map,CAN,Canada
c66_m134,66,-134,0.046,ameli_map,CAN,Canada
c66_m133,66,-133,0.046,ameli_map,CAN,Canada
c66_m132,66,-132,0.046,ameli_map,CAN,Canada
c66_m131,66,-131,0.046,ameli_map,CAN,Canada
c66_m130,66,-130,0.046,ameli_map,CAN,Canada
c66_m129,66,-129,0.046,ameli_map,CAN,Canada
c66_m128,66,-128,0.046,ameli_map,CAN,Canada
c66_m127,66,-127,0.046,ameli_map,CAN,Canada
c66_m126,66,-126,0.046,ameli_map,CAN,Canada
c66_m125,66,-125,0.046,ameli_map,CAN,Canada
c66_m124,66,-124,0.046,ameli_map,CAN,Canada
c66_m123,66,-123,0.046,ameli_map,CAN,Canada
c66_m122,66,-122,0.046,ameli_map,CAN,Canada
c66_m121,66,-121,0.046,ameli_map,CAN,Canada
c66_m120,66,-120,0.046,ameli_map,CAN,Canada
c66_m119,66,-119,0.046,ameli_map,CAN,Canada
c66_m118,66,-118,0.046,ameli_map,CAN,Canada
c66_m117,66,-117,0.046,ameli_map,CAN,Canada
c66_m116,66,-116,0.046,ameli_map,CAN,Canada
c66_m115,66,-115,0.046,ameli_map,CAN,Canada
c66_m114,66,-114,0.046,ameli_map,CAN,Canada
c66_m113,66,-113,0.046,ameli_map,CAN,Canada
c66_m112,66,-112,0.046,ameli_map,CAN,Canada
c66_m111,66,-111,0.046,ameli_map,CAN,Canada
c66_m110,66,-110,0.046,ameli_map,CAN,Canada
c66_m109,66,-109,0.046,ameli_map,CAN,Canada
c66_m108,66,-108,0.046,ameli_map,CAN,Canada
c66_m107,66,-107,0.046,ameli_map,CAN,Canada
c66_m106,66,-106,0.046,ameli_map,CAN,Canada
c66_m105,66,-105,0.046,ameli_map,CAN,Canada
c66_m104,66,-104,0.046,ameli_map,CAN,Canada
c66_m103,66,-103,0.046,ameli_map,CAN,Canada
c66_m102,66,-102,0.046,ameli_map,CAN,Canada
c66_m101,66,-101,0.046,ameli_map,CAN,Canada
c66_m100,66,-100,0.046,ameli_map,CAN,Canada
c66_m99,66,-99,0.046,ameli_map,CAN,Canada
c66_m98,66,-98,0.046,ameli_map,CAN,Canada
c66_m97,66,-97,0.046,ameli_map,CAN,Canada
c66_m96,66,-96,0.046,ameli_map,CAN,Canada
c66_m95,66,-95,0.046,ameli_map,CAN,Canada
c66_m94,66,-94,0.046,ameli_map,CAN,Canada
c66_m93,66,-93,0.046,ameli_map,CAN,Canada
c66_m92,66,-92,0.046,ameli_map,CAN,Canada
c66_m91,66,-91,0.046,ameli_map,CAN,Canada
c66_m90,66,-90,0.046,ameli_map,CAN,Canada
c66_m89,66,-89,0.046,ameli_map,CAN,Canada
c66_m88,66,-88,0.046,ameli_map,CAN,Canada
c66_m87,66,-87,0.046,ameli_map,CAN,Canada
c66_m85,66,-85,0.046,ameli_map,CAN,Canada
c66_m84,66,-84,0.046,ameli_map,CAN,Canada
c66_m74,66,-74,0.046,ameli_map,CAN,Canada
c66_m73,66,-73,0.046,ameli_map,CAN,Canada
c66_m72,66,-72,0.046,ameli_map,CAN,Canada
c66_m71,66,-71,0.046,ameli_map,CAN,Canada
c66_m70,66,-70,0.046,ameli_map,CAN,Canada
c66_m69,66,-69,0.046,ameli_map,CAN,Canada
c66_m68,66,-68,0.046,ameli_map,CAN,Canada
c66_m64,66,-64,0.046,ameli_map,CAN,Canada
c66_m63,66,-63,0.046,ameli_map,CAN,Canada
c66_m62,66,-62,0.046,ameli_map,CAN,Canada
c66_m53,66,-53,0.046,ameli_map,GRL,Greenland
c66_m52,66,-52,0.046,ameli_map,GRL,Greenland
c66_m51,66,-51,0.046,ameli_map,GRL,Greenland
c66_m50,66,-50,0.046,ameli_map,GRL,Greenland
c66_m49,66,-49,0.046,ameli_map,GRL,Greenland
c66_m48,66,-48,0.046,ameli_map,GRL,Greenland
c66_m47,66,-47,0.046,ameli_map,GRL,Greenland
c66_m46,66,-46,0.046,ameli_map,GRL,Greenland
c66_m45,66,-45,0.046,ameli_map,GRL,Greenland
c66_m44,66,-44,0.046,ameli_map,GRL,Greenland
c66_m43,66,-43,0.046,ameli_map,GRL,Greenland
c66_m42,66,-42,0.046,ameli_map,GRL,Greenland
c66_m41,66,-41,0.046,ameli_map,GRL,Greenland
c66_m40,66,-40,0.046,ameli_map,GRL,Greenland
c66_m39,66,-39,0.046,ameli_map,GRL,Greenland
c66_m38,66,-38,0.046,ameli_map,GRL,Greenland
c66_m37,66,-37,0.046,ameli_map,GRL,Greenland
c66_m36,66,-36,0.046,ameli_map,GRL,Greenland
c66_m23,66,-23,0.04,ameli_map,ISL,Iceland
c66_m22,66,-22,0.04,ameli_map,ISL,Iceland
c66_m20,66,-20,0.04,ameli_map,ISL,Iceland
c66_m19,66,-19,0.04,ameli_map,ISL,Iceland
c66_m18,66,-18,0.04,ameli_map,ISL,Iceland
c66_m17,66,-17,0.04,ameli_map,ISL,Iceland
c66_m16,66,-16,0.04,ameli_map,ISL,Iceland
c66_m15,66,-15,0.04,ameli_map,ISL,Iceland
c66_13,66,13,0.04,ameli_map,NOR,Norway
c66_14,66,14,0.04,ameli_map,NOR,Norway
c66_15,66,15,0.04,ameli_map,SWE,Sweden
c66_16,66,16,0.04,ameli_map,SWE,Sweden
c66_17,66,17,0.04,ameli_map,SWE,Sweden
c66_18,66,18,0.04,ameli_map,SWE,Sweden
c66_19,66,19,0.04,ameli_map,SWE,Sweden
c66_20,66,20,0.04,ameli_map,SWE,Sweden
c66_21,66,21,0.04,ameli_map,SWE,Sweden
c66_22,66,22,0.04,ameli_map,SWE,Sweden
c66_23,66,23,0.04,ameli_map,SWE,Sweden
c66_24,66,24,0.04,ameli_map,SWE,Sweden
c66_25,66,25,0.04,ameli_map,FIN,Finland
c66_26,66,26,0.04,ameli_map,FIN,Finland
c66_27,66,27,0.04,ameli_map,FIN,Finland
c66_28,66,28,0.04,ameli_map,FIN,Finland
c66_29,66,29,0.04,ameli_map,FIN,Finland
c66_30,66,30,0.051,ameli_map,RUS,Russia
c66_31,66,31,0.051,ameli_map,RUS,Russia
c66_32,66,32,0.051,ameli_map,RUS,Russia
c66_33,66,33,0.051,ameli_map,RUS,Russia
c66_34,66,34,0.051,ameli_map,RUS,Russia
c66_41,66,41,0.051,ameli_map,RUS,Russia
c66_42,66,42,0.051,ameli_map,RUS,Russia
c66_43,66,43,0.051,ameli_map,RUS,Russia
c66_44,66,44,0.051,ameli_map,RUS,Russia
c66_45,66,45,0.051,ameli_map,RUS,Russia
c66_46,66,46,0.051,ameli_map,RUS,Russia
c66_47,66,47,0.051,ameli_map,RUS,Russia
c66_48,66,48,0.051,ameli_map,RUS,Russia
c66_49,66,49,0.051,ameli_map,RUS,Russia
c66_50,66,50,0.051,ameli_map,RUS,Russia
c66_51,66,51,0.051,ameli_map,RUS,Russia
c66_52,66,52,0.051,ameli_map,RUS,Russia
c66_53,66,53,0.051,ameli_map,RUS,Russia
c66_54,66,54,0.051,ameli_map,RUS,Russia
c66_55,66,55,0.051,ameli_map,RUS,Russia
c66_56,66,56,0.051,ameli_map,RUS,Russia
c66_57,66,57,0.051,ameli_map,RUS,Russia
c66_58,66,58,0.051,ameli_map,RUS,Russia
c66_59,66,59,0.051,ameli_map,RUS,Russia
c66_60,66,60,0.051,ameli_map,RUS,Russia
c66_61,66,61,0.051,ameli_map,RUS,Russia
c66_62,66,62,0.051,ameli_map,RUS,Russia
c66_63,66,63,0.051,ameli_map,RUS,Russia
c66_64,66,64,0.051,ameli_map,RUS,Russia
c66_65,66,65,0.051,ameli_map,RUS,Russia
c66_66,66,66,0.051,ameli_map,RUS,Russia
c66_67,66,67,0.051,ameli_map,RUS,Russia
c66_68,66,68,0.051,ameli_map,RUS,Russia
c66_69,66,69,0.051,ameli_map,RUS,Russia
c66_70,66,70,0.051,ameli_map,RUS,Russia
c66_71,66,71,0.051,ameli_map,RUS,Russia
c66_72,66,72,0.051,ameli_map,RUS,Russia
c66_73,66,73,0.051,ameli_map,RUS,Russia
c66_74,66,74,0.051,ameli_map,RUS,Russia
c66_75,66,75,0.051,ameli_map,RUS,Russia
c66_76,66,76,0.051,ameli_map,RUS,Russia
c66_77,66,77,0.051,ameli_map,RUS,Russia
c66_78,66,78,0.051,ameli_map,RUS,Russia
c66_79,66,79,0.051,ameli_map,RUS,Russia
c66_80,66,80,0.051,ameli_map,RUS,Russia
c66_81,66,81,0.051,ameli_map,RUS,Russia
c66_82,66,82,0.051,ameli_map,RUS,Russia
c66_83,66,83,0.051,ameli_map,RUS,Russia
c66_84,66,84,0.051,ameli_map,RUS,Russia
c66_85,66,85,0.051,ameli_map,RUS,Russia
c66_86,66,86,0.051,ameli_map,RUS,Russia
c66_87,66,87,0.051,ameli_map,RUS,Russia
c66_88,66,88,0.051,ameli_map,RUS,Russia
c66_89,66,89,0.051,ameli_map,RUS,Russia
c66_90,66,90,0.051,ameli_map,RUS,Russia
c66_91,66,91,0.051,ameli_map,RUS,Russia
c66_92,66,92,0.051,ameli_map,RUS,Russia
c66_93,66,93,0.051,ameli_map,RUS,Russia
c66_94,66,94,0.051,ameli_map,RUS,Russia
c66_95,66,95,0.051,ameli_map,RUS,Russia
c66_96,66,96,0.051,ameli_map,RUS,Russia
c66_97,66,97,0.051,ameli_map,RUS,Russia
c66_98,66,98,0.051,ameli_map,RUS,Russia
c66_99,66,99,0.051,ameli_map,RUS,Russia
c66_100,66,100,0.051,ameli_map,RUS,Russia
c66_101,66,101,0.051,ameli_map,RUS,Russia
c66_102,66,102,0.051,ameli_map,RUS,Russia
c66_103,66,103,0.051,ameli_map,RUS,Russia
c66_104,66,104,0.051,ameli_map,RUS,Russia
c66_105,66,105,0.051,ameli_map,RUS,Russia
c66_106,66,106,0.051,ameli_map,RUS,Russia
c66_107,66,107,0.051,ameli_map,RUS,Russia
c66_108,66,108,0.051,ameli_map,RUS,Russia
c66_109,66,109,0.051,ameli_map,RUS,Russia
c66_110,66,110,0.051,ameli_map,RUS,Russia
c66_111,66,111,0.051,ameli_map,RUS,Russia
c66_112,66,112,0.051,ameli_map,RUS,Russia
c66_113,66,113,0.051,ameli_map,RUS,Russia
c66_114,66,114,0.051,ameli_map,RUS,Russia
c66_115,66,115,0.051,ameli_map,RUS,Russia
c66_116,66,116,0.051,ameli_map,RUS,Russia
c66_117,66,117,0.051,ameli_map,RUS,Russia
c66_118,66,118,0.051,ameli_map,RUS,Russia
c66_119,66,119,0.051,ameli_map,RUS,Russia
c66_120,66,120,0.051,ameli_map,RUS,Russia
c66_121,66,121,0.051,ameli_map,RUS,Russia
c66_122,66,122,0.051,ameli_map,RUS,Russia
c66_123,66,123,0.051,ameli_map,RUS,Russia
c66_124,66,124,0.051,ameli_map,RUS,Russia
c66_125,66,125,0.051,ameli_map,RUS,Russia
c66_126,66,126,0.051,ameli_map,RUS,Russia
c66_127,66,127,0.051,ameli_map,RUS,Russia
c66_128,66,128,0.051,ameli_map,RUS,Russia
c66_129,66,129,0.051,ameli_map,RUS,Russia
c66_130,66,130,0.051,ameli_map,RUS,Russia
c66_131,66,131,0.051,ameli_map,RUS,Russia
c66_132,66,132,0.051,ameli_map,RUS,Russia
c66_133,66,133,0.051,ameli_map,RUS,Russia
c66_134,66,134,0.051,ameli_map,RUS,Russia
c66_135,66,135,0.051,ameli_map,RUS,Russia
c66_136,66,136,0.051,ameli_map,RUS,Russia
c66_137,66,137,0.051,ameli_map,RUS,Russia
c66_138,66,138,0.051,ameli_map,RUS,Russia
c66_139,66,139,0.051,ameli_map,RUS,Russia
c66_140,66,140,0.051,ameli_map,RUS,Russia
c66_141,66,141,0.051,ameli_map,RUS,Russia
c66_142,66,142,0.051,ameli_map,RUS,Russia
c66_143,66,143,0.051,ameli_map,RUS,Russia
c66_144,66,144,0.051,ameli_map,RUS,Russia
c66_145,66,145,0.051,ameli_map,RUS,Russia
c66_146,66,146,0.051,ameli_map,RUS,Russia
c66_147,66,147,0.051,ameli_map,RUS,Russia
c66_148,66,148,0.051,ameli_map,RUS,Russia
c66_149,66,149,0.051,ameli_map,RUS,Russia
c66_150,66,150,0.051,ameli_map,RUS,Russia
c66_151,66,151,0.051,ameli_map,RUS,Russia
c66_152,66,152,0.051,ameli_map,RUS,Russia
c66_153,66,153,0.051,ameli_map,RUS,Russia
c66_154,66,154,0.051,ameli_map,RUS,Russia
c66_155,66,155,0.051,ameli_map,RUS,Russia
c66_156,66,156,0.051,ameli_map,RUS,Russia
c66_157,66,157,0.051,ameli_map,RUS,Russia
c66_158,66,158,0.051,ameli_map,RUS,Russia
c66_159,66,159,0.051,ameli_map,RUS,Russia
c66_160,66,160,0.051,ameli_map,RUS,Russia
c66_161,66,161,0.051,ameli_map,RUS,Russia
c66_162,66,162,0.051,ameli_map,RUS,Russia
c66_163,66,163,0.051,ameli_map,RUS,Russia
c66_164,66,164,0.051,ameli_map,RUS,Russia
c66_165,66,165,0.051,ameli_map,RUS,Russia
c66_166,66,166,0.051,ameli_map,RUS,Russia
c66_167,66,167,0.051,ameli_map,RUS,Russia
c66_168,66,168,0.051,ameli_map,RUS,Russia
c66_169,66,169,0.051,ameli_map,RUS,Russia
c66_170,66,170,0.051,ameli_map,RUS,Russia
c66_171,66,171,0.051,ameli_map,RUS,Russia
c66_172,66,172,0.051,ameli_map,RUS,Russia
c66_173,66,173,0.051,ameli_map,RUS,Russia
c66_174,66,174,0.051,ameli_map,RUS,Russia
c66_175,66,175,0.051,ameli_map,RUS,Russia
c66_176,66,176,0.051,ameli_map,RUS,Russia
c66_177,66,177,0.051,ameli_map,RUS,Russia
c66_178,66,178,0.051,ameli_map,RUS,Russia
c66_179,66,179,0.051,ameli_map,RUS,Russia
c67_m180,67,-180,0.051,ameli_map,RUS,Russia
c67_m179,67,-179,0.051,ameli_map,RUS,Russia
c67_m178,67,-178,0.051,ameli_map,RUS,Russia
c67_m177,67,-177,0.051,ameli_map,RUS,Russia
c67_m176,67,-176,0.051,ameli_map,RUS,Russia
c67_m175,67,-175,0.051,ameli_map,RUS,Russia
c67_m174,67,-174,0.051,ameli_map,RUS,Russia
c67_m173,67,-173,0.051,ameli_map,RUS,Russia
c67_m161,67,-161,0.044,ameli_map,USA,United States
c67_m160,67,-160,0.044,ameli_map,USA,United States
c67_m159,67,-159,0.044,ameli_map,USA,United States
c67_m158,67,-158,0.044,ameli_map,USA,United States
c67_m157,67,-157,0.044,ameli_map,USA,United States
c67_m156,67,-156,0.044,ameli_map,USA,United States
c67_m155,67,-155,0.044,ameli_map,USA,United States
c67_m154,67,-154,0.044,ameli_map,USA,United States
c67_m153,67,-153,0.044,ameli_map,USA,United States
c67_m152,67,-152,0.044,ameli_map,USA,United States
c67_m151,67,-151,0.044,ameli_map,USA,United States
c67_m150,67,-150,0.044,ameli_map,USA,United States
c67_m149,67,-149,0.044,ameli_map,USA,United States
c67_m148,67,-148,0.044,ameli_map,USA,United States
c67_m147,67,-147,0.044,ameli_map,USA,United States
c67_m146,67,-146,0.044,ameli_map,USA,United States
c67_m145,67,-145,0.044,ameli_map,USA,United States
c67_m144,67,-144,0.044,ameli_map,USA,United States
c67_m143,67,-143,0.044,ameli_map,USA,United States
c67_m142,67,-142,0.044,ameli_map,USA,United States
c67_m141,67,-141,0.046,ameli_map,CAN,Canada
c67_m140,67,-140,0.046,ameli_map,CAN,Canada
c67_m139,67,-139,0.046,ameli_map,CAN,Canada
c67_m138,67,-138,0.046,ameli_map,CAN,Canada
c67_m137,67,-137,0.046,ameli_map,CAN,Canada
c67_m136,67,-136,0.046,ameli_map,CAN,Canada
c67_m135,67,-135,0.046,ameli_map,CAN,Canada
c67_m134,67,-134,0.046,ameli_map,CAN,Canada
c67_m133,67,-133,0.046,ameli_map,CAN,Canada
c67_m132,67,-132,0.046,ameli_map,CAN,Canada
c67_m131,67,-131,0.046,ameli_map,CAN,Canada
c67_m130,67,-130,0.046,ameli_map,CAN,Canada
c67_m129,67,-129,0.046,ameli_map,CAN,Canada
c67_m128,67,-128,0.046,ameli_map,CAN,Canada
c67_m127,67,-127,0.046,ameli_map,CAN,Canada
c67_m126,67,-126,0.046,ameli_map,CAN,Canada
c67_m125,67,-125,0.046,ameli_map,CAN,Canada
c67_m124,67,-124,0.046,ameli_map,CAN,Canada
c67_m123,67,-123,0.046,ameli_map,CAN,Canada
c67_m122,67,-122,0.046,ameli_map,CAN,Canada
c67_m121,67,-121,0.046,ameli_map,CAN,Canada
c67_m120,67,-120,0.046,ameli_map,CAN,Canada
c67_m119,67,-119,0.046,ameli_map,CAN,Canada
c67_m118,67,-118,0.046,ameli_map,CAN,Canada
c67_m117,67,-117,0.046,ameli_map,CAN,Canada
c67_m116,67,-116,0.046,ameli_map,CAN,Canada
c67_m115,67,-115,0.046,ameli_map,CAN,Canada
c67_m114,67,-114,0.046,ameli_map,CAN,Canada
c67_m113,67,-113,0.046,ameli_map,CAN,Canada
c67_m112,67,-112,0.046,ameli_map,CAN,Canada
c67_m111,67,-111,0.046,ameli_map,CAN,Canada
c67_m110,67,-110,0.046,ameli_map,CAN,Canada
c67_m109,67,-109,0.046,ameli_map,CAN,Canada
c67_m107,67,-107,0.046,ameli_map,CAN,Canada
c67_m106,67,-106,0.046,ameli_map,CAN,Canada
c67_m105,67,-105,0.046,ameli_map,CAN,Canada
c67_m104,67,-104,0.046,ameli_map,CAN,Canada
c67_m103,67,-103,0.046,ameli_map,CAN,Canada
c67_m102,67,-102,0.046,ameli_map,CAN,Canada
c67_m101,67,-101,0.046,ameli_map,CAN,Canada
c67_m100,67,-100,0.046,ameli_map,CAN,Canada
c67_m99,67,-99,0.046,ameli_map,CAN,Canada
c67_m98,67,-98,0.046,ameli_map,CAN,Canada
c67_m97,67,-97,0.046,ameli_map,CAN,Canada
c67_m96,67,-96,0.046,ameli_map,CAN,Canada
c67_m95,67,-95,0.046,ameli_map,CAN,Canada
c67_m94,67,-94,0.046,ameli_map,CAN,Canada
c67_m93,67,-93,0.046,ameli_map,CAN,Canada
c67_m92,67,-92,0.046,ameli_map,CAN,Canada
c67_m91,67,-91,0.046,ameli_map,CAN,Canada
c67_m90,67,-90,0.046,ameli_map,CAN,Canada
c67_m89,67,-89,0.046,ameli_map,CAN,Canada
c67_m88,67,-88,0.046,ameli_map,CAN,Canada
c67_m87,67,-87,0.046,ameli_map,CAN,Canada
c67_m86,67,-86,0.046,ameli_map,CAN,Canada
c67_m85,67,-85,0.046,ameli_map,CAN,Canada
c67_m84,67,-84,0.046,ameli_map,CAN,Canada
c67_m83,67,-83,0.046,ameli_map,CAN,Canada
c67_m82,67,-82,0.046,ameli_map,CAN,Canada
c67_m72,67,-72,0.046,ameli_map,CAN,Canada
c67_m71,67,-71,0.046,ameli_map,CAN,Canada
c67_m70,67,-70,0.046,ameli_map,CAN,Canada
c67_m69,67,-69,0.046,ameli_map,CAN,Canada
c67_m68,67,-68,0.046,ameli_map,CAN,Canada
c67_m67,67,-67,0.046,ameli_map,CAN,Canada
c67_m66,67,-66,0.046,ameli_map,CAN,Canada
c67_m65,67,-65,0.046,ameli_map,CAN,Canada
c67_m64,67,-64,0.046,ameli_map,CAN,Canada
c67_m53,67,-53,0.046,ameli_map,GRL,Greenland
c67_m52,67,-52,0.046,ameli_map,GRL,Greenland
c67_m51,67,-51,0.046,ameli_map,GRL,Greenland
c67_m50,67,-50,0.046,ameli_map,GRL,Greenland
c67_m49,67,-49,0.046,ameli_map,GRL,Greenland
c67_m48,67,-48,0.046,ameli_map,GRL,Greenland
c67_m47,67,-47,0.046,ameli_map,GRL,Greenland
c67_m46,67,-46,0.046,ameli_map,GRL,Greenland
c67_m45,67,-45,0.046,ameli_map,GRL,Greenland
c67_m44,67,-44,0.046,ameli_map,GRL,Greenland
c67_m43,67,-43,0.046,ameli_map,GRL,Greenland
c67_m42,67,-42,0.046,ameli_map,GRL,Greenland
c67_m41,67,-41,0.046,ameli_map,GRL,Greenland
c67_m40,67,-40,0.046,ameli_map,GRL,Greenland
c67_m39,67,-39,0.046,ameli_map,GRL,Greenland
c67_m38,67,-38,0.046,ameli_map,GRL,Greenland
c67_m37,67,-37,0.046,ameli_map,GRL,Greenland
c67_m36,67,-36,0.046,ameli_map,GRL,Greenland
c67_m35,67,-35,0.046,ameli_map,GRL,Greenland
c67_m34,67,-34,0.046,ameli_map,GRL,Greenland
c67_14,67,14,0.04,ameli_map,NOR,Norway
c67_15,67,15,0.04,ameli_map,NOR,Norway
c67_16,67,16,0.04,ameli_map,NOR,Norway
c67_17,67,17,0.04,ameli_map,SWE,Sweden
c67_18,67,18,0.04,ameli_map,SWE,Sweden
c67_19,67,19,0.04,ameli_map,SWE,Sweden
c67_20,67,20,0.04,ameli_map,SWE,Sweden
c67_21,67,21,0.04,ameli_map,SWE,Sweden
c67_22,67,22,0.04,ameli_map,SWE,Sweden
c67_23,67,23,0.04,ameli_map,SWE,Sweden
c67_24,67,24,0.04,ameli_map,FIN,Finland
c67_25,67,25,0.04,ameli_map,FIN,Finland
c67_26,67,26,0.04,ameli_map,FIN,Finland
c67_27,67,27,0.04,ameli_map,FIN,Finland
c67_28,67,28,0.04,ameli_map,FIN,Finland
c67_29,67,29,0.04,ameli_map,FIN,Finland
c67_30,67,30,0.051,ameli_map,RUS,Russia
c67_31,67,31,0.051,ameli_map,RUS,Russia
c67_32,67,32,0.051,ameli_map,RUS,Russia
c67_33,67,33,0.051,ameli_map,RUS,Russia
c67_34,67,34,0.051,ameli_map,RUS,Russia
c67_35,67,35,0.051,ameli_map,RUS,Russia
c67_36,67,36,0.051,ameli_map,RUS,Russia
c67_37,67,37,0.051,ameli_map,RUS,Russia
c67_38,67,38,0.051,ameli_map,RUS,Russia
c67_39,67,39,0.051,ameli_map,RUS,Russia
c67_40,67,40,0.051,ameli_map,RUS,Russia
c67_41,67,41,0.051,ameli_map,RUS,Russia
c67_45,67,45,0.051,ameli_map,RUS,Russia
c67_48,67,48,0.051,ameli_map,RUS,Russia
c67_49,67,49,0.051,ameli_map,RUS,Russia
c67_50,67,50,0.051,ameli_map,RUS,Russia
c67_51,67,51,0.051,ameli_map,RUS,Russia
c67_52,67,52,0.051,ameli_map,RUS,Russia
c67_53,67,53,0.051,ameli_map,RUS,Russia
c67_54,67,54,0.051,ameli_map,RUS,Russia
c67_55,67,55,0.051,ameli_map,RUS,Russia
c67_56,67,56,0.051,ameli_map,RUS,Russia
c67_57,67,57,0.051,ameli_map,RUS,Russia
c67_58,67,58,0.051,ameli_map,RUS,Russia
c67_59,67,59,0.051,ameli_map,RUS,Russia
c67_60,67,60,0.051,ameli_map,RUS,Russia
c67_61,67,61,0.051,ameli_map,RUS,Russia
c67_62,67,62,0.051,ameli_map,RUS,Russia
c67_63,67,63,0.051,ameli_map,RUS,Russia
c67_64,67,64,0.051,ameli_map,RUS,Russia
c67_65,67,65,0.051,ameli_map,RUS,Russia
c67_66,67,66,0.051,ameli_map,RUS,Russia
c67_67,67,67,0.051,ameli_map,RUS,Russia
c67_68,67,68,0.051,ameli_map,RUS,Russia
c67_69,67,69,0.051,ameli_map,RUS,Russia
c67_70,67,70,0.051,ameli_map,RUS,Russia
c67_71,67,71,0.051,ameli_map,RUS,Russia
c67_74,67,74,0.051,ameli_map,RUS,Russia
c67_75,67,75,0.051,ameli_map,RUS,Russia
c67_76,67,76,0.051,ameli_map,RUS,Russia
c67_77,67,77,0.051,ameli_map,RUS,Russia
c67_78,67,78,0.051,ameli_map,RUS,Russia
c67_79,67,79,0.051,ameli_map,RUS,Russia
c67_80,67,80,0.051,ameli_map,RUS,Russia
c67_81,67,81,0.051,ameli_map,RUS,Russia
c67_82,67,82,0.051,ameli_map,RUS,Russia
c67_83,67,83,0.051,ameli_map,RUS,Russia
c67_84,67,84,0.051,ameli_map,RUS,Russia
c67_85,67,85,0.051,ameli_map,RUS,Russia
c67_86,67,86,0.051,ameli_map,RUS,Russia
c67_87,67,87,0.051,ameli_map,RUS,Russia
c67_88,67,88,0.051,ameli_map,RUS,Russia
c67_89,67,89,0.051,ameli_map,RUS,Russia
c67_90,67,90,0.051,ameli_map,RUS,Russia
c67_91,67,91,0.051,ameli_map,RUS,Russia
c67_92,67,92,0.051,ameli_map,RUS,Russia
c67_93,67,93,0.051,ameli_map,RUS,Russia
c67_94,67,94,0.051,ameli_map,RUS,Russia
c67_95,67,95,0.051,ameli_map,RUS,Russia
c67_96,67,96,0.051,ameli_map,RUS,Russia
c67_97,67,97,0.051,ameli_map,RUS,Russia
c67_98,67,98,0.051,ameli_map,RUS,Russia
c67_99,67,99,0.051,ameli_map,RUS,Russia
c67_100,67,100,0.051,ameli_map,RUS,Russia
c67_101,67,101,0.051,ameli_map,RUS,Russia
c67_102,67,102,0.051,ameli_map,RUS,Russia
c67_103,67,103,0.051,ameli_map,RUS,Russia
c67_104,67,104,0.051,ameli_map,RUS,Russia
c67_105,67,105,0.051,ameli_map,RUS,Russia
c67_106,67,106,0.051,ameli_map,RUS,Russia
c67_107,67,107,0.051,ameli_map,RUS,Russia
c67_108,67,108,0.051,ameli_map,RUS,Russia
c67_109,67,109,0.051,ameli_map,RUS,Russia
c67_110,67,110,0.051,ameli_map,RUS,Russia
c67_111,67,111,0.051,ameli_map,RUS,Russia
c67_112,67,112,0.051,ameli_map,RUS,Russia
c67_113,67,113,0.051,ameli_map,RUS,Russia
c67_114,67,114,0.051,ameli_map,RUS,Russia
c67_115,67,115,0.051,ameli_map,RUS,Russia
c67_116,67,116,0.051,ameli_map,RUS,Russia
c67_117,67,117,0.051,ameli_map,RUS,Russia
c67_118,67,118,0.051,ameli_map,RUS,Russia
c67_119,67,119,0.051,ameli_map,RUS,Russia
c67_120,67,120,0.051,ameli_map,RUS,Russia
c67_121,67,121,0.051,ameli_map,RUS,Russia
c67_122,67,122,0.051,ameli_map,RUS,Russia
c67_123,67,123,0.051,ameli_map,RUS,Russia
c67_124,67,124,0.051,ameli_map,RUS,Russia
c67_125,67,125,0.051,ameli_map,RUS,Russia
c67_126,67,126,0.051,ameli_map,RUS,Russia
c67_127,67,127,0.051,ameli_map,RUS,Russia
c67_128,67,128,0.051,ameli_map,RUS,Russia
c67_129,67,129,0.051,ameli_map,RUS,Russia
c67_130,67,130,0.051,ameli_map,RUS,Russia
c67_131,67,131,0.051,ameli_map,RUS,Russia
c67_132,67,132,0.051,ameli_map,RUS,Russia
c67_133,67,133,0.051,ameli_map,RUS,Russia
c67_134,67,134,0.051,ameli_map,RUS,Russia
c67_135,67,135,0.051,ameli_map,RUS,Russia
c67_136,67,136,0.051,ameli_map,RUS,Russia
c67_137,67,137,0.051,ameli_map,RUS,Russia
c67_138,67,138,0.051,ameli_map,RUS,Russia
c67_139,67,139,0.051,ameli_map,RUS,Russia
c67_140,67,140,0.051,ameli_map,RUS,Russia
c67_141,67,141,0.051,ameli_map,RUS,Russia
c67_142,67,142,0.051,ameli_map,RUS,Russia
c67_143,67,143,0.051,ameli_map,RUS,Russia
c67_144,67,144,0.051,ameli_map,RUS,Russia
c67_145,67,145,0.051,ameli_map,RUS,Russia
c67_146,67,146,0.051,ameli_map,RUS,Russia
c67_147,67,147,0.051,ameli_map,RUS,Russia
c67_148,67,148,0.051,ameli_map,RUS,Russia
c67_149,67,149,0.051,ameli_map,RUS,Russia
c67_150,67,150,0.051,ameli_map,RUS,Russia
c67_151,67,151,0.051,ameli_map,RUS,Russia
c67_152,67,152,0.051,ameli_map,RUS,Russia
c67_153,67,153,0.051,ameli_map,RUS,Russia
c67_154,67,154,0.051,ameli_map,RUS,Russia
c67_155,67,155,0.051,ameli_map,RUS,Russia
c67_156,67,156,0.051,ameli_map,RUS,Russia
c67_157,67,157,0.051,ameli_map,RUS,Russia
c67_158,67,158,0.051,ameli_map,RUS,Russia
c67_159,67,159,0.051,ameli_map,RUS,Russia
c67_160,67,160,0.051,ameli_map,RUS,Russia
c67_161,67,161,0.051,ameli_map,RUS,Russia
c67_162,67,162,0.051,ameli_map,RUS,Russia
c67_163,67,163,0.051,ameli_map,RUS,Russia
c67_164,67,164,0.051,ameli_map,RUS,Russia
c67_165,67,165,0.051,ameli_map,RUS,Russia
c67_166,67,166,0.051,ameli_map,RUS,Russia
c67_167,67,167,0.051,ameli_map,RUS,Russia
c67_168,67,168,0.051,ameli_map,RUS,Russia
c67_169,67,169,0.051,ameli_map,RUS,Russia
c67_170,67,170,0.051,ameli_map,RUS,Russia
c67_171,67,171,0.051,ameli_map,RUS,Russia
c67_172,67,172,0.051,ameli_map,RUS,Russia
c67_173,67,173,0.051,ameli_map,RUS,Russia
c67_174,67,174,0.051,ameli_map,RUS,Russia
c67_175,67,175,0.051,ameli_map,RUS,Russia
c67_176,67,176,0.051,ameli_map,RUS,Russia
c67_177,67,177,0.051,ameli_map,RUS,Russia
c67_178,67,178,0.051,ameli_map,RUS,Russia
c67_179,67,179,0.051,ameli_map,RUS,Russia
c68_m180,68,-180,0.051,ameli_map,RUS,Russia
c68_m179,68,-179,0.051,ameli_map,RUS,Russia
c68_m178,68,-178,0.051,ameli_map,RUS,Russia
c68_m177,68,-177,0.051,ameli_map,RUS,Russia
c68_m165,68,-165,0.044,ameli_map,USA,United States
c68_m164,68,-164,0.044,ameli_map,USA,United States
c68_m163,68,-163,0.044,ameli_map,USA,United States
c68_m162,68,-162,0.044,ameli_map,USA,United States
c68_m161,68,-161,0.044,ameli_map,USA,United States
c68_m160,68,-160,0.044,ameli_map,USA,United States
c68_m159,68,-159,0.044,ameli_map,USA,United States
c68_m158,68,-158,0.044,ameli_map,USA,United States
c68_m157,68,-157,0.044,ameli_map,USA,United States
c68_m156,68,-156,0.044,ameli_map,USA,United States
c68_m155,68,-155,0.044,ameli_map,USA,United States
c68_m154,68,-154,0.044,ameli_map,USA,United States
c68_m153,68,-153,0.044,ameli_map,USA,United States
c68_m152,68,-152,0.044,ameli_map,USA,United States
c68_m151,68,-151,0.044,ameli_map,USA,United States
c68_m150,68,-150,0.044,ameli_map,USA,United States
c68_m149,68,-149,0.044,ameli_map,USA,United States
c68_m148,68,-148,0.044,ameli_map,USA,United States
c68_m147,68,-147,0.044,ameli_map,USA,United States
c68_m146,68,-146,0.044,ameli_map,USA,United States
c68_m145,68,-145,0.044,ameli_map,USA,United States
c68_m144,68,-144,0.044,ameli_map,USA,United States
c68_m143,68,-143,0.044,ameli_map,USA,United States
c68_m142,68,-142,0.044,ameli_map,USA,United States
c68_m141,68,-141,0.046,ameli_map,CAN,Canada
c68_m140,68,-140,0.046,ameli_map,CAN,Canada
c68_m139,68,-139,0.046,ameli_map,CAN,Canada
c68_m138,68,-138,0.046,ameli_map,CAN,Canada
c68_m137,68,-137,0.046,ameli_map,CAN,Canada
c68_m136,68,-136,0.046,ameli_map,CAN,Canada
c68_m135,68,-135,0.046,ameli_map,CAN,Canada
c68_m134,68,-134,0.046,ameli_map,CAN,Canada
c68_m133,68,-133,0.046,ameli_map,CAN,Canada
c68_m132,68,-132,0.046,ameli_map,CAN,Canada
c68_m131,68,-131,0.046,ameli_map,CAN,Canada
c68_m130,68,-130,0.046,ameli_map,CAN,Canada
c68_m129,68,-129,0.046,ameli_map,CAN,Canada
c68_m128,68,-128,0.046,ameli_map,CAN,Canada
c68_m127,68,-127,0.046,ameli_map,CAN,Canada
c68_m126,68,-126,0.046,ameli_map,CAN,Canada
c68_m125,68,-125,0.046,ameli_map,CAN,Canada
c68_m124,68,-124,0.046,ameli_map,CAN,Canada
c68_m123,68,-123,0.046,ameli_map,CAN,Canada
c68_m122,68,-122,0.046,ameli_map,CAN,Canada
c68_m121,68,-121,0.046,ameli_map,CAN,Canada
c68_m120,68,-120,0.046,ameli_map,CAN,Canada
c68_m119,68,-119,0.046,ameli_map,CAN,Canada
c68_m118,68,-118,0.046,ameli_map,CAN,Canada
c68_m117,68,-117,0.046,ameli_map,CAN,Canada
c68_m116,68,-116,0.046,ameli_map,CAN,Canada
c68_m109,68,-109,0.046,ameli_map,CAN,Canada
c68_m107,68,-107,0.046,ameli_map,CAN,Canada
c68_m106,68,-106,0.046,ameli_map,CAN,Canada
c68_m105,68,-105,0.046,ameli_map,CAN,Canada
c68_m104,68,-104,0.046,ameli_map,CAN,Canada
c68_m98,68,-98,0.046,ameli_map,CAN,Canada
c68_m97,68,-97,0.046,ameli_map,CAN,Canada
c68_m95,68,-95,0.046,ameli_map,CAN,Canada
c68_m94,68,-94,0.046,ameli_map,CAN,Canada
c68_m93,68,-93,0.046,ameli_map,CAN,Canada
c68_m92,68,-92,0.046,ameli_map,CAN,Canada
c68_m91,68,-91,0.046,ameli_map,CAN,Canada
c68_m90,68,-90,0.046,ameli_map,CAN,Canada
c68_m89,68,-89,0.046,ameli_map,CAN,Canada
c68_m86,68,-86,0.046,ameli_map,CAN,Canada
c68_m85,68,-85,0.046,ameli_map,CAN,Canada
c68_m84,68,-84,0.046,ameli_map,CAN,Canada
c68_m83,68,-83,0.046,ameli_map,CAN,Canada
c68_m77,68,-77,0.046,ameli_map,CAN,Canada
c68_m76,68,-76,0.046,ameli_map,CAN,Canada
c68_m74,68,-74,0.046,ameli_map,CAN,Canada
c68_m72,68,-72,0.046,ameli_map,CAN,Canada
c68_m71,68,-71,0.046,ameli_map,CAN,Canada
c68_m70,68,-70,0.046,ameli_map,CAN,Canada
c68_m69,68,-69,0.046,ameli_map,CAN,Canada
c68_m68,68,-68,0.046,ameli_map,CAN,Canada
c68_m66,68,-66,0.046,ameli_map,CAN,Canada
c68_m65,68,-65,0.046,ameli_map,CAN,Canada
c68_m53,68,-53,0.046,ameli_map,GRL,Greenland
c68_m52,68,-52,0.046,ameli_map,GRL,Greenland
c68_m51,68,-51,0.046,ameli_map,GRL,Greenland
c68_m50,68,-50,0.046,ameli_map,GRL,Greenland
c68_m49,68,-49,0.046,ameli_map,GRL,Greenland
c68_m48,68,-48,0.046,ameli_map,GRL,Greenland
c68_m47,68,-47,0.046,ameli_map,GRL,Greenland
c68_m46,68,-46,0.046,ameli_map,GRL,Greenland
c68_m45,68,-45,0.046,ameli_map,GRL,Greenland
c68_m44,68,-44,0.046,ameli_map,GRL,Greenland
c68_m43,68,-43,0.046,ameli_map,GRL,Greenland
c68_m42,68,-42,0.046,ameli_map,GRL,Greenland
c68_m41,68,-41,0.046,ameli_map,GRL,Greenland
c68_m40,68,-40,0.046,ameli_map,GRL,Greenland
c68_m39,68,-39,0.046,ameli_map,GRL,Greenland
c68_m38,68,-38,0.046,ameli_map,GRL,Greenland
c68_m37,68,-37,0.046,ameli_map,GRL,Greenland
c68_m36,68,-36,0.046,ameli_map,GRL,Greenland
c68_m35,68,-35,0.046,ameli_map,GRL,Greenland
c68_m34,68,-34,0.046,ameli_map,GRL,Greenland
c68_m33,68,-33,0.046,ameli_map,GRL,Greenland
c68_13,68,13,0.04,ameli_map,NOR,Norway
c68_16,68,16,0.04,ameli_map,NOR,Norway
c68_17,68,17,0.04,ameli_map,NOR,Norway
c68_18,68,18,0.04,ameli_map,SWE,Sweden
c68_19,68,19,0.04,ameli_map,SWE,Sweden
c68_20,68,20,0.04,ameli_map,SWE,Sweden
c68_21,68,21,0.04,ameli_map,SWE,Sweden
c68_22,68,22,0.04,ameli_map,SWE,Sweden
c68_23,68,23,0.04,ameli_map,SWE,Sweden
c68_24,68,24,0.04,ameli_map,FIN,Finland
c68_25,68,25,0.04,ameli_map,FIN,Finland
c68_26,68,26,0.04,ameli_map,FIN,Finland
c68_27,68,27,0.04,ameli_map,FIN,Finland
c68_28,68,28,0.04,ameli_map,FIN,Finland
c68_29,68,29,0.04,ameli_map,FIN,Finland
c68_30,68,30,0.051,ameli_map,RUS,Russia
c68_31,68,31,0.051,ameli_map,RUS,Russia
c68_32,68,32,0.051,ameli_map,RUS,Russia
c68_33,68,33,0.051,ameli_map,RUS,Russia
c68_34,68,34,0.051,ameli_map,RUS,Russia
c68_35,68,35,0.051,ameli_map,RUS,Russia
c68_36,68,36,0.051,ameli_map,RUS,Russia
c68_37,68,37,0.051,ameli_map,RUS,Russia
c68_38,68,38,0.051,ameli_map,RUS,Russia
c68_39,68,39,0.051,ameli_map,RUS,Russia
c68_45,68,45,0.051,ameli_map,RUS,Russia
c68_46,68,46,0.051,ameli_map,RUS,Russia
c68_50,68,50,0.051,ameli_map,RUS,Russia
c68_51,68,51,0.051,ameli_map,RUS,Russia
c68_52,68,52,0.051,ameli_map,RUS,Russia
c68_53,68,53,0.051,ameli_map,RUS,Russia
c68_54,68,54,0.051,ameli_map,RUS,Russia
c68_55,68,55,0.051,ameli_map,RUS,Russia
c68_56,68,56,0.051,ameli_map,RUS,Russia
c68_57,68,57,0.051,ameli_map,RUS,Russia
c68_58,68,58,0.051,ameli_map,RUS,Russia
c68_59,68,59,0.051,ameli_map,RUS,Russia
c68_60,68,60,0.051,ameli_map,RUS,Russia
c68_61,68,61,0.051,ameli_map,RUS,Russia
c68_62,68,62,0.051,ameli_map,RUS,Russia
c68_63,68,63,0.051,ameli_map,RUS,Russia
c68_64,68,64,0.051,ameli_map,RUS,Russia
c68_65,68,65,0.051,ameli_map,RUS,Russia
c68_66,68,66,0.051,ameli_map,RUS,Russia
c68_67,68,67,0.051,ameli_map,RUS,Russia
c68_68,68,68,0.051,ameli_map,RUS,Russia
c68_69,68,69,0.051,ameli_map,RUS,Russia
c68_70,68,70,0.051,ameli_map,RUS,Russia
c68_71,68,71,0.051,ameli_map,RUS,Russia
c68_72,68,72,0.051,ameli_map,RUS,Russia
c68_73,68,73,0.051,ameli_map,RUS,Russia
c68_75,68,75,0.051,ameli_map,RUS,Russia
c68_76,68,76,0.051,ameli_map,RUS,Russia
c68_77,68,77,0.051,ameli_map,RUS,Russia
c68_78,68,78,0.051,ameli_map,RUS,Russia
c68_79,68,79,0.051,ameli_map,RUS,Russia
c68_80,68,80,0.051,ameli_map,RUS,Russia
c68_81,68,81,0.051,ameli_map,RUS,Russia
c68_82,68,82,0.051,ameli_map,RUS,Russia
c68_83,68,83,0.051,ameli_map,RUS,Russia
c68_84,68,84,0.051,ameli_map,RUS,Russia
c68_85,68,85,0.051,ameli_map,RUS,Russia
c68_86,68,86,0.051,ameli_map,RUS,Russia
c68_87,68,87,0.051,ameli_map,RUS,Russia
c68_88,68,88,0.051,ameli_map,RUS,Russia
c68_89,68,89,0.051,ameli_map,RUS,Russia
c68_90,68,90,0.051,ameli_map,RUS,Russia
c68_91,68,91,0.051,ameli_map,RUS,Russia
c68_92,68,92,0.051,ameli_map,RUS,Russia
c68_93,68,93,0.051,ameli_map,RUS,Russia
c68_94,68,94,0.051,ameli_map,RUS,Russia
c68_95,68,95,0.051,ameli_map,RUS,Russia
c68_96,68,96,0.051,ameli_map,RUS,Russia
c68_97,68,97,0.051,ameli_map,RUS,Russia
c68_98,68,98,0.051,ameli_map,RUS,Russia
c68_99,68,99,0.051,ameli_map,RUS,Russia
c68_100,68,100,0.051,ameli_map,RUS,Russia
c68_101,68,101,0.051,ameli_map,RUS,Russia
c68_102,68,102,0.051,ameli_map,RUS,Russia
c68_103,68,103,0.051,ameli_map,RUS,Russia
c68_104,68,104,0.051,ameli_map,RUS,Russia
c68_105,68,105,0.051,ameli_map,RUS,Russia
c68_106,68,106,0.051,ameli_map,RUS,Russia
c68_107,68,107,0.051,ameli_map,RUS,Russia
c68_108,68,108,0.051,ameli_map,RUS,Russia
c68_109,68,109,0.051,ameli_map,RUS,Russia
c68_110,68,110,0.051,ameli_map,RUS,Russia
c68_111,68,111,0.051,ameli_map,RUS,Russia
c68_112,68,112,0.051,ameli_map,RUS,Russia
c68_113,68,113,0.051,ameli_map,RUS,Russia
c68_114,68,114,0.051,ameli_map,RUS,Russia
c68_115,68,115,0.051,ameli_map,RUS,Russia
c68_116,68,116,0.051,ameli_map,RUS,Russia
c68_117,68,117,0.051,ameli_map,RUS,Russia
c68_118,68,118,0.051,ameli_map,RUS,Russia
c68_119,68,119,0.051,ameli_map,RUS,Russia
c68_120,68,120,0.051,ameli_map,RUS,Russia
c68_121,68,121,0.051,ameli_map,RUS,Russia
c68_122,68,122,0.051,ameli_map,RUS,Russia
c68_123,68,123,0.051,ameli_map,RUS,Russia
c68_124,68,124,0.051,ameli_map,RUS,Russia
c68_125,68,125,0.051,ameli_map,RUS,Russia
c68_126,68,126,0.051,ameli_map,RUS,Russia
c68_127,68,127,0.051,ameli_map,RUS,Russia
c68_128,68,128,0.051,ameli_map,RUS,Russia
c68_129,68,129,0.051,ameli_map,RUS,Russia
c68_130,68,130,0.051,ameli_map,RUS,Russia
c68_131,68,131,0.051,ameli_map,RUS,Russia
c68_132,68,132,0.051,ameli_map,RUS,Russia
c68_133,68,133,0.051,ameli_map,RUS,Russia
c68_134,68,134,0.051,ameli_map,RUS,Russia
c68_135,68,135,0.051,ameli_map,RUS,Russia
c68_136,68,136,0.051,ameli_map,RUS,Russia
c68_137,68,137,0.051,ameli_map,RUS,Russia
c68_138,68,138,0.051,ameli_map,RUS,Russia
c68_139,68,139,0.051,ameli_map,RUS,Russia
c68_140,68,140,0.051,ameli_map,RUS,Russia
c68_141,68,141,0.051,ameli_map,RUS,Russia
c68_142,68,142,0.051,ameli_map,RUS,Russia
c68_143,68,143,0.051,ameli_map,RUS,Russia
c68_144,68,144,0.051,ameli_map,RUS,Russia
c68_145,68,145,0.051,ameli_map,RUS,Russia
c68_146,68,146,0.051,ameli_map,RUS,Russia
c68_147,68,147,0.051,ameli_map,RUS,Russia
c68_148,68,148,0.051,ameli_map,RUS,Russia
c68_149,68,149,0.051,ameli_map,RUS,Russia
c68_150,68,150,0.051,ameli_map,RUS,Russia
c68_151,68,151,0.051,ameli_map,RUS,Russia
c68_152,68,152,0.051,ameli_map,RUS,Russia
c68_153,68,153,0.051,ameli_map,RUS,Russia
c68_154,68,154,0.051,ameli_map,RUS,Russia
c68_155,68,155,0.051,ameli_map,RUS,Russia
c68_156,68,156,0.051,ameli_map,RUS,Russia
c68_157,68,157,0.051,ameli_map,RUS,Russia
c68_158,68,158,0.051,ameli_map,RUS,Russia
c68_159,68,159,0.051,ameli_map,RUS,Russia
c68_160,68,160,0.051,ameli_map,RUS,Russia
c68_161,68,161,0.051,ameli_map,RUS,Russia
c68_162,68,162,0.051,ameli_map,RUS,Russia
c68_163,68,163,0.051,ameli_map,RUS,Russia
c68_164,68,164,0.051,ameli_map,RUS,Russia
c68_165,68,165,0.051,ameli_map,RUS,Russia
c68_166,68,166,0.051,ameli_map,RUS,Russia
c68_167,68,167,0.051,ameli_map,RUS,Russia
c68_168,68,168,0.051,ameli_map,RUS,Russia
c68_169,68,169,0.051,ameli_map,RUS,Russia
c68_170,68,170,0.051,ameli_map,RUS,Russia
c68_171,68,171,0.051,ameli_map,RUS,Russia
c68_172,68,172,0.051,ameli_map,RUS,Russia
c68_173,68,173,0.051,ameli_map,RUS,Russia
c68_174,68,174,0.051,ameli_map,RUS,Russia
c68_175,68,175,0.051,ameli_map,RUS,Russia
c68_176,68,176,0.051,ameli_map,RUS,Russia
c68_177,68,177,0.051,ameli_map,RUS,Russia
c68_178,68,178,0.051,ameli_map,RUS,Russia
c68_179,68,179,0.051,ameli_map,RUS,Russia
c69_m163,69,-163,0.044,ameli_map,USA,United States
c69_m162,69,-162,0.044,ameli_map,USA,United States
c69_m161,69,-161,0.044,ameli_map,USA,United States
c69_m160,69,-160,0.044,ameli_map,USA,United States
c69_m159,69,-159,0.044,ameli_map,USA,United States
c69_m158,69,-158,0.044,ameli_map,USA,United States
c69_m157,69,-157,0.044,ameli_map,USA,United States
c69_m156,69,-156,0.044,ameli_map,USA,United States
c69_m155,69,-155,0.044,ameli_map,USA,United States
c69_m154,69,-154,0.044,ameli_map,USA,United States
c69_m153,69,-153,0.044,ameli_map,USA,United States
c69_m152,69,-152,0.044,ameli_map,USA,United States
c69_m151,69,-151,0.044,ameli_map,USA,United States
c69_m150,69,-150,0.044,ameli_map,USA,United States
c69_m149,69,-149,0.044,ameli_map,USA,United States
c69_m148,69,-148,0.044,ameli_map,USA,United States
c69_m147,69,-147,0.044,ameli_map,USA,United States
c69_m146,69,-146,0.044,ameli_map,USA,United States
c69_m145,69,-145,0.044,ameli_map,USA,United States
c69_m144,69,-144,0.044,ameli_map,USA,United States
c69_m143,69,-143,0.044,ameli_map,USA,United States
c69_m142,69,-142,0.044,ameli_map,USA,United States
c69_m141,69,-141,0.046,ameli_map,CAN,Canada
c69_m140,69,-140,0.046,ameli_map,CAN,Canada
c69_m139,69,-139,0.046,ameli_map,CAN,Canada
c69_m138,69,-138,0.046,ameli_map,CAN,Canada
c69_m135,69,-135,0.046,ameli_map,CAN,Canada
c69_m134,69,-134,0.046,ameli_map,CAN,Canada
c69_m133,69,-133,0.046,ameli_map,CAN,Canada
c69_m132,69,-132,0.046,ameli_map,CAN,Canada
c69_m131,69,-131,0.046,ameli_map,CAN,Canada
c69_m130,69,-130,0.046,ameli_map,CAN,Canada
c69_m129,69,-129,0.046,ameli_map,CAN,Canada
c69_m128,69,-128,0.046,ameli_map,CAN,Canada
c69_m127,69,-127,0.046,ameli_map,CAN,Canada
c69_m126,69,-126,0.046,ameli_map,CAN,Canada
c69_m125,69,-125,0.046,ameli_map,CAN,Canada
c69_m124,69,-124,0.046,ameli_map,CAN,Canada
c69_m123,69,-123,0.046,ameli_map,CAN,Canada
c69_m122,69,-122,0.046,ameli_map,CAN,Canada
c69_m121,69,-121,0.046,ameli_map,CAN,Canada
c69_m120,69,-120,0.046,ameli_map,CAN,Canada
c69_m119,69,-119,0.046,ameli_map,CAN,Canada
c69_m118,69,-118,0.046,ameli_map,CAN,Canada
c69_m113,69,-113,0.046,ameli_map,CAN,Canada
c69_m112,69,-112,0.046,ameli_map,CAN,Canada
c69_m111,69,-111,0.046,ameli_map,CAN,Canada
c69_m110,69,-110,0.046,ameli_map,CAN,Canada
c69_m109,69,-109,0.046,ameli_map,CAN,Canada
c69_m108,69,-108,0.046,ameli_map,CAN,Canada
c69_m105,69,-105,0.046,ameli_map,CAN,Canada
c69_m104,69,-104,0.046,ameli_map,CAN,Canada
c69_m103,69,-103,0.046,ameli_map,CAN,Canada
c69_m102,69,-102,0.046,ameli_map,CAN,Canada
c69_m100,69,-100,0.046,ameli_map,CAN,Canada
c69_m99,69,-99,0.046,ameli_map,CAN,Canada
c69_m98,69,-98,0.046,ameli_map,CAN,Canada
c69_m97,69,-97,0.046,ameli_map,CAN,Canada
c69_m96,69,-96,0.046,ameli_map,CAN,Canada
c69_m94,69,-94,0.046,ameli_map,CAN,Canada
c69_m93,69,-93,0.046,ameli_map,CAN,Canada
c69_m92,69,-92,0.046,ameli_map,CAN,Canada
c69_m91,69,-91,0.046,ameli_map,CAN,Canada
c69_m89,69,-89,0.046,ameli_map,CAN,Canada
c69_m84,69,-84,0.046,ameli_map,CAN,Canada
c69_m83,69,-83,0.046,ameli_map,CAN,Canada
c69_m82,69,-82,0.046,ameli_map,CAN,Canada
c69_m79,69,-79,0.046,ameli_map,CAN,Canada
c69_m76,69,-76,0.046,ameli_map,CAN,Canada
c69_m75,69,-75,0.046,ameli_map,CAN,Canada
c69_m74,69,-74,0.046,ameli_map,CAN,Canada
c69_m73,69,-73,0.046,ameli_map,CAN,Canada
c69_m72,69,-72,0.046,ameli_map,CAN,Canada
c69_m71,69,-71,0.046,ameli_map,CAN,Canada
c69_m70,69,-70,0.046,ameli_map,CAN,Canada
c69_m69,69,-69,0.046,ameli_map,CAN,Canada
c69_m68,69,-68,0.046,ameli_map,CAN,Canada
c69_m51,69,-51,0.046,ameli_map,GRL,Greenland
c69_m50,69,-50,0.046,ameli_map,GRL,Greenland
c69_m49,69,-49,0.046,ameli_map,GRL,Greenland
c69_m48,69,-48,0.046,ameli_map,GRL,Greenland
c69_m47,69,-47,0.046,ameli_map,GRL,Greenland
c69_m46,69,-46,0.046,ameli_map,GRL,Greenland
c69_m45,69,-45,0.046,ameli_map,GRL,Greenland
c69_m44,69,-44,0.046,ameli_map,GRL,Greenland
c69_m43,69,-43,0.046,ameli_map,GRL,Greenland
c69_m42,69,-42,0.046,ameli_map,GRL,Greenland
c69_m41,69,-41,0.046,ameli_map,GRL,Greenland
c69_m40,69,-40,0.046,ameli_map,GRL,Greenland
c69_m39,69,-39,0.046,ameli_map,GRL,Greenland
c69_m38,69,-38,0.046,ameli_map,GRL,Greenland
c69_m37,69,-37,0.046,ameli_map,GRL,Greenland
c69_m36,69,-36,0.046,ameli_map,GRL,Greenland
c69_m35,69,-35,0.046,ameli_map,GRL,Greenland
c69_m34,69,-34,0.046,ameli_map,GRL,Greenland
c69_m33,69,-33,0.046,ameli_map,GRL,Greenland
c69_m32,69,-32,0.046,ameli_map,GRL,Greenland
c69_m31,69,-31,0.046,ameli_map,GRL,Greenland
c69_m30,69,-30,0.046,ameli_map,GRL,Greenland
c69_m29,69,-29,0.046,ameli_map,GRL,Greenland
c69_m28,69,-28,0.046,ameli_map,GRL,Greenland
c69_m27,69,-27,0.046,ameli_map,GRL,Greenland
c69_m26,69,-26,0.046,ameli_map,GRL,Greenland
c69_18,69,18,0.04,ameli_map,NOR,Norway
c69_19,69,19,0.04,ameli_map,NOR,Norway
c69_20,69,20,0.04,ameli_map,NOR,Norway
c69_21,69,21,0.04,ameli_map,FIN,Finland
c69_22,69,22,0.04,ameli_map,FIN,Finland
c69_23,69,23,0.04,ameli_map,NOR,Norway
c69_24,69,24,0.04,ameli_map,NOR,Norway
c69_25,69,25,0.04,ameli_map,NOR,Norway
c69_26,69,26,0.04,ameli_map,FIN,Finland
c69_27,69,27,0.04,ameli_map,FIN,Finland
c69_28,69,28,0.04,ameli_map,FIN,Finland
c69_29,69,29,0.051,ameli_map,RUS,Russia
c69_30,69,30,0.051,ameli_map,RUS,Russia
c69_31,69,31,0.051,ameli_map,RUS,Russia
c69_32,69,32,0.051,ameli_map,RUS,Russia
c69_33,69,33,0.051,ameli_map,RUS,Russia
c69_34,69,34,0.051,ameli_map,RUS,Russia
c69_35,69,35,0.051,ameli_map,RUS,Russia
c69_36,69,36,0.051,ameli_map,RUS,Russia
c69_49,69,49,0.051,ameli_map,RUS,Russia
c69_61,69,61,0.051,ameli_map,RUS,Russia
c69_62,69,62,0.051,ameli_map,RUS,Russia
c69_63,69,63,0.051,ameli_map,RUS,Russia
c69_64,69,64,0.051,ameli_map,RUS,Russia
c69_65,69,65,0.051,ameli_map,RUS,Russia
c69_66,69,66,0.051,ameli_map,RUS,Russia
c69_69,69,69,0.051,ameli_map,RUS,Russia
c69_70,69,70,0.051,ameli_map,RUS,Russia
c69_71,69,71,0.051,ameli_map,RUS,Russia
c69_72,69,72,0.051,ameli_map,RUS,Russia
c69_77,69,77,0.051,ameli_map,RUS,Russia
c69_78,69,78,0.051,ameli_map,RUS,Russia
c69_79,69,79,0.051,ameli_map,RUS,Russia
c69_80,69,80,0.051,ameli_map,RUS,Russia
c69_81,69,81,0.051,ameli_map,RUS,Russia
c69_82,69,82,0.051,ameli_map,RUS,Russia
c69_83,69,83,0.051,ameli_map,RUS,Russia
c69_84,69,84,0.051,ameli_map,RUS,Russia
c69_85,69,85,0.051,ameli_map,RUS,Russia
c69_86,69,86,0.051,ameli_map,RUS,Russia
c69_87,69,87,0.051,ameli_map,RUS,Russia
c69_88,69,88,0.051,ameli_map,RUS,Russia
c69_89,69,89,0.051,ameli_map,RUS,Russia
c69_90,69,90,0.051,ameli_map,RUS,Russia
c69_91,69,91,0.051,ameli_map,RUS,Russia
c69_92,69,92,0.051,ameli_map,RUS,Russia
c69_93,69,93,0.051,ameli_map,RUS,Russia
c69_94,69,94,0.051,ameli_map,RUS,Russia
c69_95,69,95,0.051,ameli_map,RUS,Russia
c69_96,69,96,0.051,ameli_map,RUS,Russia
c69_97,69,97,0.051,ameli_map,RUS,Russia
c69_98,69,98,0.051,ameli_map,RUS,Russia
c69_99,69,99,0.051,ameli_map,RUS,Russia
c69_100,69,100,0.051,ameli_map,RUS,Russia
c69_101,69,101,0.051,ameli_map,RUS,Russia
c69_102,69,102,0.051,ameli_map,RUS,Russia
c69_103,69,103,0.051,ameli_map,RUS,Russia
c69_104,69,104,0.051,ameli_map,RUS,Russia
c69_105,69,105,0.051,ameli_map,RUS,Russia
c69_106,69,106,0.051,ameli_map,RUS,Russia
c69_107,69,107,0.051,ameli_map,RUS,Russia
c69_108,69,108,0.051,ameli_map,RUS,Russia
c69_109,69,109,0.051,ameli_map,RUS,Russia
c69_110,69,110,0.051,ameli_map,RUS,Russia
c69_111,69,111,0.051,ameli_map,RUS,Russia
c69_112,69,112,0.051,ameli_map,RUS,Russia
c69_113,69,113,0.051,ameli_map,RUS,Russia
c69_114,69,114,0.051,ameli_map,RUS,Russia
c69_115,69,115,0.051,ameli_map,RUS,Russia
c69_116,69,116,0.051,ameli_map,RUS,Russia
c69_117,69,117,0.051,ameli_map,RUS,Russia
c69_118,69,118,0.051,ameli_map,RUS,Russia
c69_119,69,119,0.051,ameli_map,RUS,Russia
c69_120,69,120,0.051,ameli_map,RUS,Russia
c69_121,69,121,0.051,ameli_map,RUS,Russia
c69_122,69,122,0.051,ameli_map,RUS,Russia
c69_123,69,123,0.051,ameli_map,RUS,Russia
c69_124,69,124,0.051,ameli_map,RUS,Russia
c69_125,69,125,0.051,ameli_map,RUS,Russia
c69_126,69,126,0.051,ameli_map,RUS,Russia
c69_127,69,127,0.051,ameli_map,RUS,Russia
c69_128,69,128,0.051,ameli_map,RUS,Russia
c69_129,69,129,0.051,ameli_map,RUS,Russia
c69_130,69,130,0.051,ameli_map,RUS,Russia
c69_131,69,131,0.051,ameli_map,RUS,Russia
c69_132,69,132,0.051,ameli_map,RUS,Russia
c69_133,69,133,0.051,ameli_map,RUS,Russia
c69_134,69,134,0.051,ameli_map,RUS,Russia
c69_135,69,135,0.051,ameli_map,RUS,Russia
c69_136,69,136,0.051,ameli_map,RUS,Russia
c69_137,69,137,0.051,ameli_map,RUS,Russia
c69_138,69,138,0.051,ameli_map,RUS,Russia
c69_139,69,139,0.051,ameli_map,RUS,Russia
c69_140,69,140,0.051,ameli_map,RUS,Russia
c69_141,69,141,0.051,ameli_map,RUS,Russia
c69_142,69,142,0.051,ameli_map,RUS,Russia
c69_143,69,143,0.051,ameli_map,RUS,Russia
c69_144,69,144,0.051,ameli_map,RUS,Russia
c69_145,69,145,0.051,ameli_map,RUS,Russia
c69_146,69,146,0.051,ameli_map,RUS,Russia
c69_147,69,147,0.051,ameli_map,RUS,Russia
c69_148,69,148,0.051,ameli_map,RUS,Russia
c69_149,69,149,0.051,ameli_map,RUS,Russia
c69_150,69,150,0.051,ameli_map,RUS,Russia
c69_151,69,151,0.051,ameli_map,RUS,Russia
c69_152,69,152,0.051,ameli_map,RUS,Russia
c69_153,69,153,0.051,ameli_map,RUS,Russia
c69_154,69,154,0.051,ameli_map,RUS,Russia
c69_155,69,155,0.051,ameli_map,RUS,Russia
c69_156,69,156,0.051,ameli_map,RUS,Russia
c69_157,69,157,0.051,ameli_map,RUS,Russia
c69_158,69,158,0.051,ameli_map,RUS,Russia
c69_159,69,159,0.051,ameli_map,RUS,Russia
c69_160,69,160,0.051,ameli_map,RUS,Russia
c69_161,69,161,0.051,ameli_map,RUS,Russia
c69_162,69,162,0.051,ameli_map,RUS,Russia
c69_163,69,163,0.051,ameli_map,RUS,Russia
c69_164,69,164,0.051,ameli_map,RUS,Russia
c69_165,69,165,0.051,ameli_map,RUS,Russia
c69_166,69,166,0.051,ameli_map,RUS,Russia
c69_167,69,167,0.051,ameli_map,RUS,Russia
c69_168,69,168,0.051,ameli_map,RUS,Russia
c69_169,69,169,0.051,ameli_map,RUS,Russia
c69_171,69,171,0.051,ameli_map,RUS,Russia
c69_172,69,172,0.051,ameli_map,RUS,Russia
c69_173,69,173,0.051,ameli_map,RUS,Russia
c69_174,69,174,0.051,ameli_map,RUS,Russia
c69_175,69,175,0.051,ameli_map,RUS,Russia
c69_176,69,176,0.051,ameli_map,RUS,Russia
c69_177,69,177,0.051,ameli_map,RUS,Russia
c69_178,69,178,0.051,ameli_map,RUS,Russia
c69_179,69,179,0.051,ameli_map,RUS,Russia
c70_m162,70,-162,0.044,ameli_map,USA,United States
c70_m161,70,-161,0.044,ameli_map,USA,United States
c70_m160,70,-160,0.044,ameli_map,USA,United States
c70_m159,70,-159,0.044,ameli_map,USA,United States
c70_m158,70,-158,0.044,ameli_map,USA,United States
c70_m157,70,-157,0.044,ameli_map,USA,United States
c70_m156,70,-156,0.044,ameli_map,USA,United States
c70_m155,70,-155,0.044,ameli_map,USA,United States
c70_m154,70,-154,0.044,ameli_map,USA,United States
c70_m153,70,-153,0.044,ameli_map,USA,United States
c70_m152,70,-152,0.044,ameli_map,USA,United States
c70_m151,70,-151,0.044,ameli_map,USA,United States
c70_m150,70,-150,0.044,ameli_map,USA,United States
c70_m149,70,-149,0.044,ameli_map,USA,United States
c70_m148,70,-148,0.044,ameli_map,USA,United States
c70_m147,70,-147,0.044,ameli_map,USA,United States
c70_m146,70,-146,0.044,ameli_map,USA,United States
c70_m144,70,-144,0.044,ameli_map,USA,United States
c70_m143,70,-143,0.044,ameli_map,USA,United States
c70_m130,70,-130,0.046,ameli_map,CAN,Canada
c70_m128,70,-128,0.046,ameli_map,CAN,Canada
c70_m127,70,-127,0.046,ameli_map,CAN,Canada
c70_m117,70,-117,0.046,ameli_map,CAN,Canada
c70_m116,70,-116,0.046,ameli_map,CAN,Canada
c70_m115,70,-115,0.046,ameli_map,CAN,Canada
c70_m114,70,-114,0.046,ameli_map,CAN,Canada
c70_m113,70,-113,0.046,ameli_map,CAN,Canada
c70_m112,70,-112,0.046,ameli_map,CAN,Canada
c70_m111,70,-111,0.046,ameli_map,CAN,Canada
c70_m110,70,-110,0.046,ameli_map,CAN,Canada
c70_m109,70,-109,0.046,ameli_map,CAN,Canada
c70_m108,70,-108,0.046,ameli_map,CAN,Canada
c70_m107,70,-107,0.046,ameli_map,CAN,Canada
c70_m106,70,-106,0.046,ameli_map,CAN,Canada
c70_m105,70,-105,0.046,ameli_map,CAN,Canada
c70_m104,70,-104,0.046,ameli_map,CAN,Canada
c70_m103,70,-103,0.046,ameli_map,CAN,Canada
c70_m102,70,-102,0.046,ameli_map,CAN,Canada
c70_m101,70,-101,0.046,ameli_map,CAN,Canada
c70_m96,70,-96,0.046,ameli_map,CAN,Canada
c70_m95,70,-95,0.046,ameli_map,CAN,Canada
c70_m94,70,-94,0.046,ameli_map,CAN,Canada
c70_m93,70,-93,0.046,ameli_map,CAN,Canada
c70_m92,70,-92,0.046,ameli_map,CAN,Canada
c70_m84,70,-84,0.046,ameli_map,CAN,Canada
c70_m83,70,-83,0.046,ameli_map,CAN,Canada
c70_m82,70,-82,0.046,ameli_map,CAN,Canada
c70_m80,70,-80,0.046,ameli_map,CAN,Canada
c70_m79,70,-79,0.046,ameli_map,CAN,Canada
c70_m78,70,-78,0.046,ameli_map,CAN,Canada
c70_m77,70,-77,0.046,ameli_map,CAN,Canada
c70_m76,70,-76,0.046,ameli_map,CAN,Canada
c70_m75,70,-75,0.046,ameli_map,CAN,Canada
c70_m74,70,-74,0.046,ameli_map,CAN,Canada
c70_m73,70,-73,0.046,ameli_map,CAN,Canada
c70_m72,70,-72,0.046,ameli_map,CAN,Canada
c70_m71,70,-71,0.046,ameli_map,CAN,Canada
c70_m70,70,-70,0.046,ameli_map,CAN,Canada
c70_m68,70,-68,0.046,ameli_map,CAN,Canada
c70_m54,70,-54,0.046,ameli_map,GRL,Greenland
c70_m53,70,-53,0.046,ameli_map,GRL,Greenland
c70_m51,70,-51,0.046,ameli_map,GRL,Greenland
c70_m50,70,-50,0.046,ameli_map,GRL,Greenland
c70_m49,70,-49,0.046,ameli_map,GRL,Greenland
c70_m48,70,-48,0.046,ameli_map,GRL,Greenland
c70_m47,70,-47,0.046,ameli_map,GRL,Greenland
c70_m46,70,-46,0.046,ameli_map,GRL,Greenland
c70_m45,70,-45,0.046,ameli_map,GRL,Greenland
c70_m44,70,-44,0.046,ameli_map,GRL,Greenland
c70_m43,70,-43,0.046,ameli_map,GRL,Greenland
c70_m42,70,-42,0.046,ameli_map,GRL,Greenland
c70_m41,70,-41,0.046,ameli_map,GRL,Greenland
c70_m40,70,-40,0.046,ameli_map,GRL,Greenland
c70_m39,70,-39,0.046,ameli_map,GRL,Greenland
c70_m38,70,-38,0.046,ameli_map,GRL,Greenland
c70_m37,70,-37,0.046,ameli_map,GRL,Greenland
c70_m36,70,-36,0.046,ameli_map,GRL,Greenland
c70_m35,70,-35,0.046,ameli_map,GRL,Greenland
c70_m34,70,-34,0.046,ameli_map,GRL,Greenland
c70_m33,70,-33,0.046,ameli_map,GRL,Greenland
c70_m32,70,-32,0.046,ameli_map,GRL,Greenland
c70_m31,70,-31,0.046,ameli_map,GRL,Greenland
c70_m30,70,-30,0.046,ameli_map,GRL,Greenland
c70_m29,70,-29,0.046,ameli_map,GRL,Greenland
c70_m28,70,-28,0.046,ameli_map,GRL,Greenland
c70_m27,70,-27,0.046,ameli_map,GRL,Greenland
c70_m26,70,-26,0.046,ameli_map,GRL,Greenland
c70_m25,70,-25,0.046,ameli_map,GRL,Greenland
c70_m24,70,-24,0.046,ameli_map,GRL,Greenland
c70_m23,70,-23,0.046,ameli_map,GRL,Greenland
c70_19,70,19,0.04,ameli_map,NOR,Norway
c70_21,70,21,0.04,ameli_map,NOR,Norway
c70_23,70,23,0.04,ameli_map,NOR,Norway
c70_24,70,24,0.04,ameli_map,NOR,Norway
c70_25,70,25,0.04,ameli_map,NOR,Norway
c70_26,70,26,0.04,ameli_map,NOR,Norway
c70_27,70,27,0.04,ameli_map,NOR,Norway
c70_28,70,28,0.04,ameli_map,FIN,Finland
c70_29,70,29,0.04,ameli_map,NOR,Norway
c70_59,70,59,0.051,ameli_map,RUS,Russia
c70_60,70,60,0.051,ameli_map,RUS,Russia
c70_68,70,68,0.051,ameli_map,RUS,Russia
c70_69,70,69,0.051,ameli_map,RUS,Russia
c70_70,70,70,0.051,ameli_map,RUS,Russia
c70_71,70,71,0.051,ameli_map,RUS,Russia
c70_72,70,72,0.051,ameli_map,RUS,Russia
c70_74,70,74,0.051,ameli_map,RUS,Russia
c70_75,70,75,0.051,ameli_map,RUS,Russia
c70_76,70,76,0.051,ameli_map,RUS,Russia
c70_77,70,77,0.051,ameli_map,RUS,Russia
c70_78,70,78,0.051,ameli_map,RUS,Russia
c70_79,70,79,0.051,ameli_map,RUS,Russia
c70_80,70,80,0.051,ameli_map,RUS,Russia
c70_81,70,81,0.051,ameli_map,RUS,Russia
c70_82,70,82,0.051,ameli_map,RUS,Russia
c70_83,70,83,0.051,ameli_map,RUS,Russia
c70_84,70,84,0.051,ameli_map,RUS,Russia
c70_85,70,85,0.051,ameli_map,RUS,Russia
c70_86,70,86,0.051,ameli_map,RUS,Russia
c70_87,70,87,0.051,ameli_map,RUS,Russia
c70_88,70,88,0.051,ameli_map,RUS,Russia
c70_89,70,89,0.051,ameli_map,RUS,Russia
c70_90,70,90,0.051,ameli_map,RUS,Russia
c70_91,70,91,0.051,ameli_map,RUS,Russia
c70_92,70,92,0.051,ameli_map,RUS,Russia
c70_93,70,93,0.051,ameli_map,RUS,Russia
c70_94,70,94,0.051,ameli_map,RUS,Russia
c70_95,70,95,0.051,ameli_map,RUS,Russia
c70_96,70,96,0.051,ameli_map,RUS,Russia
c70_97,70,97,0.051,ameli_map,RUS,Russia
c70_98,70,98,0.051,ameli_map,RUS,Russia
c70_99,70,99,0.051,ameli_map,RUS,Russia
c70_100,70,100,0.051,ameli_map,RUS,Russia
c70_101,70,101,0.051,ameli_map,RUS,Russia
c70_102,70,102,0.051,ameli_map,RUS,Russia
c70_103,70,103,0.051,ameli_map,RUS,Russia
c70_104,70,104,0.051,ameli_map,RUS,Russia
c70_105,70,105,0.051,ameli_map,RUS,Russia
c70_106,70,106,0.051,ameli_map,RUS,Russia
c70_107,70,107,0.051,ameli_map,RUS,Russia
c70_108,70,108,0.051,ameli_map,RUS,Russia
c70_109,70,109,0.051,ameli_map,RUS,Russia
c70_110,70,110,0.051,ameli_map,RUS,Russia
c70_111,70,111,0.051,ameli_map,RUS,Russia
c70_112,70,112,0.051,ameli_map,RUS,Russia
c70_113,70,113,0.051,ameli_map,RUS,Russia
c70_114,70,114,0.051,ameli_map,RUS,Russia
c70_115,70,115,0.051,ameli_map,RUS,Russia
c70_116,70,116,0.051,ameli_map,RUS,Russia
c70_117,70,117,0.051,ameli_map,RUS,Russia
c70_118,70,118,0.051,ameli_map,RUS,Russia
c70_119,70,119,0.051,ameli_map,RUS,Russia
c70_120,70,120,0.051,ameli_map,RUS,Russia
c70_121,70,121,0.051,ameli_map,RUS,Russia
c70_122,70,122,0.051,ameli_map,RUS,Russia
c70_123,70,123,0.051,ameli_map,RUS,Russia
c70_124,70,124,0.051,ameli_map,RUS,Russia
c70_125,70,125,0.051,ameli_map,RUS,Russia
c70_126,70,126,0.051,ameli_map,RUS,Russia
c70_127,70,127,0.051,ameli_map,RUS,Russia
c70_128,70,128,0.051,ameli_map,RUS,Russia
c70_129,70,129,0.051,ameli_map,RUS,Russia
c70_130,70,130,0.051,ameli_map,RUS,Russia
c70_131,70,131,0.051,ameli_map,RUS,Russia
c70_132,70,132,0.051,ameli_map,RUS,Russia
c70_133,70,133,0.051,ameli_map,RUS,Russia
c70_134,70,134,0.051,ameli_map,RUS,Russia
c70_135,70,135,0.051,ameli_map,RUS,Russia
c70_136,70,136,0.051,ameli_map,RUS,Russia
c70_137,70,137,0.051,ameli_map,RUS,Russia
c70_138,70,138,0.051,ameli_map,RUS,Russia
c70_139,70,139,0.051,ameli_map,RUS,Russia
c70_140,70,140,0.051,ameli_map,RUS,Russia
c70_141,70,141,0.051,ameli_map,RUS,Russia
c70_142,70,142,0.051,ameli_map,RUS,Russia
c70_143,70,143,0.051,ameli_map,RUS,Russia
c70_144,70,144,0.051,ameli_map,RUS,Russia
c70_145,70,145,0.051,ameli_map,RUS,Russia
c70_146,70,146,0.051,ameli_map,RUS,Russia
c70_147,70,147,0.051,ameli_map,RUS,Russia
c70_148,70,148,0.051,ameli_map,RUS,Russia
c70_149,70,149,0.051,ameli_map,RUS,Russia
c70_150,70,150,0.051,ameli_map,RUS,Russia
c70_151,70,151,0.051,ameli_map,RUS,Russia
c70_152,70,152,0.051,ameli_map,RUS,Russia
c70_153,70,153,0.051,ameli_map,RUS,Russia
c70_154,70,154,0.051,ameli_map,RUS,Russia
c70_155,70,155,0.051,ameli_map,RUS,Russia
c70_156,70,156,0.051,ameli_map,RUS,Russia
c70_157,70,157,0.051,ameli_map,RUS,Russia
c70_158,70,158,0.051,ameli_map,RUS,Russia
c70_159,70,159,0.051,ameli_map,RUS,Russia
c70_171,70,171,0.051,ameli_map,RUS,Russia
c71_m180,71,-180,0.051,ameli_map,RUS,Russia
c71_m179,71,-179,0.051,ameli_map,RUS,Russia
c71_m157,71,-157,0.044,ameli_map,USA,United States
c71_m156,71,-156,0.044,ameli_map,USA,United States
c71_m155,71,-155,0.044,ameli_map,USA,United States
c71_m118,71,-118,0.046,ameli_map,CAN,Canada
c71_m117,71,-117,0.046,ameli_map,CAN,Canada
c71_m116,71,-116,0.046,ameli_map,CAN,Canada
c71_m115,71,-115,0.046,ameli_map,CAN,Canada
c71_m114,71,-114,0.046,ameli_map,CAN,Canada
c71_m113,71,-113,0.046,ameli_map,CAN,Canada
c71_m112,71,-112,0.046,ameli_map,CAN,Canada
c71_m111,71,-111,0.046,ameli_map,CAN,Canada
c71_m110,71,-110,0.046,ameli_map,CAN,Canada
c71_m109,71,-109,0.046,ameli_map,CAN,Canada
c71_m108,71,-108,0.046,ameli_map,CAN,Canada
c71_m107,71,-107,0.046,ameli_map,CAN,Canada
c71_m106,71,-106,0.046,ameli_map,CAN,Canada
c71_m105,71,-105,0.046,ameli_map,CAN,Canada
c71_m96,71,-96,0.046,ameli_map,CAN,Canada
c71_m95,71,-95,0.046,ameli_map,CAN,Canada
c71_m94,71,-94,0.046,ameli_map,CAN,Canada
c71_m93,71,-93,0.046,ameli_map,CAN,Canada
c71_m89,71,-89,0.046,ameli_map,CAN,Canada
c71_m86,71,-86,0.046,ameli_map,CAN,Canada
c71_m85,71,-85,0.046,ameli_map,CAN,Canada
c71_m84,71,-84,0.046,ameli_map,CAN,Canada
c71_m83,71,-83,0.046,ameli_map,CAN,Canada
c71_m82,71,-82,0.046,ameli_map,CAN,Canada
c71_m81,71,-81,0.046,ameli_map,CAN,Canada
c71_m80,71,-80,0.046,ameli_map,CAN,Canada
c71_m79,71,-79,0.046,ameli_map,CAN,Canada
c71_m78,71,-78,0.046,ameli_map,CAN,Canada
c71_m77,71,-77,0.046,ameli_map,CAN,Canada
c71_m76,71,-76,0.046,ameli_map,CAN,Canada
c71_m75,71,-75,0.046,ameli_map,CAN,Canada
c71_m74,71,-74,0.046,ameli_map,CAN,Canada
c71_m73,71,-73,0.046,ameli_map,CAN,Canada
c71_m72,71,-72,0.046,ameli_map,CAN,Canada
c71_m71,71,-71,0.046,ameli_map,CAN,Canada
c71_m50,71,-50,0.046,ameli_map,GRL,Greenland
c71_m49,71,-49,0.046,ameli_map,GRL,Greenland
c71_m48,71,-48,0.046,ameli_map,GRL,Greenland
c71_m47,71,-47,0.046,ameli_map,GRL,Greenland
c71_m46,71,-46,0.046,ameli_map,GRL,Greenland
c71_m45,71,-45,0.046,ameli_map,GRL,Greenland
c71_m44,71,-44,0.046,ameli_map,GRL,Greenland
c71_m43,71,-43,0.046,ameli_map,GRL,Greenland
c71_m42,71,-42,0.046,ameli_map,GRL,Greenland
c71_m41,71,-41,0.046,ameli_map,GRL,Greenland
c71_m40,71,-40,0.046,ameli_map,GRL,Greenland
c71_m39,71,-39,0.046,ameli_map,GRL,Greenland
c71_m38,71,-38,0.046,ameli_map,GRL,Greenland
c71_m37,71,-37,0.046,ameli_map,GRL,Greenland
c71_m36,71,-36,0.046,ameli_map,GRL,Greenland
c71_m35,71,-35,0.046,ameli_map,GRL,Greenland
c71_m34,71,-34,0.046,ameli_map,GRL,Greenland
c71_m33,71,-33,0.046,ameli_map,GRL,Greenland
c71_m32,71,-32,0.046,ameli_map,GRL,Greenland
c71_m31,71,-31,0.046,ameli_map,GRL,Greenland
c71_m30,71,-30,0.046,ameli_map,GRL,Greenland
c71_m29,71,-29,0.046,ameli_map,GRL,Greenland
c71_m28,71,-28,0.046,ameli_map,GRL,Greenland
c71_m27,71,-27,0.046,ameli_map,GRL,Greenland
c71_m26,71,-26,0.046,ameli_map,GRL,Greenland
c71_m24,71,-24,0.046,ameli_map,GRL,Greenland
c71_m23,71,-23,0.046,ameli_map,GRL,Greenland
c71_m22,71,-22,0.046,ameli_map,GRL,Greenland
c71_24,71,24,0.04,ameli_map,NOR,Norway
c71_25,71,25,0.04,ameli_map,NOR,Norway
c71_26,71,26,0.04,ameli_map,NOR,Norway
c71_28,71,28,0.04,ameli_map,NOR,Norway
c71_53,71,53,0.051,ameli_map,RUS,Russia
c71_54,71,54,0.051,ameli_map,RUS,Russia
c71_55,71,55,0.051,ameli_map,RUS,Russia
c71_56,71,56,0.051,ameli_map,RUS,Russia
c71_67,71,67,0.051,ameli_map,RUS,Russia
c71_68,71,68,0.051,ameli_map,RUS,Russia
c71_69,71,69,0.051,ameli_map,RUS,Russia
c71_70,71,70,0.051,ameli_map,RUS,Russia
c71_71,71,71,0.051,ameli_map,RUS,Russia
c71_72,71,72,0.051,ameli_map,RUS,Russia
c71_74,71,74,0.051,ameli_map,RUS,Russia
c71_75,71,75,0.051,ameli_map,RUS,Russia
c71_76,71,76,0.051,ameli_map,RUS,Russia
c71_77,71,77,0.051,ameli_map,RUS,Russia
c71_79,71,79,0.051,ameli_map,RUS,Russia
c71_80,71,80,0.051,ameli_map,RUS,Russia
c71_81,71,81,0.051,ameli_map,RUS,Russia
c71_82,71,82,0.051,ameli_map,RUS,Russia
c71_84,71,84,0.051,ameli_map,RUS,Russia
c71_85,71,85,0.051,ameli_map,RUS,Russia
c71_86,71,86,0.051,ameli_map,RUS,Russia
c71_87,71,87,0.051,ameli_map,RUS,Russia
c71_88,71,88,0.051,ameli_map,RUS,Russia
c71_89,71,89,0.051,ameli_map,RUS,Russia
c71_90,71,90,0.051,ameli_map,RUS,Russia
c71_91,71,91,0.051,ameli_map,RUS,Russia
c71_92,71,92,0.051,ameli_map,RUS,Russia
c71_93,71,93,0.051,ameli_map,RUS,Russia
c71_94,71,94,0.051,ameli_map,RUS,Russia
c71_95,71,95,0.051,ameli_map,RUS,Russia
c71_96,71,96,0.051,ameli_map,RUS,Russia
c71_97,71,97,0.051,ameli_map,RUS,Russia
c71_98,71,98,0.051,ameli_map,RUS,Russia
c71_99,71,99,0.051,ameli_map,RUS,Russia
c71_100,71,100,0.051,ameli_map,RUS,Russia
c71_101,71,101,0.051,ameli_map,RUS,Russia
c71_102,71,102,0.051,ameli_map,RUS,Russia
c71_103,71,103,0.051,ameli_map,RUS,Russia
c71_104,71,104,0.051,ameli_map,RUS,Russia
c71_105,71,105,0.051,ameli_map,RUS,Russia
c71_106,71,106,0.051,ameli_map,RUS,Russia
c71_107,71,107,0.051,ameli_map,RUS,Russia
c71_108,71,108,0.051,ameli_map,RUS,Russia
c71_109,71,109,0.051,ameli_map,RUS,Russia
c71_110,71,110,0.051,ameli_map,RUS,Russia
c71_111,71,111,0.051,ameli_map,RUS,Russia
c71_112,71,112,0.051,ameli_map,RUS,Russia
c71_113,71,113,0.051,ameli_map,RUS,Russia
c71_114,71,114,0.051,ameli_map,RUS,Russia
c71_115,71,115,0.051,ameli_map,RUS,Russia
c71_116,71,116,0.051,ameli_map,RUS,Russia
c71_117,71,117,0.051,ameli_map,RUS,Russia
c71_118,71,118,0.051,ameli_map,RUS,Russia
c71_119,71,119,0.051,ameli_map,RUS,Russia
c71_120,71,120,0.051,ameli_map,RUS,Russia
c71_121,71,121,0.051,ameli_map,RUS,Russia
c71_122,71,122,0.051,ameli_map,RUS,Russia
c71_123,71,123,0.051,ameli_map,RUS,Russia
c71_124,71,124,0.051,ameli_map,RUS,Russia
c71_125,71,125,0.051,ameli_map,RUS,Russia
c71_126,71,126,0.051,ameli_map,RUS,Russia
c71_127,71,127,0.051,ameli_map,RUS,Russia
c71_128,71,128,0.051,ameli_map,RUS,Russia
c71_129,71,129,0.051,ameli_map,RUS,Russia
c71_130,71,130,0.051,ameli_map,RUS,Russia
c71_132,71,132,0.051,ameli_map,RUS,Russia
c71_133,71,133,0.051,ameli_map,RUS,Russia
c71_134,71,134,0.051,ameli_map,RUS,Russia
c71_135,71,135,0.051,ameli_map,RUS,Russia
c71_136,71,136,0.051,ameli_map,RUS,Russia
c71_137,71,137,0.051,ameli_map,RUS,Russia
c71_138,71,138,0.051,ameli_map,RUS,Russia
c71_139,71,139,0.051,ameli_map,RUS,Russia
c71_140,71,140,0.051,ameli_map,RUS,Russia
c71_141,71,141,0.051,ameli_map,RUS,Russia
c71_142,71,142,0.051,ameli_map,RUS,Russia
c71_143,71,143,0.051,ameli_map,RUS,Russia
c71_144,71,144,0.051,ameli_map,RUS,Russia
c71_145,71,145,0.051,ameli_map,RUS,Russia
c71_146,71,146,0.051,ameli_map,RUS,Russia
c71_147,71,147,0.051,ameli_map,RUS,Russia
c71_148,71,148,0.051,ameli_map,RUS,Russia
c71_149,71,149,0.051,ameli_map,RUS,Russia
c71_150,71,150,0.051,ameli_map,RUS,Russia
c71_151,71,151,0.051,ameli_map,RUS,Russia
c71_152,71,152,0.051,ameli_map,RUS,Russia
c71_155,71,155,0.051,ameli_map,RUS,Russia
c71_156,71,156,0.051,ameli_map,RUS,Russia
c71_157,71,157,0.051,ameli_map,RUS,Russia
c71_158,71,158,0.051,ameli_map,RUS,Russia
c71_179,71,179,0.051,ameli_map,RUS,Russia
c72_m125,72,-125,0.046,ameli_map,CAN,Canada
c72_m124,72,-124,0.046,ameli_map,CAN,Canada
c72_m123,72,-123,0.046,ameli_map,CAN,Canada
c72_m122,72,-122,0.046,ameli_map,CAN,Canada
c72_m121,72,-121,0.046,ameli_map,CAN,Canada
c72_m118,72,-118,0.046,ameli_map,CAN,Canada
c72_m117,72,-117,0.046,ameli_map,CAN,Canada
c72_m116,72,-116,0.046,ameli_map,CAN,Canada
c72_m115,72,-115,0.046,ameli_map,CAN,Canada
c72_m114,72,-114,0.046,ameli_map,CAN,Canada
c72_m113,72,-113,0.046,ameli_map,CAN,Canada
c72_m112,72,-112,0.046,ameli_map,CAN,Canada
c72_m111,72,-111,0.046,ameli_map,CAN,Canada
c72_m110,72,-110,0.046,ameli_map,CAN,Canada
c72_m109,72,-109,0.046,ameli_map,CAN,Canada
c72_m107,72,-107,0.046,ameli_map,CAN,Canada
c72_m106,72,-106,0.046,ameli_map,CAN,Canada
c72_m105,72,-105,0.046,ameli_map,CAN,Canada
c72_m100,72,-100,0.046,ameli_map,CAN,Canada
c72_m99,72,-99,0.046,ameli_map,CAN,Canada
c72_m98,72,-98,0.046,ameli_map,CAN,Canada
c72_m97,72,-97,0.046,ameli_map,CAN,Canada
c72_m95,72,-95,0.046,ameli_map,CAN,Canada
c72_m89,72,-89,0.046,ameli_map,CAN,Canada
c72_m88,72,-88,0.046,ameli_map,CAN,Canada
c72_m87,72,-87,0.046,ameli_map,CAN,Canada
c72_m85,72,-85,0.046,ameli_map,CAN,Canada
c72_m84,72,-84,0.046,ameli_map,CAN,Canada
c72_m83,72,-83,0.046,ameli_map,CAN,Canada
c72_m82,72,-82,0.046,ameli_map,CAN,Canada
c72_m81,72,-81,0.046,ameli_map,CAN,Canada
c72_m80,72,-80,0.046,ameli_map,CAN,Canada
c72_m78,72,-78,0.046,ameli_map,CAN,Canada
c72_m77,72,-77,0.046,ameli_map,CAN,Canada
c72_m76,72,-76,0.046,ameli_map,CAN,Canada
c72_m75,72,-75,0.046,ameli_map,CAN,Canada
c72_m55,72,-55,0.046,ameli_map,GRL,Greenland
c72_m54,72,-54,0.046,ameli_map,GRL,Greenland
c72_m53,72,-53,0.046,ameli_map,GRL,Greenland
c72_m52,72,-52,0.046,ameli_map,GRL,Greenland
c72_m51,72,-51,0.046,ameli_map,GRL,Greenland
c72_m50,72,-50,0.046,ameli_map,GRL,Greenland
c72_m49,72,-49,0.046,ameli_map,GRL,Greenland
c72_m48,72,-48,0.046,ameli_map,GRL,Greenland
c72_m47,72,-47,0.046,ameli_map,GRL,Greenland
c72_m46,72,-46,0.046,ameli_map,GRL,Greenland
c72_m45,72,-45,0.046,ameli_map,GRL,Greenland
c72_m44,72,-44,0.046,ameli_map,GRL,Greenland
c72_m43,72,-43,0.046,ameli_map,GRL,Greenland
c72_m42,72,-42,0.046,ameli_map,GRL,Greenland
c72_m41,72,-41,0.046,ameli_map,GRL,Greenland
c72_m40,72,-40,0.046,ameli_map,GRL,Greenland
c72_m39,72,-39,0.046,ameli_map,GRL,Greenland
c72_m38,72,-38,0.046,ameli_map,GRL,Greenland
c72_m37,72,-37,0.046,ameli_map,GRL,Greenland
c72_m36,72,-36,0.046,ameli_map,GRL,Greenland
c72_m35,72,-35,0.046,ameli_map,GRL,Greenland
c72_m34,72,-34,0.046,ameli_map,GRL,Greenland
c72_m33,72,-33,0.046,ameli_map,GRL,Greenland
c72_m32,72,-32,0.046,ameli_map,GRL,Greenland
c72_m31,72,-31,0.046,ameli_map,GRL,Greenland
c72_m30,72,-30,0.046,ameli_map,GRL,Greenland
c72_m29,72,-29,0.046,ameli_map,GRL,Greenland
c72_m28,72,-28,0.046,ameli_map,GRL,Greenland
c72_m27,72,-27,0.046,ameli_map,GRL,Greenland
c72_m26,72,-26,0.046,ameli_map,GRL,Greenland
c72_m25,72,-25,0.046,ameli_map,GRL,Greenland
c72_m24,72,-24,0.046,ameli_map,GRL,Greenland
c72_m23,72,-23,0.046,ameli_map,GRL,Greenland
c72_52,72,52,0.051,ameli_map,RUS,Russia
c72_53,72,53,0.051,ameli_map,RUS,Russia
c72_54,72,54,0.051,ameli_map,RUS,Russia
c72_55,72,55,0.051,ameli_map,RUS,Russia
c72_69,72,69,0.051,ameli_map,RUS,Russia
c72_70,72,70,0.051,ameli_map,RUS,Russia
c72_71,72,71,0.051,ameli_map,RUS,Russia
c72_72,72,72,0.051,ameli_map,RUS,Russia
c72_75,72,75,0.051,ameli_map,RUS,Russia
c72_77,72,77,0.051,ameli_map,RUS,Russia
c72_79,72,79,0.051,ameli_map,RUS,Russia
c72_80,72,80,0.051,ameli_map,RUS,Russia
c72_83,72,83,0.051,ameli_map,RUS,Russia
c72_84,72,84,0.051,ameli_map,RUS,Russia
c72_85,72,85,0.051,ameli_map,RUS,Russia
c72_86,72,86,0.051,ameli_map,RUS,Russia
c72_87,72,87,0.051,ameli_map,RUS,Russia
c72_88,72,88,0.051,ameli_map,RUS,Russia
c72_89,72,89,0.051,ameli_map,RUS,Russia
c72_90,72,90,0.051,ameli_map,RUS,Russia
c72_91,72,91,0.051,ameli_map,RUS,Russia
c72_92,72,92,0.051,ameli_map,RUS,Russia
c72_93,72,93,0.051,ameli_map,RUS,Russia
c72_94,72,94,0.051,ameli_map,RUS,Russia
c72_95,72,95,0.051,ameli_map,RUS,Russia
c72_96,72,96,0.051,ameli_map,RUS,Russia
c72_97,72,97,0.051,ameli_map,RUS,Russia
c72_98,72,98,0.051,ameli_map,RUS,Russia
c72_99,72,99,0.051,ameli_map,RUS,Russia
c72_100,72,100,0.051,ameli_map,RUS,Russia
c72_101,72,101,0.051,ameli_map,RUS,Russia
c72_102,72,102,0.051,ameli_map,RUS,Russia
c72_103,72,103,0.051,ameli_map,RUS,Russia
c72_104,72,104,0.051,ameli_map,RUS,Russia
c72_105,72,105,0.051,ameli_map,RUS,Russia
c72_106,72,106,0.051,ameli_map,RUS,Russia
c72_107,72,107,0.051,ameli_map,RUS,Russia
c72_108,72,108,0.051,ameli_map,RUS,Russia
c72_109,72,109,0.051,ameli_map,RUS,Russia
c72_110,72,110,0.051,ameli_map,RUS,Russia
c72_111,72,111,0.051,ameli_map,RUS,Russia
c72_112,72,112,0.051,ameli_map,RUS,Russia
c72_113,72,113,0.051,ameli_map,RUS,Russia
c72_114,72,114,0.051,ameli_map,RUS,Russia
c72_115,72,115,0.051,ameli_map,RUS,Russia
c72_116,72,116,0.051,ameli_map,RUS,Russia
c72_117,72,117,0.051,ameli_map,RUS,Russia
c72_118,72,118,0.051,ameli_map,RUS,Russia
c72_119,72,119,0.051,ameli_map,RUS,Russia
c72_120,72,120,0.051,ameli_map,RUS,Russia
c72_121,72,121,0.051,ameli_map,RUS,Russia
c72_122,72,122,0.051,ameli_map,RUS,Russia
c72_123,72,123,0.051,ameli_map,RUS,Russia
c72_124,72,124,0.051,ameli_map,RUS,Russia
c72_125,72,125,0.051,ameli_map,RUS,Russia
c72_126,72,126,0.051,ameli_map,RUS,Russia
c72_127,72,127,0.051,ameli_map,RUS,Russia
c72_128,72,128,0.051,ameli_map,RUS,Russia
c72_140,72,140,0.051,ameli_map,RUS,Russia
c72_141,72,141,0.051,ameli_map,RUS,Russia
c72_142,72,142,0.051,ameli_map,RUS,Russia
c72_143,72,143,0.051,ameli_map,RUS,Russia
c72_144,72,144,0.051,ameli_map,RUS,Russia
c72_145,72,145,0.051,ameli_map,RUS,Russia
c72_146,72,146,0.051,ameli_map,RUS,Russia
c72_147,72,147,0.051,ameli_map,RUS,Russia
c72_148,72,148,0.051,ameli_map,RUS,Russia
c72_149,72,149,0.051,ameli_map,RUS,Russia
c73_m124,73,-124,0.046,ameli_map,CAN,Canada
c73_m123,73,-123,0.046,ameli_map,CAN,Canada
c73_m122,73,-122,0.046,ameli_map,CAN,Canada
c73_m121,73,-121,0.046,ameli_map,CAN,Canada
c73_m120,73,-120,0.046,ameli_map,CAN,Canada
c73_m119,73,-119,0.046,ameli_map,CAN,Canada
c73_m118,73,-118,0.046,ameli_map,CAN,Canada
c73_m116,73,-116,0.046,ameli_map,CAN,Canada
c73_m115,73,-115,0.046,ameli_map,CAN,Canada
c73_m113,73,-113,0.046,ameli_map,CAN,Canada
c73_m108,73,-108,0.046,ameli_map,CAN,Canada
c73_m107,73,-107,0.046,ameli_map,CAN,Canada
c73_m106,73,-106,0.046,ameli_map,CAN,Canada
c73_m102,73,-102,0.046,ameli_map,CAN,Canada
c73_m100,73,-100,0.046,ameli_map,CAN,Canada
c73_m99,73,-99,0.046,ameli_map,CAN,Canada
c73_m98,73,-98,0.046,ameli_map,CAN,Canada
c73_m97,73,-97,0.046,ameli_map,CAN,Canada
c73_m95,73,-95,0.046,ameli_map,CAN,Canada
c73_m94,73,-94,0.046,ameli_map,CAN,Canada
c73_m93,73,-93,0.046,ameli_map,CAN,Canada
c73_m92,73,-92,0.046,ameli_map,CAN,Canada
c73_m89,73,-89,0.046,ameli_map,CAN,Canada
c73_m88,73,-88,0.046,ameli_map,CAN,Canada
c73_m87,73,-87,0.046,ameli_map,CAN,Canada
c73_m85,73,-85,0.046,ameli_map,CAN,Canada
c73_m84,73,-84,0.046,ameli_map,CAN,Canada
c73_m83,73,-83,0.046,ameli_map,CAN,Canada
c73_m82,73,-82,0.046,ameli_map,CAN,Canada
c73_m81,73,-81,0.046,ameli_map,CAN,Canada
c73_m80,73,-80,0.046,ameli_map,CAN,Canada
c73_m79,73,-79,0.046,ameli_map,CAN,Canada
c73_m78,73,-78,0.046,ameli_map,CAN,Canada
c73_m77,73,-77,0.046,ameli_map,CAN,Canada
c73_m54,73,-54,0.046,ameli_map,GRL,Greenland
c73_m53,73,-53,0.046,ameli_map,GRL,Greenland
c73_m52,73,-52,0.046,ameli_map,GRL,Greenland
c73_m51,73,-51,0.046,ameli_map,GRL,Greenland
c73_m50,73,-50,0.046,ameli_map,GRL,Greenland
c73_m49,73,-49,0.046,ameli_map,GRL,Greenland
c73_m48,73,-48,0.046,ameli_map,GRL,Greenland
c73_m47,73,-47,0.046,ameli_map,GRL,Greenland
c73_m46,73,-46,0.046,ameli_map,GRL,Greenland
c73_m45,73,-45,0.046,ameli_map,GRL,Greenland
c73_m44,73,-44,0.046,ameli_map,GRL,Greenland
c73_m43,73,-43,0.046,ameli_map,GRL,Greenland
c73_m42,73,-42,0.046,ameli_map,GRL,Greenland
c73_m41,73,-41,0.046,ameli_map,GRL,Greenland
c73_m40,73,-40,0.046,ameli_map,GRL,Greenland
c73_m39,73,-39,0.046,ameli_map,GRL,Greenland
c73_m38,73,-38,0.046,ameli_map,GRL,Greenland
c73_m37,73,-37,0.046,ameli_map,GRL,Greenland
c73_m36,73,-36,0.046,ameli_map,GRL,Greenland
c73_m35,73,-35,0.046,ameli_map,GRL,Greenland
c73_m34,73,-34,0.046,ameli_map,GRL,Greenland
c73_m33,73,-33,0.046,ameli_map,GRL,Greenland
c73_m32,73,-32,0.046,ameli_map,GRL,Greenland
c73_m31,73,-31,0.046,ameli_map,GRL,Greenland
c73_m30,73,-30,0.046,ameli_map,GRL,Greenland
c73_m29,73,-29,0.046,ameli_map,GRL,Greenland
c73_m28,73,-28,0.046,ameli_map,GRL,Greenland
c73_m27,73,-27,0.046,ameli_map,GRL,Greenland
c73_m26,73,-26,0.046,ameli_map,GRL,Greenland
c73_m24,73,-24,0.046,ameli_map,GRL,Greenland
c73_m23,73,-23,0.046,ameli_map,GRL,Greenland
c73_54,73,54,0.051,ameli_map,RUS,Russia
c73_55,73,55,0.051,ameli_map,RUS,Russia
c73_56,73,56,0.051,ameli_map,RUS,Russia
c73_79,73,79,0.051,ameli_map,RUS,Russia
c73_81,73,81,0.051,ameli_map,RUS,Russia
c73_82,73,82,0.051,ameli_map,RUS,Russia
c73_83,73,83,0.051,ameli_map,RUS,Russia
c73_84,73,84,0.051,ameli_map,RUS,Russia
c73_85,73,85,0.051,ameli_map,RUS,Russia
c73_86,73,86,0.051,ameli_map,RUS,Russia
c73_87,73,87,0.051,ameli_map,RUS,Russia
c73_88,73,88,0.051,ameli_map,RUS,Russia
c73_89,73,89,0.051,ameli_map,RUS,Russia
c73_90,73,90,0.051,ameli_map,RUS,Russia
c73_91,73,91,0.051,ameli_map,RUS,Russia
c73_92,73,92,0.051,ameli_map,RUS,Russia
c73_93,73,93,0.051,ameli_map,RUS,Russia
c73_94,73,94,0.051,ameli_map,RUS,Russia
c73_95,73,95,0.051,ameli_map,RUS,Russia
c73_96,73,96,0.051,ameli_map,RUS,Russia
c73_97,73,97,0.051,ameli_map,RUS,Russia
c73_98,73,98,0.051,ameli_map,RUS,Russia
c73_99,73,99,0.051,ameli_map,RUS,Russia
c73_100,73,100,0.051,ameli_map,RUS,Russia
c73_101,73,101,0.051,ameli_map,RUS,Russia
c73_102,73,102,0.051,ameli_map,RUS,Russia
c73_103,73,103,0.051,ameli_map,RUS,Russia
c73_104,73,104,0.051,ameli_map,RUS,Russia
c73_105,73,105,0.051,ameli_map,RUS,Russia
c73_107,73,107,0.051,ameli_map,RUS,Russia
c73_108,73,108,0.051,ameli_map,RUS,Russia
c73_109,73,109,0.051,ameli_map,RUS,Russia
c73_110,73,110,0.051,ameli_map,RUS,Russia
c73_111,73,111,0.051,ameli_map,RUS,Russia
c73_112,73,112,0.051,ameli_map,RUS,Russia
c73_113,73,113,0.051,ameli_map,RUS,Russia
c73_114,73,114,0.051,ameli_map,RUS,Russia
c73_115,73,115,0.051,ameli_map,RUS,Russia
c73_116,73,116,0.051,ameli_map,RUS,Russia
c73_117,73,117,0.051,ameli_map,RUS,Russia
c73_118,73,118,0.051,ameli_map,RUS,Russia
c73_119,73,119,0.051,ameli_map,RUS,Russia
c73_120,73,120,0.051,ameli_map,RUS,Russia
c73_124,73,124,0.051,ameli_map,RUS,Russia
c73_125,73,125,0.051,ameli_map,RUS,Russia
c73_126,73,126,0.051,ameli_map,RUS,Russia
c73_127,73,127,0.051,ameli_map,RUS,Russia
c73_128,73,128,0.051,ameli_map,RUS,Russia
c74_m124,74,-124,0.046,ameli_map,CAN,Canada
c74_m123,74,-123,0.046,ameli_map,CAN,Canada
c74_m122,74,-122,0.046,ameli_map,CAN,Canada
c74_m121,74,-121,0.046,ameli_map,CAN,Canada
c74_m120,74,-120,0.046,ameli_map,CAN,Canada
c74_m119,74,-119,0.046,ameli_map,CAN,Canada
c74_m118,74,-118,0.046,ameli_map,CAN,Canada
c74_m117,74,-117,0.046,ameli_map,CAN,Canada
c74_m98,74,-98,0.046,ameli_map,CAN,Canada
c74_m95,74,-95,0.046,ameli_map,CAN,Canada
c74_m94,74,-94,0.046,ameli_map,CAN,Canada
c74_m93,74,-93,0.046,ameli_map,CAN,Canada
c74_m90,74,-90,0.046,ameli_map,CAN,Canada
c74_m56,74,-56,0.046,ameli_map,GRL,Greenland
c74_m55,74,-55,0.046,ameli_map,GRL,Greenland
c74_m54,74,-54,0.046,ameli_map,GRL,Greenland
c74_m53,74,-53,0.046,ameli_map,GRL,Greenland
c74_m52,74,-52,0.046,ameli_map,GRL,Greenland
c74_m51,74,-51,0.046,ameli_map,GRL,Greenland
c74_m50,74,-50,0.046,ameli_map,GRL,Greenland
c74_m49,74,-49,0.046,ameli_map,GRL,Greenland
c74_m48,74,-48,0.046,ameli_map,GRL,Greenland
c74_m47,74,-47,0.046,ameli_map,GRL,Greenland
c74_m46,74,-46,0.046,ameli_map,GRL,Greenland
c74_m45,74,-45,0.046,ameli_map,GRL,Greenland
c74_m44,74,-44,0.046,ameli_map,GRL,Greenland
c74_m43,74,-43,0.046,ameli_map,GRL,Greenland
c74_m42,74,-42,0.046,ameli_map,GRL,Greenland
c74_m41,74,-41,0.046,ameli_map,GRL,Greenland
c74_m40,74,-40,0.046,ameli_map,GRL,Greenland
c74_m39,74,-39,0.046,ameli_map,GRL,Greenland
c74_m38,74,-38,0.046,ameli_map,GRL,Greenland
c74_m37,74,-37,0.046,ameli_map,GRL,Greenland
c74_m36,74,-36,0.046,ameli_map,GRL,Greenland
c74_m35,74,-35,0.046,ameli_map,GRL,Greenland
c74_m34,74,-34,0.046,ameli_map,GRL,Greenland
c74_m33,74,-33,0.046,ameli_map,GRL,Greenland
c74_m32,74,-32,0.046,ameli_map,GRL,Greenland
c74_m31,74,-31,0.046,ameli_map,GRL,Greenland
c74_m30,74,-30,0.046,ameli_map,GRL,Greenland
c74_m29,74,-29,0.046,ameli_map,GRL,Greenland
c74_m28,74,-28,0.046,ameli_map,GRL,Greenland
c74_m27,74,-27,0.046,ameli_map,GRL,Greenland
c74_m26,74,-26,0.046,ameli_map,GRL,Greenland
c74_m25,74,-25,0.046,ameli_map,GRL,Greenland
c74_m24,74,-24,0.046,ameli_map,GRL,Greenland
c74_m23,74,-23,0.046,ameli_map,GRL,Greenland
c74_55,74,55,0.051,ameli_map,RUS,Russia
c74_56,74,56,0.051,ameli_map,RUS,Russia
c74_57,74,57,0.051,ameli_map,RUS,Russia
c74_58,74,58,0.051,ameli_map,RUS,Russia
c74_84,74,84,0.051,ameli_map,RUS,Russia
c74_87,74,87,0.051,ameli_map,RUS,Russia
c74_88,74,88,0.051,ameli_map,RUS,Russia
c74_89,74,89,0.051,ameli_map,RUS,Russia
c74_90,74,90,0.051,ameli_map,RUS,Russia
c74_91,74,91,0.051,ameli_map,RUS,Russia
c74_92,74,92,0.051,ameli_map,RUS,Russia
c74_93,74,93,0.051,ameli_map,RUS,Russia
c74_94,74,94,0.051,ameli_map,RUS,Russia
c74_95,74,95,0.051,ameli_map,RUS,Russia
c74_96,74,96,0.051,ameli_map,RUS,Russia
c74_97,74,97,0.051,ameli_map,RUS,Russia
c74_98,74,98,0.051,ameli_map,RUS,Russia
c74_99,74,99,0.051,ameli_map,RUS,Russia
c74_100,74,100,0.051,ameli_map,RUS,Russia
c74_101,74,101,0.051,ameli_map,RUS,Russia
c74_102,74,102,0.051,ameli_map,RUS,Russia
c74_103,74,103,0.051,ameli_map,RUS,Russia
c74_104,74,104,0.051,ameli_map,RUS,Russia
c74_105,74,105,0.051,ameli_map,RUS,Russia
c74_106,74,106,0.051,ameli_map,RUS,Russia
c74_107,74,107,0.051,ameli_map,RUS,Russia
c74_108,74,108,0.051,ameli_map,RUS,Russia
c74_110,74,110,0.051,ameli_map,RUS,Russia
c74_136,74,136,0.051,ameli_map,RUS,Russia
c74_141,74,141,0.051,ameli_map,RUS,Russia
c75_m115,75,-115,0.046,ameli_map,CAN,Canada
c75_m112,75,-112,0.046,ameli_map,CAN,Canada
c75_m111,75,-111,0.046,ameli_map,CAN,Canada
c75_m110,75,-110,0.046,ameli_map,CAN,Canada
c75_m108,75,-108,0.046,ameli_map,CAN,Canada
c75_m107,75,-107,0.046,ameli_map,CAN,Canada
c75_m100,75,-100,0.046,ameli_map,CAN,Canada
c75_m99,75,-99,0.046,ameli_map,CAN,Canada
c75_m96,75,-96,0.046,ameli_map,CAN,Canada
c75_m95,75,-95,0.046,ameli_map,CAN,Canada
c75_m94,75,-94,0.046,ameli_map,CAN,Canada
c75_m92,75,-92,0.046,ameli_map,CAN,Canada
c75_m91,75,-91,0.046,ameli_map,CAN,Canada
c75_m90,75,-90,0.046,ameli_map,CAN,Canada
c75_m89,75,-89,0.046,ameli_map,CAN,Canada
c75_m88,75,-88,0.046,ameli_map,CAN,Canada
c75_m87,75,-87,0.046,ameli_map,CAN,Canada
c75_m86,75,-86,0.046,ameli_map,CAN,Canada
c75_m85,75,-85,0.046,ameli_map,CAN,Canada
c75_m84,75,-84,0.046,ameli_map,CAN,Canada
c75_m83,75,-83,0.046,ameli_map,CAN,Canada
c75_m82,75,-82,0.046,ameli_map,CAN,Canada
c75_m81,75,-81,0.046,ameli_map,CAN,Canada
c75_m57,75,-57,0.046,ameli_map,GRL,Greenland
c75_m56,75,-56,0.046,ameli_map,GRL,Greenland
c75_m55,75,-55,0.046,ameli_map,GRL,Greenland
c75_m54,75,-54,0.046,ameli_map,GRL,Greenland
c75_m53,75,-53,0.046,ameli_map,GRL,Greenland
c75_m52,75,-52,0.046,ameli_map,GRL,Greenland
c75_m51,75,-51,0.046,ameli_map,GRL,Greenland
c75_m50,75,-50,0.046,ameli_map,GRL,Greenland
c75_m49,75,-49,0.046,ameli_map,GRL,Greenland
c75_m48,75,-48,0.046,ameli_map,GRL,Greenland
c75_m47,75,-47,0.046,ameli_map,GRL,Greenland
c75_m46,75,-46,0.046,ameli_map,GRL,Greenland
c75_m45,75,-45,0.046,ameli_map,GRL,Greenland
c75_m44,75,-44,0.046,ameli_map,GRL,Greenland
c75_m43,75,-43,0.046,ameli_map,GRL,Greenland
c75_m42,75,-42,0.046,ameli_map,GRL,Greenland
c75_m41,75,-41,0.046,ameli_map,GRL,Greenland
c75_m40,75,-40,0.046,ameli_map,GRL,Greenland
c75_m39,75,-39,0.046,ameli_map,GRL,Greenland
c75_m38,75,-38,0.046,ameli_map,GRL,Greenland
c75_m37,75,-37,0.046,ameli_map,GRL,Greenland
c75_m36,75,-36,0.046,ameli_map,GRL,Greenland
c75_m35,75,-35,0.046,ameli_map,GRL,Greenland
c75_m34,75,-34,0.046,ameli_map,GRL,Greenland
c75_m33,75,-33,0.046,ameli_map,GRL,Greenland
c75_m32,75,-32,0.046,ameli_map,GRL,Greenland
c75_m31,75,-31,0.046,ameli_map,GRL,Greenland
c75_m30,75,-30,0.046,ameli_map,GRL,Greenland
c75_m29,75,-29,0.046,ameli_map,GRL,Greenland
c75_m28,75,-28,0.046,ameli_map,GRL,Greenland
c75_m27,75,-27,0.046,ameli_map,GRL,Greenland
c75_m26,75,-26,0.046,ameli_map,GRL,Greenland
c75_m25,75,-25,0.046,ameli_map,GRL,Greenland
c75_m24,75,-24,0.046,ameli_map,GRL,Greenland
c75_m23,75,-23,0.046,ameli_map,GRL,Greenland
c75_m22,75,-22,0.046,ameli_map,GRL,Greenland
c75_m21,75,-21,0.046,ameli_map,GRL,Greenland
c75_56,75,56,0.051,ameli_map,RUS,Russia
c75_57,75,57,0.051,ameli_map,RUS,Russia
c75_58,75,58,0.051,ameli_map,RUS,Russia
c75_59,75,59,0.051,ameli_map,RUS,Russia
c75_60,75,60,0.051,ameli_map,RUS,Russia
c75_88,75,88,0.051,ameli_map,RUS,Russia
c75_89,75,89,0.051,ameli_map,RUS,Russia
c75_90,75,90,0.051,ameli_map,RUS,Russia
c75_91,75,91,0.051,ameli_map,RUS,Russia
c75_92,75,92,0.051,ameli_map,RUS,Russia
c75_93,75,93,0.051,ameli_map,RUS,Russia
c75_94,75,94,0.051,ameli_map,RUS,Russia
c75_95,75,95,0.051,ameli_map,RUS,Russia
c75_96,75,96,0.051,ameli_map,RUS,Russia
c75_97,75,97,0.051,ameli_map,RUS,Russia
c75_98,75,98,0.051,ameli_map,RUS,Russia
c75_99,75,99,0.051,ameli_map,RUS,Russia
c75_100,75,100,0.051,ameli_map,RUS,Russia
c75_101,75,101,0.051,ameli_map,RUS,Russia
c75_102,75,102,0.051,ameli_map,RUS,Russia
c75_103,75,103,0.051,ameli_map,RUS,Russia
c75_104,75,104,0.051,ameli_map,RUS,Russia
c75_105,75,105,0.051,ameli_map,RUS,Russia
c75_106,75,106,0.051,ameli_map,RUS,Russia
c75_107,75,107,0.051,ameli_map,RUS,Russia
c75_108,75,108,0.051,ameli_map,RUS,Russia
c75_109,75,109,0.051,ameli_map,RUS,Russia
c75_110,75,110,0.051,ameli_map,RUS,Russia
c75_111,75,111,0.051,ameli_map,RUS,Russia
c75_112,75,112,0.051,ameli_map,RUS,Russia
c75_138,75,138,0.051,ameli_map,RUS,Russia
c75_139,75,139,0.051,ameli_map,RUS,Russia
c75_140,75,140,0.051,ameli_map,RUS,Russia
c75_141,75,141,0.051,ameli_map,RUS,Russia
c75_143,75,143,0.051,ameli_map,RUS,Russia
c75_148,75,148,0.051,ameli_map,RUS,Russia
c75_149,75,149,0.051,ameli_map,RUS,Russia
c75_150,75,150,0.051,ameli_map,RUS,Russia
c76_m120,76,-120,0.046,ameli_map,CAN,Canada
c76_m118,76,-118,0.046,ameli_map,CAN,Canada
c76_m116,76,-116,0.046,ameli_map,CAN,Canada
c76_m115,76,-115,0.046,ameli_map,CAN,Canada
c76_m114,76,-114,0.046,ameli_map,CAN,Canada
c76_m113,76,-113,0.046,ameli_map,CAN,Canada
c76_m112,76,-112,0.046,ameli_map,CAN,Canada
c76_m109,76,-109,0.046,ameli_map,CAN,Canada
c76_m108,76,-108,0.046,ameli_map,CAN,Canada
c76_m106,76,-106,0.046,ameli_map,CAN,Canada
c76_m103,76,-103,0.046,ameli_map,CAN,Canada
c76_m101,76,-101,0.046,ameli_map,CAN,Canada
c76_m99,76,-99,0.046,ameli_map,CAN,Canada
c76_m98,76,-98,0.046,ameli_map,CAN,Canada
c76_m92,76,-92,0.046,ameli_map,CAN,Canada
c76_m91,76,-91,0.046,ameli_map,CAN,Canada
c76_m90,76,-90,0.046,ameli_map,CAN,Canada
c76_m67,76,-67,0.046,ameli_map,GRL,Greenland
c76_m60,76,-60,0.046,ameli_map,GRL,Greenland
c76_m59,76,-59,0.046,ameli_map,GRL,Greenland
c76_m58,76,-58,0.046,ameli_map,GRL,Greenland
c76_m57,76,-57,0.046,ameli_map,GRL,Greenland
c76_m56,76,-56,0.046,ameli_map,GRL,Greenland
c76_m55,76,-55,0.046,ameli_map,GRL,Greenland
c76_m54,76,-54,0.046,ameli_map,GRL,Greenland
c76_m53,76,-53,0.046,ameli_map,GRL,Greenland
c76_m52,76,-52,0.046,ameli_map,GRL,Greenland
c76_m51,76,-51,0.046,ameli_map,GRL,Greenland
c76_m50,76,-50,0.046,ameli_map,GRL,Greenland
c76_m49,76,-49,0.046,ameli_map,GRL,Greenland
c76_m48,76,-48,0.046,ameli_map,GRL,Greenland
c76_m47,76,-47,0.046,ameli_map,GRL,Greenland
c76_m46,76,-46,0.046,ameli_map,GRL,Greenland
c76_m45,76,-45,0.046,ameli_map,GRL,Greenland
c76_m44,76,-44,0.046,ameli_map,GRL,Greenland
c76_m43,76,-43,0.046,ameli_map,GRL,Greenland
c76_m42,76,-42,0.046,ameli_map,GRL,Greenland
c76_m41,76,-41,0.046,ameli_map,GRL,Greenland
c76_m40,76,-40,0.046,ameli_map,GRL,Greenland
c76_m39,76,-39,0.046,ameli_map,GRL,Greenland
c76_m38,76,-38,0.046,ameli_map,GRL,Greenland
c76_m37,76,-37,0.046,ameli_map,GRL,Greenland
c76_m36,76,-36,0.046,ameli_map,GRL,Greenland
c76_m35,76,-35,0.046,ameli_map,GRL,Greenland
c76_m34,76,-34,0.046,ameli_map,GRL,Greenland
c76_m33,76,-33,0.046,ameli_map,GRL,Greenland
c76_m32,76,-32,0.046,ameli_map,GRL,Greenland
c76_m31,76,-31,0.046,ameli_map,GRL,Greenland
c76_m30,76,-30,0.046,ameli_map,GRL,Greenland
c76_m29,76,-29,0.046,ameli_map,GRL,Greenland
c76_m28,76,-28,0.046,ameli_map,GRL,Greenland
c76_m27,76,-27,0.046,ameli_map,GRL,Greenland
c76_m26,76,-26,0.046,ameli_map,GRL,Greenland
c76_m25,76,-25,0.046,ameli_map,GRL,Greenland
c76_m24,76,-24,0.046,ameli_map,GRL,Greenland
c76_m23,76,-23,0.046,ameli_map,GRL,Greenland
c76_m22,76,-22,0.046,ameli_map,GRL,Greenland
c76_m21,76,-21,0.046,ameli_map,GRL,Greenland
c76_61,76,61,0.051,ameli_map,RUS,Russia
c76_62,76,62,0.051,ameli_map,RUS,Russia
c76_63,76,63,0.051,ameli_map,RUS,Russia
c76_64,76,64,0.051,ameli_map,RUS,Russia
c76_65,76,65,0.051,ameli_map,RUS,Russia
c76_66,76,66,0.051,ameli_map,RUS,Russia
c76_93,76,93,0.051,ameli_map,RUS,Russia
c76_94,76,94,0.051,ameli_map,RUS,Russia
c76_95,76,95,0.051,ameli_map,RUS,Russia
c76_96,76,96,0.051,ameli_map,RUS,Russia
c76_97,76,97,0.051,ameli_map,RUS,Russia
c76_98,76,98,0.051,ameli_map,RUS,Russia
c76_99,76,99,0.051,ameli_map,RUS,Russia
c76_100,76,100,0.051,ameli_map,RUS,Russia
c76_101,76,101,0.051,ameli_map,RUS,Russia
c76_102,76,102,0.051,ameli_map,RUS,Russia
c76_103,76,103,0.051,ameli_map,RUS,Russia
c76_104,76,104,0.051,ameli_map,RUS,Russia
c76_105,76,105,0.051,ameli_map,RUS,Russia
c76_106,76,106,0.051,ameli_map,RUS,Russia
c76_107,76,107,0.051,ameli_map,RUS,Russia
c76_108,76,108,0.051,ameli_map,RUS,Russia
c76_109,76,109,0.051,ameli_map,RUS,Russia
c76_110,76,110,0.051,ameli_map,RUS,Russia
c76_111,76,111,0.051,ameli_map,RUS,Russia
c76_112,76,112,0.051,ameli_map,RUS,Russia
c76_113,76,113,0.051,ameli_map,RUS,Russia
c76_138,76,138,0.051,ameli_map,RUS,Russia
c76_139,76,139,0.051,ameli_map,RUS,Russia
c76_141,76,141,0.051,ameli_map,RUS,Russia
c76_142,76,142,0.051,ameli_map,RUS,Russia
c77_m120,77,-120,0.046,ameli_map,CAN,Canada
c77_m119,77,-119,0.046,ameli_map,CAN,Canada
c77_m118,77,-118,0.046,ameli_map,CAN,Canada
c77_m117,77,-117,0.046,ameli_map,CAN,Canada
c77_m116,77,-116,0.046,ameli_map,CAN,Canada
c77_m96,77,-96,0.046,ameli_map,CAN,Canada
c77_m88,77,-88,0.046,ameli_map,CAN,Canada
c77_m87,77,-87,0.046,ameli_map,CAN,Canada
c77_m86,77,-86,0.046,ameli_map,CAN,Canada
c77_m85,77,-85,0.046,ameli_map,CAN,Canada
c77_m84,77,-84,0.046,ameli_map,CAN,Canada
c77_m83,77,-83,0.046,ameli_map,CAN,Canada
c77_m82,77,-82,0.046,ameli_map,CAN,Canada
c77_m81,77,-81,0.046,ameli_map,CAN,Canada
c77_m80,77,-80,0.046,ameli_map,CAN,Canada
c77_m71,77,-71,0.046,ameli_map,GRL,Greenland
c77_m70,77,-70,0.046,ameli_map,GRL,Greenland
c77_m69,77,-69,0.046,ameli_map,GRL,Greenland
c77_m68,77,-68,0.046,ameli_map,GRL,Greenland
c77_m67,77,-67,0.046,ameli_map,GRL,Greenland
c77_m66,77,-66,0.046,ameli_map,GRL,Greenland
c77_m65,77,-65,0.046,ameli_map,GRL,Greenland
c77_m64,77,-64,0.046,ameli_map,GRL,Greenland
c77_m63,77,-63,0.046,ameli_map,GRL,Greenland
c77_m62,77,-62,0.046,ameli_map,GRL,Greenland
c77_m61,77,-61,0.046,ameli_map,GRL,Greenland
c77_m60,77,-60,0.046,ameli_map,GRL,Greenland
c77_m59,77,-59,0.046,ameli_map,GRL,Greenland
c77_m58,77,-58,0.046,ameli_map,GRL,Greenland
c77_m57,77,-57,0.046,ameli_map,GRL,Greenland
c77_m56,77,-56,0.046,ameli_map,GRL,Greenland
c77_m55,77,-55,0.046,ameli_map,GRL,Greenland
c77_m54,77,-54,0.046,ameli_map,GRL,Greenland
c77_m53,77,-53,0.046,ameli_map,GRL,Greenland
c77_m52,77,-52,0.046,ameli_map,GRL,Greenland
c77_m51,77,-51,0.046,ameli_map,GRL,Greenland
c77_m50,77,-50,0.046,ameli_map,GRL,Greenland
c77_m49,77,-49,0.046,ameli_map,GRL,Greenland
c77_m48,77,-48,0.046,ameli_map,GRL,Greenland
c77_m47,77,-47,0.046,ameli_map,GRL,Greenland
c77_m46,77,-46,0.046,ameli_map,GRL,Greenland
c77_m45,77,-45,0.046,ameli_map,GRL,Greenland
c77_m44,77,-44,0.046,ameli_map,GRL,Greenland
c77_m43,77,-43,0.046,ameli_map,GRL,Greenland
c77_m42,77,-42,0.046,ameli_map,GRL,Greenland
c77_m41,77,-41,0.046,ameli_map,GRL,Greenland
c77_m40,77,-40,0.046,ameli_map,GRL,Greenland
c77_m39,77,-39,0.046,ameli_map,GRL,Greenland
c77_m38,77,-38,0.046,ameli_map,GRL,Greenland
c77_m37,77,-37,0.046,ameli_map,GRL,Greenland
c77_m36,77,-36,0.046,ameli_map,GRL,Greenland
c77_m35,77,-35,0.046,ameli_map,GRL,Greenland
c77_m34,77,-34,0.046,ameli_map,GRL,Greenland
c77_m33,77,-33,0.046,ameli_map,GRL,Greenland
c77_m32,77,-32,0.046,ameli_map,GRL,Greenland
c77_m31,77,-31,0.046,ameli_map,GRL,Greenland
c77_m30,77,-30,0.046,ameli_map,GRL,Greenland
c77_m29,77,-29,0.046,ameli_map,GRL,Greenland
c77_m28,77,-28,0.046,ameli_map,GRL,Greenland
c77_m27,77,-27,0.046,ameli_map,GRL,Greenland
c77_m26,77,-26,0.046,ameli_map,GRL,Greenland
c77_m25,77,-25,0.046,ameli_map,GRL,Greenland
c77_m24,77,-24,0.046,ameli_map,GRL,Greenland
c77_m23,77,-23,0.046,ameli_map,GRL,Greenland
c77_m22,77,-22,0.046,ameli_map,GRL,Greenland
c77_m21,77,-21,0.046,ameli_map,GRL,Greenland
c77_m20,77,-20,0.046,ameli_map,GRL,Greenland
c77_m19,77,-19,0.046,ameli_map,GRL,Greenland
c77_17,77,17,0.04,ameli_map,NOR,Norway
c77_102,77,102,0.051,ameli_map,RUS,Russia
c77_103,77,103,0.051,ameli_map,RUS,Russia
c77_104,77,104,0.051,ameli_map,RUS,Russia
c77_105,77,105,0.051,ameli_map,RUS,Russia
c77_106,77,106,0.051,ameli_map,RUS,Russia
c77_107,77,107,0.051,ameli_map,RUS,Russia
c77_108,77,108,0.051,ameli_map,RUS,Russia
c78_m112,78,-112,0.046,ameli_map,CAN,Canada
c78_m111,78,-111,0.046,ameli_map,CAN,Canada
c78_m110,78,-110,0.046,ameli_map,CAN,Canada
c78_m100,78,-100,0.046,ameli_map,CAN,Canada
c78_m97,78,-97,0.046,ameli_map,CAN,Canada
c78_m96,78,-96,0.046,ameli_map,CAN,Canada
c78_m85,78,-85,0.046,ameli_map,CAN,Canada
c78_m84,78,-84,0.046,ameli_map,CAN,Canada
c78_m83,78,-83,0.046,ameli_map,CAN,Canada
c78_m82,78,-82,0.046,ameli_map,CAN,Canada
c78_m81,78,-81,0.046,ameli_map,CAN,Canada
c78_m80,78,-80,0.046,ameli_map,CAN,Canada
c78_m79,78,-79,0.046,ameli_map,CAN,Canada
c78_m78,78,-78,0.046,ameli_map,CAN,Canada
c78_m77,78,-77,0.046,ameli_map,CAN,Canada
c78_m76,78,-76,0.046,ameli_map,CAN,Canada
c78_m72,78,-72,0.046,ameli_map,GRL,Greenland
c78_m71,78,-71,0.046,ameli_map,GRL,Greenland
c78_m70,78,-70,0.046,ameli_map,GRL,Greenland
c78_m69,78,-69,0.046,ameli_map,GRL,Greenland
c78_m68,78,-68,0.046,ameli_map,GRL,Greenland
c78_m67,78,-67,0.046,ameli_map,GRL,Greenland
c78_m66,78,-66,0.046,ameli_map,GRL,Greenland
c78_m65,78,-65,0.046,ameli_map,GRL,Greenland
c78_m64,78,-64,0.046,ameli_map,GRL,Greenland
c78_m63,78,-63,0.046,ameli_map,GRL,Greenland
c78_m62,78,-62,0.046,ameli_map,GRL,Greenland
c78_m61,78,-61,0.046,ameli_map,GRL,Greenland
c78_m60,78,-60,0.046,ameli_map,GRL,Greenland
c78_m59,78,-59,0.046,ameli_map,GRL,Greenland
c78_m58,78,-58,0.046,ameli_map,GRL,Greenland
c78_m57,78,-57,0.046,ameli_map,GRL,Greenland
c78_m56,78,-56,0.046,ameli_map,GRL,Greenland
c78_m55,78,-55,0.046,ameli_map,GRL,Greenland
c78_m54,78,-54,0.046,ameli_map,GRL,Greenland
c78_m53,78,-53,0.046,ameli_map,GRL,Greenland
c78_m52,78,-52,0.046,ameli_map,GRL,Greenland
c78_m51,78,-51,0.046,ameli_map,GRL,Greenland
c78_m50,78,-50,0.046,ameli_map,GRL,Greenland
c78_m49,78,-49,0.046,ameli_map,GRL,Greenland
c78_m48,78,-48,0.046,ameli_map,GRL,Greenland
c78_m47,78,-47,0.046,ameli_map,GRL,Greenland
c78_m46,78,-46,0.046,ameli_map,GRL,Greenland
c78_m45,78,-45,0.046,ameli_map,GRL,Greenland
c78_m44,78,-44,0.046,ameli_map,GRL,Greenland
c78_m43,78,-43,0.046,ameli_map,GRL,Greenland
c78_m42,78,-42,0.046,ameli_map,GRL,Greenland
c78_m41,78,-41,0.046,ameli_map,GRL,Greenland
c78_m40,78,-40,0.046,ameli_map,GRL,Greenland
c78_m39,78,-39,0.046,ameli_map,GRL,Greenland
c78_m38,78,-38,0.046,ameli_map,GRL,Greenland
c78_m37,78,-37,0.046,ameli_map,GRL,Greenland
c78_m36,78,-36,0.046,ameli_map,GRL,Greenland
c78_m35,78,-35,0.046,ameli_map,GRL,Greenland
c78_m34,78,-34,0.046,ameli_map,GRL,Greenland
c78_m33,78,-33,0.046,ameli_map,GRL,Greenland
c78_m32,78,-32,0.046,ameli_map,GRL,Greenland
c78_m31,78,-31,0.046,ameli_map,GRL,Greenland
c78_m30,78,-30,0.046,ameli_map,GRL,Greenland
c78_m29,78,-29,0.046,ameli_map,GRL,Greenland
c78_m28,78,-28,0.046,ameli_map,GRL,Greenland
c78_m27,78,-27,0.046,ameli_map,GRL,Greenland
c78_m26,78,-26,0.046,ameli_map,GRL,Greenland
c78_m25,78,-25,0.046,ameli_map,GRL,Greenland
c78_m24,78,-24,0.046,ameli_map,GRL,Greenland
c78_m23,78,-23,0.046,ameli_map,GRL,Greenland
c78_m22,78,-22,0.046,ameli_map,GRL,Greenland
c78_14,78,14,0.04,ameli_map,NOR,Norway
c78_15,78,15,0.04,ameli_map,NOR,Norway
c78_16,78,16,0.04,ameli_map,NOR,Norway
c78_17,78,17,0.04,ameli_map,NOR,Norway
c78_18,78,18,0.04,ameli_map,NOR,Norway
c78_22,78,22,0.04,ameli_map,NOR,Norway
c78_23,78,23,0.04,ameli_map,NOR,Norway
c78_100,78,100,0.051,ameli_map,RUS,Russia
c79_m104,79,-104,0.046,ameli_map,CAN,Canada
c79_m103,79,-103,0.046,ameli_map,CAN,Canada
c79_m102,79,-102,0.046,ameli_map,CAN,Canada
c79_m94,79,-94,0.046,ameli_map,CAN,Canada
c79_m93,79,-93,0.046,ameli_map,CAN,Canada
c79_m92,79,-92,0.046,ameli_map,CAN,Canada
c79_m91,79,-91,0.046,ameli_map,CAN,Canada
c79_m90,79,-90,0.046,ameli_map,CAN,Canada
c79_m89,79,-89,0.046,ameli_map,CAN,Canada
c79_m87,79,-87,0.046,ameli_map,CAN,Canada
c79_m86,79,-86,0.046,ameli_map,CAN,Canada
c79_m84,79,-84,0.046,ameli_map,CAN,Canada
c79_m83,79,-83,0.046,ameli_map,CAN,Canada
c79_m82,79,-82,0.046,ameli_map,CAN,Canada
c79_m81,79,-81,0.046,ameli_map,CAN,Canada
c79_m80,79,-80,0.046,ameli_map,CAN,Canada
c79_m79,79,-79,0.046,ameli_map,CAN,Canada
c79_m78,79,-78,0.046,ameli_map,CAN,Canada
c79_m77,79,-77,0.046,ameli_map,CAN,Canada
c79_m68,79,-68,0.046,ameli_map,GRL,Greenland
c79_m67,79,-67,0.046,ameli_map,GRL,Greenland
c79_m66,79,-66,0.046,ameli_map,GRL,Greenland
c79_m65,79,-65,0.046,ameli_map,GRL,Greenland
c79_m64,79,-64,0.046,ameli_map,GRL,Greenland
c79_m63,79,-63,0.046,ameli_map,GRL,Greenland
c79_m62,79,-62,0.046,ameli_map,GRL,Greenland
c79_m61,79,-61,0.046,ameli_map,GRL,Greenland
c79_m60,79,-60,0.046,ameli_map,GRL,Greenland
c79_m59,79,-59,0.046,ameli_map,GRL,Greenland
c79_m58,79,-58,0.046,ameli_map,GRL,Greenland
c79_m57,79,-57,0.046,ameli_map,GRL,Greenland
c79_m56,79,-56,0.046,ameli_map,GRL,Greenland
c79_m55,79,-55,0.046,ameli_map,GRL,Greenland
c79_m54,79,-54,0.046,ameli_map,GRL,Greenland
c79_m53,79,-53,0.046,ameli_map,GRL,Greenland
c79_m52,79,-52,0.046,ameli_map,GRL,Greenland
c79_m51,79,-51,0.046,ameli_map,GRL,Greenland
c79_m50,79,-50,0.046,ameli_map,GRL,Greenland
c79_m49,79,-49,0.046,ameli_map,GRL,Greenland
c79_m48,79,-48,0.046,ameli_map,GRL,Greenland
c79_m47,79,-47,0.046,ameli_map,GRL,Greenland
c79_m46,79,-46,0.046,ameli_map,GRL,Greenland
c79_m45,79,-45,0.046,ameli_map,GRL,Greenland
c79_m44,79,-44,0.046,ameli_map,GRL,Greenland
c79_m43,79,-43,0.046,ameli_map,GRL,Greenland
c79_m42,79,-42,0.046,ameli_map,GRL,Greenland
c79_m41,79,-41,0.046,ameli_map,GRL,Greenland
c79_m40,79,-40,0.046,ameli_map,GRL,Greenland
c79_m39,79,-39,0.046,ameli_map,GRL,Greenland
c79_m38,79,-38,0.046,ameli_map,GRL,Greenland
c79_m37,79,-37,0.046,ameli_map,GRL,Greenland
c79_m36,79,-36,0.046,ameli_map,GRL,Greenland
c79_m35,79,-35,0.046,ameli_map,GRL,Greenland
c79_m34,79,-34,0.046,ameli_map,GRL,Greenland
c79_m33,79,-33,0.046,ameli_map,GRL,Greenland
c79_m32,79,-32,0.046,ameli_map,GRL,Greenland
c79_m31,79,-31,0.046,ameli_map,GRL,Greenland
c79_m30,79,-30,0.046,ameli_map,GRL,Greenland
c79_m29,79,-29,0.046,ameli_map,GRL,Greenland
c79_m28,79,-28,0.046,ameli_map,GRL,Greenland
c79_m27,79,-27,0.046,ameli_map,GRL,Greenland
c79_m26,79,-26,0.046,ameli_map,GRL,Greenland
c79_m25,79,-25,0.046,ameli_map,GRL,Greenland
c79_m24,79,-24,0.046,ameli_map,GRL,Greenland
c79_m23,79,-23,0.046,ameli_map,GRL,Greenland
c79_m22,79,-22,0.046,ameli_map,GRL,Greenland
c79_m21,79,-21,0.046,ameli_map,GRL,Greenland
c79_m20,79,-20,0.046,ameli_map,GRL,Greenland
c79_m18,79,-18,0.046,ameli_map,GRL,Greenland
c79_13,79,13,0.04,ameli_map,NOR,Norway
c79_14,79,14,0.04,ameli_map,NOR,Norway
c79_15,79,15,0.04,ameli_map,NOR,Norway
c79_16,79,16,0.04,ameli_map,NOR,Norway
c79_17,79,17,0.04,ameli_map,NOR,Norway
c79_18,79,18,0.04,ameli_map,NOR,Norway
c79_19,79,19,0.04,ameli_map,NOR,Norway
c79_96,79,96,0.051,ameli_map,RUS,Russia
c79_97,79,97,0.051,ameli_map,RUS,Russia
c79_98,79,98,0.051,ameli_map,RUS,Russia
c79_99,79,99,0.051,ameli_map,RUS,Russia
c79_102,79,102,0.051,ameli_map,RUS,Russia
c79_103,79,103,0.051,ameli_map,RUS,Russia
c79_104,79,104,0.051,ameli_map,RUS,Russia
c80_m100,80,-100,0.046,ameli_map,CAN,Canada
c80_m99,80,-99,0.046,ameli_map,CAN,Canada
c80_m96,80,-96,0.046,ameli_map,CAN,Canada
c80_m95,80,-95,0.046,ameli_map,CAN,Canada
c80_m94,80,-94,0.046,ameli_map,CAN,Canada
c80_m93,80,-93,0.046,ameli_map,CAN,Canada
c80_m92,80,-92,0.046,ameli_map,CAN,Canada
c80_m91,80,-91,0.046,ameli_map,CAN,Canada
c80_m90,80,-90,0.046,ameli_map,CAN,Canada
c80_m89,80,-89,0.046,ameli_map,CAN,Canada
c80_m88,80,-88,0.046,ameli_map,CAN,Canada
c80_m86,80,-86,0.046,ameli_map,CAN,Canada
c80_m85,80,-85,0.046,ameli_map,CAN,Canada
c80_m84,80,-84,0.046,ameli_map,CAN,Canada
c80_m83,80,-83,0.046,ameli_map,CAN,Canada
c80_m82,80,-82,0.046,ameli_map,CAN,Canada
c80_m81,80,-81,0.046,ameli_map,CAN,Canada
c80_m80,80,-80,0.046,ameli_map,CAN,Canada
c80_m79,80,-79,0.046,ameli_map,CAN,Canada
c80_m78,80,-78,0.046,ameli_map,CAN,Canada
c80_m77,80,-77,0.046,ameli_map,CAN,Canada
c80_m76,80,-76,0.046,ameli_map,CAN,Canada
c80_m75,80,-75,0.046,ameli_map,CAN,Canada
c80_m74,80,-74,0.046,ameli_map,CAN,Canada
c80_m73,80,-73,0.046,ameli_map,CAN,Canada
c80_m72,80,-72,0.046,ameli_map,CAN,Canada
c80_m71,80,-71,0.046,ameli_map,CAN,Canada
c80_m65,80,-65,0.046,ameli_map,GRL,Greenland
c80_m64,80,-64,0.046,ameli_map,GRL,Greenland
c80_m63,80,-63,0.046,ameli_map,GRL,Greenland
c80_m62,80,-62,0.046,ameli_map,GRL,Greenland
c80_m61,80,-61,0.046,ameli_map,GRL,Greenland
c80_m60,80,-60,0.046,ameli_map,GRL,Greenland
c80_m59,80,-59,0.046,ameli_map,GRL,Greenland
c80_m58,80,-58,0.046,ameli_map,GRL,Greenland
c80_m57,80,-57,0.046,ameli_map,GRL,Greenland
c80_m56,80,-56,0.046,ameli_map,GRL,Greenland
c80_m55,80,-55,0.046,ameli_map,GRL,Greenland
c80_m54,80,-54,0.046,ameli_map,GRL,Greenland
c80_m53,80,-53,0.046,ameli_map,GRL,Greenland
c80_m52,80,-52,0.046,ameli_map,GRL,Greenland
c80_m51,80,-51,0.046,ameli_map,GRL,Greenland
c80_m50,80,-50,0.046,ameli_map,GRL,Greenland
c80_m49,80,-49,0.046,ameli_map,GRL,Greenland
c80_m48,80,-48,0.046,ameli_map,GRL,Greenland
c80_m47,80,-47,0.046,ameli_map,GRL,Greenland
c80_m46,80,-46,0.046,ameli_map,GRL,Greenland
c80_m45,80,-45,0.046,ameli_map,GRL,Greenland
c80_m44,80,-44,0.046,ameli_map,GRL,Greenland
c80_m43,80,-43,0.046,ameli_map,GRL,Greenland
c80_m42,80,-42,0.046,ameli_map,GRL,Greenland
c80_m41,80,-41,0.046,ameli_map,GRL,Greenland
c80_m40,80,-40,0.046,ameli_map,GRL,Greenland
c80_m39,80,-39,0.046,ameli_map,GRL,Greenland
c80_m38,80,-38,0.046,ameli_map,GRL,Greenland
c80_m37,80,-37,0.046,ameli_map,GRL,Greenland
c80_m36,80,-36,0.046,ameli_map,GRL,Greenland
c80_m35,80,-35,0.046,ameli_map,GRL,Greenland
c80_m34,80,-34,0.046,ameli_map,GRL,Greenland
c80_m33,80,-33,0.046,ameli_map,GRL,Greenland
c80_m32,80,-32,0.046,ameli_map,GRL,Greenland
c80_m31,80,-31,0.046,ameli_map,GRL,Greenland
c80_m30,80,-30,0.046,ameli_map,GRL,Greenland
c80_m29,80,-29,0.046,ameli_map,GRL,Greenland
c80_m28,80,-28,0.046,ameli_map,GRL,Greenland
c80_m27,80,-27,0.046,ameli_map,GRL,Greenland
c80_m26,80,-26,0.046,ameli_map,GRL,Greenland
c80_m25,80,-25,0.046,ameli_map,GRL,Greenland
c80_m24,80,-24,0.046,ameli_map,GRL,Greenland
c80_m23,80,-23,0.046,ameli_map,GRL,Greenland
c80_m22,80,-22,0.046,ameli_map,GRL,Greenland
c80_m21,80,-21,0.046,ameli_map,GRL,Greenland
c80_m19,80,-19,0.046,ameli_map,GRL,Greenland
c80_m18,80,-18,0.046,ameli_map,GRL,Greenland
c80_19,80,19,0.04,ameli_map,NOR,Norway
c80_20,80,20,0.04,ameli_map,NOR,Norway
c80_21,80,21,0.04,ameli_map,NOR,Norway
c80_22,80,22,0.04,ameli_map,NOR,Norway
c80_23,80,23,0.04,ameli_map,NOR,Norway
c80_24,80,24,0.04,ameli_map,NOR,Norway
c80_25,80,25,0.04,ameli_map,NOR,Norway
c80_26,80,26,0.04,ameli_map,NOR,Norway
c80_27,80,27,0.04,ameli_map,NOR,Norway
c80_51,80,51,0.051,ameli_map,RUS,Russia
c80_59,80,59,0.051,ameli_map,RUS,Russia
c80_92,80,92,0.051,ameli_map,RUS,Russia
c80_93,80,93,0.051,ameli_map,RUS,Russia
c80_94,80,94,0.051,ameli_map,RUS,Russia
c80_95,80,95,0.051,ameli_map,RUS,Russia
c80_96,80,96,0.051,ameli_map,RUS,Russia
c80_97,80,97,0.051,ameli_map,RUS,Russia
c80_99,80,99,0.051,ameli_map,RUS,Russia
c81_m95,81,-95,0.046,ameli_map,CAN,Canada
c81_m94,81,-94,0.046,ameli_map,CAN,Canada
c81_m93,81,-93,0.046,ameli_map,CAN,Canada
c81_m92,81,-92,0.046,ameli_map,CAN,Canada
c81_m88,81,-88,0.046,ameli_map,CAN,Canada
c81_m86,81,-86,0.046,ameli_map,CAN,Canada
c81_m85,81,-85,0.046,ameli_map,CAN,Canada
c81_m84,81,-84,0.046,ameli_map,CAN,Canada
c81_m83,81,-83,0.046,ameli_map,CAN,Canada
c81_m82,81,-82,0.046,ameli_map,CAN,Canada
c81_m81,81,-81,0.046,ameli_map,CAN,Canada
c81_m80,81,-80,0.046,ameli_map,CAN,Canada
c81_m78,81,-78,0.046,ameli_map,CAN,Canada
c81_m77,81,-77,0.046,ameli_map,CAN,Canada
c81_m76,81,-76,0.046,ameli_map,CAN,Canada
c81_m75,81,-75,0.046,ameli_map,CAN,Canada
c81_m74,81,-74,0.046,ameli_map,CAN,Canada
c81_m73,81,-73,0.046,ameli_map,CAN,Canada
c81_m72,81,-72,0.046,ameli_map,CAN,Canada
c81_m71,81,-71,0.046,ameli_map,CAN,Canada
c81_m70,81,-70,0.046,ameli_map,CAN,Canada
c81_m69,81,-69,0.046,ameli_map,CAN,Canada
c81_m68,81,-68,0.046,ameli_map,CAN,Canada
c81_m67,81,-67,0.046,ameli_map,CAN,Canada
c81_m64,81,-64,0.046,ameli_map,GRL,Greenland
c81_m63,81,-63,0.046,ameli_map,GRL,Greenland
c81_m62,81,-62,0.046,ameli_map,GRL,Greenland
c81_m61,81,-61,0.046,ameli_map,GRL,Greenland
c81_m60,81,-60,0.046,ameli_map,GRL,Greenland
c81_m59,81,-59,0.046,ameli_map,GRL,Greenland
c81_m58,81,-58,0.046,ameli_map,GRL,Greenland
c81_m57,81,-57,0.046,ameli_map,GRL,Greenland
c81_m56,81,-56,0.046,ameli_map,GRL,Greenland
c81_m55,81,-55,0.046,ameli_map,GRL,Greenland
c81_m54,81,-54,0.046,ameli_map,GRL,Greenland
c81_m53,81,-53,0.046,ameli_map,GRL,Greenland
c81_m52,81,-52,0.046,ameli_map,GRL,Greenland
c81_m51,81,-51,0.046,ameli_map,GRL,Greenland
c81_m50,81,-50,0.046,ameli_map,GRL,Greenland
c81_m49,81,-49,0.046,ameli_map,GRL,Greenland
c81_m48,81,-48,0.046,ameli_map,GRL,Greenland
c81_m47,81,-47,0.046,ameli_map,GRL,Greenland
c81_m46,81,-46,0.046,ameli_map,GRL,Greenland
c81_m45,81,-45,0.046,ameli_map,GRL,Greenland
c81_m44,81,-44,0.046,ameli_map,GRL,Greenland
c81_m43,81,-43,0.046,ameli_map,GRL,Greenland
c81_m42,81,-42,0.046,ameli_map,GRL,Greenland
c81_m41,81,-41,0.046,ameli_map,GRL,Greenland
c81_m40,81,-40,0.046,ameli_map,GRL,Greenland
c81_m39,81,-39,0.046,ameli_map,GRL,Greenland
c81_m38,81,-38,0.046,ameli_map,GRL,Greenland
c81_m37,81,-37,0.046,ameli_map,GRL,Greenland
c81_m36,81,-36,0.046,ameli_map,GRL,Greenland
c81_m35,81,-35,0.046,ameli_map,GRL,Greenland
c81_m34,81,-34,0.046,ameli_map,GRL,Greenland
c81_m33,81,-33,0.046,ameli_map,GRL,Greenland
c81_m32,81,-32,0.046,ameli_map,GRL,Greenland
c81_m31,81,-31,0.046,ameli_map,GRL,Greenland
c81_m30,81,-30,0.046,ameli_map,GRL,Greenland
c81_m29,81,-29,0.046,ameli_map,GRL,Greenland
c81_m28,81,-28,0.046,ameli_map,GRL,Greenland
c81_m27,81,-27,0.046,ameli_map,GRL,Greenland
c81_m26,81,-26,0.046,ameli_map,GRL,Greenland
c81_m25,81,-25,0.046,ameli_map,GRL,Greenland
c81_m24,81,-24,0.046,ameli_map,GRL,Greenland
c81_m23,81,-23,0.046,ameli_map,GRL,Greenland
c81_m22,81,-22,0.046,ameli_map,GRL,Greenland
c81_m21,81,-21,0.046,ameli_map,GRL,Greenland
c81_m20,81,-20,0.046,ameli_map,GRL,Greenland
c81_m19,81,-19,0.046,ameli_map,GRL,Greenland
c81_m18,81,-18,0.046,ameli_map,GRL,Greenland
c81_m17,81,-17,0.046,ameli_map,GRL,Greenland
c81_m16,81,-16,0.046,ameli_map,GRL,Greenland
c81_m15,81,-15,0.046,ameli_map,GRL,Greenland
c81_m14,81,-14,0.046,ameli_map,GRL,Greenland
c81_55,81,55,0.051,ameli_map,RUS,Russia
c81_56,81,56,0.051,ameli_map,RUS,Russia
c81_57,81,57,0.051,ameli_map,RUS,Russia
c81_61,81,61,0.051,ameli_map,RUS,Russia
c81_65,81,65,0.051,ameli_map,RUS,Russia
c81_94,81,94,0.051,ameli_map,RUS,Russia
c81_95,81,95,0.051,ameli_map,RUS,Russia
c81_96,81,96,0.051,ameli_map,RUS,Russia
c82_m89,82,-89,0.046,ameli_map,CAN,Canada
c82_m88,82,-88,0.046,ameli_map,CAN,Canada
c82_m86,82,-86,0.046,ameli_map,CAN,Canada
c82_m84,82,-84,0.046,ameli_map,CAN,Canada
c82_m82,82,-82,0.046,ameli_map,CAN,Canada
c82_m81,82,-81,0.046,ameli_map,CAN,Canada
c82_m79,82,-79,0.046,ameli_map,CAN,Canada
c82_m78,82,-78,0.046,ameli_map,CAN,Canada
c82_m77,82,-77,0.046,ameli_map,CAN,Canada
c82_m76,82,-76,0.046,ameli_map,CAN,Canada
c82_m75,82,-75,0.046,ameli_map,CAN,Canada
c82_m74,82,-74,0.046,ameli_map,CAN,Canada
c82_m73,82,-73,0.046,ameli_map,CAN,Canada
c82_m72,82,-72,0.046,ameli_map,CAN,Canada
c82_m71,82,-71,0.046,ameli_map,CAN,Canada
c82_m70,82,-70,0.046,ameli_map,CAN,Canada
c82_m69,82,-69,0.046,ameli_map,CAN,Canada
c82_m68,82,-68,0.046,ameli_map,CAN,Canada
c82_m67,82,-67,0.046,ameli_map,CAN,Canada
c82_m66,82,-66,0.046,ameli_map,CAN,Canada
c82_m65,82,-65,0.046,ameli_map,CAN,Canada
c82_m64,82,-64,0.046,ameli_map,CAN,Canada
c82_m63,82,-63,0.046,ameli_map,CAN,Canada
c82_m60,82,-60,0.046,ameli_map,GRL,Greenland
c82_m59,82,-59,0.046,ameli_map,GRL,Greenland
c82_m58,82,-58,0.046,ameli_map,GRL,Greenland
c82_m57,82,-57,0.046,ameli_map,GRL,Greenland
c82_m56,82,-56,0.046,ameli_map,GRL,Greenland
c82_m55,82,-55,0.046,ameli_map,GRL,Greenland
c82_m53,82,-53,0.046,ameli_map,GRL,Greenland
c82_m51,82,-51,0.046,ameli_map,GRL,Greenland
c82_m50,82,-50,0.046,ameli_map,GRL,Greenland
c82_m49,82,-49,0.046,ameli_map,GRL,Greenland
c82_m48,82,-48,0.046,ameli_map,GRL,Greenland
c82_m46,82,-46,0.046,ameli_map,GRL,Greenland
c82_m45,82,-45,0.046,ameli_map,GRL,Greenland
c82_m44,82,-44,0.046,ameli_map,GRL,Greenland
c82_m43,82,-43,0.046,ameli_map,GRL,Greenland
c82_m42,82,-42,0.046,ameli_map,GRL,Greenland
c82_m41,82,-41,0.046,ameli_map,GRL,Greenland
c82_m40,82,-40,0.046,ameli_map,GRL,Greenland
c82_m39,82,-39,0.046,ameli_map,GRL,Greenland
c82_m38,82,-38,0.046,ameli_map,GRL,Greenland
c82_m37,82,-37,0.046,ameli_map,GRL,Greenland
c82_m36,82,-36,0.046,ameli_map,GRL,Greenland
c82_m35,82,-35,0.046,ameli_map,GRL,Greenland
c82_m34,82,-34,0.046,ameli_map,GRL,Greenland
c82_m33,82,-33,0.046,ameli_map,GRL,Greenland
c82_m32,82,-32,0.046,ameli_map,GRL,Greenland
c82_m31,82,-31,0.046,ameli_map,GRL,Greenland
c82_m28,82,-28,0.046,ameli_map,GRL,Greenland
c82_m27,82,-27,0.046,ameli_map,GRL,Greenland
c82_m26,82,-26,0.046,ameli_map,GRL,Greenland
c82_m25,82,-25,0.046,ameli_map,GRL,Greenland
c82_m23,82,-23,0.046,ameli_map,GRL,Greenland
c82_m22,82,-22,0.046,ameli_map,GRL,Greenland
c82_m19,82,-19,0.046,ameli_map,GRL,Greenland
c83_m77,83,-77,0.046,ameli_map,CAN,Canada
c83_m76,83,-76,0.046,ameli_map,CAN,Canada
c83_m75,83,-75,0.046,ameli_map,CAN,Canada
c83_m73,83,-73,0.046,ameli_map,CAN,Canada
c83_m72,83,-72,0.046,ameli_map,CAN,Canada
c83_m71,83,-71,0.046,ameli_map,CAN,Canada
c83_m70,83,-70,0.046,ameli_map,CAN,Canada
c83_m69,83,-69,0.046,ameli_map,CAN,Canada
c83_m47,83,-47,0.046,ameli_map,GRL,Greenland
c83_m46,83,-46,0.046,ameli_map,GRL,Greenland
c83_m45,83,-45,0.046,ameli_map,GRL,Greenland
c83_m44,83,-44,0.046,ameli_map,GRL,Greenland
c83_m43,83,-43,0.046,ameli_map,GRL,Greenland
c83_m42,83,-42,0.046,ameli_map,GRL,Greenland
c83_m41,83,-41,0.046,ameli_map,GRL,Greenland
c83_m39,83,-39,0.046,ameli_map,GRL,Greenland
c83_m38,83,-38,0.046,ameli_map,GRL,Greenland
c83_m37,83,-37,0.046,ameli_map,GRL,Greenland
c83_m36,83,-36,0.046,ameli_map,GRL,Greenland
c83_m35,83,-35,0.046,ameli_map,GRL,Greenland
c83_m34,83,-34,0.046,ameli_map,GRL,Greenland
c83_m33,83,-33,0.046,ameli_map,GRL,Greenland
c83_m32,83,-32,0.046,ameli_map,GRL,Greenland
c83_m31,83,-31,0.046,ameli_map,GRL,Greenland
c83_m30,83,-30,0.046,ameli_map,GRL,Greenland
c83_m29,83,-29,0.046,ameli_map,GRL,Greenland
c83_m28,83,-28,0.046,ameli_map,GRL,Greenland
c83_m27,83,-27,0.046,ameli_map,GRL,Greenland
c83_m26,83,-26,0.046,ameli_map,GRL,Greenland
c83_m25,83,-25,0.046,ameli_map,GRL,Greenland
